[INFO] Scanning for projects...
[INFO] 
[INFO] ----------------< edu.weijunyong.satedgesim:SatEdgeSim >----------------
[INFO] Building SatEdgeSim 1.0.0
[INFO]   from pom.xml
[INFO] --------------------------------[ jar ]---------------------------------
[INFO] 
[INFO] --- exec:3.6.3:java (default-cli) @ SatEdgeSim ---
Main- Loading simulation files...
FilesParser- Checking file: SatEdgeSim/settings/locationflie/cloud/cloud Fixed Position.csv
FilesParser- Location file successfully Loaded!SatEdgeSim/settings/locationflie/cloud/cloud Fixed Position.csv
FilesParser- Checking file: SatEdgeSim/settings/locationflie/edge_datacenter/edge Fixed Position.csv
FilesParser- Location file successfully Loaded!SatEdgeSim/settings/locationflie/edge_datacenter/edge Fixed Position.csv
FilesParser- Checking file: SatEdgeSim/settings/locationflie/edge_devices/mist Fixed Position.csv
FilesParser- Location file successfully Loaded!SatEdgeSim/settings/locationflie/edge_devices/mist Fixed Position.csv
FilesParser- Checking simulation properties file
FilesParser- Properties file successfully Loaded propoerties file!
FilesParser- Checking file: SatEdgeSim/settings/edge_devices.xml
FilesParser- Edge devices XML file successfully Loaded!
FilesParser- Checking file: SatEdgeSim/settings/edge_datacenters.xml
FilesParser- EdgeDataCenters XML file successfully Loaded!
FilesParser- Checking file: SatEdgeSim/settings/cloud.xml
FilesParser- cloud  XML file successfully Loaded!
FilesParser- Checking applications file
FilesParser- Applications XML file successfully loaded!
Starting CloudSim Plus 4.3.0

2026/05/07 16:53:33 - simulation time       0 (s) : ServersManager- Datacenters and devices were generated
2026/05/07 16:53:33 - simulation time       0 (s) : SimulationManager-  Orchestration algorithm= DDLDO-  Architechitecture= ALL -  number of edge devices= 66
2026/05/07 16:53:33 - simulation time       0 (s) : SimulationManager- Simulation: 1  , iteration: 1
2026/05/07 16:53:34 - simulation time     650 (s) : 
2026/05/07 16:53:34 - simulation time     650 (s) : ------------------------------------------------------- OUTPUT -------------------------------------------------------
2026/05/07 16:53:34 - simulation time     650 (s) : 
2026/05/07 16:53:34 - simulation time     650 (s) : SimLog- Tasks not sent because device died (low energy)                         :               0 % (0 tasks)
2026/05/07 16:53:34 - simulation time     650 (s) : SimLog- Tasks sent from edge devices                                            :             100 % (852 among 852 generated tasks)
2026/05/07 16:53:34 - simulation time     650 (s) : -------------------------------------All values below are based on the sent tasks-------------------------------------
2026/05/07 16:53:34 - simulation time     650 (s) : SimLog- Tasks ETE delay                                                         :      1546.3827 seconds
2026/05/07 16:53:34 - simulation time     650 (s) : SimLog- Average tasks ETE delay                                                 :         1.8699 seconds
2026/05/07 16:53:34 - simulation time     650 (s) : SimLog- Tasks execution delay                                                   :       802.5298 seconds
2026/05/07 16:53:34 - simulation time     650 (s) : SimLog- Average tasks execution delay                                           :         0.9531 seconds
2026/05/07 16:53:34 - simulation time     650 (s) : SimLog- Tasks waiting time (from task submiting to the execution start)         :       182.9682 seconds
2026/05/07 16:53:34 - simulation time     650 (s) : SimLog- Average tasks waiting time (from task submiting to the execution start) :         0.2173 seconds
2026/05/07 16:53:34 - simulation time     650 (s) : SimLog- Tasks successfully executed                                             :        97.0657 % (827 among 852 sent tasks)
2026/05/07 16:53:34 - simulation time     650 (s) : SimLog- Tasks failures
2026/05/07 16:53:34 - simulation time     650 (s) :                                        Not executed due to resources unavailable:              0 % (0 tasks)
2026/05/07 16:53:34 - simulation time     650 (s) :                               Successfully executed but failed due to high delay:         1.7606 % (15 tasks from 852 successfully sent tasks)
2026/05/07 16:53:34 - simulation time     650 (s) :                  Tasks execution results not returned because the device is dead:              0 % (0 tasks)
2026/05/07 16:53:34 - simulation time     650 (s) :                      Tasks execution results not returned due to device mobility:         1.1737 % (10 tasks)
2026/05/07 16:53:34 - simulation time     650 (s) : SimLog- Tasks executed on each level                                : Cloud=             52 tasks (where 49 were successfully executed)
2026/05/07 16:53:34 - simulation time     650 (s) :                                                                        Edge=            138 tasks (where 126 were successfully executed)
2026/05/07 16:53:34 - simulation time     650 (s) :                                                                        Mist=            662 tasks (where 652 were successfully executed)
2026/05/07 16:53:34 - simulation time     650 (s) : SimLog- Network usage                                                           :            394 seconds (The total traffic: 154.7 (MBytes))
2026/05/07 16:53:34 - simulation time     650 (s) :                                                                         Wan=             52 seconds (13.198 % of total usage, WAN used when downloading containers=0 % of WAN usage)
2026/05/07 16:53:34 - simulation time     650 (s) :                                                                         Lan=            394 seconds (100 % of total usage, LAN used when downloading containers=0 % of LAN usage)
2026/05/07 16:53:34 - simulation time     650 (s) :                                                    Average bandwidth per transfer=      1012.7377 Mbps  
2026/05/07 16:53:34 - simulation time     650 (s) : SimLog- Average vm CPU utilization                                              :         0.4612 %
2026/05/07 16:53:34 - simulation time     650 (s) : SimLog- Average vm CPU utilization per level                             : Cloud=              0 %
2026/05/07 16:53:34 - simulation time     650 (s) :                                                                             Edge=              0 %
2026/05/07 16:53:34 - simulation time     650 (s) :                                                                             Mist=         0.7547 %
2026/05/07 16:53:34 - simulation time     650 (s) : SimLog- Energy consumption                                                      : 3211116951844681700 W,   185.0666 dBW
2026/05/07 16:53:34 - simulation time     650 (s) :                                                                                 :(Average:29732564368932240 W/data center(or device), 164.7323 dBW/data center(or device))
2026/05/07 16:53:34 - simulation time     650 (s) :                                                                                 :(Average:3813678090076819 W/task, 155.8134 dBW/task)
2026/05/07 16:53:34 - simulation time     650 (s) : SimLog- Energy Consumption per level                                     : Cloud=  118551674605192720 W,   170.7391 dBW
2026/05/07 16:53:34 - simulation time     650 (s) :                                                                                 :(Average:6586204144732929 W/data center, 158.1864 dBW/data center)
2026/05/07 16:53:34 - simulation time     650 (s) :                                                                             Edge=  186192559519154560 W,   172.6996 dBW
2026/05/07 16:53:34 - simulation time     650 (s) :                                                                                 :(Average:7758023313298107 W/data center, 158.8975 dBW/data center)
2026/05/07 16:53:34 - simulation time     650 (s) :                                                                             Mist= 2906372717720334300 W,   184.6335 dBW
2026/05/07 16:53:34 - simulation time     650 (s) :                                                                                 :(Average:44035950268489912 W/edge device, 166.4381 dBW/edge device)
2026/05/07 16:53:34 - simulation time     650 (s) : SimLog- Dead edge devices due to battery drain                                  :              0 devices (Among 0 devices with batteries (NaN %))
2026/05/07 16:53:34 - simulation time     650 (s) : SimLog- Average remaining power (devices with batteries that are still alive)   :              0 Wh (Average: 0 %)
2026/05/07 16:53:34 - simulation time     650 (s) : SimulationManager- the Scenario Simulation overflow times :0

================== Simulation finished at time 685.20 ==================


SimLog- Iteration finished...

######################################################################################################################################################################
Starting CloudSim Plus 4.3.0

2026/05/07 16:53:34 - simulation time       0 (s) : ServersManager- Datacenters and devices were generated
2026/05/07 16:53:34 - simulation time       0 (s) : SimulationManager-  Orchestration algorithm= DDLDO-  Architechitecture= ALL -  number of edge devices= 132
2026/05/07 16:53:34 - simulation time       0 (s) : SimulationManager- Simulation: 1  , iteration: 2
2026/05/07 16:53:36 - simulation time     640 (s) : 
2026/05/07 16:53:36 - simulation time     640 (s) : ------------------------------------------------------- OUTPUT -------------------------------------------------------
2026/05/07 16:53:36 - simulation time     640 (s) : 
2026/05/07 16:53:36 - simulation time     640 (s) : SimLog- Tasks not sent because device died (low energy)                         :               0 % (0 tasks)
2026/05/07 16:53:36 - simulation time     640 (s) : SimLog- Tasks sent from edge devices                                            :             100 % (1686 among 1686 generated tasks)
2026/05/07 16:53:36 - simulation time     640 (s) : -------------------------------------All values below are based on the sent tasks-------------------------------------
2026/05/07 16:53:36 - simulation time     640 (s) : SimLog- Tasks ETE delay                                                         :      3017.4664 seconds
2026/05/07 16:53:36 - simulation time     640 (s) : SimLog- Average tasks ETE delay                                                 :         1.8354 seconds
2026/05/07 16:53:36 - simulation time     640 (s) : SimLog- Tasks execution delay                                                   :      1601.8429 seconds
2026/05/07 16:53:36 - simulation time     640 (s) : SimLog- Average tasks execution delay                                           :         0.9523 seconds
2026/05/07 16:53:36 - simulation time     640 (s) : SimLog- Tasks waiting time (from task submiting to the execution start)         :       346.2818 seconds
2026/05/07 16:53:36 - simulation time     640 (s) : SimLog- Average tasks waiting time (from task submiting to the execution start) :         0.2059 seconds
2026/05/07 16:53:36 - simulation time     640 (s) : SimLog- Tasks successfully executed                                             :        97.5089 % (1644 among 1686 sent tasks)
2026/05/07 16:53:36 - simulation time     640 (s) : SimLog- Tasks failures
2026/05/07 16:53:36 - simulation time     640 (s) :                                        Not executed due to resources unavailable:              0 % (0 tasks)
2026/05/07 16:53:36 - simulation time     640 (s) :                               Successfully executed but failed due to high delay:         2.2539 % (38 tasks from 1686 successfully sent tasks)
2026/05/07 16:53:36 - simulation time     640 (s) :                  Tasks execution results not returned because the device is dead:              0 % (0 tasks)
2026/05/07 16:53:36 - simulation time     640 (s) :                      Tasks execution results not returned due to device mobility:         0.2372 % (4 tasks)
2026/05/07 16:53:36 - simulation time     640 (s) : SimLog- Tasks executed on each level                                : Cloud=             68 tasks (where 64 were successfully executed)
2026/05/07 16:53:36 - simulation time     640 (s) :                                                                        Edge=            296 tasks (where 264 were successfully executed)
2026/05/07 16:53:36 - simulation time     640 (s) :                                                                        Mist=           1322 tasks (where 1316 were successfully executed)
2026/05/07 16:53:36 - simulation time     640 (s) : SimLog- Network usage                                                           :            748 seconds (The total traffic: 175.4 (MBytes))
2026/05/07 16:53:36 - simulation time     640 (s) :                                                                         Wan=             68 seconds (9.0909 % of total usage, WAN used when downloading containers=0 % of WAN usage)
2026/05/07 16:53:36 - simulation time     640 (s) :                                                                         Lan=            748 seconds (100 % of total usage, LAN used when downloading containers=0 % of LAN usage)
2026/05/07 16:53:36 - simulation time     640 (s) :                                                    Average bandwidth per transfer=      1011.5651 Mbps  
2026/05/07 16:53:36 - simulation time     640 (s) : SimLog- Average vm CPU utilization                                              :         0.5541 %
2026/05/07 16:53:36 - simulation time     640 (s) : SimLog- Average vm CPU utilization per level                             : Cloud=              0 %
2026/05/07 16:53:36 - simulation time     640 (s) :                                                                             Edge=              0 %
2026/05/07 16:53:36 - simulation time     640 (s) :                                                                             Mist=         0.7304 %
2026/05/07 16:53:36 - simulation time     640 (s) : SimLog- Energy consumption                                                      : 3443339008519414800 W,   185.3698 dBW
2026/05/07 16:53:36 - simulation time     640 (s) :                                                                                 :(Average:19789304646663304 W/data center(or device), 162.9643 dBW/data center(or device))
2026/05/07 16:53:36 - simulation time     640 (s) :                                                                                 :(Average:2047169446206548.5 W/task, 153.1115 dBW/task)
2026/05/07 16:53:36 - simulation time     640 (s) : SimLog- Energy Consumption per level                                     : Cloud=  118297704846123200 W,   170.7298 dBW
2026/05/07 16:53:36 - simulation time     640 (s) :                                                                                 :(Average:6572094713673511 W/data center, 158.177 dBW/data center)
2026/05/07 16:53:36 - simulation time     640 (s) :                                                                             Edge=  355973387941277380 W,   175.5142 dBW
2026/05/07 16:53:36 - simulation time     640 (s) :                                                                                 :(Average:14832224497553224 W/data center, 161.7121 dBW/data center)
2026/05/07 16:53:36 - simulation time     640 (s) :                                                                             Mist= 2969067915732014100 W,   184.7262 dBW
2026/05/07 16:53:36 - simulation time     640 (s) :                                                                                 :(Average:22492938755545560 W/edge device, 163.5205 dBW/edge device)
2026/05/07 16:53:36 - simulation time     640 (s) : SimLog- Dead edge devices due to battery drain                                  :              0 devices (Among 0 devices with batteries (NaN %))
2026/05/07 16:53:36 - simulation time     640 (s) : SimLog- Average remaining power (devices with batteries that are still alive)   :              0 Wh (Average: 0 %)
2026/05/07 16:53:36 - simulation time     640 (s) : SimulationManager- the Scenario Simulation overflow times :0

================== Simulation finished at time 672.60 ==================


SimLog- Iteration finished...

######################################################################################################################################################################
Starting CloudSim Plus 4.3.0

2026/05/07 16:53:36 - simulation time       0 (s) : ServersManager- Datacenters and devices were generated
2026/05/07 16:53:36 - simulation time       0 (s) : SimulationManager-  Orchestration algorithm= DDLDO-  Architechitecture= ALL -  number of edge devices= 198
2026/05/07 16:53:36 - simulation time       0 (s) : SimulationManager- Simulation: 1  , iteration: 3
2026/05/07 16:53:39 - simulation time     650 (s) : 
2026/05/07 16:53:39 - simulation time     650 (s) : ------------------------------------------------------- OUTPUT -------------------------------------------------------
2026/05/07 16:53:39 - simulation time     650 (s) : 
2026/05/07 16:53:39 - simulation time     650 (s) : SimLog- Tasks not sent because device died (low energy)                         :               0 % (0 tasks)
2026/05/07 16:53:39 - simulation time     650 (s) : SimLog- Tasks sent from edge devices                                            :             100 % (2526 among 2526 generated tasks)
2026/05/07 16:53:39 - simulation time     650 (s) : -------------------------------------All values below are based on the sent tasks-------------------------------------
2026/05/07 16:53:39 - simulation time     650 (s) : SimLog- Tasks ETE delay                                                         :       3950.538 seconds
2026/05/07 16:53:39 - simulation time     650 (s) : SimLog- Average tasks ETE delay                                                 :         1.6191 seconds
2026/05/07 16:53:39 - simulation time     650 (s) : SimLog- Tasks execution delay                                                   :      2352.6792 seconds
2026/05/07 16:53:39 - simulation time     650 (s) : SimLog- Average tasks execution delay                                           :         0.9329 seconds
2026/05/07 16:53:39 - simulation time     650 (s) : SimLog- Tasks waiting time (from task submiting to the execution start)         :       417.6146 seconds
2026/05/07 16:53:39 - simulation time     650 (s) : SimLog- Average tasks waiting time (from task submiting to the execution start) :         0.1656 seconds
2026/05/07 16:53:39 - simulation time     650 (s) : SimLog- Tasks successfully executed                                             :        96.5954 % (2440 among 2526 sent tasks)
2026/05/07 16:53:39 - simulation time     650 (s) : SimLog- Tasks failures
2026/05/07 16:53:39 - simulation time     650 (s) :                                        Not executed due to resources unavailable:              0 % (0 tasks)
2026/05/07 16:53:39 - simulation time     650 (s) :                               Successfully executed but failed due to high delay:         3.2462 % (82 tasks from 2526 successfully sent tasks)
2026/05/07 16:53:39 - simulation time     650 (s) :                  Tasks execution results not returned because the device is dead:              0 % (0 tasks)
2026/05/07 16:53:39 - simulation time     650 (s) :                      Tasks execution results not returned due to device mobility:         0.1584 % (4 tasks)
2026/05/07 16:53:39 - simulation time     650 (s) : SimLog- Tasks executed on each level                                : Cloud=             60 tasks (where 47 were successfully executed)
2026/05/07 16:53:39 - simulation time     650 (s) :                                                                        Edge=            398 tasks (where 332 were successfully executed)
2026/05/07 16:53:39 - simulation time     650 (s) :                                                                        Mist=           2068 tasks (where 2061 were successfully executed)
2026/05/07 16:53:39 - simulation time     650 (s) : SimLog- Network usage                                                           :            952 seconds (The total traffic: 314.6 (MBytes))
2026/05/07 16:53:39 - simulation time     650 (s) :                                                                         Wan=             60 seconds (6.3025 % of total usage, WAN used when downloading containers=0 % of WAN usage)
2026/05/07 16:53:39 - simulation time     650 (s) :                                                                         Lan=            952 seconds (100 % of total usage, LAN used when downloading containers=0 % of LAN usage)
2026/05/07 16:53:39 - simulation time     650 (s) :                                                    Average bandwidth per transfer=      1003.0252 Mbps  
2026/05/07 16:53:39 - simulation time     650 (s) : SimLog- Average vm CPU utilization                                              :         0.4615 %
2026/05/07 16:53:39 - simulation time     650 (s) : SimLog- Average vm CPU utilization per level                             : Cloud=              0 %
2026/05/07 16:53:39 - simulation time     650 (s) :                                                                             Edge=              0 %
2026/05/07 16:53:39 - simulation time     650 (s) :                                                                             Mist=         0.5594 %
2026/05/07 16:53:39 - simulation time     650 (s) : SimLog- Energy consumption                                                      : 6289114120303026200 W,   187.9859 dBW
2026/05/07 16:53:39 - simulation time     650 (s) :                                                                                 :(Average:26204642167929276 W/data center(or device), 164.1838 dBW/data center(or device))
2026/05/07 16:53:39 - simulation time     650 (s) :                                                                                 :(Average:2493701078629273 W/task, 153.9684 dBW/task)
2026/05/07 16:53:39 - simulation time     650 (s) : SimLog- Energy Consumption per level                                     : Cloud=  136311182818958864 W,   171.3453 dBW
2026/05/07 16:53:39 - simulation time     650 (s) :                                                                                 :(Average:7572843489942159 W/data center, 158.7926 dBW/data center)
2026/05/07 16:53:39 - simulation time     650 (s) :                                                                             Edge=  530107288569828030 W,   177.2436 dBW
2026/05/07 16:53:39 - simulation time     650 (s) :                                                                                 :(Average:22087803690409500 W/data center, 163.4415 dBW/data center)
2026/05/07 16:53:39 - simulation time     650 (s) :                                                                             Mist= 5622695648914239500 W,   187.4994 dBW
2026/05/07 16:53:39 - simulation time     650 (s) :                                                                                 :(Average:28397452772294140 W/edge device, 164.5328 dBW/edge device)
2026/05/07 16:53:39 - simulation time     650 (s) : SimLog- Dead edge devices due to battery drain                                  :              0 devices (Among 0 devices with batteries (NaN %))
2026/05/07 16:53:39 - simulation time     650 (s) : SimLog- Average remaining power (devices with batteries that are still alive)   :              0 Wh (Average: 0 %)
2026/05/07 16:53:39 - simulation time     650 (s) : SimulationManager- the Scenario Simulation overflow times :0

================== Simulation finished at time 685.20 ==================


SimLog- Iteration finished...

######################################################################################################################################################################
Starting CloudSim Plus 4.3.0

2026/05/07 16:53:39 - simulation time       0 (s) : ServersManager- Datacenters and devices were generated
2026/05/07 16:53:39 - simulation time       0 (s) : SimulationManager-  Orchestration algorithm= DDLDO-  Architechitecture= ALL -  number of edge devices= 264
2026/05/07 16:53:39 - simulation time       0 (s) : SimulationManager- Simulation: 1  , iteration: 4
2026/05/07 16:53:43 - simulation time     650 (s) : 
2026/05/07 16:53:43 - simulation time     650 (s) : ------------------------------------------------------- OUTPUT -------------------------------------------------------
2026/05/07 16:53:43 - simulation time     650 (s) : 
2026/05/07 16:53:43 - simulation time     650 (s) : SimLog- Tasks not sent because device died (low energy)                         :               0 % (0 tasks)
2026/05/07 16:53:43 - simulation time     650 (s) : SimLog- Tasks sent from edge devices                                            :             100 % (3358 among 3358 generated tasks)
2026/05/07 16:53:43 - simulation time     650 (s) : -------------------------------------All values below are based on the sent tasks-------------------------------------
2026/05/07 16:53:43 - simulation time     650 (s) : SimLog- Tasks ETE delay                                                         :      5754.2018 seconds
2026/05/07 16:53:43 - simulation time     650 (s) : SimLog- Average tasks ETE delay                                                 :         1.7804 seconds
2026/05/07 16:53:43 - simulation time     650 (s) : SimLog- Tasks execution delay                                                   :      3182.4955 seconds
2026/05/07 16:53:43 - simulation time     650 (s) : SimLog- Average tasks execution delay                                           :         0.9517 seconds
2026/05/07 16:53:43 - simulation time     650 (s) : SimLog- Tasks waiting time (from task submiting to the execution start)         :       666.0421 seconds
2026/05/07 16:53:43 - simulation time     650 (s) : SimLog- Average tasks waiting time (from task submiting to the execution start) :         0.1992 seconds
2026/05/07 16:53:43 - simulation time     650 (s) : SimLog- Tasks successfully executed                                             :        96.2478 % (3232 among 3358 sent tasks)
2026/05/07 16:53:43 - simulation time     650 (s) : SimLog- Tasks failures
2026/05/07 16:53:43 - simulation time     650 (s) :                                        Not executed due to resources unavailable:              0 % (0 tasks)
2026/05/07 16:53:43 - simulation time     650 (s) :                               Successfully executed but failed due to high delay:         3.3949 % (114 tasks from 3358 successfully sent tasks)
2026/05/07 16:53:43 - simulation time     650 (s) :                  Tasks execution results not returned because the device is dead:              0 % (0 tasks)
2026/05/07 16:53:43 - simulation time     650 (s) :                      Tasks execution results not returned due to device mobility:         0.3574 % (12 tasks)
2026/05/07 16:53:43 - simulation time     650 (s) : SimLog- Tasks executed on each level                                : Cloud=             96 tasks (where 81 were successfully executed)
2026/05/07 16:53:43 - simulation time     650 (s) :                                                                        Edge=            592 tasks (where 498 were successfully executed)
2026/05/07 16:53:43 - simulation time     650 (s) :                                                                        Mist=           2670 tasks (where 2653 were successfully executed)
2026/05/07 16:53:43 - simulation time     650 (s) : SimLog- Network usage                                                           :           1458 seconds (The total traffic: 378.85 (MBytes))
2026/05/07 16:53:43 - simulation time     650 (s) :                                                                         Wan=             96 seconds (6.5844 % of total usage, WAN used when downloading containers=0 % of WAN usage)
2026/05/07 16:53:43 - simulation time     650 (s) :                                                                         Lan=           1458 seconds (100 % of total usage, LAN used when downloading containers=0 % of LAN usage)
2026/05/07 16:53:43 - simulation time     650 (s) :                                                    Average bandwidth per transfer=        987.268 Mbps  
2026/05/07 16:53:43 - simulation time     650 (s) : SimLog- Average vm CPU utilization                                              :          0.592 %
2026/05/07 16:53:43 - simulation time     650 (s) : SimLog- Average vm CPU utilization per level                             : Cloud=              0 %
2026/05/07 16:53:43 - simulation time     650 (s) :                                                                             Edge=              0 %
2026/05/07 16:53:43 - simulation time     650 (s) :                                                                             Mist=         0.6862 %
2026/05/07 16:53:43 - simulation time     650 (s) : SimLog- Energy consumption                                                      : 7444336558128086000 W,   188.7183 dBW
2026/05/07 16:53:43 - simulation time     650 (s) :                                                                                 :(Average:24327897248784596 W/data center(or device), 163.861 dBW/data center(or device))
2026/05/07 16:53:43 - simulation time     650 (s) :                                                                                 :(Average:2224846550546349.8 W/task, 153.473 dBW/task)
2026/05/07 16:53:43 - simulation time     650 (s) : SimLog- Energy Consumption per level                                     : Cloud=  183074408263347904 W,   172.6263 dBW
2026/05/07 16:53:43 - simulation time     650 (s) :                                                                                 :(Average:10170800459074884 W/data center, 160.0736 dBW/data center)
2026/05/07 16:53:43 - simulation time     650 (s) :                                                                             Edge=  765635719385241980 W,   178.8402 dBW
2026/05/07 16:53:43 - simulation time     650 (s) :                                                                                 :(Average:31901488307718416 W/data center, 165.0381 dBW/data center)
2026/05/07 16:53:43 - simulation time     650 (s) :                                                                             Mist= 6495626430479496200 W,   188.1262 dBW
2026/05/07 16:53:43 - simulation time     650 (s) :                                                                                 :(Average:24604645569998092 W/edge device, 163.9102 dBW/edge device)
2026/05/07 16:53:43 - simulation time     650 (s) : SimLog- Dead edge devices due to battery drain                                  :              0 devices (Among 0 devices with batteries (NaN %))
2026/05/07 16:53:43 - simulation time     650 (s) : SimLog- Average remaining power (devices with batteries that are still alive)   :              0 Wh (Average: 0 %)
2026/05/07 16:53:43 - simulation time     650 (s) : SimulationManager- the Scenario Simulation overflow times :0

================== Simulation finished at time 685.20 ==================


SimLog- Iteration finished...

######################################################################################################################################################################
Starting CloudSim Plus 4.3.0

2026/05/07 16:53:43 - simulation time       0 (s) : ServersManager- Datacenters and devices were generated
2026/05/07 16:53:43 - simulation time       0 (s) : SimulationManager-  Orchestration algorithm= DDLDO-  Architechitecture= ALL -  number of edge devices= 330
2026/05/07 16:53:43 - simulation time       0 (s) : SimulationManager- Simulation: 1  , iteration: 5
2026/05/07 16:53:48 - simulation time     660 (s) : 
2026/05/07 16:53:48 - simulation time     660 (s) : ------------------------------------------------------- OUTPUT -------------------------------------------------------
2026/05/07 16:53:48 - simulation time     660 (s) : 
2026/05/07 16:53:48 - simulation time     660 (s) : SimLog- Tasks not sent because device died (low energy)                         :               0 % (0 tasks)
2026/05/07 16:53:48 - simulation time     660 (s) : SimLog- Tasks sent from edge devices                                            :             100 % (4178 among 4178 generated tasks)
2026/05/07 16:53:48 - simulation time     660 (s) : -------------------------------------All values below are based on the sent tasks-------------------------------------
2026/05/07 16:53:48 - simulation time     660 (s) : SimLog- Tasks ETE delay                                                         :      8020.7768 seconds
2026/05/07 16:53:48 - simulation time     660 (s) : SimLog- Average tasks ETE delay                                                 :         1.9829 seconds
2026/05/07 16:53:48 - simulation time     660 (s) : SimLog- Tasks execution delay                                                   :       4500.755 seconds
2026/05/07 16:53:48 - simulation time     660 (s) : SimLog- Average tasks execution delay                                           :         1.0877 seconds
2026/05/07 16:53:48 - simulation time     660 (s) : SimLog- Tasks waiting time (from task submiting to the execution start)         :       947.1997 seconds
2026/05/07 16:53:48 - simulation time     660 (s) : SimLog- Average tasks waiting time (from task submiting to the execution start) :         0.2289 seconds
2026/05/07 16:53:48 - simulation time     660 (s) : SimLog- Tasks successfully executed                                             :        96.8167 % (4045 among 4178 sent tasks)
2026/05/07 16:53:48 - simulation time     660 (s) : SimLog- Tasks failures
2026/05/07 16:53:48 - simulation time     660 (s) :                                        Not executed due to resources unavailable:              0 % (0 tasks)
2026/05/07 16:53:48 - simulation time     660 (s) :                               Successfully executed but failed due to high delay:         2.2738 % (95 tasks from 4178 successfully sent tasks)
2026/05/07 16:53:48 - simulation time     660 (s) :                  Tasks execution results not returned because the device is dead:              0 % (0 tasks)
2026/05/07 16:53:48 - simulation time     660 (s) :                      Tasks execution results not returned due to device mobility:         0.9095 % (38 tasks)
2026/05/07 16:53:48 - simulation time     660 (s) : SimLog- Tasks executed on each level                                : Cloud=            136 tasks (where 123 were successfully executed)
2026/05/07 16:53:48 - simulation time     660 (s) :                                                                        Edge=            704 tasks (where 630 were successfully executed)
2026/05/07 16:53:48 - simulation time     660 (s) :                                                                        Mist=           3338 tasks (where 3292 were successfully executed)
2026/05/07 16:53:48 - simulation time     660 (s) : SimLog- Network usage                                                           :           1784 seconds (The total traffic: 461.2 (MBytes))
2026/05/07 16:53:48 - simulation time     660 (s) :                                                                         Wan=            136 seconds (7.6233 % of total usage, WAN used when downloading containers=0 % of WAN usage)
2026/05/07 16:53:48 - simulation time     660 (s) :                                                                         Lan=           1784 seconds (100 % of total usage, LAN used when downloading containers=0 % of LAN usage)
2026/05/07 16:53:48 - simulation time     660 (s) :                                                    Average bandwidth per transfer=       979.2055 Mbps  
2026/05/07 16:53:48 - simulation time     660 (s) : SimLog- Average vm CPU utilization                                              :          0.722 %
2026/05/07 16:53:48 - simulation time     660 (s) : SimLog- Average vm CPU utilization per level                             : Cloud=              0 %
2026/05/07 16:53:48 - simulation time     660 (s) :                                                                             Edge=              0 %
2026/05/07 16:53:48 - simulation time     660 (s) :                                                                             Mist=         0.8139 %
2026/05/07 16:53:48 - simulation time     660 (s) : SimLog- Energy consumption                                                      : 9450442798914738000 W,   189.7545 dBW
2026/05/07 16:53:48 - simulation time     660 (s) :                                                                                 :(Average:25404416126114888 W/data center(or device), 164.0491 dBW/data center(or device))
2026/05/07 16:53:48 - simulation time     660 (s) :                                                                                 :(Average:2282715651911772.5 W/task, 153.5845 dBW/task)
2026/05/07 16:53:48 - simulation time     660 (s) : SimLog- Energy Consumption per level                                     : Cloud=  275180863261069248 W,   174.3962 dBW
2026/05/07 16:53:48 - simulation time     660 (s) :                                                                                 :(Average:15287825736726070 W/data center, 161.8435 dBW/data center)
2026/05/07 16:53:48 - simulation time     660 (s) :                                                                             Edge=  886131098401922820 W,    179.475 dBW
2026/05/07 16:53:48 - simulation time     660 (s) :                                                                                 :(Average:36922129100080120 W/data center, 165.6729 dBW/data center)
2026/05/07 16:53:48 - simulation time     660 (s) :                                                                             Mist= 8289130837251745800 W,   189.1851 dBW
2026/05/07 16:53:48 - simulation time     660 (s) :                                                                                 :(Average:25118578294702260 W/edge device, 164 dBW/edge device)
2026/05/07 16:53:48 - simulation time     660 (s) : SimLog- Dead edge devices due to battery drain                                  :              0 devices (Among 0 devices with batteries (NaN %))
2026/05/07 16:53:48 - simulation time     660 (s) : SimLog- Average remaining power (devices with batteries that are still alive)   :              0 Wh (Average: 0 %)
2026/05/07 16:53:48 - simulation time     660 (s) : SimulationManager- the Scenario Simulation overflow times :0

================== Simulation finished at time 691.50 ==================


SimLog- Iteration finished...

######################################################################################################################################################################
Starting CloudSim Plus 4.3.0

2026/05/07 16:53:48 - simulation time       0 (s) : ServersManager- Datacenters and devices were generated
2026/05/07 16:53:48 - simulation time       0 (s) : SimulationManager-  Orchestration algorithm= DDLDO-  Architechitecture= ALL -  number of edge devices= 396
2026/05/07 16:53:48 - simulation time       0 (s) : SimulationManager- Simulation: 1  , iteration: 6
2026/05/07 16:53:54 - simulation time     650 (s) : 
2026/05/07 16:53:54 - simulation time     650 (s) : ------------------------------------------------------- OUTPUT -------------------------------------------------------
2026/05/07 16:53:54 - simulation time     650 (s) : 
2026/05/07 16:53:54 - simulation time     650 (s) : SimLog- Tasks not sent because device died (low energy)                         :               0 % (0 tasks)
2026/05/07 16:53:54 - simulation time     650 (s) : SimLog- Tasks sent from edge devices                                            :             100 % (5002 among 5002 generated tasks)
2026/05/07 16:53:54 - simulation time     650 (s) : -------------------------------------All values below are based on the sent tasks-------------------------------------
2026/05/07 16:53:54 - simulation time     650 (s) : SimLog- Tasks ETE delay                                                         :      9247.6179 seconds
2026/05/07 16:53:54 - simulation time     650 (s) : SimLog- Average tasks ETE delay                                                 :         1.9559 seconds
2026/05/07 16:53:54 - simulation time     650 (s) : SimLog- Tasks execution delay                                                   :      5113.5872 seconds
2026/05/07 16:53:54 - simulation time     650 (s) : SimLog- Average tasks execution delay                                           :         1.0425 seconds
2026/05/07 16:53:54 - simulation time     650 (s) : SimLog- Tasks waiting time (from task submiting to the execution start)         :      1083.2951 seconds
2026/05/07 16:53:54 - simulation time     650 (s) : SimLog- Average tasks waiting time (from task submiting to the execution start) :         0.2209 seconds
2026/05/07 16:53:54 - simulation time     650 (s) : SimLog- Tasks successfully executed                                             :        94.5222 % (4728 among 5002 sent tasks)
2026/05/07 16:53:54 - simulation time     650 (s) : SimLog- Tasks failures
2026/05/07 16:53:54 - simulation time     650 (s) :                                        Not executed due to resources unavailable:              0 % (0 tasks)
2026/05/07 16:53:54 - simulation time     650 (s) :                               Successfully executed but failed due to high delay:         3.8784 % (194 tasks from 5002 successfully sent tasks)
2026/05/07 16:53:54 - simulation time     650 (s) :                  Tasks execution results not returned because the device is dead:              0 % (0 tasks)
2026/05/07 16:53:54 - simulation time     650 (s) :                      Tasks execution results not returned due to device mobility:         1.5994 % (80 tasks)
2026/05/07 16:53:54 - simulation time     650 (s) : SimLog- Tasks executed on each level                                : Cloud=            256 tasks (where 212 were successfully executed)
2026/05/07 16:53:54 - simulation time     650 (s) :                                                                        Edge=            908 tasks (where 758 were successfully executed)
2026/05/07 16:53:54 - simulation time     650 (s) :                                                                        Mist=           3838 tasks (where 3758 were successfully executed)
2026/05/07 16:53:54 - simulation time     650 (s) : SimLog- Network usage                                                           :           2395 seconds (The total traffic: 992.25 (MBytes))
2026/05/07 16:53:54 - simulation time     650 (s) :                                                                         Wan=            256 seconds (10.6889 % of total usage, WAN used when downloading containers=0 % of WAN usage)
2026/05/07 16:53:54 - simulation time     650 (s) :                                                                         Lan=           2395 seconds (100 % of total usage, LAN used when downloading containers=0 % of LAN usage)
2026/05/07 16:53:54 - simulation time     650 (s) :                                                    Average bandwidth per transfer=       953.9233 Mbps  
2026/05/07 16:53:54 - simulation time     650 (s) : SimLog- Average vm CPU utilization                                              :         0.7013 %
2026/05/07 16:53:54 - simulation time     650 (s) : SimLog- Average vm CPU utilization per level                             : Cloud=              0 %
2026/05/07 16:53:54 - simulation time     650 (s) :                                                                             Edge=              0 %
2026/05/07 16:53:54 - simulation time     650 (s) :                                                                             Mist=         0.7757 %
2026/05/07 16:53:54 - simulation time     650 (s) : SimLog- Energy consumption                                                      :20300317049037246000 W,    193.075 dBW
2026/05/07 16:53:54 - simulation time     650 (s) :                                                                                 :(Average:46347755819719744 W/data center(or device), 166.6603 dBW/data center(or device))
2026/05/07 16:53:54 - simulation time     650 (s) :                                                                                 :(Average:4124404113985625 W/task, 156.1536 dBW/task)
2026/05/07 16:53:54 - simulation time     650 (s) : SimLog- Energy Consumption per level                                     : Cloud=  553691739610383740 W,   177.4327 dBW
2026/05/07 16:53:54 - simulation time     650 (s) :                                                                                 :(Average:30760652200576876 W/data center, 164.88 dBW/data center)
2026/05/07 16:53:54 - simulation time     650 (s) :                                                                             Edge= 1193218870005864190 W,   180.7672 dBW
2026/05/07 16:53:54 - simulation time     650 (s) :                                                                                 :(Average:49717452916911008 W/data center, 166.9651 dBW/data center)
2026/05/07 16:53:54 - simulation time     650 (s) :                                                                             Mist=18553406439420998000 W,   192.6842 dBW
2026/05/07 16:53:54 - simulation time     650 (s) :                                                                                 :(Average:46852036463184336 W/edge device, 166.7073 dBW/edge device)
2026/05/07 16:53:54 - simulation time     650 (s) : SimLog- Dead edge devices due to battery drain                                  :              0 devices (Among 0 devices with batteries (NaN %))
2026/05/07 16:53:54 - simulation time     650 (s) : SimLog- Average remaining power (devices with batteries that are still alive)   :              0 Wh (Average: 0 %)
2026/05/07 16:53:54 - simulation time     650 (s) : SimulationManager- the Scenario Simulation overflow times :0

================== Simulation finished at time 685.20 ==================


SimLog- Iteration finished...

######################################################################################################################################################################
Starting CloudSim Plus 4.3.0

2026/05/07 16:53:54 - simulation time       0 (s) : ServersManager- Datacenters and devices were generated
2026/05/07 16:53:54 - simulation time       0 (s) : SimulationManager-  Orchestration algorithm= DDLDO-  Architechitecture= ALL -  number of edge devices= 462
2026/05/07 16:53:54 - simulation time       0 (s) : SimulationManager- Simulation: 1  , iteration: 7
2026/05/07 16:54:01 - simulation time     660 (s) : 
2026/05/07 16:54:01 - simulation time     660 (s) : ------------------------------------------------------- OUTPUT -------------------------------------------------------
2026/05/07 16:54:01 - simulation time     660 (s) : 
2026/05/07 16:54:01 - simulation time     660 (s) : SimLog- Tasks not sent because device died (low energy)                         :               0 % (0 tasks)
2026/05/07 16:54:01 - simulation time     660 (s) : SimLog- Tasks sent from edge devices                                            :             100 % (5860 among 5860 generated tasks)
2026/05/07 16:54:01 - simulation time     660 (s) : -------------------------------------All values below are based on the sent tasks-------------------------------------
2026/05/07 16:54:01 - simulation time     660 (s) : SimLog- Tasks ETE delay                                                         :     10084.9182 seconds
2026/05/07 16:54:01 - simulation time     660 (s) : SimLog- Average tasks ETE delay                                                 :          1.839 seconds
2026/05/07 16:54:01 - simulation time     660 (s) : SimLog- Tasks execution delay                                                   :      4506.1072 seconds
2026/05/07 16:54:01 - simulation time     660 (s) : SimLog- Average tasks execution delay                                           :           0.79 seconds
2026/05/07 16:54:01 - simulation time     660 (s) : SimLog- Tasks waiting time (from task submiting to the execution start)         :      1103.8494 seconds
2026/05/07 16:54:01 - simulation time     660 (s) : SimLog- Average tasks waiting time (from task submiting to the execution start) :         0.1935 seconds
2026/05/07 16:54:01 - simulation time     660 (s) : SimLog- Tasks successfully executed                                             :        93.5836 % (5484 among 5860 sent tasks)
2026/05/07 16:54:01 - simulation time     660 (s) : SimLog- Tasks failures
2026/05/07 16:54:01 - simulation time     660 (s) :                                        Not executed due to resources unavailable:              0 % (0 tasks)
2026/05/07 16:54:01 - simulation time     660 (s) :                               Successfully executed but failed due to high delay:         4.3003 % (252 tasks from 5860 successfully sent tasks)
2026/05/07 16:54:01 - simulation time     660 (s) :                  Tasks execution results not returned because the device is dead:              0 % (0 tasks)
2026/05/07 16:54:01 - simulation time     660 (s) :                      Tasks execution results not returned due to device mobility:          2.116 % (124 tasks)
2026/05/07 16:54:01 - simulation time     660 (s) : SimLog- Tasks executed on each level                                : Cloud=            340 tasks (where 288 were successfully executed)
2026/05/07 16:54:01 - simulation time     660 (s) :                                                                        Edge=           1298 tasks (where 1098 were successfully executed)
2026/05/07 16:54:01 - simulation time     660 (s) :                                                                        Mist=           4222 tasks (where 4098 were successfully executed)
2026/05/07 16:54:01 - simulation time     660 (s) : SimLog- Network usage                                                           :           3368 seconds (The total traffic: 1184.65 (MBytes))
2026/05/07 16:54:01 - simulation time     660 (s) :                                                                         Wan=            340 seconds (10.095 % of total usage, WAN used when downloading containers=0 % of WAN usage)
2026/05/07 16:54:01 - simulation time     660 (s) :                                                                         Lan=           3368 seconds (100 % of total usage, LAN used when downloading containers=0 % of LAN usage)
2026/05/07 16:54:01 - simulation time     660 (s) :                                                    Average bandwidth per transfer=       934.5281 Mbps  
2026/05/07 16:54:01 - simulation time     660 (s) : SimLog- Average vm CPU utilization                                              :         0.5438 %
2026/05/07 16:54:01 - simulation time     660 (s) : SimLog- Average vm CPU utilization per level                             : Cloud=              0 %
2026/05/07 16:54:01 - simulation time     660 (s) :                                                                             Edge=              0 %
2026/05/07 16:54:01 - simulation time     660 (s) :                                                                             Mist=         0.5933 %
2026/05/07 16:54:01 - simulation time     660 (s) : SimLog- Energy consumption                                                      :23774858732653510000 W,   193.7612 dBW
2026/05/07 16:54:01 - simulation time     660 (s) :                                                                                 :(Average:47172338755264904 W/data center(or device), 166.7369 dBW/data center(or device))
2026/05/07 16:54:01 - simulation time     660 (s) :                                                                                 :(Average:4144849848788966.5 W/task, 156.1751 dBW/task)
2026/05/07 16:54:01 - simulation time     660 (s) : SimLog- Energy Consumption per level                                     : Cloud=  666924598139195010 W,   178.2408 dBW
2026/05/07 16:54:01 - simulation time     660 (s) :                                                                                 :(Average:37051366563288608 W/data center, 165.688 dBW/data center)
2026/05/07 16:54:01 - simulation time     660 (s) :                                                                             Edge= 1620772709229318140 W,   182.0972 dBW
2026/05/07 16:54:01 - simulation time     660 (s) :                                                                                 :(Average:67532196217888256 W/data center, 168.2951 dBW/data center)
2026/05/07 16:54:01 - simulation time     660 (s) :                                                                             Mist=21487161425284997000 W,   193.3218 dBW
2026/05/07 16:54:01 - simulation time     660 (s) :                                                                                 :(Average:46509007414036792 W/edge device, 166.6754 dBW/edge device)
2026/05/07 16:54:01 - simulation time     660 (s) : SimLog- Dead edge devices due to battery drain                                  :              0 devices (Among 0 devices with batteries (NaN %))
2026/05/07 16:54:01 - simulation time     660 (s) : SimLog- Average remaining power (devices with batteries that are still alive)   :              0 Wh (Average: 0 %)
2026/05/07 16:54:01 - simulation time     660 (s) : SimulationManager- the Scenario Simulation overflow times :0

================== Simulation finished at time 691.50 ==================


SimLog- Iteration finished...

######################################################################################################################################################################
Starting CloudSim Plus 4.3.0

2026/05/07 16:54:01 - simulation time       0 (s) : ServersManager- Datacenters and devices were generated
2026/05/07 16:54:01 - simulation time       0 (s) : SimulationManager-  Orchestration algorithm= DDLDO-  Architechitecture= ALL -  number of edge devices= 528
2026/05/07 16:54:01 - simulation time       0 (s) : SimulationManager- Simulation: 1  , iteration: 8
2026/05/07 16:54:10 - simulation time     660 (s) : 
2026/05/07 16:54:10 - simulation time     660 (s) : ------------------------------------------------------- OUTPUT -------------------------------------------------------
2026/05/07 16:54:10 - simulation time     660 (s) : 
2026/05/07 16:54:10 - simulation time     660 (s) : SimLog- Tasks not sent because device died (low energy)                         :               0 % (0 tasks)
2026/05/07 16:54:10 - simulation time     660 (s) : SimLog- Tasks sent from edge devices                                            :             100 % (6702 among 6702 generated tasks)
2026/05/07 16:54:10 - simulation time     660 (s) : -------------------------------------All values below are based on the sent tasks-------------------------------------
2026/05/07 16:54:10 - simulation time     660 (s) : SimLog- Tasks ETE delay                                                         :     12671.1338 seconds
2026/05/07 16:54:10 - simulation time     660 (s) : SimLog- Average tasks ETE delay                                                 :         2.0225 seconds
2026/05/07 16:54:10 - simulation time     660 (s) : SimLog- Tasks execution delay                                                   :      6671.6672 seconds
2026/05/07 16:54:10 - simulation time     660 (s) : SimLog- Average tasks execution delay                                           :         1.0247 seconds
2026/05/07 16:54:10 - simulation time     660 (s) : SimLog- Tasks waiting time (from task submiting to the execution start)         :      1515.0627 seconds
2026/05/07 16:54:10 - simulation time     660 (s) : SimLog- Average tasks waiting time (from task submiting to the execution start) :         0.2327 seconds
2026/05/07 16:54:10 - simulation time     660 (s) : SimLog- Tasks successfully executed                                             :        93.4796 % (6265 among 6702 sent tasks)
2026/05/07 16:54:10 - simulation time     660 (s) : SimLog- Tasks failures
2026/05/07 16:54:10 - simulation time     660 (s) :                                        Not executed due to resources unavailable:              0 % (0 tasks)
2026/05/07 16:54:10 - simulation time     660 (s) :                               Successfully executed but failed due to high delay:         4.2823 % (287 tasks from 6702 successfully sent tasks)
2026/05/07 16:54:10 - simulation time     660 (s) :                  Tasks execution results not returned because the device is dead:              0 % (0 tasks)
2026/05/07 16:54:10 - simulation time     660 (s) :                      Tasks execution results not returned due to device mobility:         2.2381 % (150 tasks)
2026/05/07 16:54:10 - simulation time     660 (s) : SimLog- Tasks executed on each level                                : Cloud=            362 tasks (where 300 were successfully executed)
2026/05/07 16:54:10 - simulation time     660 (s) :                                                                        Edge=           1348 tasks (where 1123 were successfully executed)
2026/05/07 16:54:10 - simulation time     660 (s) :                                                                        Mist=           4992 tasks (where 4842 were successfully executed)
2026/05/07 16:54:10 - simulation time     660 (s) : SimLog- Network usage                                                           :           3529 seconds (The total traffic: 1498.55 (MBytes))
2026/05/07 16:54:10 - simulation time     660 (s) :                                                                         Wan=            362 seconds (10.2579 % of total usage, WAN used when downloading containers=0 % of WAN usage)
2026/05/07 16:54:10 - simulation time     660 (s) :                                                                         Lan=           3529 seconds (100 % of total usage, LAN used when downloading containers=0 % of LAN usage)
2026/05/07 16:54:10 - simulation time     660 (s) :                                                    Average bandwidth per transfer=       937.9161 Mbps  
2026/05/07 16:54:10 - simulation time     660 (s) : SimLog- Average vm CPU utilization                                              :         0.7429 %
2026/05/07 16:54:10 - simulation time     660 (s) : SimLog- Average vm CPU utilization per level                             : Cloud=              0 %
2026/05/07 16:54:10 - simulation time     660 (s) :                                                                             Edge=              0 %
2026/05/07 16:54:10 - simulation time     660 (s) :                                                                             Mist=          0.802 %
2026/05/07 16:54:10 - simulation time     660 (s) : SimLog- Energy consumption                                                      :30037671313167740000 W,   194.7767 dBW
2026/05/07 16:54:10 - simulation time     660 (s) :                                                                                 :(Average:52697668970469720 W/data center(or device), 167.2179 dBW/data center(or device))
2026/05/07 16:54:10 - simulation time     660 (s) :                                                                                 :(Average:4584504168676395 W/task, 156.6129 dBW/task)
2026/05/07 16:54:10 - simulation time     660 (s) : SimLog- Energy Consumption per level                                     : Cloud=  749997268585708670 W,   178.7506 dBW
2026/05/07 16:54:10 - simulation time     660 (s) :                                                                                 :(Average:41666514921428256 W/data center, 166.1979 dBW/data center)
2026/05/07 16:54:10 - simulation time     660 (s) :                                                                             Edge= 1792962356561056000 W,   182.5357 dBW
2026/05/07 16:54:10 - simulation time     660 (s) :                                                                                 :(Average:74706764856710672 W/data center, 168.7336 dBW/data center)
2026/05/07 16:54:10 - simulation time     660 (s) :                                                                             Mist=27494711688020976000 W,   194.3925 dBW
2026/05/07 16:54:10 - simulation time     660 (s) :                                                                                 :(Average:52073317590948816 W/edge device, 167.1662 dBW/edge device)
2026/05/07 16:54:10 - simulation time     660 (s) : SimLog- Dead edge devices due to battery drain                                  :              0 devices (Among 0 devices with batteries (NaN %))
2026/05/07 16:54:10 - simulation time     660 (s) : SimLog- Average remaining power (devices with batteries that are still alive)   :              0 Wh (Average: 0 %)
2026/05/07 16:54:10 - simulation time     660 (s) : SimulationManager- the Scenario Simulation overflow times :0

================== Simulation finished at time 691.50 ==================


SimLog- Iteration finished...

######################################################################################################################################################################
Starting CloudSim Plus 4.3.0

2026/05/07 16:54:10 - simulation time       0 (s) : ServersManager- Datacenters and devices were generated
2026/05/07 16:54:10 - simulation time       0 (s) : SimulationManager-  Orchestration algorithm= DDLDO-  Architechitecture= ALL -  number of edge devices= 594
2026/05/07 16:54:10 - simulation time       0 (s) : SimulationManager- Simulation: 1  , iteration: 9
2026/05/07 16:54:21 - simulation time     660 (s) : 
2026/05/07 16:54:21 - simulation time     660 (s) : ------------------------------------------------------- OUTPUT -------------------------------------------------------
2026/05/07 16:54:21 - simulation time     660 (s) : 
2026/05/07 16:54:21 - simulation time     660 (s) : SimLog- Tasks not sent because device died (low energy)                         :               0 % (0 tasks)
2026/05/07 16:54:21 - simulation time     660 (s) : SimLog- Tasks sent from edge devices                                            :             100 % (7530 among 7530 generated tasks)
2026/05/07 16:54:21 - simulation time     660 (s) : -------------------------------------All values below are based on the sent tasks-------------------------------------
2026/05/07 16:54:21 - simulation time     660 (s) : SimLog- Tasks ETE delay                                                         :     14750.3298 seconds
2026/05/07 16:54:21 - simulation time     660 (s) : SimLog- Average tasks ETE delay                                                 :         2.0982 seconds
2026/05/07 16:54:21 - simulation time     660 (s) : SimLog- Tasks execution delay                                                   :      7014.5846 seconds
2026/05/07 16:54:21 - simulation time     660 (s) : SimLog- Average tasks execution delay                                           :          0.967 seconds
2026/05/07 16:54:21 - simulation time     660 (s) : SimLog- Tasks waiting time (from task submiting to the execution start)         :      2048.9952 seconds
2026/05/07 16:54:21 - simulation time     660 (s) : SimLog- Average tasks waiting time (from task submiting to the execution start) :         0.2825 seconds
2026/05/07 16:54:21 - simulation time     660 (s) : SimLog- Tasks successfully executed                                             :        93.3599 % (7030 among 7530 sent tasks)
2026/05/07 16:54:21 - simulation time     660 (s) : SimLog- Tasks failures
2026/05/07 16:54:21 - simulation time     660 (s) :                                        Not executed due to resources unavailable:              0 % (0 tasks)
2026/05/07 16:54:21 - simulation time     660 (s) :                               Successfully executed but failed due to high delay:          3.506 % (264 tasks from 7530 successfully sent tasks)
2026/05/07 16:54:21 - simulation time     660 (s) :                  Tasks execution results not returned because the device is dead:              0 % (0 tasks)
2026/05/07 16:54:21 - simulation time     660 (s) :                      Tasks execution results not returned due to device mobility:         3.1341 % (236 tasks)
2026/05/07 16:54:21 - simulation time     660 (s) : SimLog- Tasks executed on each level                                : Cloud=            394 tasks (where 355 were successfully executed)
2026/05/07 16:54:21 - simulation time     660 (s) :                                                                        Edge=           1588 tasks (where 1369 were successfully executed)
2026/05/07 16:54:21 - simulation time     660 (s) :                                                                        Mist=           5548 tasks (where 5306 were successfully executed)
2026/05/07 16:54:21 - simulation time     660 (s) : SimLog- Network usage                                                           :           4170 seconds (The total traffic: 1497.8 (MBytes))
2026/05/07 16:54:21 - simulation time     660 (s) :                                                                         Wan=            394 seconds (9.4484 % of total usage, WAN used when downloading containers=0 % of WAN usage)
2026/05/07 16:54:21 - simulation time     660 (s) :                                                                         Lan=           4170 seconds (100 % of total usage, LAN used when downloading containers=0 % of LAN usage)
2026/05/07 16:54:21 - simulation time     660 (s) :                                                    Average bandwidth per transfer=       932.5954 Mbps  
2026/05/07 16:54:21 - simulation time     660 (s) : SimLog- Average vm CPU utilization                                              :         0.7593 %
2026/05/07 16:54:21 - simulation time     660 (s) : SimLog- Average vm CPU utilization per level                             : Cloud=         0.0006 %
2026/05/07 16:54:21 - simulation time     660 (s) :                                                                             Edge=         0.0025 %
2026/05/07 16:54:21 - simulation time     660 (s) :                                                                             Mist=         0.8129 %
2026/05/07 16:54:21 - simulation time     660 (s) : SimLog- Energy consumption                                                      :30376580932969230000 W,   194.8254 dBW
2026/05/07 16:54:21 - simulation time     660 (s) :                                                                                 :(Average:47761919705926464 W/data center(or device), 166.7908 dBW/data center(or device))
2026/05/07 16:54:21 - simulation time     660 (s) :                                                                                 :(Average:4164598427881715 W/task, 156.1957 dBW/task)
2026/05/07 16:54:21 - simulation time     660 (s) : SimLog- Energy Consumption per level                                     : Cloud=  822589308265015040 W,   179.1518 dBW
2026/05/07 16:54:21 - simulation time     660 (s) :                                                                                 :(Average:45699406014723056 W/data center, 166.5991 dBW/data center)
2026/05/07 16:54:21 - simulation time     660 (s) :                                                                             Edge= 1999402411194897660 W,    183.009 dBW
2026/05/07 16:54:21 - simulation time     660 (s) :                                                                                 :(Average:83308433799787408 W/data center, 169.2069 dBW/data center)
2026/05/07 16:54:21 - simulation time     660 (s) :                                                                             Mist=27554589213509317000 W,   194.4019 dBW
2026/05/07 16:54:21 - simulation time     660 (s) :                                                                                 :(Average:46388197329140264 W/edge device, 166.6641 dBW/edge device)
2026/05/07 16:54:21 - simulation time     660 (s) : SimLog- Dead edge devices due to battery drain                                  :              0 devices (Among 0 devices with batteries (NaN %))
2026/05/07 16:54:21 - simulation time     660 (s) : SimLog- Average remaining power (devices with batteries that are still alive)   :              0 Wh (Average: 0 %)
2026/05/07 16:54:21 - simulation time     660 (s) : SimulationManager- the Scenario Simulation overflow times :0

================== Simulation finished at time 691.50 ==================


SimLog- Iteration finished...

######################################################################################################################################################################
Starting CloudSim Plus 4.3.0

2026/05/07 16:54:21 - simulation time       0 (s) : ServersManager- Datacenters and devices were generated
2026/05/07 16:54:21 - simulation time       0 (s) : SimulationManager-  Orchestration algorithm= DDLDO-  Architechitecture= ALL -  number of edge devices= 660
2026/05/07 16:54:21 - simulation time       0 (s) : SimulationManager- Simulation: 1  , iteration: 10
2026/05/07 16:54:34 - simulation time     660 (s) : 
2026/05/07 16:54:34 - simulation time     660 (s) : ------------------------------------------------------- OUTPUT -------------------------------------------------------
2026/05/07 16:54:34 - simulation time     660 (s) : 
2026/05/07 16:54:34 - simulation time     660 (s) : SimLog- Tasks not sent because device died (low energy)                         :               0 % (0 tasks)
2026/05/07 16:54:34 - simulation time     660 (s) : SimLog- Tasks sent from edge devices                                            :             100 % (8360 among 8360 generated tasks)
2026/05/07 16:54:34 - simulation time     660 (s) : -------------------------------------All values below are based on the sent tasks-------------------------------------
2026/05/07 16:54:34 - simulation time     660 (s) : SimLog- Tasks ETE delay                                                         :     17538.7262 seconds
2026/05/07 16:54:34 - simulation time     660 (s) : SimLog- Average tasks ETE delay                                                 :         2.2692 seconds
2026/05/07 16:54:34 - simulation time     660 (s) : SimLog- Tasks execution delay                                                   :      8301.5248 seconds
2026/05/07 16:54:34 - simulation time     660 (s) : SimLog- Average tasks execution delay                                           :         1.0333 seconds
2026/05/07 16:54:34 - simulation time     660 (s) : SimLog- Tasks waiting time (from task submiting to the execution start)         :       3561.963 seconds
2026/05/07 16:54:34 - simulation time     660 (s) : SimLog- Average tasks waiting time (from task submiting to the execution start) :         0.4434 seconds
2026/05/07 16:54:34 - simulation time     660 (s) : SimLog- Tasks successfully executed                                             :        92.4522 % (7729 among 8360 sent tasks)
2026/05/07 16:54:34 - simulation time     660 (s) : SimLog- Tasks failures
2026/05/07 16:54:34 - simulation time     660 (s) :                                        Not executed due to resources unavailable:              0 % (0 tasks)
2026/05/07 16:54:34 - simulation time     660 (s) :                               Successfully executed but failed due to high delay:         5.5383 % (463 tasks from 8360 successfully sent tasks)
2026/05/07 16:54:34 - simulation time     660 (s) :                  Tasks execution results not returned because the device is dead:              0 % (0 tasks)
2026/05/07 16:54:34 - simulation time     660 (s) :                      Tasks execution results not returned due to device mobility:         2.0096 % (168 tasks)
2026/05/07 16:54:34 - simulation time     660 (s) : SimLog- Tasks executed on each level                                : Cloud=            490 tasks (where 408 were successfully executed)
2026/05/07 16:54:34 - simulation time     660 (s) :                                                                        Edge=           1710 tasks (where 1386 were successfully executed)
2026/05/07 16:54:34 - simulation time     660 (s) :                                                                        Mist=           6160 tasks (where 5935 were successfully executed)
2026/05/07 16:54:34 - simulation time     660 (s) : SimLog- Network usage                                                           :           4471 seconds (The total traffic: 1877.15 (MBytes))
2026/05/07 16:54:34 - simulation time     660 (s) :                                                                         Wan=            490 seconds (10.9595 % of total usage, WAN used when downloading containers=0 % of WAN usage)
2026/05/07 16:54:34 - simulation time     660 (s) :                                                                         Lan=           4471 seconds (100 % of total usage, LAN used when downloading containers=0 % of LAN usage)
2026/05/07 16:54:34 - simulation time     660 (s) :                                                    Average bandwidth per transfer=       914.3424 Mbps  
2026/05/07 16:54:34 - simulation time     660 (s) : SimLog- Average vm CPU utilization                                              :         0.7759 %
2026/05/07 16:54:34 - simulation time     660 (s) : SimLog- Average vm CPU utilization per level                             : Cloud=         0.0011 %
2026/05/07 16:54:34 - simulation time     660 (s) :                                                                             Edge=              0 %
2026/05/07 16:54:34 - simulation time     660 (s) :                                                                             Mist=         0.8252 %
2026/05/07 16:54:34 - simulation time     660 (s) : SimLog- Energy consumption                                                      :38132317392627460000 W,   195.8129 dBW
2026/05/07 16:54:34 - simulation time     660 (s) :                                                                                 :(Average:54319540445338256 W/data center(or device), 167.3496 dBW/data center(or device))
2026/05/07 16:54:34 - simulation time     660 (s) :                                                                                 :(Average:4654823900467219 W/task, 156.679 dBW/task)
2026/05/07 16:54:34 - simulation time     660 (s) : SimLog- Energy Consumption per level                                     : Cloud=  988011708762952960 W,   179.9476 dBW
2026/05/07 16:54:34 - simulation time     660 (s) :                                                                                 :(Average:54889539375719608 W/data center, 167.3949 dBW/data center)
2026/05/07 16:54:34 - simulation time     660 (s) :                                                                             Edge= 2219911868971467010 W,   183.4634 dBW
2026/05/07 16:54:34 - simulation time     660 (s) :                                                                                 :(Average:92496327873811120 W/data center, 169.6612 dBW/data center)
2026/05/07 16:54:34 - simulation time     660 (s) :                                                                             Mist=34924393814893040000 W,   195.4313 dBW
2026/05/07 16:54:34 - simulation time     660 (s) :                                                                                 :(Average:52915748204383392 W/edge device, 167.2358 dBW/edge device)
2026/05/07 16:54:34 - simulation time     660 (s) : SimLog- Dead edge devices due to battery drain                                  :              0 devices (Among 0 devices with batteries (NaN %))
2026/05/07 16:54:34 - simulation time     660 (s) : SimLog- Average remaining power (devices with batteries that are still alive)   :              0 Wh (Average: 0 %)
2026/05/07 16:54:34 - simulation time     660 (s) : SimulationManager- the Scenario Simulation overflow times :0

================== Simulation finished at time 691.50 ==================


SimLog- Iteration finished...

######################################################################################################################################################################
Starting CloudSim Plus 4.3.0

2026/05/07 16:54:34 - simulation time       0 (s) : ServersManager- Datacenters and devices were generated
2026/05/07 16:54:34 - simulation time       0 (s) : SimulationManager-  Orchestration algorithm= DDLDO-  Architechitecture= ALL -  number of edge devices= 726
2026/05/07 16:54:34 - simulation time       0 (s) : SimulationManager- Simulation: 1  , iteration: 11
2026/05/07 16:54:49 - simulation time     660 (s) : 
2026/05/07 16:54:49 - simulation time     660 (s) : ------------------------------------------------------- OUTPUT -------------------------------------------------------
2026/05/07 16:54:49 - simulation time     660 (s) : 
2026/05/07 16:54:49 - simulation time     660 (s) : SimLog- Tasks not sent because device died (low energy)                         :               0 % (0 tasks)
2026/05/07 16:54:49 - simulation time     660 (s) : SimLog- Tasks sent from edge devices                                            :             100 % (9204 among 9204 generated tasks)
2026/05/07 16:54:49 - simulation time     660 (s) : -------------------------------------All values below are based on the sent tasks-------------------------------------
2026/05/07 16:54:49 - simulation time     660 (s) : SimLog- Tasks ETE delay                                                         :     21189.7042 seconds
2026/05/07 16:54:49 - simulation time     660 (s) : SimLog- Average tasks ETE delay                                                 :         2.5536 seconds
2026/05/07 16:54:49 - simulation time     660 (s) : SimLog- Tasks execution delay                                                   :      8330.9965 seconds
2026/05/07 16:54:49 - simulation time     660 (s) : SimLog- Average tasks execution delay                                           :          0.966 seconds
2026/05/07 16:54:49 - simulation time     660 (s) : SimLog- Tasks waiting time (from task submiting to the execution start)         :      6372.0243 seconds
2026/05/07 16:54:49 - simulation time     660 (s) : SimLog- Average tasks waiting time (from task submiting to the execution start) :         0.7389 seconds
2026/05/07 16:54:49 - simulation time     660 (s) : SimLog- Tasks successfully executed                                             :        90.1565 % (8298 among 9204 sent tasks)
2026/05/07 16:54:49 - simulation time     660 (s) : SimLog- Tasks failures
2026/05/07 16:54:49 - simulation time     660 (s) :                                        Not executed due to resources unavailable:              0 % (0 tasks)
2026/05/07 16:54:49 - simulation time     660 (s) :                               Successfully executed but failed due to high delay:         7.2143 % (664 tasks from 9204 successfully sent tasks)
2026/05/07 16:54:49 - simulation time     660 (s) :                  Tasks execution results not returned because the device is dead:              0 % (0 tasks)
2026/05/07 16:54:49 - simulation time     660 (s) :                      Tasks execution results not returned due to device mobility:         2.6293 % (242 tasks)
2026/05/07 16:54:49 - simulation time     660 (s) : SimLog- Tasks executed on each level                                : Cloud=            484 tasks (where 395 were successfully executed)
2026/05/07 16:54:49 - simulation time     660 (s) :                                                                        Edge=           2008 tasks (where 1624 were successfully executed)
2026/05/07 16:54:49 - simulation time     660 (s) :                                                                        Mist=           6712 tasks (where 6279 were successfully executed)
2026/05/07 16:54:49 - simulation time     660 (s) : SimLog- Network usage                                                           :           5079 seconds (The total traffic: 1996.3 (MBytes))
2026/05/07 16:54:49 - simulation time     660 (s) :                                                                         Wan=            484 seconds (9.5294 % of total usage, WAN used when downloading containers=0 % of WAN usage)
2026/05/07 16:54:49 - simulation time     660 (s) :                                                                         Lan=           5079 seconds (100 % of total usage, LAN used when downloading containers=0 % of LAN usage)
2026/05/07 16:54:49 - simulation time     660 (s) :                                                    Average bandwidth per transfer=       915.3498 Mbps  
2026/05/07 16:54:49 - simulation time     660 (s) : SimLog- Average vm CPU utilization                                              :         0.7793 %
2026/05/07 16:54:49 - simulation time     660 (s) : SimLog- Average vm CPU utilization per level                             : Cloud=         0.0091 %
2026/05/07 16:54:49 - simulation time     660 (s) :                                                                             Edge=         0.0288 %
2026/05/07 16:54:49 - simulation time     660 (s) :                                                                             Mist=         0.8232 %
2026/05/07 16:54:49 - simulation time     660 (s) : SimLog- Energy consumption                                                      :40485649443768460000 W,    196.073 dBW
2026/05/07 16:54:49 - simulation time     660 (s) :                                                                                 :(Average:52715689379906848 W/data center(or device), 167.2194 dBW/data center(or device))
2026/05/07 16:54:49 - simulation time     660 (s) :                                                                                 :(Average:4517479295220761 W/task, 156.549 dBW/task)
2026/05/07 16:54:49 - simulation time     660 (s) : SimLog- Energy Consumption per level                                     : Cloud=  972024550007516800 W,   179.8768 dBW
2026/05/07 16:54:49 - simulation time     660 (s) :                                                                                 :(Average:54001363889306488 W/data center, 167.324 dBW/data center)
2026/05/07 16:54:49 - simulation time     660 (s) :                                                                             Edge= 2482882671692897800 W,   183.9496 dBW
2026/05/07 16:54:49 - simulation time     660 (s) :                                                                                 :(Average:103453444653870736 W/data center, 170.1474 dBW/data center)
2026/05/07 16:54:49 - simulation time     660 (s) :                                                                             Mist=37030742222068050000 W,   195.6856 dBW
2026/05/07 16:54:49 - simulation time     660 (s) :                                                                                 :(Average:51006531986319624 W/edge device, 167.0763 dBW/edge device)
2026/05/07 16:54:49 - simulation time     660 (s) : SimLog- Dead edge devices due to battery drain                                  :              0 devices (Among 0 devices with batteries (NaN %))
2026/05/07 16:54:49 - simulation time     660 (s) : SimLog- Average remaining power (devices with batteries that are still alive)   :              0 Wh (Average: 0 %)
2026/05/07 16:54:49 - simulation time     660 (s) : SimulationManager- the Scenario Simulation overflow times :0

================== Simulation finished at time 691.50 ==================


SimLog- Iteration finished...

######################################################################################################################################################################
Starting CloudSim Plus 4.3.0

2026/05/07 16:54:49 - simulation time       0 (s) : ServersManager- Datacenters and devices were generated
2026/05/07 16:54:49 - simulation time       0 (s) : SimulationManager-  Orchestration algorithm= DDLDO-  Architechitecture= ALL -  number of edge devices= 792
2026/05/07 16:54:49 - simulation time       0 (s) : SimulationManager- Simulation: 1  , iteration: 12
2026/05/07 16:55:07 - simulation time     660 (s) : 
2026/05/07 16:55:07 - simulation time     660 (s) : ------------------------------------------------------- OUTPUT -------------------------------------------------------
2026/05/07 16:55:07 - simulation time     660 (s) : 
2026/05/07 16:55:07 - simulation time     660 (s) : SimLog- Tasks not sent because device died (low energy)                         :               0 % (0 tasks)
2026/05/07 16:55:07 - simulation time     660 (s) : SimLog- Tasks sent from edge devices                                            :             100 % (10028 among 10028 generated tasks)
2026/05/07 16:55:07 - simulation time     660 (s) : -------------------------------------All values below are based on the sent tasks-------------------------------------
2026/05/07 16:55:07 - simulation time     660 (s) : SimLog- Tasks ETE delay                                                         :     27538.8182 seconds
2026/05/07 16:55:07 - simulation time     660 (s) : SimLog- Average tasks ETE delay                                                 :          3.067 seconds
2026/05/07 16:55:07 - simulation time     660 (s) : SimLog- Tasks execution delay                                                   :       9431.973 seconds
2026/05/07 16:55:07 - simulation time     660 (s) : SimLog- Average tasks execution delay                                           :         1.0164 seconds
2026/05/07 16:55:07 - simulation time     660 (s) : SimLog- Tasks waiting time (from task submiting to the execution start)         :     10975.3191 seconds
2026/05/07 16:55:07 - simulation time     660 (s) : SimLog- Average tasks waiting time (from task submiting to the execution start) :         1.1827 seconds
2026/05/07 16:55:07 - simulation time     660 (s) : SimLog- Tasks successfully executed                                             :        89.5393 % (8979 among 10028 sent tasks)
2026/05/07 16:55:07 - simulation time     660 (s) : SimLog- Tasks failures
2026/05/07 16:55:07 - simulation time     660 (s) :                                        Not executed due to resources unavailable:              0 % (0 tasks)
2026/05/07 16:55:07 - simulation time     660 (s) :                               Successfully executed but failed due to high delay:         7.4691 % (749 tasks from 10028 successfully sent tasks)
2026/05/07 16:55:07 - simulation time     660 (s) :                  Tasks execution results not returned because the device is dead:              0 % (0 tasks)
2026/05/07 16:55:07 - simulation time     660 (s) :                      Tasks execution results not returned due to device mobility:         2.9916 % (300 tasks)
2026/05/07 16:55:07 - simulation time     660 (s) : SimLog- Tasks executed on each level                                : Cloud=            516 tasks (where 412 were successfully executed)
2026/05/07 16:55:07 - simulation time     660 (s) :                                                                        Edge=           2182 tasks (where 1789 were successfully executed)
2026/05/07 16:55:07 - simulation time     660 (s) :                                                                        Mist=           7330 tasks (where 6778 were successfully executed)
2026/05/07 16:55:07 - simulation time     660 (s) : SimLog- Network usage                                                           :           5500 seconds (The total traffic: 2133.3 (MBytes))
2026/05/07 16:55:07 - simulation time     660 (s) :                                                                         Wan=            516 seconds (9.3818 % of total usage, WAN used when downloading containers=0 % of WAN usage)
2026/05/07 16:55:07 - simulation time     660 (s) :                                                                         Lan=           5500 seconds (100 % of total usage, LAN used when downloading containers=0 % of LAN usage)
2026/05/07 16:55:07 - simulation time     660 (s) :                                                    Average bandwidth per transfer=       889.4208 Mbps  
2026/05/07 16:55:07 - simulation time     660 (s) : SimLog- Average vm CPU utilization                                              :         0.8139 %
2026/05/07 16:55:07 - simulation time     660 (s) : SimLog- Average vm CPU utilization per level                             : Cloud=          0.008 %
2026/05/07 16:55:07 - simulation time     660 (s) :                                                                             Edge=          0.015 %
2026/05/07 16:55:07 - simulation time     660 (s) :                                                                             Mist=         0.8564 %
2026/05/07 16:55:07 - simulation time     660 (s) : SimLog- Energy consumption                                                      :42422954852019710000 W,    196.276 dBW
2026/05/07 16:55:07 - simulation time     660 (s) :                                                                                 :(Average:50866852340551208 W/data center(or device), 167.0643 dBW/data center(or device))
2026/05/07 16:55:07 - simulation time     660 (s) :                                                                                 :(Average:4360912299755315.5 W/task, 156.3958 dBW/task)
2026/05/07 16:55:07 - simulation time     660 (s) : SimLog- Energy Consumption per level                                     : Cloud=  943624982799821570 W,    179.748 dBW
2026/05/07 16:55:07 - simulation time     660 (s) :                                                                                 :(Average:52423610155545640 W/data center, 167.1953 dBW/data center)
2026/05/07 16:55:07 - simulation time     660 (s) :                                                                             Edge= 2690903593580769800 W,    184.299 dBW
2026/05/07 16:55:07 - simulation time     660 (s) :                                                                                 :(Average:112120983065865408 W/data center, 170.4969 dBW/data center)
2026/05/07 16:55:07 - simulation time     660 (s) :                                                                             Mist=38788426275639116000 W,    195.887 dBW
2026/05/07 16:55:07 - simulation time     660 (s) :                                                                                 :(Average:48975285701564544 W/edge device, 166.8998 dBW/edge device)
2026/05/07 16:55:07 - simulation time     660 (s) : SimLog- Dead edge devices due to battery drain                                  :              0 devices (Among 0 devices with batteries (NaN %))
2026/05/07 16:55:07 - simulation time     660 (s) : SimLog- Average remaining power (devices with batteries that are still alive)   :              0 Wh (Average: 0 %)
2026/05/07 16:55:07 - simulation time     660 (s) : SimulationManager- the Scenario Simulation overflow times :0

================== Simulation finished at time 691.50 ==================


SimLog- Iteration finished...

######################################################################################################################################################################
Starting CloudSim Plus 4.3.0

2026/05/07 16:55:07 - simulation time       0 (s) : ServersManager- Datacenters and devices were generated
2026/05/07 16:55:07 - simulation time       0 (s) : SimulationManager-  Orchestration algorithm= DDLDO-  Architechitecture= ALL -  number of edge devices= 858
2026/05/07 16:55:07 - simulation time       0 (s) : SimulationManager- Simulation: 1  , iteration: 13
2026/05/07 16:55:29 - simulation time     660 (s) : 
2026/05/07 16:55:29 - simulation time     660 (s) : ------------------------------------------------------- OUTPUT -------------------------------------------------------
2026/05/07 16:55:29 - simulation time     660 (s) : 
2026/05/07 16:55:29 - simulation time     660 (s) : SimLog- Tasks not sent because device died (low energy)                         :               0 % (0 tasks)
2026/05/07 16:55:29 - simulation time     660 (s) : SimLog- Tasks sent from edge devices                                            :             100 % (10868 among 10868 generated tasks)
2026/05/07 16:55:29 - simulation time     660 (s) : -------------------------------------All values below are based on the sent tasks-------------------------------------
2026/05/07 16:55:29 - simulation time     660 (s) : SimLog- Tasks ETE delay                                                         :     33973.7092 seconds
2026/05/07 16:55:29 - simulation time     660 (s) : SimLog- Average tasks ETE delay                                                 :          3.509 seconds
2026/05/07 16:55:29 - simulation time     660 (s) : SimLog- Tasks execution delay                                                   :      9957.9948 seconds
2026/05/07 16:55:29 - simulation time     660 (s) : SimLog- Average tasks execution delay                                           :         0.9931 seconds
2026/05/07 16:55:29 - simulation time     660 (s) : SimLog- Tasks waiting time (from task submiting to the execution start)         :     16158.0662 seconds
2026/05/07 16:55:29 - simulation time     660 (s) : SimLog- Average tasks waiting time (from task submiting to the execution start) :         1.6115 seconds
2026/05/07 16:55:29 - simulation time     660 (s) : SimLog- Tasks successfully executed                                             :        89.0872 % (9682 among 10868 sent tasks)
2026/05/07 16:55:29 - simulation time     660 (s) : SimLog- Tasks failures
2026/05/07 16:55:29 - simulation time     660 (s) :                                        Not executed due to resources unavailable:              0 % (0 tasks)
2026/05/07 16:55:29 - simulation time     660 (s) :                               Successfully executed but failed due to high delay:          8.042 % (874 tasks from 10868 successfully sent tasks)
2026/05/07 16:55:29 - simulation time     660 (s) :                  Tasks execution results not returned because the device is dead:              0 % (0 tasks)
2026/05/07 16:55:29 - simulation time     660 (s) :                      Tasks execution results not returned due to device mobility:         2.8708 % (312 tasks)
2026/05/07 16:55:29 - simulation time     660 (s) : SimLog- Tasks executed on each level                                : Cloud=            584 tasks (where 479 were successfully executed)
2026/05/07 16:55:29 - simulation time     660 (s) :                                                                        Edge=           2382 tasks (where 1927 were successfully executed)
2026/05/07 16:55:29 - simulation time     660 (s) :                                                                        Mist=           7902 tasks (where 7276 were successfully executed)
2026/05/07 16:55:29 - simulation time     660 (s) : SimLog- Network usage                                                           :           6029 seconds (The total traffic: 2282.15 (MBytes))
2026/05/07 16:55:29 - simulation time     660 (s) :                                                                         Wan=            584 seconds (9.6865 % of total usage, WAN used when downloading containers=0 % of WAN usage)
2026/05/07 16:55:29 - simulation time     660 (s) :                                                                         Lan=           6029 seconds (100 % of total usage, LAN used when downloading containers=0 % of LAN usage)
2026/05/07 16:55:29 - simulation time     660 (s) :                                                    Average bandwidth per transfer=       891.8945 Mbps  
2026/05/07 16:55:29 - simulation time     660 (s) : SimLog- Average vm CPU utilization                                              :         0.8696 %
2026/05/07 16:55:29 - simulation time     660 (s) : SimLog- Average vm CPU utilization per level                             : Cloud=         0.0139 %
2026/05/07 16:55:29 - simulation time     660 (s) :                                                                             Edge=         0.0393 %
2026/05/07 16:55:29 - simulation time     660 (s) :                                                                             Mist=         0.9108 %
2026/05/07 16:55:29 - simulation time     660 (s) : SimLog- Energy consumption                                                      :46059526279486370000 W,   196.6332 dBW
2026/05/07 16:55:29 - simulation time     660 (s) :                                                                                 :(Average:51177251421651528 W/data center(or device), 167.0908 dBW/data center(or device))
2026/05/07 16:55:29 - simulation time     660 (s) :                                                                                 :(Average:4363350348568243 W/task, 156.3982 dBW/task)
2026/05/07 16:55:29 - simulation time     660 (s) : SimLog- Energy Consumption per level                                     : Cloud= 1103795926377238400 W,   180.4289 dBW
2026/05/07 16:55:29 - simulation time     660 (s) :                                                                                 :(Average:61321995909846576 W/data center, 167.8762 dBW/data center)
2026/05/07 16:55:29 - simulation time     660 (s) :                                                                             Edge= 2896153389653012000 W,   184.6182 dBW
2026/05/07 16:55:29 - simulation time     660 (s) :                                                                                 :(Average:120673057902208832 W/data center, 170.8161 dBW/data center)
2026/05/07 16:55:29 - simulation time     660 (s) :                                                                             Mist=42059576963456120000 W,   196.2386 dBW
2026/05/07 16:55:29 - simulation time     660 (s) :                                                                                 :(Average:49020485971394080 W/edge device, 166.9038 dBW/edge device)
2026/05/07 16:55:29 - simulation time     660 (s) : SimLog- Dead edge devices due to battery drain                                  :              0 devices (Among 0 devices with batteries (NaN %))
2026/05/07 16:55:29 - simulation time     660 (s) : SimLog- Average remaining power (devices with batteries that are still alive)   :              0 Wh (Average: 0 %)
2026/05/07 16:55:29 - simulation time     660 (s) : SimulationManager- the Scenario Simulation overflow times :0

================== Simulation finished at time 691.50 ==================


SimLog- Iteration finished...

######################################################################################################################################################################
Starting CloudSim Plus 4.3.0

2026/05/07 16:55:29 - simulation time       0 (s) : ServersManager- Datacenters and devices were generated
2026/05/07 16:55:29 - simulation time       0 (s) : SimulationManager-  Orchestration algorithm= DDLDO-  Architechitecture= ALL -  number of edge devices= 924
2026/05/07 16:55:29 - simulation time       0 (s) : SimulationManager- Simulation: 1  , iteration: 14
2026/05/07 16:55:55 - simulation time     650 (s) : 
2026/05/07 16:55:55 - simulation time     650 (s) : ------------------------------------------------------- OUTPUT -------------------------------------------------------
2026/05/07 16:55:55 - simulation time     650 (s) : 
2026/05/07 16:55:55 - simulation time     650 (s) : SimLog- Tasks not sent because device died (low energy)                         :               0 % (0 tasks)
2026/05/07 16:55:55 - simulation time     650 (s) : SimLog- Tasks sent from edge devices                                            :             100 % (11704 among 11704 generated tasks)
2026/05/07 16:55:55 - simulation time     650 (s) : -------------------------------------All values below are based on the sent tasks-------------------------------------
2026/05/07 16:55:55 - simulation time     650 (s) : SimLog- Tasks ETE delay                                                         :      41093.663 seconds
2026/05/07 16:55:55 - simulation time     650 (s) : SimLog- Average tasks ETE delay                                                 :         3.9762 seconds
2026/05/07 16:55:55 - simulation time     650 (s) : SimLog- Tasks execution delay                                                   :      9759.2101 seconds
2026/05/07 16:55:55 - simulation time     650 (s) : SimLog- Average tasks execution delay                                           :         0.9093 seconds
2026/05/07 16:55:55 - simulation time     650 (s) : SimLog- Tasks waiting time (from task submiting to the execution start)         :     22718.5519 seconds
2026/05/07 16:55:55 - simulation time     650 (s) : SimLog- Average tasks waiting time (from task submiting to the execution start) :         2.1167 seconds
2026/05/07 16:55:55 - simulation time     650 (s) : SimLog- Tasks successfully executed                                             :        88.3031 % (10335 among 11704 sent tasks)
2026/05/07 16:55:55 - simulation time     650 (s) : SimLog- Tasks failures
2026/05/07 16:55:55 - simulation time     650 (s) :                                        Not executed due to resources unavailable:              0 % (0 tasks)
2026/05/07 16:55:55 - simulation time     650 (s) :                               Successfully executed but failed due to high delay:         8.3988 % (983 tasks from 11704 successfully sent tasks)
2026/05/07 16:55:55 - simulation time     650 (s) :                  Tasks execution results not returned because the device is dead:              0 % (0 tasks)
2026/05/07 16:55:55 - simulation time     650 (s) :                      Tasks execution results not returned due to device mobility:          3.298 % (386 tasks)
2026/05/07 16:55:55 - simulation time     650 (s) : SimLog- Tasks executed on each level                                : Cloud=            688 tasks (where 567 were successfully executed)
2026/05/07 16:55:55 - simulation time     650 (s) :                                                                        Edge=           2666 tasks (where 2102 were successfully executed)
2026/05/07 16:55:55 - simulation time     650 (s) :                                                                        Mist=           8350 tasks (where 7666 were successfully executed)
2026/05/07 16:55:55 - simulation time     650 (s) : SimLog- Network usage                                                           :           6811 seconds (The total traffic: 2339.15 (MBytes))
2026/05/07 16:55:55 - simulation time     650 (s) :                                                                         Wan=            688 seconds (10.1013 % of total usage, WAN used when downloading containers=0 % of WAN usage)
2026/05/07 16:55:55 - simulation time     650 (s) :                                                                         Lan=           6811 seconds (100 % of total usage, LAN used when downloading containers=0 % of LAN usage)
2026/05/07 16:55:55 - simulation time     650 (s) :                                                    Average bandwidth per transfer=       878.7608 Mbps  
2026/05/07 16:55:55 - simulation time     650 (s) : SimLog- Average vm CPU utilization                                              :         0.7462 %
2026/05/07 16:55:55 - simulation time     650 (s) : SimLog- Average vm CPU utilization per level                             : Cloud=         0.0089 %
2026/05/07 16:55:55 - simulation time     650 (s) :                                                                             Edge=         0.0315 %
2026/05/07 16:55:55 - simulation time     650 (s) :                                                                             Mist=         0.7791 %
2026/05/07 16:55:55 - simulation time     650 (s) : SimLog- Energy consumption                                                      :47625002690345630000 W,   196.7784 dBW
2026/05/07 16:55:55 - simulation time     650 (s) :                                                                                 :(Average:49301245021061728 W/data center(or device), 166.9286 dBW/data center(or device))
2026/05/07 16:55:55 - simulation time     650 (s) :                                                                                 :(Average:4207899159776076.5 W/task, 156.2407 dBW/task)
2026/05/07 16:55:55 - simulation time     650 (s) : SimLog- Energy Consumption per level                                     : Cloud= 1248921743673341180 W,   180.9654 dBW
2026/05/07 16:55:55 - simulation time     650 (s) :                                                                                 :(Average:69384541315185624 W/data center, 168.4126 dBW/data center)
2026/05/07 16:55:55 - simulation time     650 (s) :                                                                             Edge= 3105950390628588000 W,   184.9219 dBW
2026/05/07 16:55:55 - simulation time     650 (s) :                                                                                 :(Average:129414599609524496 W/data center, 171.1198 dBW/data center)
2026/05/07 16:55:55 - simulation time     650 (s) :                                                                             Mist=43270130556043710000 W,   196.3619 dBW
2026/05/07 16:55:55 - simulation time     650 (s) :                                                                                 :(Average:46829145623423928 W/edge device, 166.7052 dBW/edge device)
2026/05/07 16:55:55 - simulation time     650 (s) : SimLog- Dead edge devices due to battery drain                                  :              0 devices (Among 0 devices with batteries (NaN %))
2026/05/07 16:55:55 - simulation time     650 (s) : SimLog- Average remaining power (devices with batteries that are still alive)   :              0 Wh (Average: 0 %)
2026/05/07 16:55:55 - simulation time     650 (s) : SimulationManager- the Scenario Simulation overflow times :0

================== Simulation finished at time 685.20 ==================


SimLog- Iteration finished...

######################################################################################################################################################################
Starting CloudSim Plus 4.3.0

2026/05/07 16:55:55 - simulation time       0 (s) : ServersManager- Datacenters and devices were generated
2026/05/07 16:55:55 - simulation time       0 (s) : SimulationManager-  Orchestration algorithm= DDLDO-  Architechitecture= ALL -  number of edge devices= 990
2026/05/07 16:55:55 - simulation time       0 (s) : SimulationManager- Simulation: 1  , iteration: 15
2026/05/07 16:56:28 - simulation time     660 (s) : 
2026/05/07 16:56:28 - simulation time     660 (s) : ------------------------------------------------------- OUTPUT -------------------------------------------------------
2026/05/07 16:56:28 - simulation time     660 (s) : 
2026/05/07 16:56:28 - simulation time     660 (s) : SimLog- Tasks not sent because device died (low energy)                         :               0 % (0 tasks)
2026/05/07 16:56:28 - simulation time     660 (s) : SimLog- Tasks sent from edge devices                                            :             100 % (12512 among 12512 generated tasks)
2026/05/07 16:56:28 - simulation time     660 (s) : -------------------------------------All values below are based on the sent tasks-------------------------------------
2026/05/07 16:56:28 - simulation time     660 (s) : SimLog- Tasks ETE delay                                                         :     49175.1006 seconds
2026/05/07 16:56:28 - simulation time     660 (s) : SimLog- Average tasks ETE delay                                                 :         4.4175 seconds
2026/05/07 16:56:28 - simulation time     660 (s) : SimLog- Tasks execution delay                                                   :     10769.6153 seconds
2026/05/07 16:56:28 - simulation time     660 (s) : SimLog- Average tasks execution delay                                           :         0.9336 seconds
2026/05/07 16:56:28 - simulation time     660 (s) : SimLog- Tasks waiting time (from task submiting to the execution start)         :     28970.1545 seconds
2026/05/07 16:56:28 - simulation time     660 (s) : SimLog- Average tasks waiting time (from task submiting to the execution start) :         2.5115 seconds
2026/05/07 16:56:28 - simulation time     660 (s) : SimLog- Tasks successfully executed                                             :        88.9786 % (11133 among 12512 sent tasks)
2026/05/07 16:56:28 - simulation time     660 (s) : SimLog- Tasks failures
2026/05/07 16:56:28 - simulation time     660 (s) :                                        Not executed due to resources unavailable:              0 % (0 tasks)
2026/05/07 16:56:28 - simulation time     660 (s) :                               Successfully executed but failed due to high delay:         8.2081 % (1027 tasks from 12512 successfully sent tasks)
2026/05/07 16:56:28 - simulation time     660 (s) :                  Tasks execution results not returned because the device is dead:              0 % (0 tasks)
2026/05/07 16:56:28 - simulation time     660 (s) :                      Tasks execution results not returned due to device mobility:         2.8133 % (352 tasks)
2026/05/07 16:56:28 - simulation time     660 (s) : SimLog- Tasks executed on each level                                : Cloud=            786 tasks (where 638 were successfully executed)
2026/05/07 16:56:28 - simulation time     660 (s) :                                                                        Edge=           2818 tasks (where 2283 were successfully executed)
2026/05/07 16:56:28 - simulation time     660 (s) :                                                                        Mist=           8908 tasks (where 8212 were successfully executed)
2026/05/07 16:56:28 - simulation time     660 (s) : SimLog- Network usage                                                           :           7278 seconds (The total traffic: 3239.05 (MBytes))
2026/05/07 16:56:28 - simulation time     660 (s) :                                                                         Wan=            786 seconds (10.7997 % of total usage, WAN used when downloading containers=0 % of WAN usage)
2026/05/07 16:56:28 - simulation time     660 (s) :                                                                         Lan=           7278 seconds (100 % of total usage, LAN used when downloading containers=0 % of LAN usage)
2026/05/07 16:56:28 - simulation time     660 (s) :                                                    Average bandwidth per transfer=       870.3906 Mbps  
2026/05/07 16:56:28 - simulation time     660 (s) : SimLog- Average vm CPU utilization                                              :         0.7506 %
2026/05/07 16:56:28 - simulation time     660 (s) : SimLog- Average vm CPU utilization per level                             : Cloud=         0.0124 %
2026/05/07 16:56:28 - simulation time     660 (s) :                                                                             Edge=         0.0146 %
2026/05/07 16:56:28 - simulation time     660 (s) :                                                                             Mist=         0.7818 %
2026/05/07 16:56:28 - simulation time     660 (s) : SimLog- Energy consumption                                                      :66718074822946870000 W,   198.2424 dBW
2026/05/07 16:56:28 - simulation time     660 (s) :                                                                                 :(Average:64649297309057048 W/data center(or device), 168.1056 dBW/data center(or device))
2026/05/07 16:56:28 - simulation time     660 (s) :                                                                                 :(Average:5486683784781815 W/task, 157.3931 dBW/task)
2026/05/07 16:56:28 - simulation time     660 (s) : SimLog- Energy Consumption per level                                     : Cloud= 1614807613934721280 W,   182.0812 dBW
2026/05/07 16:56:28 - simulation time     660 (s) :                                                                                 :(Average:89711534107484512 W/data center, 169.5285 dBW/data center)
2026/05/07 16:56:28 - simulation time     660 (s) :                                                                             Edge= 3583712878687195100 W,   185.5433 dBW
2026/05/07 16:56:28 - simulation time     660 (s) :                                                                                 :(Average:149321369945299808 W/data center, 171.7412 dBW/data center)
2026/05/07 16:56:28 - simulation time     660 (s) :                                                                             Mist=61519554330324960000 W,   197.8901 dBW
2026/05/07 16:56:28 - simulation time     660 (s) :                                                                                 :(Average:62140963970025208 W/edge device, 167.9338 dBW/edge device)
2026/05/07 16:56:28 - simulation time     660 (s) : SimLog- Dead edge devices due to battery drain                                  :              0 devices (Among 0 devices with batteries (NaN %))
2026/05/07 16:56:28 - simulation time     660 (s) : SimLog- Average remaining power (devices with batteries that are still alive)   :              0 Wh (Average: 0 %)
2026/05/07 16:56:28 - simulation time     660 (s) : SimulationManager- the Scenario Simulation overflow times :1

================== Simulation finished at time 691.50 ==================


SimLog- Iteration finished...

######################################################################################################################################################################
Starting CloudSim Plus 4.3.0

2026/05/07 16:56:28 - simulation time       0 (s) : ServersManager- Datacenters and devices were generated
2026/05/07 16:56:28 - simulation time       0 (s) : SimulationManager-  Orchestration algorithm= TASK_CLF_Q_LEARNING-  Architechitecture= ALL -  number of edge devices= 66
2026/05/07 16:56:28 - simulation time       0 (s) : SimulationManager- Simulation: 1  , iteration: 16
2026/05/07 16:56:29 - simulation time     650 (s) : 
2026/05/07 16:56:29 - simulation time     650 (s) : ------------------------------------------------------- OUTPUT -------------------------------------------------------
2026/05/07 16:56:29 - simulation time     650 (s) : 
2026/05/07 16:56:29 - simulation time     650 (s) : SimLog- Tasks not sent because device died (low energy)                         :               0 % (0 tasks)
2026/05/07 16:56:29 - simulation time     650 (s) : SimLog- Tasks sent from edge devices                                            :             100 % (846 among 846 generated tasks)
2026/05/07 16:56:29 - simulation time     650 (s) : -------------------------------------All values below are based on the sent tasks-------------------------------------
2026/05/07 16:56:29 - simulation time     650 (s) : SimLog- Tasks ETE delay                                                         :      1011.5517 seconds
2026/05/07 16:56:29 - simulation time     650 (s) : SimLog- Average tasks ETE delay                                                 :         1.1971 seconds
2026/05/07 16:56:29 - simulation time     650 (s) : SimLog- Tasks execution delay                                                   :         738.82 seconds
2026/05/07 16:56:29 - simulation time     650 (s) : SimLog- Average tasks execution delay                                           :         0.8743 seconds
2026/05/07 16:56:29 - simulation time     650 (s) : SimLog- Tasks waiting time (from task submiting to the execution start)         :       178.0448 seconds
2026/05/07 16:56:29 - simulation time     650 (s) : SimLog- Average tasks waiting time (from task submiting to the execution start) :         0.2107 seconds
2026/05/07 16:56:29 - simulation time     650 (s) : SimLog- Tasks successfully executed                                             :        99.8818 % (845 among 846 sent tasks)
2026/05/07 16:56:29 - simulation time     650 (s) : SimLog- Tasks failures
2026/05/07 16:56:29 - simulation time     650 (s) :                                        Not executed due to resources unavailable:              0 % (0 tasks)
2026/05/07 16:56:29 - simulation time     650 (s) :                               Successfully executed but failed due to high delay:              0 % (0 tasks from 846 successfully sent tasks)
2026/05/07 16:56:29 - simulation time     650 (s) :                  Tasks execution results not returned because the device is dead:              0 % (0 tasks)
2026/05/07 16:56:29 - simulation time     650 (s) :                      Tasks execution results not returned due to device mobility:         0.1182 % (1 tasks)
2026/05/07 16:56:29 - simulation time     650 (s) : SimLog- Tasks executed on each level                                : Cloud=             15 tasks (where 15 were successfully executed)
2026/05/07 16:56:29 - simulation time     650 (s) :                                                                        Edge=             17 tasks (where 17 were successfully executed)
2026/05/07 16:56:29 - simulation time     650 (s) :                                                                        Mist=            814 tasks (where 813 were successfully executed)
2026/05/07 16:56:29 - simulation time     650 (s) : SimLog- Network usage                                                           :             85 seconds (The total traffic: 237.7 (MBytes))
2026/05/07 16:56:29 - simulation time     650 (s) :                                                                         Wan=             15 seconds (17.6471 % of total usage, WAN used when downloading containers=0 % of WAN usage)
2026/05/07 16:56:29 - simulation time     650 (s) :                                                                         Lan=             85 seconds (100 % of total usage, LAN used when downloading containers=0 % of LAN usage)
2026/05/07 16:56:29 - simulation time     650 (s) :                                                    Average bandwidth per transfer=      1011.9529 Mbps  
2026/05/07 16:56:29 - simulation time     650 (s) : SimLog- Average vm CPU utilization                                              :         0.4453 %
2026/05/07 16:56:29 - simulation time     650 (s) : SimLog- Average vm CPU utilization per level                             : Cloud=              0 %
2026/05/07 16:56:29 - simulation time     650 (s) :                                                                             Edge=              0 %
2026/05/07 16:56:29 - simulation time     650 (s) :                                                                             Mist=         0.7287 %
2026/05/07 16:56:29 - simulation time     650 (s) : SimLog- Energy consumption                                                      : 8527484633903676400 W,   189.3082 dBW
2026/05/07 16:56:29 - simulation time     650 (s) :                                                                                 :(Average:78958191054663664 W/data center(or device), 168.974 dBW/data center(or device))
2026/05/07 16:56:29 - simulation time     650 (s) :                                                                                 :(Average:10091697791601984 W/task, 160.0396 dBW/task)
2026/05/07 16:56:29 - simulation time     650 (s) : SimLog- Energy Consumption per level                                     : Cloud= 3842433371787331600 W,   185.8461 dBW
2026/05/07 16:56:29 - simulation time     650 (s) :                                                                                 :(Average:213468520654851744 W/data center, 173.2933 dBW/data center)
2026/05/07 16:56:29 - simulation time     650 (s) :                                                                             Edge=   30435144036696016 W,   164.8338 dBW
2026/05/07 16:56:29 - simulation time     650 (s) :                                                                                 :(Average:1268131001529000.8 W/data center, 151.0316 dBW/data center)
2026/05/07 16:56:29 - simulation time     650 (s) :                                                                             Mist= 4654616118079648800 W,   186.6788 dBW
2026/05/07 16:56:29 - simulation time     650 (s) :                                                                                 :(Average:70524486637570432 W/edge device, 168.4834 dBW/edge device)
2026/05/07 16:56:29 - simulation time     650 (s) : SimLog- Dead edge devices due to battery drain                                  :              0 devices (Among 0 devices with batteries (NaN %))
2026/05/07 16:56:29 - simulation time     650 (s) : SimLog- Average remaining power (devices with batteries that are still alive)   :              0 Wh (Average: 0 %)
2026/05/07 16:56:29 - simulation time     650 (s) : SimulationManager- the Scenario Simulation overflow times :1

================== Simulation finished at time 685.20 ==================


SimLog- Iteration finished...

######################################################################################################################################################################
Starting CloudSim Plus 4.3.0

2026/05/07 16:56:29 - simulation time       0 (s) : ServersManager- Datacenters and devices were generated
2026/05/07 16:56:29 - simulation time       0 (s) : SimulationManager-  Orchestration algorithm= TASK_CLF_Q_LEARNING-  Architechitecture= ALL -  number of edge devices= 132
2026/05/07 16:56:29 - simulation time       0 (s) : SimulationManager- Simulation: 1  , iteration: 17
2026/05/07 16:56:30 - simulation time     650 (s) : 
2026/05/07 16:56:30 - simulation time     650 (s) : ------------------------------------------------------- OUTPUT -------------------------------------------------------
2026/05/07 16:56:30 - simulation time     650 (s) : 
2026/05/07 16:56:30 - simulation time     650 (s) : SimLog- Tasks not sent because device died (low energy)                         :               0 % (0 tasks)
2026/05/07 16:56:30 - simulation time     650 (s) : SimLog- Tasks sent from edge devices                                            :             100 % (1678 among 1678 generated tasks)
2026/05/07 16:56:30 - simulation time     650 (s) : -------------------------------------All values below are based on the sent tasks-------------------------------------
2026/05/07 16:56:30 - simulation time     650 (s) : SimLog- Tasks ETE delay                                                         :      2177.5318 seconds
2026/05/07 16:56:30 - simulation time     650 (s) : SimLog- Average tasks ETE delay                                                 :            1.3 seconds
2026/05/07 16:56:30 - simulation time     650 (s) : SimLog- Tasks execution delay                                                   :      1633.4254 seconds
2026/05/07 16:56:30 - simulation time     650 (s) : SimLog- Average tasks execution delay                                           :         0.9752 seconds
2026/05/07 16:56:30 - simulation time     650 (s) : SimLog- Tasks waiting time (from task submiting to the execution start)         :       348.4444 seconds
2026/05/07 16:56:30 - simulation time     650 (s) : SimLog- Average tasks waiting time (from task submiting to the execution start) :          0.208 seconds
2026/05/07 16:56:30 - simulation time     650 (s) : SimLog- Tasks successfully executed                                             :        99.8212 % (1675 among 1678 sent tasks)
2026/05/07 16:56:30 - simulation time     650 (s) : SimLog- Tasks failures
2026/05/07 16:56:30 - simulation time     650 (s) :                                        Not executed due to resources unavailable:              0 % (0 tasks)
2026/05/07 16:56:30 - simulation time     650 (s) :                               Successfully executed but failed due to high delay:              0 % (0 tasks from 1678 successfully sent tasks)
2026/05/07 16:56:30 - simulation time     650 (s) :                  Tasks execution results not returned because the device is dead:              0 % (0 tasks)
2026/05/07 16:56:30 - simulation time     650 (s) :                      Tasks execution results not returned due to device mobility:         0.1788 % (3 tasks)
2026/05/07 16:56:30 - simulation time     650 (s) : SimLog- Tasks executed on each level                                : Cloud=             37 tasks (where 37 were successfully executed)
2026/05/07 16:56:30 - simulation time     650 (s) :                                                                        Edge=             29 tasks (where 29 were successfully executed)
2026/05/07 16:56:30 - simulation time     650 (s) :                                                                        Mist=           1612 tasks (where 1609 were successfully executed)
2026/05/07 16:56:30 - simulation time     650 (s) : SimLog- Network usage                                                           :            169 seconds (The total traffic: 633.85 (MBytes))
2026/05/07 16:56:30 - simulation time     650 (s) :                                                                         Wan=             37 seconds (21.8935 % of total usage, WAN used when downloading containers=0 % of WAN usage)
2026/05/07 16:56:30 - simulation time     650 (s) :                                                                         Lan=            169 seconds (100 % of total usage, LAN used when downloading containers=0 % of LAN usage)
2026/05/07 16:56:30 - simulation time     650 (s) :                                                    Average bandwidth per transfer=      1013.9014 Mbps  
2026/05/07 16:56:30 - simulation time     650 (s) : SimLog- Average vm CPU utilization                                              :         0.5721 %
2026/05/07 16:56:30 - simulation time     650 (s) : SimLog- Average vm CPU utilization per level                             : Cloud=              0 %
2026/05/07 16:56:30 - simulation time     650 (s) :                                                                             Edge=              0 %
2026/05/07 16:56:30 - simulation time     650 (s) :                                                                             Mist=         0.7541 %
2026/05/07 16:56:30 - simulation time     650 (s) : SimLog- Energy consumption                                                      :28496409714585340000 W,   194.5479 dBW
2026/05/07 16:56:30 - simulation time     650 (s) :                                                                                 :(Average:163772469624053696 W/data center(or device), 172.1424 dBW/data center(or device))
2026/05/07 16:56:30 - simulation time     650 (s) :                                                                                 :(Average:17012781919155428 W/task, 162.3078 dBW/task)
2026/05/07 16:56:30 - simulation time     650 (s) : SimLog- Energy Consumption per level                                     : Cloud=13930029085936170000 W,   191.4395 dBW
2026/05/07 16:56:30 - simulation time     650 (s) :                                                                                 :(Average:773890504774231680 W/data center, 178.8868 dBW/data center)
2026/05/07 16:56:30 - simulation time     650 (s) :                                                                             Edge=   36681297884635720 W,   165.6444 dBW
2026/05/07 16:56:30 - simulation time     650 (s) :                                                                                 :(Average:1528387411859821.8 W/data center, 151.8423 dBW/data center)
2026/05/07 16:56:30 - simulation time     650 (s) :                                                                             Mist=14529699330764536000 W,   191.6226 dBW
2026/05/07 16:56:30 - simulation time     650 (s) :                                                                                 :(Average:110073479778519216 W/edge device, 170.4168 dBW/edge device)
2026/05/07 16:56:30 - simulation time     650 (s) : SimLog- Dead edge devices due to battery drain                                  :              0 devices (Among 0 devices with batteries (NaN %))
2026/05/07 16:56:30 - simulation time     650 (s) : SimLog- Average remaining power (devices with batteries that are still alive)   :              0 Wh (Average: 0 %)
2026/05/07 16:56:30 - simulation time     650 (s) : SimulationManager- the Scenario Simulation overflow times :1

================== Simulation finished at time 685.20 ==================


SimLog- Iteration finished...

######################################################################################################################################################################
Starting CloudSim Plus 4.3.0

2026/05/07 16:56:30 - simulation time       0 (s) : ServersManager- Datacenters and devices were generated
2026/05/07 16:56:30 - simulation time       0 (s) : SimulationManager-  Orchestration algorithm= TASK_CLF_Q_LEARNING-  Architechitecture= ALL -  number of edge devices= 198
2026/05/07 16:56:30 - simulation time       0 (s) : SimulationManager- Simulation: 1  , iteration: 18
2026/05/07 16:56:32 - simulation time     660 (s) : 
2026/05/07 16:56:32 - simulation time     660 (s) : ------------------------------------------------------- OUTPUT -------------------------------------------------------
2026/05/07 16:56:32 - simulation time     660 (s) : 
2026/05/07 16:56:32 - simulation time     660 (s) : SimLog- Tasks not sent because device died (low energy)                         :               0 % (0 tasks)
2026/05/07 16:56:32 - simulation time     660 (s) : SimLog- Tasks sent from edge devices                                            :             100 % (2524 among 2524 generated tasks)
2026/05/07 16:56:32 - simulation time     660 (s) : -------------------------------------All values below are based on the sent tasks-------------------------------------
2026/05/07 16:56:32 - simulation time     660 (s) : SimLog- Tasks ETE delay                                                         :      3315.9831 seconds
2026/05/07 16:56:32 - simulation time     660 (s) : SimLog- Average tasks ETE delay                                                 :         1.3222 seconds
2026/05/07 16:56:32 - simulation time     660 (s) : SimLog- Tasks execution delay                                                   :      2601.8284 seconds
2026/05/07 16:56:32 - simulation time     660 (s) : SimLog- Average tasks execution delay                                           :         1.0366 seconds
2026/05/07 16:56:32 - simulation time     660 (s) : SimLog- Tasks waiting time (from task submiting to the execution start)         :       531.4839 seconds
2026/05/07 16:56:32 - simulation time     660 (s) : SimLog- Average tasks waiting time (from task submiting to the execution start) :         0.2117 seconds
2026/05/07 16:56:32 - simulation time     660 (s) : SimLog- Tasks successfully executed                                             :        99.3661 % (2508 among 2524 sent tasks)
2026/05/07 16:56:32 - simulation time     660 (s) : SimLog- Tasks failures
2026/05/07 16:56:32 - simulation time     660 (s) :                                        Not executed due to resources unavailable:              0 % (0 tasks)
2026/05/07 16:56:32 - simulation time     660 (s) :                               Successfully executed but failed due to high delay:         0.0792 % (2 tasks from 2524 successfully sent tasks)
2026/05/07 16:56:32 - simulation time     660 (s) :                  Tasks execution results not returned because the device is dead:              0 % (0 tasks)
2026/05/07 16:56:32 - simulation time     660 (s) :                      Tasks execution results not returned due to device mobility:         0.5547 % (14 tasks)
2026/05/07 16:56:32 - simulation time     660 (s) : SimLog- Tasks executed on each level                                : Cloud=             39 tasks (where 39 were successfully executed)
2026/05/07 16:56:32 - simulation time     660 (s) :                                                                        Edge=             22 tasks (where 22 were successfully executed)
2026/05/07 16:56:32 - simulation time     660 (s) :                                                                        Mist=           2463 tasks (where 2447 were successfully executed)
2026/05/07 16:56:32 - simulation time     660 (s) : SimLog- Network usage                                                           :            176 seconds (The total traffic: 784.8 (MBytes))
2026/05/07 16:56:32 - simulation time     660 (s) :                                                                         Wan=             39 seconds (22.1591 % of total usage, WAN used when downloading containers=0 % of WAN usage)
2026/05/07 16:56:32 - simulation time     660 (s) :                                                                         Lan=            176 seconds (100 % of total usage, LAN used when downloading containers=0 % of LAN usage)
2026/05/07 16:56:32 - simulation time     660 (s) :                                                    Average bandwidth per transfer=      1011.3939 Mbps  
2026/05/07 16:56:32 - simulation time     660 (s) : SimLog- Average vm CPU utilization                                              :         0.6372 %
2026/05/07 16:56:32 - simulation time     660 (s) : SimLog- Average vm CPU utilization per level                             : Cloud=              0 %
2026/05/07 16:56:32 - simulation time     660 (s) :                                                                             Edge=              0 %
2026/05/07 16:56:32 - simulation time     660 (s) :                                                                             Mist=         0.7723 %
2026/05/07 16:56:32 - simulation time     660 (s) : SimLog- Energy consumption                                                      :35045718244942774000 W,   195.4463 dBW
2026/05/07 16:56:32 - simulation time     660 (s) :                                                                                 :(Average:146023826020594880 W/data center(or device), 171.6442 dBW/data center(or device))
2026/05/07 16:56:32 - simulation time     660 (s) :                                                                                 :(Average:13962437547785966 W/task, 161.4496 dBW/task)
2026/05/07 16:56:32 - simulation time     660 (s) : SimLog- Energy Consumption per level                                     : Cloud=16919791513764735000 W,    192.284 dBW
2026/05/07 16:56:32 - simulation time     660 (s) :                                                                                 :(Average:939988417431374210 W/data center, 179.7312 dBW/data center)
2026/05/07 16:56:32 - simulation time     660 (s) :                                                                             Edge=   40880091241661152 W,   166.1151 dBW
2026/05/07 16:56:32 - simulation time     660 (s) :                                                                                 :(Average:1703337135069214.8 W/data center, 152.313 dBW/data center)
2026/05/07 16:56:32 - simulation time     660 (s) :                                                                             Mist=18085046639936377000 W,   192.5732 dBW
2026/05/07 16:56:32 - simulation time     660 (s) :                                                                                 :(Average:91338619393618064 W/edge device, 169.6065 dBW/edge device)
2026/05/07 16:56:32 - simulation time     660 (s) : SimLog- Dead edge devices due to battery drain                                  :              0 devices (Among 0 devices with batteries (NaN %))
2026/05/07 16:56:32 - simulation time     660 (s) : SimLog- Average remaining power (devices with batteries that are still alive)   :              0 Wh (Average: 0 %)
2026/05/07 16:56:32 - simulation time     660 (s) : SimulationManager- the Scenario Simulation overflow times :1

================== Simulation finished at time 691.50 ==================


SimLog- Iteration finished...

######################################################################################################################################################################
Starting CloudSim Plus 4.3.0

2026/05/07 16:56:32 - simulation time       0 (s) : ServersManager- Datacenters and devices were generated
2026/05/07 16:56:32 - simulation time       0 (s) : SimulationManager-  Orchestration algorithm= TASK_CLF_Q_LEARNING-  Architechitecture= ALL -  number of edge devices= 264
2026/05/07 16:56:32 - simulation time       0 (s) : SimulationManager- Simulation: 1  , iteration: 19
2026/05/07 16:56:35 - simulation time     660 (s) : 
2026/05/07 16:56:35 - simulation time     660 (s) : ------------------------------------------------------- OUTPUT -------------------------------------------------------
2026/05/07 16:56:35 - simulation time     660 (s) : 
2026/05/07 16:56:35 - simulation time     660 (s) : SimLog- Tasks not sent because device died (low energy)                         :               0 % (0 tasks)
2026/05/07 16:56:35 - simulation time     660 (s) : SimLog- Tasks sent from edge devices                                            :             100 % (3370 among 3370 generated tasks)
2026/05/07 16:56:35 - simulation time     660 (s) : -------------------------------------All values below are based on the sent tasks-------------------------------------
2026/05/07 16:56:35 - simulation time     660 (s) : SimLog- Tasks ETE delay                                                         :      4622.7887 seconds
2026/05/07 16:56:35 - simulation time     660 (s) : SimLog- Average tasks ETE delay                                                 :         1.3799 seconds
2026/05/07 16:56:35 - simulation time     660 (s) : SimLog- Tasks execution delay                                                   :      3621.4997 seconds
2026/05/07 16:56:35 - simulation time     660 (s) : SimLog- Average tasks execution delay                                           :         1.0798 seconds
2026/05/07 16:56:35 - simulation time     660 (s) : SimLog- Tasks waiting time (from task submiting to the execution start)         :       678.2256 seconds
2026/05/07 16:56:35 - simulation time     660 (s) : SimLog- Average tasks waiting time (from task submiting to the execution start) :         0.2022 seconds
2026/05/07 16:56:35 - simulation time     660 (s) : SimLog- Tasks successfully executed                                             :        99.4065 % (3350 among 3370 sent tasks)
2026/05/07 16:56:35 - simulation time     660 (s) : SimLog- Tasks failures
2026/05/07 16:56:35 - simulation time     660 (s) :                                        Not executed due to resources unavailable:              0 % (0 tasks)
2026/05/07 16:56:35 - simulation time     660 (s) :                               Successfully executed but failed due to high delay:         0.1187 % (4 tasks from 3370 successfully sent tasks)
2026/05/07 16:56:35 - simulation time     660 (s) :                  Tasks execution results not returned because the device is dead:              0 % (0 tasks)
2026/05/07 16:56:35 - simulation time     660 (s) :                      Tasks execution results not returned due to device mobility:         0.4748 % (16 tasks)
2026/05/07 16:56:35 - simulation time     660 (s) : SimLog- Tasks executed on each level                                : Cloud=             72 tasks (where 72 were successfully executed)
2026/05/07 16:56:35 - simulation time     660 (s) :                                                                        Edge=             38 tasks (where 38 were successfully executed)
2026/05/07 16:56:35 - simulation time     660 (s) :                                                                        Mist=           3260 tasks (where 3240 were successfully executed)
2026/05/07 16:56:35 - simulation time     660 (s) : SimLog- Network usage                                                           :            308 seconds (The total traffic: 1468.05 (MBytes))
2026/05/07 16:56:35 - simulation time     660 (s) :                                                                         Wan=             72 seconds (23.3766 % of total usage, WAN used when downloading containers=0 % of WAN usage)
2026/05/07 16:56:35 - simulation time     660 (s) :                                                                         Lan=            308 seconds (100 % of total usage, LAN used when downloading containers=0 % of LAN usage)
2026/05/07 16:56:35 - simulation time     660 (s) :                                                    Average bandwidth per transfer=       991.5646 Mbps  
2026/05/07 16:56:35 - simulation time     660 (s) : SimLog- Average vm CPU utilization                                              :         0.6504 %
2026/05/07 16:56:35 - simulation time     660 (s) : SimLog- Average vm CPU utilization per level                             : Cloud=              0 %
2026/05/07 16:56:35 - simulation time     660 (s) :                                                                             Edge=              0 %
2026/05/07 16:56:35 - simulation time     660 (s) :                                                                             Mist=         0.7538 %
2026/05/07 16:56:35 - simulation time     660 (s) : SimLog- Energy consumption                                                      :57065217099829900000 W,   197.5637 dBW
2026/05/07 16:56:35 - simulation time     660 (s) :                                                                                 :(Average:186487637581143488 W/data center(or device), 172.7065 dBW/data center(or device))
2026/05/07 16:56:35 - simulation time     660 (s) :                                                                                 :(Average:17014077847295738 W/task, 162.3081 dBW/task)
2026/05/07 16:56:35 - simulation time     660 (s) : SimLog- Energy Consumption per level                                     : Cloud=27893374448166896000 W,    194.455 dBW
2026/05/07 16:56:35 - simulation time     660 (s) :                                                                                 :(Average:1549631913787049730 W/data center, 181.9023 dBW/data center)
2026/05/07 16:56:35 - simulation time     660 (s) :                                                                             Edge=   57697204972935504 W,   167.6115 dBW
2026/05/07 16:56:35 - simulation time     660 (s) :                                                                                 :(Average:2404050207205646 W/data center, 153.8094 dBW/data center)
2026/05/07 16:56:35 - simulation time     660 (s) :                                                                             Mist=29114145446690075000 W,    194.641 dBW
2026/05/07 16:56:35 - simulation time     660 (s) :                                                                                 :(Average:110280853964735136 W/edge device, 170.425 dBW/edge device)
2026/05/07 16:56:35 - simulation time     660 (s) : SimLog- Dead edge devices due to battery drain                                  :              0 devices (Among 0 devices with batteries (NaN %))
2026/05/07 16:56:35 - simulation time     660 (s) : SimLog- Average remaining power (devices with batteries that are still alive)   :              0 Wh (Average: 0 %)
2026/05/07 16:56:35 - simulation time     660 (s) : SimulationManager- the Scenario Simulation overflow times :1

================== Simulation finished at time 691.50 ==================


SimLog- Iteration finished...

######################################################################################################################################################################
Starting CloudSim Plus 4.3.0

2026/05/07 16:56:35 - simulation time       0 (s) : ServersManager- Datacenters and devices were generated
2026/05/07 16:56:35 - simulation time       0 (s) : SimulationManager-  Orchestration algorithm= TASK_CLF_Q_LEARNING-  Architechitecture= ALL -  number of edge devices= 330
2026/05/07 16:56:35 - simulation time       0 (s) : SimulationManager- Simulation: 1  , iteration: 20
2026/05/07 16:56:39 - simulation time     650 (s) : 
2026/05/07 16:56:39 - simulation time     650 (s) : ------------------------------------------------------- OUTPUT -------------------------------------------------------
2026/05/07 16:56:39 - simulation time     650 (s) : 
2026/05/07 16:56:39 - simulation time     650 (s) : SimLog- Tasks not sent because device died (low energy)                         :               0 % (0 tasks)
2026/05/07 16:56:39 - simulation time     650 (s) : SimLog- Tasks sent from edge devices                                            :             100 % (4186 among 4186 generated tasks)
2026/05/07 16:56:39 - simulation time     650 (s) : -------------------------------------All values below are based on the sent tasks-------------------------------------
2026/05/07 16:56:39 - simulation time     650 (s) : SimLog- Tasks ETE delay                                                         :      5639.6689 seconds
2026/05/07 16:56:39 - simulation time     650 (s) : SimLog- Average tasks ETE delay                                                 :          1.355 seconds
2026/05/07 16:56:39 - simulation time     650 (s) : SimLog- Tasks execution delay                                                   :      4426.8976 seconds
2026/05/07 16:56:39 - simulation time     650 (s) : SimLog- Average tasks execution delay                                           :         1.0634 seconds
2026/05/07 16:56:39 - simulation time     650 (s) : SimLog- Tasks waiting time (from task submiting to the execution start)         :       817.4626 seconds
2026/05/07 16:56:39 - simulation time     650 (s) : SimLog- Average tasks waiting time (from task submiting to the execution start) :         0.1964 seconds
2026/05/07 16:56:39 - simulation time     650 (s) : SimLog- Tasks successfully executed                                             :        99.4267 % (4162 among 4186 sent tasks)
2026/05/07 16:56:39 - simulation time     650 (s) : SimLog- Tasks failures
2026/05/07 16:56:39 - simulation time     650 (s) :                                        Not executed due to resources unavailable:              0 % (0 tasks)
2026/05/07 16:56:39 - simulation time     650 (s) :                               Successfully executed but failed due to high delay:         0.0239 % (1 tasks from 4186 successfully sent tasks)
2026/05/07 16:56:39 - simulation time     650 (s) :                  Tasks execution results not returned because the device is dead:              0 % (0 tasks)
2026/05/07 16:56:39 - simulation time     650 (s) :                      Tasks execution results not returned due to device mobility:         0.5495 % (23 tasks)
2026/05/07 16:56:39 - simulation time     650 (s) : SimLog- Tasks executed on each level                                : Cloud=             68 tasks (where 68 were successfully executed)
2026/05/07 16:56:39 - simulation time     650 (s) :                                                                        Edge=             46 tasks (where 46 were successfully executed)
2026/05/07 16:56:39 - simulation time     650 (s) :                                                                        Mist=           4072 tasks (where 4048 were successfully executed)
2026/05/07 16:56:39 - simulation time     650 (s) : SimLog- Network usage                                                           :            327 seconds (The total traffic: 1264.95 (MBytes))
2026/05/07 16:56:39 - simulation time     650 (s) :                                                                         Wan=             68 seconds (20.7951 % of total usage, WAN used when downloading containers=0 % of WAN usage)
2026/05/07 16:56:39 - simulation time     650 (s) :                                                                         Lan=            327 seconds (100 % of total usage, LAN used when downloading containers=0 % of LAN usage)
2026/05/07 16:56:39 - simulation time     650 (s) :                                                    Average bandwidth per transfer=       987.5963 Mbps  
2026/05/07 16:56:39 - simulation time     650 (s) : SimLog- Average vm CPU utilization                                              :         0.6483 %
2026/05/07 16:56:39 - simulation time     650 (s) : SimLog- Average vm CPU utilization per level                             : Cloud=              0 %
2026/05/07 16:56:39 - simulation time     650 (s) :                                                                             Edge=              0 %
2026/05/07 16:56:39 - simulation time     650 (s) :                                                                             Mist=         0.7308 %
2026/05/07 16:56:39 - simulation time     650 (s) : SimLog- Energy consumption                                                      :49760063390526054000 W,   196.9688 dBW
2026/05/07 16:56:39 - simulation time     650 (s) :                                                                                 :(Average:133763611264854992 W/data center(or device), 171.2634 dBW/data center(or device))
2026/05/07 16:56:39 - simulation time     650 (s) :                                                                                 :(Average:11952933795466264 W/task, 160.7747 dBW/task)
2026/05/07 16:56:39 - simulation time     650 (s) : SimLog- Energy Consumption per level                                     : Cloud=24154202575021550000 W,   193.8299 dBW
2026/05/07 16:56:39 - simulation time     650 (s) :                                                                                 :(Average:1341900143056752900 W/data center, 181.2772 dBW/data center)
2026/05/07 16:56:39 - simulation time     650 (s) :                                                                             Edge=   62092659331567776 W,   167.9304 dBW
2026/05/07 16:56:39 - simulation time     650 (s) :                                                                                 :(Average:2587194138815324 W/data center, 154.1283 dBW/data center)
2026/05/07 16:56:39 - simulation time     650 (s) :                                                                             Mist=25543768156172935000 W,   194.0728 dBW
2026/05/07 16:56:39 - simulation time     650 (s) :                                                                                 :(Average:77405358049008896 W/edge device, 168.8877 dBW/edge device)
2026/05/07 16:56:39 - simulation time     650 (s) : SimLog- Dead edge devices due to battery drain                                  :              0 devices (Among 0 devices with batteries (NaN %))
2026/05/07 16:56:39 - simulation time     650 (s) : SimLog- Average remaining power (devices with batteries that are still alive)   :              0 Wh (Average: 0 %)
2026/05/07 16:56:39 - simulation time     650 (s) : SimulationManager- the Scenario Simulation overflow times :1

================== Simulation finished at time 685.20 ==================


SimLog- Iteration finished...

######################################################################################################################################################################
Starting CloudSim Plus 4.3.0

2026/05/07 16:56:39 - simulation time       0 (s) : ServersManager- Datacenters and devices were generated
2026/05/07 16:56:39 - simulation time       0 (s) : SimulationManager-  Orchestration algorithm= TASK_CLF_Q_LEARNING-  Architechitecture= ALL -  number of edge devices= 396
2026/05/07 16:56:39 - simulation time       0 (s) : SimulationManager- Simulation: 1  , iteration: 21
2026/05/07 16:56:44 - simulation time     660 (s) : 
2026/05/07 16:56:44 - simulation time     660 (s) : ------------------------------------------------------- OUTPUT -------------------------------------------------------
2026/05/07 16:56:44 - simulation time     660 (s) : 
2026/05/07 16:56:44 - simulation time     660 (s) : SimLog- Tasks not sent because device died (low energy)                         :               0 % (0 tasks)
2026/05/07 16:56:44 - simulation time     660 (s) : SimLog- Tasks sent from edge devices                                            :             100 % (5044 among 5044 generated tasks)
2026/05/07 16:56:44 - simulation time     660 (s) : -------------------------------------All values below are based on the sent tasks-------------------------------------
2026/05/07 16:56:44 - simulation time     660 (s) : SimLog- Tasks ETE delay                                                         :      6966.9311 seconds
2026/05/07 16:56:44 - simulation time     660 (s) : SimLog- Average tasks ETE delay                                                 :         1.3934 seconds
2026/05/07 16:56:44 - simulation time     660 (s) : SimLog- Tasks execution delay                                                   :      5470.8504 seconds
2026/05/07 16:56:44 - simulation time     660 (s) : SimLog- Average tasks execution delay                                           :          1.094 seconds
2026/05/07 16:56:44 - simulation time     660 (s) : SimLog- Tasks waiting time (from task submiting to the execution start)         :      1060.6518 seconds
2026/05/07 16:56:44 - simulation time     660 (s) : SimLog- Average tasks waiting time (from task submiting to the execution start) :         0.2121 seconds
2026/05/07 16:56:44 - simulation time     660 (s) : SimLog- Tasks successfully executed                                             :        99.1277 % (5000 among 5044 sent tasks)
2026/05/07 16:56:44 - simulation time     660 (s) : SimLog- Tasks failures
2026/05/07 16:56:44 - simulation time     660 (s) :                                        Not executed due to resources unavailable:              0 % (0 tasks)
2026/05/07 16:56:44 - simulation time     660 (s) :                               Successfully executed but failed due to high delay:         0.0198 % (1 tasks from 5044 successfully sent tasks)
2026/05/07 16:56:44 - simulation time     660 (s) :                  Tasks execution results not returned because the device is dead:              0 % (0 tasks)
2026/05/07 16:56:44 - simulation time     660 (s) :                      Tasks execution results not returned due to device mobility:         0.8525 % (43 tasks)
2026/05/07 16:56:44 - simulation time     660 (s) : SimLog- Tasks executed on each level                                : Cloud=             85 tasks (where 85 were successfully executed)
2026/05/07 16:56:44 - simulation time     660 (s) :                                                                        Edge=             57 tasks (where 57 were successfully executed)
2026/05/07 16:56:44 - simulation time     660 (s) :                                                                        Mist=           4902 tasks (where 4858 were successfully executed)
2026/05/07 16:56:44 - simulation time     660 (s) : SimLog- Network usage                                                           :            377 seconds (The total traffic: 1615.85 (MBytes))
2026/05/07 16:56:44 - simulation time     660 (s) :                                                                         Wan=             85 seconds (22.5464 % of total usage, WAN used when downloading containers=0 % of WAN usage)
2026/05/07 16:56:44 - simulation time     660 (s) :                                                                         Lan=            377 seconds (100 % of total usage, LAN used when downloading containers=0 % of LAN usage)
2026/05/07 16:56:44 - simulation time     660 (s) :                                                    Average bandwidth per transfer=       972.3917 Mbps  
2026/05/07 16:56:44 - simulation time     660 (s) : SimLog- Average vm CPU utilization                                              :         0.7129 %
2026/05/07 16:56:44 - simulation time     660 (s) : SimLog- Average vm CPU utilization per level                             : Cloud=              0 %
2026/05/07 16:56:44 - simulation time     660 (s) :                                                                             Edge=              0 %
2026/05/07 16:56:44 - simulation time     660 (s) :                                                                             Mist=         0.7885 %
2026/05/07 16:56:44 - simulation time     660 (s) : SimLog- Energy consumption                                                      :66980270630363610000 W,   198.2595 dBW
2026/05/07 16:56:44 - simulation time     660 (s) :                                                                                 :(Average:152922992306766240 W/data center(or device), 171.8447 dBW/data center(or device))
2026/05/07 16:56:44 - simulation time     660 (s) :                                                                                 :(Average:13393375450982526 W/task, 161.2689 dBW/task)
2026/05/07 16:56:44 - simulation time     660 (s) : SimLog- Energy Consumption per level                                     : Cloud=32712495632423916000 W,   195.1471 dBW
2026/05/07 16:56:44 - simulation time     660 (s) :                                                                                 :(Average:1817360868467995390 W/data center, 182.5944 dBW/data center)
2026/05/07 16:56:44 - simulation time     660 (s) :                                                                             Edge=   76411897256782144 W,   168.8316 dBW
2026/05/07 16:56:44 - simulation time     660 (s) :                                                                                 :(Average:3183829052365922.5 W/data center, 155.0295 dBW/data center)
2026/05/07 16:56:44 - simulation time     660 (s) :                                                                             Mist=34191363100682916000 W,   195.3392 dBW
2026/05/07 16:56:44 - simulation time     660 (s) :                                                                                 :(Average:86341826011825552 W/edge device, 169.3622 dBW/edge device)
2026/05/07 16:56:44 - simulation time     660 (s) : SimLog- Dead edge devices due to battery drain                                  :              0 devices (Among 0 devices with batteries (NaN %))
2026/05/07 16:56:44 - simulation time     660 (s) : SimLog- Average remaining power (devices with batteries that are still alive)   :              0 Wh (Average: 0 %)
2026/05/07 16:56:44 - simulation time     660 (s) : SimulationManager- the Scenario Simulation overflow times :1

================== Simulation finished at time 691.50 ==================


SimLog- Iteration finished...

######################################################################################################################################################################
Starting CloudSim Plus 4.3.0

2026/05/07 16:56:44 - simulation time       0 (s) : ServersManager- Datacenters and devices were generated
2026/05/07 16:56:44 - simulation time       0 (s) : SimulationManager-  Orchestration algorithm= TASK_CLF_Q_LEARNING-  Architechitecture= ALL -  number of edge devices= 462
2026/05/07 16:56:44 - simulation time       0 (s) : SimulationManager- Simulation: 1  , iteration: 22
2026/05/07 16:56:51 - simulation time     660 (s) : 
2026/05/07 16:56:51 - simulation time     660 (s) : ------------------------------------------------------- OUTPUT -------------------------------------------------------
2026/05/07 16:56:51 - simulation time     660 (s) : 
2026/05/07 16:56:51 - simulation time     660 (s) : SimLog- Tasks not sent because device died (low energy)                         :               0 % (0 tasks)
2026/05/07 16:56:51 - simulation time     660 (s) : SimLog- Tasks sent from edge devices                                            :             100 % (5854 among 5854 generated tasks)
2026/05/07 16:56:51 - simulation time     660 (s) : -------------------------------------All values below are based on the sent tasks-------------------------------------
2026/05/07 16:56:51 - simulation time     660 (s) : SimLog- Tasks ETE delay                                                         :      8111.1007 seconds
2026/05/07 16:56:51 - simulation time     660 (s) : SimLog- Average tasks ETE delay                                                 :         1.3989 seconds
2026/05/07 16:56:51 - simulation time     660 (s) : SimLog- Tasks execution delay                                                   :      6525.0426 seconds
2026/05/07 16:56:51 - simulation time     660 (s) : SimLog- Average tasks execution delay                                           :         1.1254 seconds
2026/05/07 16:56:51 - simulation time     660 (s) : SimLog- Tasks waiting time (from task submiting to the execution start)         :      1139.5068 seconds
2026/05/07 16:56:51 - simulation time     660 (s) : SimLog- Average tasks waiting time (from task submiting to the execution start) :         0.1965 seconds
2026/05/07 16:56:51 - simulation time     660 (s) : SimLog- Tasks successfully executed                                             :        99.0434 % (5798 among 5854 sent tasks)
2026/05/07 16:56:51 - simulation time     660 (s) : SimLog- Tasks failures
2026/05/07 16:56:51 - simulation time     660 (s) :                                        Not executed due to resources unavailable:              0 % (0 tasks)
2026/05/07 16:56:51 - simulation time     660 (s) :                               Successfully executed but failed due to high delay:              0 % (0 tasks from 5854 successfully sent tasks)
2026/05/07 16:56:51 - simulation time     660 (s) :                  Tasks execution results not returned because the device is dead:              0 % (0 tasks)
2026/05/07 16:56:51 - simulation time     660 (s) :                      Tasks execution results not returned due to device mobility:         0.9566 % (56 tasks)
2026/05/07 16:56:51 - simulation time     660 (s) : SimLog- Tasks executed on each level                                : Cloud=             96 tasks (where 96 were successfully executed)
2026/05/07 16:56:51 - simulation time     660 (s) :                                                                        Edge=             56 tasks (where 56 were successfully executed)
2026/05/07 16:56:51 - simulation time     660 (s) :                                                                        Mist=           5702 tasks (where 5646 were successfully executed)
2026/05/07 16:56:51 - simulation time     660 (s) : SimLog- Network usage                                                           :            394 seconds (The total traffic: 1833.7 (MBytes))
2026/05/07 16:56:51 - simulation time     660 (s) :                                                                         Wan=             98 seconds (24.8731 % of total usage, WAN used when downloading containers=0 % of WAN usage)
2026/05/07 16:56:51 - simulation time     660 (s) :                                                                         Lan=            394 seconds (100 % of total usage, LAN used when downloading containers=0 % of LAN usage)
2026/05/07 16:56:51 - simulation time     660 (s) :                                                    Average bandwidth per transfer=       980.2972 Mbps  
2026/05/07 16:56:51 - simulation time     660 (s) : SimLog- Average vm CPU utilization                                              :         0.6731 %
2026/05/07 16:56:51 - simulation time     660 (s) : SimLog- Average vm CPU utilization per level                             : Cloud=              0 %
2026/05/07 16:56:51 - simulation time     660 (s) :                                                                             Edge=              0 %
2026/05/07 16:56:51 - simulation time     660 (s) :                                                                             Mist=         0.7342 %
2026/05/07 16:56:51 - simulation time     660 (s) : SimLog- Energy consumption                                                      :75038738404296430000 W,   198.7529 dBW
2026/05/07 16:56:51 - simulation time     660 (s) :                                                                                 :(Average:148886385722810368 W/data center(or device), 171.7285 dBW/data center(or device))
2026/05/07 16:56:51 - simulation time     660 (s) :                                                                                 :(Average:12942176337408836 W/task, 161.1201 dBW/task)
2026/05/07 16:56:51 - simulation time     660 (s) : SimLog- Energy Consumption per level                                     : Cloud=36752340839599493000 W,   195.6529 dBW
2026/05/07 16:56:51 - simulation time     660 (s) :                                                                                 :(Average:2041796713311083010 W/data center, 183.1001 dBW/data center)
2026/05/07 16:56:51 - simulation time     660 (s) :                                                                             Edge=   74393615680949312 W,   168.7154 dBW
2026/05/07 16:56:51 - simulation time     660 (s) :                                                                                 :(Average:3099733986706221.5 W/data center, 154.9132 dBW/data center)
2026/05/07 16:56:51 - simulation time     660 (s) :                                                                             Mist=38212003949015970000 W,    195.822 dBW
2026/05/07 16:56:51 - simulation time     660 (s) :                                                                                 :(Average:82709965257610336 W/edge device, 169.1756 dBW/edge device)
2026/05/07 16:56:51 - simulation time     660 (s) : SimLog- Dead edge devices due to battery drain                                  :              0 devices (Among 0 devices with batteries (NaN %))
2026/05/07 16:56:51 - simulation time     660 (s) : SimLog- Average remaining power (devices with batteries that are still alive)   :              0 Wh (Average: 0 %)
2026/05/07 16:56:51 - simulation time     660 (s) : SimulationManager- the Scenario Simulation overflow times :1

================== Simulation finished at time 691.50 ==================


SimLog- Iteration finished...

######################################################################################################################################################################
Starting CloudSim Plus 4.3.0

2026/05/07 16:56:51 - simulation time       0 (s) : ServersManager- Datacenters and devices were generated
2026/05/07 16:56:51 - simulation time       0 (s) : SimulationManager-  Orchestration algorithm= TASK_CLF_Q_LEARNING-  Architechitecture= ALL -  number of edge devices= 528
2026/05/07 16:56:51 - simulation time       0 (s) : SimulationManager- Simulation: 1  , iteration: 23
2026/05/07 16:56:59 - simulation time     660 (s) : 
2026/05/07 16:56:59 - simulation time     660 (s) : ------------------------------------------------------- OUTPUT -------------------------------------------------------
2026/05/07 16:56:59 - simulation time     660 (s) : 
2026/05/07 16:56:59 - simulation time     660 (s) : SimLog- Tasks not sent because device died (low energy)                         :               0 % (0 tasks)
2026/05/07 16:56:59 - simulation time     660 (s) : SimLog- Tasks sent from edge devices                                            :             100 % (6722 among 6722 generated tasks)
2026/05/07 16:56:59 - simulation time     660 (s) : -------------------------------------All values below are based on the sent tasks-------------------------------------
2026/05/07 16:56:59 - simulation time     660 (s) : SimLog- Tasks ETE delay                                                         :      8628.8675 seconds
2026/05/07 16:56:59 - simulation time     660 (s) : SimLog- Average tasks ETE delay                                                 :         1.2978 seconds
2026/05/07 16:56:59 - simulation time     660 (s) : SimLog- Tasks execution delay                                                   :      6894.3033 seconds
2026/05/07 16:56:59 - simulation time     660 (s) : SimLog- Average tasks execution delay                                           :         1.0367 seconds
2026/05/07 16:56:59 - simulation time     660 (s) : SimLog- Tasks waiting time (from task submiting to the execution start)         :      1271.1003 seconds
2026/05/07 16:56:59 - simulation time     660 (s) : SimLog- Average tasks waiting time (from task submiting to the execution start) :         0.1911 seconds
2026/05/07 16:56:59 - simulation time     660 (s) : SimLog- Tasks successfully executed                                             :         98.914 % (6649 among 6722 sent tasks)
2026/05/07 16:56:59 - simulation time     660 (s) : SimLog- Tasks failures
2026/05/07 16:56:59 - simulation time     660 (s) :                                        Not executed due to resources unavailable:              0 % (0 tasks)
2026/05/07 16:56:59 - simulation time     660 (s) :                               Successfully executed but failed due to high delay:         0.0149 % (1 tasks from 6722 successfully sent tasks)
2026/05/07 16:56:59 - simulation time     660 (s) :                  Tasks execution results not returned because the device is dead:              0 % (0 tasks)
2026/05/07 16:56:59 - simulation time     660 (s) :                      Tasks execution results not returned due to device mobility:         1.0711 % (72 tasks)
2026/05/07 16:56:59 - simulation time     660 (s) : SimLog- Tasks executed on each level                                : Cloud=            108 tasks (where 108 were successfully executed)
2026/05/07 16:56:59 - simulation time     660 (s) :                                                                        Edge=             59 tasks (where 59 were successfully executed)
2026/05/07 16:56:59 - simulation time     660 (s) :                                                                        Mist=           6555 tasks (where 6482 were successfully executed)
2026/05/07 16:56:59 - simulation time     660 (s) : SimLog- Network usage                                                           :            436 seconds (The total traffic: 2026.75 (MBytes))
2026/05/07 16:56:59 - simulation time     660 (s) :                                                                         Wan=            108 seconds (24.7706 % of total usage, WAN used when downloading containers=0 % of WAN usage)
2026/05/07 16:56:59 - simulation time     660 (s) :                                                                         Lan=            436 seconds (100 % of total usage, LAN used when downloading containers=0 % of LAN usage)
2026/05/07 16:56:59 - simulation time     660 (s) :                                                    Average bandwidth per transfer=       994.8678 Mbps  
2026/05/07 16:56:59 - simulation time     660 (s) : SimLog- Average vm CPU utilization                                              :         0.6473 %
2026/05/07 16:56:59 - simulation time     660 (s) : SimLog- Average vm CPU utilization per level                             : Cloud=              0 %
2026/05/07 16:56:59 - simulation time     660 (s) :                                                                             Edge=              0 %
2026/05/07 16:56:59 - simulation time     660 (s) :                                                                             Mist=         0.6988 %
2026/05/07 16:56:59 - simulation time     660 (s) : SimLog- Energy consumption                                                      :81208578408968360000 W,    199.096 dBW
2026/05/07 16:56:59 - simulation time     660 (s) :                                                                                 :(Average:142471190191172560 W/data center(or device), 171.5373 dBW/data center(or device))
2026/05/07 16:56:59 - simulation time     660 (s) :                                                                                 :(Average:12211816302100504 W/task, 160.8678 dBW/task)
2026/05/07 16:56:59 - simulation time     660 (s) : SimLog- Energy Consumption per level                                     : Cloud=39742858913210430000 W,   195.9926 dBW
2026/05/07 16:56:59 - simulation time     660 (s) :                                                                                 :(Average:2207936606289468420 W/data center, 183.4399 dBW/data center)
2026/05/07 16:56:59 - simulation time     660 (s) :                                                                             Edge=   76056056742464768 W,   168.8113 dBW
2026/05/07 16:56:59 - simulation time     660 (s) :                                                                                 :(Average:3169002364269365.5 W/data center, 155.0092 dBW/data center)
2026/05/07 16:56:59 - simulation time     660 (s) :                                                                             Mist=41389663439015450000 W,   196.1689 dBW
2026/05/07 16:56:59 - simulation time     660 (s) :                                                                                 :(Average:78389514089044416 W/edge device, 168.9426 dBW/edge device)
2026/05/07 16:56:59 - simulation time     660 (s) : SimLog- Dead edge devices due to battery drain                                  :              0 devices (Among 0 devices with batteries (NaN %))
2026/05/07 16:56:59 - simulation time     660 (s) : SimLog- Average remaining power (devices with batteries that are still alive)   :              0 Wh (Average: 0 %)
2026/05/07 16:56:59 - simulation time     660 (s) : SimulationManager- the Scenario Simulation overflow times :1

================== Simulation finished at time 691.50 ==================


SimLog- Iteration finished...

######################################################################################################################################################################
Starting CloudSim Plus 4.3.0

2026/05/07 16:56:59 - simulation time       0 (s) : ServersManager- Datacenters and devices were generated
2026/05/07 16:56:59 - simulation time       0 (s) : SimulationManager-  Orchestration algorithm= TASK_CLF_Q_LEARNING-  Architechitecture= ALL -  number of edge devices= 594
2026/05/07 16:56:59 - simulation time       0 (s) : SimulationManager- Simulation: 1  , iteration: 24
2026/05/07 16:57:10 - simulation time     650 (s) : 
2026/05/07 16:57:10 - simulation time     650 (s) : ------------------------------------------------------- OUTPUT -------------------------------------------------------
2026/05/07 16:57:10 - simulation time     650 (s) : 
2026/05/07 16:57:10 - simulation time     650 (s) : SimLog- Tasks not sent because device died (low energy)                         :               0 % (0 tasks)
2026/05/07 16:57:10 - simulation time     650 (s) : SimLog- Tasks sent from edge devices                                            :             100 % (7534 among 7534 generated tasks)
2026/05/07 16:57:10 - simulation time     650 (s) : -------------------------------------All values below are based on the sent tasks-------------------------------------
2026/05/07 16:57:10 - simulation time     650 (s) : SimLog- Tasks ETE delay                                                         :     10651.9877 seconds
2026/05/07 16:57:10 - simulation time     650 (s) : SimLog- Average tasks ETE delay                                                 :         1.4329 seconds
2026/05/07 16:57:10 - simulation time     650 (s) : SimLog- Tasks execution delay                                                   :      8185.9794 seconds
2026/05/07 16:57:10 - simulation time     650 (s) : SimLog- Average tasks execution delay                                           :         1.1007 seconds
2026/05/07 16:57:10 - simulation time     650 (s) : SimLog- Tasks waiting time (from task submiting to the execution start)         :      1828.2546 seconds
2026/05/07 16:57:10 - simulation time     650 (s) : SimLog- Average tasks waiting time (from task submiting to the execution start) :         0.2458 seconds
2026/05/07 16:57:10 - simulation time     650 (s) : SimLog- Tasks successfully executed                                             :        98.6727 % (7434 among 7534 sent tasks)
2026/05/07 16:57:10 - simulation time     650 (s) : SimLog- Tasks failures
2026/05/07 16:57:10 - simulation time     650 (s) :                                        Not executed due to resources unavailable:              0 % (0 tasks)
2026/05/07 16:57:10 - simulation time     650 (s) :                               Successfully executed but failed due to high delay:         0.1858 % (14 tasks from 7534 successfully sent tasks)
2026/05/07 16:57:10 - simulation time     650 (s) :                  Tasks execution results not returned because the device is dead:              0 % (0 tasks)
2026/05/07 16:57:10 - simulation time     650 (s) :                      Tasks execution results not returned due to device mobility:         1.1415 % (86 tasks)
2026/05/07 16:57:10 - simulation time     650 (s) : SimLog- Tasks executed on each level                                : Cloud=            151 tasks (where 151 were successfully executed)
2026/05/07 16:57:10 - simulation time     650 (s) :                                                                        Edge=             56 tasks (where 56 were successfully executed)
2026/05/07 16:57:10 - simulation time     650 (s) :                                                                        Mist=           7327 tasks (where 7227 were successfully executed)
2026/05/07 16:57:10 - simulation time     650 (s) : SimLog- Network usage                                                           :            570 seconds (The total traffic: 2939.5 (MBytes))
2026/05/07 16:57:10 - simulation time     650 (s) :                                                                         Wan=            167 seconds (29.2982 % of total usage, WAN used when downloading containers=0 % of WAN usage)
2026/05/07 16:57:10 - simulation time     650 (s) :                                                                         Lan=            570 seconds (100 % of total usage, LAN used when downloading containers=0 % of LAN usage)
2026/05/07 16:57:10 - simulation time     650 (s) :                                                    Average bandwidth per transfer=       903.7431 Mbps  
2026/05/07 16:57:10 - simulation time     650 (s) : SimLog- Average vm CPU utilization                                              :         0.7316 %
2026/05/07 16:57:10 - simulation time     650 (s) : SimLog- Average vm CPU utilization per level                             : Cloud=         0.0124 %
2026/05/07 16:57:10 - simulation time     650 (s) :                                                                             Edge=              0 %
2026/05/07 16:57:10 - simulation time     650 (s) :                                                                             Mist=          0.783 %
2026/05/07 16:57:10 - simulation time     650 (s) : SimLog- Energy consumption                                                      :121468065958582600000 W,   200.8446 dBW
2026/05/07 16:57:10 - simulation time     650 (s) :                                                                                 :(Average:190987525092111008 W/data center(or device), 172.8101 dBW/data center(or device))
2026/05/07 16:57:10 - simulation time     650 (s) :                                                                                 :(Average:16308816589498200 W/task, 162.1242 dBW/task)
2026/05/07 16:57:10 - simulation time     650 (s) : SimLog- Energy Consumption per level                                     : Cloud=59811336440613350000 W,   197.7678 dBW
2026/05/07 16:57:10 - simulation time     650 (s) :                                                                                 :(Average:3322852024478519300 W/data center, 185.2151 dBW/data center)
2026/05/07 16:57:10 - simulation time     650 (s) :                                                                             Edge=   71896175621566672 W,   168.5671 dBW
2026/05/07 16:57:10 - simulation time     650 (s) :                                                                                 :(Average:2995673984231944.5 W/data center, 154.7649 dBW/data center)
2026/05/07 16:57:10 - simulation time     650 (s) :                                                                             Mist=61584833342347680000 W,   197.8947 dBW
2026/05/07 16:57:10 - simulation time     650 (s) :                                                                                 :(Average:103678170610012928 W/edge device, 170.1569 dBW/edge device)
2026/05/07 16:57:10 - simulation time     650 (s) : SimLog- Dead edge devices due to battery drain                                  :              0 devices (Among 0 devices with batteries (NaN %))
2026/05/07 16:57:10 - simulation time     650 (s) : SimLog- Average remaining power (devices with batteries that are still alive)   :              0 Wh (Average: 0 %)
2026/05/07 16:57:10 - simulation time     650 (s) : SimulationManager- the Scenario Simulation overflow times :1

================== Simulation finished at time 685.20 ==================


SimLog- Iteration finished...

######################################################################################################################################################################
Starting CloudSim Plus 4.3.0

2026/05/07 16:57:10 - simulation time       0 (s) : ServersManager- Datacenters and devices were generated
2026/05/07 16:57:10 - simulation time       0 (s) : SimulationManager-  Orchestration algorithm= TASK_CLF_Q_LEARNING-  Architechitecture= ALL -  number of edge devices= 660
2026/05/07 16:57:10 - simulation time       0 (s) : SimulationManager- Simulation: 1  , iteration: 25
2026/05/07 16:57:23 - simulation time     660 (s) : 
2026/05/07 16:57:23 - simulation time     660 (s) : ------------------------------------------------------- OUTPUT -------------------------------------------------------
2026/05/07 16:57:23 - simulation time     660 (s) : 
2026/05/07 16:57:23 - simulation time     660 (s) : SimLog- Tasks not sent because device died (low energy)                         :               0 % (0 tasks)
2026/05/07 16:57:23 - simulation time     660 (s) : SimLog- Tasks sent from edge devices                                            :             100 % (8344 among 8344 generated tasks)
2026/05/07 16:57:23 - simulation time     660 (s) : -------------------------------------All values below are based on the sent tasks-------------------------------------
2026/05/07 16:57:23 - simulation time     660 (s) : SimLog- Tasks ETE delay                                                         :     13425.1317 seconds
2026/05/07 16:57:23 - simulation time     660 (s) : SimLog- Average tasks ETE delay                                                 :         1.6418 seconds
2026/05/07 16:57:23 - simulation time     660 (s) : SimLog- Tasks execution delay                                                   :      9132.5182 seconds
2026/05/07 16:57:23 - simulation time     660 (s) : SimLog- Average tasks execution delay                                           :         1.1163 seconds
2026/05/07 16:57:23 - simulation time     660 (s) : SimLog- Tasks waiting time (from task submiting to the execution start)         :       3595.263 seconds
2026/05/07 16:57:23 - simulation time     660 (s) : SimLog- Average tasks waiting time (from task submiting to the execution start) :         0.4395 seconds
2026/05/07 16:57:23 - simulation time     660 (s) : SimLog- Tasks successfully executed                                             :        97.9986 % (8177 among 8344 sent tasks)
2026/05/07 16:57:23 - simulation time     660 (s) : SimLog- Tasks failures
2026/05/07 16:57:23 - simulation time     660 (s) :                                        Not executed due to resources unavailable:              0 % (0 tasks)
2026/05/07 16:57:23 - simulation time     660 (s) :                               Successfully executed but failed due to high delay:         0.8629 % (72 tasks from 8344 successfully sent tasks)
2026/05/07 16:57:23 - simulation time     660 (s) :                  Tasks execution results not returned because the device is dead:              0 % (0 tasks)
2026/05/07 16:57:23 - simulation time     660 (s) :                      Tasks execution results not returned due to device mobility:         1.1385 % (95 tasks)
2026/05/07 16:57:23 - simulation time     660 (s) : SimLog- Tasks executed on each level                                : Cloud=            144 tasks (where 144 were successfully executed)
2026/05/07 16:57:23 - simulation time     660 (s) :                                                                        Edge=             81 tasks (where 81 were successfully executed)
2026/05/07 16:57:23 - simulation time     660 (s) :                                                                        Mist=           8119 tasks (where 7952 were successfully executed)
2026/05/07 16:57:23 - simulation time     660 (s) : SimLog- Network usage                                                           :            610 seconds (The total traffic: 2614.2 (MBytes))
2026/05/07 16:57:23 - simulation time     660 (s) :                                                                         Wan=            152 seconds (24.918 % of total usage, WAN used when downloading containers=0 % of WAN usage)
2026/05/07 16:57:23 - simulation time     660 (s) :                                                                         Lan=            610 seconds (100 % of total usage, LAN used when downloading containers=0 % of LAN usage)
2026/05/07 16:57:23 - simulation time     660 (s) :                                                    Average bandwidth per transfer=       967.4393 Mbps  
2026/05/07 16:57:23 - simulation time     660 (s) : SimLog- Average vm CPU utilization                                              :         0.7539 %
2026/05/07 16:57:23 - simulation time     660 (s) : SimLog- Average vm CPU utilization per level                             : Cloud=         0.0006 %
2026/05/07 16:57:23 - simulation time     660 (s) :                                                                             Edge=              0 %
2026/05/07 16:57:23 - simulation time     660 (s) :                                                                             Mist=         0.8019 %
2026/05/07 16:57:23 - simulation time     660 (s) : SimLog- Energy consumption                                                      :105616207242238360000 W,   200.2373 dBW
2026/05/07 16:57:23 - simulation time     660 (s) :                                                                                 :(Average:150450437667006208 W/data center(or device), 171.7739 dBW/data center(or device))
2026/05/07 16:57:23 - simulation time     660 (s) :                                                                                 :(Average:12803516455599268 W/task, 161.0733 dBW/task)
2026/05/07 16:57:23 - simulation time     660 (s) : SimLog- Energy Consumption per level                                     : Cloud=51432365052070700000 W,   197.1124 dBW
2026/05/07 16:57:23 - simulation time     660 (s) :                                                                                 :(Average:2857353614003927600 W/data center, 184.5596 dBW/data center)
2026/05/07 16:57:23 - simulation time     660 (s) :                                                                             Edge=  107943800714038544 W,    170.332 dBW
2026/05/07 16:57:23 - simulation time     660 (s) :                                                                                 :(Average:4497658363084939.5 W/data center, 156.5299 dBW/data center)
2026/05/07 16:57:23 - simulation time     660 (s) :                                                                             Mist=54075898389453620000 W,     197.33 dBW
2026/05/07 16:57:23 - simulation time     660 (s) :                                                                                 :(Average:81933179377960032 W/edge device, 169.1346 dBW/edge device)
2026/05/07 16:57:23 - simulation time     660 (s) : SimLog- Dead edge devices due to battery drain                                  :              0 devices (Among 0 devices with batteries (NaN %))
2026/05/07 16:57:23 - simulation time     660 (s) : SimLog- Average remaining power (devices with batteries that are still alive)   :              0 Wh (Average: 0 %)
2026/05/07 16:57:23 - simulation time     660 (s) : SimulationManager- the Scenario Simulation overflow times :1

================== Simulation finished at time 691.50 ==================


SimLog- Iteration finished...

######################################################################################################################################################################
Starting CloudSim Plus 4.3.0

2026/05/07 16:57:23 - simulation time       0 (s) : ServersManager- Datacenters and devices were generated
2026/05/07 16:57:23 - simulation time       0 (s) : SimulationManager-  Orchestration algorithm= TASK_CLF_Q_LEARNING-  Architechitecture= ALL -  number of edge devices= 726
2026/05/07 16:57:23 - simulation time       0 (s) : SimulationManager- Simulation: 1  , iteration: 26
2026/05/07 16:57:38 - simulation time     660 (s) : 
2026/05/07 16:57:38 - simulation time     660 (s) : ------------------------------------------------------- OUTPUT -------------------------------------------------------
2026/05/07 16:57:38 - simulation time     660 (s) : 
2026/05/07 16:57:38 - simulation time     660 (s) : SimLog- Tasks not sent because device died (low energy)                         :               0 % (0 tasks)
2026/05/07 16:57:38 - simulation time     660 (s) : SimLog- Tasks sent from edge devices                                            :             100 % (9188 among 9188 generated tasks)
2026/05/07 16:57:38 - simulation time     660 (s) : -------------------------------------All values below are based on the sent tasks-------------------------------------
2026/05/07 16:57:38 - simulation time     660 (s) : SimLog- Tasks ETE delay                                                         :     15534.0965 seconds
2026/05/07 16:57:38 - simulation time     660 (s) : SimLog- Average tasks ETE delay                                                 :         1.7648 seconds
2026/05/07 16:57:38 - simulation time     660 (s) : SimLog- Tasks execution delay                                                   :      8851.2522 seconds
2026/05/07 16:57:38 - simulation time     660 (s) : SimLog- Average tasks execution delay                                           :         1.0054 seconds
2026/05/07 16:57:38 - simulation time     660 (s) : SimLog- Tasks waiting time (from task submiting to the execution start)         :      5612.5164 seconds
2026/05/07 16:57:38 - simulation time     660 (s) : SimLog- Average tasks waiting time (from task submiting to the execution start) :         0.6375 seconds
2026/05/07 16:57:38 - simulation time     660 (s) : SimLog- Tasks successfully executed                                             :        95.7989 % (8802 among 9188 sent tasks)
2026/05/07 16:57:38 - simulation time     660 (s) : SimLog- Tasks failures
2026/05/07 16:57:38 - simulation time     660 (s) :                                        Not executed due to resources unavailable:              0 % (0 tasks)
2026/05/07 16:57:38 - simulation time     660 (s) :                               Successfully executed but failed due to high delay:         3.0583 % (281 tasks from 9188 successfully sent tasks)
2026/05/07 16:57:38 - simulation time     660 (s) :                  Tasks execution results not returned because the device is dead:              0 % (0 tasks)
2026/05/07 16:57:38 - simulation time     660 (s) :                      Tasks execution results not returned due to device mobility:         1.1428 % (105 tasks)
2026/05/07 16:57:38 - simulation time     660 (s) : SimLog- Tasks executed on each level                                : Cloud=            258 tasks (where 258 were successfully executed)
2026/05/07 16:57:38 - simulation time     660 (s) :                                                                        Edge=             68 tasks (where 68 were successfully executed)
2026/05/07 16:57:38 - simulation time     660 (s) :                                                                        Mist=           8862 tasks (where 8476 were successfully executed)
2026/05/07 16:57:38 - simulation time     660 (s) : SimLog- Network usage                                                           :            862 seconds (The total traffic: 5094.7 (MBytes))
2026/05/07 16:57:38 - simulation time     660 (s) :                                                                         Wan=            302 seconds (35.0348 % of total usage, WAN used when downloading containers=0 % of WAN usage)
2026/05/07 16:57:38 - simulation time     660 (s) :                                                                         Lan=            862 seconds (100 % of total usage, LAN used when downloading containers=0 % of LAN usage)
2026/05/07 16:57:38 - simulation time     660 (s) :                                                    Average bandwidth per transfer=       795.6803 Mbps  
2026/05/07 16:57:38 - simulation time     660 (s) : SimLog- Average vm CPU utilization                                              :         0.7013 %
2026/05/07 16:57:38 - simulation time     660 (s) : SimLog- Average vm CPU utilization per level                             : Cloud=         0.0741 %
2026/05/07 16:57:38 - simulation time     660 (s) :                                                                             Edge=         0.0004 %
2026/05/07 16:57:38 - simulation time     660 (s) :                                                                             Mist=         0.7401 %
2026/05/07 16:57:38 - simulation time     660 (s) : SimLog- Energy consumption                                                      :220772250436667240000 W,   203.4394 dBW
2026/05/07 16:57:38 - simulation time     660 (s) :                                                                                 :(Average:287463867756077152 W/data center(or device), 174.5858 dBW/data center(or device))
2026/05/07 16:57:38 - simulation time     660 (s) :                                                                                 :(Average:24306093849682620 W/task, 163.8572 dBW/task)
2026/05/07 16:57:38 - simulation time     660 (s) : SimLog- Energy Consumption per level                                     : Cloud=109116239455115410000 W,   200.3789 dBW
2026/05/07 16:57:38 - simulation time     660 (s) :                                                                                 :(Average:6062013303061966800 W/data center, 187.8262 dBW/data center)
2026/05/07 16:57:38 - simulation time     660 (s) :                                                                             Edge=  101910661184428480 W,   170.0822 dBW
2026/05/07 16:57:38 - simulation time     660 (s) :                                                                                 :(Average:4246277549351186.5 W/data center, 156.2801 dBW/data center)
2026/05/07 16:57:38 - simulation time     660 (s) :                                                                             Mist=111554100320367400000 W,   200.4749 dBW
2026/05/07 16:57:38 - simulation time     660 (s) :                                                                                 :(Average:153655785565244352 W/edge device, 171.8655 dBW/edge device)
2026/05/07 16:57:38 - simulation time     660 (s) : SimLog- Dead edge devices due to battery drain                                  :              0 devices (Among 0 devices with batteries (NaN %))
2026/05/07 16:57:38 - simulation time     660 (s) : SimLog- Average remaining power (devices with batteries that are still alive)   :              0 Wh (Average: 0 %)
2026/05/07 16:57:38 - simulation time     660 (s) : SimulationManager- the Scenario Simulation overflow times :1

================== Simulation finished at time 691.50 ==================


SimLog- Iteration finished...

######################################################################################################################################################################
Starting CloudSim Plus 4.3.0

2026/05/07 16:57:38 - simulation time       0 (s) : ServersManager- Datacenters and devices were generated
2026/05/07 16:57:38 - simulation time       0 (s) : SimulationManager-  Orchestration algorithm= TASK_CLF_Q_LEARNING-  Architechitecture= ALL -  number of edge devices= 792
2026/05/07 16:57:38 - simulation time       0 (s) : SimulationManager- Simulation: 1  , iteration: 27
2026/05/07 16:57:55 - simulation time     660 (s) : 
2026/05/07 16:57:55 - simulation time     660 (s) : ------------------------------------------------------- OUTPUT -------------------------------------------------------
2026/05/07 16:57:55 - simulation time     660 (s) : 
2026/05/07 16:57:55 - simulation time     660 (s) : SimLog- Tasks not sent because device died (low energy)                         :               0 % (0 tasks)
2026/05/07 16:57:55 - simulation time     660 (s) : SimLog- Tasks sent from edge devices                                            :             100 % (10036 among 10036 generated tasks)
2026/05/07 16:57:55 - simulation time     660 (s) : -------------------------------------All values below are based on the sent tasks-------------------------------------
2026/05/07 16:57:55 - simulation time     660 (s) : SimLog- Tasks ETE delay                                                         :     22361.5099 seconds
2026/05/07 16:57:55 - simulation time     660 (s) : SimLog- Average tasks ETE delay                                                 :         2.3393 seconds
2026/05/07 16:57:55 - simulation time     660 (s) : SimLog- Tasks execution delay                                                   :      10061.279 seconds
2026/05/07 16:57:55 - simulation time     660 (s) : SimLog- Average tasks execution delay                                           :         1.0522 seconds
2026/05/07 16:57:55 - simulation time     660 (s) : SimLog- Tasks waiting time (from task submiting to the execution start)         :     11567.4154 seconds
2026/05/07 16:57:55 - simulation time     660 (s) : SimLog- Average tasks waiting time (from task submiting to the execution start) :         1.2097 seconds
2026/05/07 16:57:55 - simulation time     660 (s) : SimLog- Tasks successfully executed                                             :        95.2471 % (9559 among 10036 sent tasks)
2026/05/07 16:57:55 - simulation time     660 (s) : SimLog- Tasks failures
2026/05/07 16:57:55 - simulation time     660 (s) :                                        Not executed due to resources unavailable:              0 % (0 tasks)
2026/05/07 16:57:55 - simulation time     660 (s) :                               Successfully executed but failed due to high delay:          3.876 % (389 tasks from 10036 successfully sent tasks)
2026/05/07 16:57:55 - simulation time     660 (s) :                  Tasks execution results not returned because the device is dead:              0 % (0 tasks)
2026/05/07 16:57:55 - simulation time     660 (s) :                      Tasks execution results not returned due to device mobility:         0.8768 % (88 tasks)
2026/05/07 16:57:55 - simulation time     660 (s) : SimLog- Tasks executed on each level                                : Cloud=            156 tasks (where 156 were successfully executed)
2026/05/07 16:57:55 - simulation time     660 (s) :                                                                        Edge=             75 tasks (where 75 were successfully executed)
2026/05/07 16:57:55 - simulation time     660 (s) :                                                                        Mist=           9805 tasks (where 9328 were successfully executed)
2026/05/07 16:57:55 - simulation time     660 (s) : SimLog- Network usage                                                           :            624 seconds (The total traffic: 2853.1 (MBytes))
2026/05/07 16:57:55 - simulation time     660 (s) :                                                                         Wan=            156 seconds (25 % of total usage, WAN used when downloading containers=0 % of WAN usage)
2026/05/07 16:57:55 - simulation time     660 (s) :                                                                         Lan=            624 seconds (100 % of total usage, LAN used when downloading containers=0 % of LAN usage)
2026/05/07 16:57:55 - simulation time     660 (s) :                                                    Average bandwidth per transfer=      1001.5043 Mbps  
2026/05/07 16:57:55 - simulation time     660 (s) : SimLog- Average vm CPU utilization                                              :           0.72 %
2026/05/07 16:57:55 - simulation time     660 (s) : SimLog- Average vm CPU utilization per level                             : Cloud=         0.0069 %
2026/05/07 16:57:55 - simulation time     660 (s) :                                                                             Edge=              0 %
2026/05/07 16:57:55 - simulation time     660 (s) :                                                                             Mist=         0.7581 %
2026/05/07 16:57:55 - simulation time     660 (s) : SimLog- Energy consumption                                                      :117968328698203140000 W,   200.7177 dBW
2026/05/07 16:57:55 - simulation time     660 (s) :                                                                                 :(Average:141448835369548128 W/data center(or device), 171.506 dBW/data center(or device))
2026/05/07 16:57:55 - simulation time     660 (s) :                                                                                 :(Average:11858497054503734 W/task, 160.7403 dBW/task)
2026/05/07 16:57:55 - simulation time     660 (s) : SimLog- Energy Consumption per level                                     : Cloud=57597095910103440000 W,    197.604 dBW
2026/05/07 16:57:55 - simulation time     660 (s) :                                                                                 :(Average:3199838661672413200 W/data center, 185.0513 dBW/data center)
2026/05/07 16:57:55 - simulation time     660 (s) :                                                                             Edge=  103501807676589888 W,   170.1495 dBW
2026/05/07 16:57:55 - simulation time     660 (s) :                                                                                 :(Average:4312575319857912 W/data center, 156.3474 dBW/data center)
2026/05/07 16:57:55 - simulation time     660 (s) :                                                                             Mist=60267730980423110000 W,   197.8008 dBW
2026/05/07 16:57:55 - simulation time     660 (s) :                                                                                 :(Average:76095619924776656 W/edge device, 168.8136 dBW/edge device)
2026/05/07 16:57:55 - simulation time     660 (s) : SimLog- Dead edge devices due to battery drain                                  :              0 devices (Among 0 devices with batteries (NaN %))
2026/05/07 16:57:55 - simulation time     660 (s) : SimLog- Average remaining power (devices with batteries that are still alive)   :              0 Wh (Average: 0 %)
2026/05/07 16:57:55 - simulation time     660 (s) : SimulationManager- the Scenario Simulation overflow times :1

================== Simulation finished at time 691.50 ==================


SimLog- Iteration finished...

######################################################################################################################################################################
Starting CloudSim Plus 4.3.0

2026/05/07 16:57:55 - simulation time       0 (s) : ServersManager- Datacenters and devices were generated
2026/05/07 16:57:55 - simulation time       0 (s) : SimulationManager-  Orchestration algorithm= TASK_CLF_Q_LEARNING-  Architechitecture= ALL -  number of edge devices= 858
2026/05/07 16:57:55 - simulation time       0 (s) : SimulationManager- Simulation: 1  , iteration: 28
2026/05/07 16:58:16 - simulation time     660 (s) : 
2026/05/07 16:58:16 - simulation time     660 (s) : ------------------------------------------------------- OUTPUT -------------------------------------------------------
2026/05/07 16:58:16 - simulation time     660 (s) : 
2026/05/07 16:58:16 - simulation time     660 (s) : SimLog- Tasks not sent because device died (low energy)                         :               0 % (0 tasks)
2026/05/07 16:58:16 - simulation time     660 (s) : SimLog- Tasks sent from edge devices                                            :             100 % (10872 among 10872 generated tasks)
2026/05/07 16:58:16 - simulation time     660 (s) : -------------------------------------All values below are based on the sent tasks-------------------------------------
2026/05/07 16:58:16 - simulation time     660 (s) : SimLog- Tasks ETE delay                                                         :     28025.5486 seconds
2026/05/07 16:58:16 - simulation time     660 (s) : SimLog- Average tasks ETE delay                                                 :         2.7238 seconds
2026/05/07 16:58:16 - simulation time     660 (s) : SimLog- Tasks execution delay                                                   :     10568.8717 seconds
2026/05/07 16:58:16 - simulation time     660 (s) : SimLog- Average tasks execution delay                                           :         1.0268 seconds
2026/05/07 16:58:16 - simulation time     660 (s) : SimLog- Tasks waiting time (from task submiting to the execution start)         :     16000.0086 seconds
2026/05/07 16:58:16 - simulation time     660 (s) : SimLog- Average tasks waiting time (from task submiting to the execution start) :         1.5545 seconds
2026/05/07 16:58:16 - simulation time     660 (s) : SimLog- Tasks successfully executed                                             :        94.6376 % (10289 among 10872 sent tasks)
2026/05/07 16:58:16 - simulation time     660 (s) : SimLog- Tasks failures
2026/05/07 16:58:16 - simulation time     660 (s) :                                        Not executed due to resources unavailable:              0 % (0 tasks)
2026/05/07 16:58:16 - simulation time     660 (s) :                               Successfully executed but failed due to high delay:         4.4886 % (488 tasks from 10872 successfully sent tasks)
2026/05/07 16:58:16 - simulation time     660 (s) :                  Tasks execution results not returned because the device is dead:              0 % (0 tasks)
2026/05/07 16:58:16 - simulation time     660 (s) :                      Tasks execution results not returned due to device mobility:         0.8738 % (95 tasks)
2026/05/07 16:58:16 - simulation time     660 (s) : SimLog- Tasks executed on each level                                : Cloud=            353 tasks (where 353 were successfully executed)
2026/05/07 16:58:16 - simulation time     660 (s) :                                                                        Edge=             86 tasks (where 86 were successfully executed)
2026/05/07 16:58:16 - simulation time     660 (s) :                                                                        Mist=          10433 tasks (where 9850 were successfully executed)
2026/05/07 16:58:16 - simulation time     660 (s) : SimLog- Network usage                                                           :           1156 seconds (The total traffic: 7223.95 (MBytes))
2026/05/07 16:58:16 - simulation time     660 (s) :                                                                         Wan=            425 seconds (36.7647 % of total usage, WAN used when downloading containers=0 % of WAN usage)
2026/05/07 16:58:16 - simulation time     660 (s) :                                                                         Lan=           1156 seconds (100 % of total usage, LAN used when downloading containers=0 % of LAN usage)
2026/05/07 16:58:16 - simulation time     660 (s) :                                                    Average bandwidth per transfer=       747.9061 Mbps  
2026/05/07 16:58:16 - simulation time     660 (s) : SimLog- Average vm CPU utilization                                              :         0.7591 %
2026/05/07 16:58:16 - simulation time     660 (s) : SimLog- Average vm CPU utilization per level                             : Cloud=         0.1301 %
2026/05/07 16:58:16 - simulation time     660 (s) :                                                                             Edge=         0.0013 %
2026/05/07 16:58:16 - simulation time     660 (s) :                                                                             Mist=         0.7935 %
2026/05/07 16:58:16 - simulation time     660 (s) : SimLog- Energy consumption                                                      :348137662195873350000 W,   205.4175 dBW
2026/05/07 16:58:16 - simulation time     660 (s) :                                                                                 :(Average:386819624662081470 W/data center(or device), 175.8751 dBW/data center(or device))
2026/05/07 16:58:16 - simulation time     660 (s) :                                                                                 :(Average:32303763774322480 W/task, 165.0925 dBW/task)
2026/05/07 16:58:16 - simulation time     660 (s) : SimLog- Energy Consumption per level                                     : Cloud=172837808083314540000 W,   202.3764 dBW
2026/05/07 16:58:16 - simulation time     660 (s) :                                                                                 :(Average:9602100449073030000 W/data center, 189.8237 dBW/data center)
2026/05/07 16:58:16 - simulation time     660 (s) :                                                                             Edge=  114581592806004720 W,   170.5911 dBW
2026/05/07 16:58:16 - simulation time     660 (s) :                                                                                 :(Average:4774233033583530 W/data center, 156.789 dBW/data center)
2026/05/07 16:58:16 - simulation time     660 (s) :                                                                             Mist=175185272519752780000 W,    202.435 dBW
2026/05/07 16:58:16 - simulation time     660 (s) :                                                                                 :(Average:204178639300411168 W/edge device, 173.1001 dBW/edge device)
2026/05/07 16:58:16 - simulation time     660 (s) : SimLog- Dead edge devices due to battery drain                                  :              0 devices (Among 0 devices with batteries (NaN %))
2026/05/07 16:58:16 - simulation time     660 (s) : SimLog- Average remaining power (devices with batteries that are still alive)   :              0 Wh (Average: 0 %)
2026/05/07 16:58:16 - simulation time     660 (s) : SimulationManager- the Scenario Simulation overflow times :1

================== Simulation finished at time 691.50 ==================


SimLog- Iteration finished...

######################################################################################################################################################################
Starting CloudSim Plus 4.3.0

2026/05/07 16:58:16 - simulation time       0 (s) : ServersManager- Datacenters and devices were generated
2026/05/07 16:58:16 - simulation time       0 (s) : SimulationManager-  Orchestration algorithm= TASK_CLF_Q_LEARNING-  Architechitecture= ALL -  number of edge devices= 924
2026/05/07 16:58:16 - simulation time       0 (s) : SimulationManager- Simulation: 1  , iteration: 29
2026/05/07 16:58:41 - simulation time     650 (s) : 
2026/05/07 16:58:41 - simulation time     650 (s) : ------------------------------------------------------- OUTPUT -------------------------------------------------------
2026/05/07 16:58:41 - simulation time     650 (s) : 
2026/05/07 16:58:41 - simulation time     650 (s) : SimLog- Tasks not sent because device died (low energy)                         :               0 % (0 tasks)
2026/05/07 16:58:41 - simulation time     650 (s) : SimLog- Tasks sent from edge devices                                            :             100 % (11698 among 11698 generated tasks)
2026/05/07 16:58:41 - simulation time     650 (s) : -------------------------------------All values below are based on the sent tasks-------------------------------------
2026/05/07 16:58:41 - simulation time     650 (s) : SimLog- Tasks ETE delay                                                         :     34697.4288 seconds
2026/05/07 16:58:41 - simulation time     650 (s) : SimLog- Average tasks ETE delay                                                 :         3.1437 seconds
2026/05/07 16:58:41 - simulation time     650 (s) : SimLog- Tasks execution delay                                                   :     10922.9461 seconds
2026/05/07 16:58:41 - simulation time     650 (s) : SimLog- Average tasks execution delay                                           :         0.9887 seconds
2026/05/07 16:58:41 - simulation time     650 (s) : SimLog- Tasks waiting time (from task submiting to the execution start)         :     22274.5325 seconds
2026/05/07 16:58:41 - simulation time     650 (s) : SimLog- Average tasks waiting time (from task submiting to the execution start) :         2.0162 seconds
2026/05/07 16:58:41 - simulation time     650 (s) : SimLog- Tasks successfully executed                                             :        94.3495 % (11037 among 11698 sent tasks)
2026/05/07 16:58:41 - simulation time     650 (s) : SimLog- Tasks failures
2026/05/07 16:58:41 - simulation time     650 (s) :                                        Not executed due to resources unavailable:              0 % (0 tasks)
2026/05/07 16:58:41 - simulation time     650 (s) :                               Successfully executed but failed due to high delay:         4.5392 % (531 tasks from 11698 successfully sent tasks)
2026/05/07 16:58:41 - simulation time     650 (s) :                  Tasks execution results not returned because the device is dead:              0 % (0 tasks)
2026/05/07 16:58:41 - simulation time     650 (s) :                      Tasks execution results not returned due to device mobility:         1.1113 % (130 tasks)
2026/05/07 16:58:41 - simulation time     650 (s) : SimLog- Tasks executed on each level                                : Cloud=            332 tasks (where 332 were successfully executed)
2026/05/07 16:58:41 - simulation time     650 (s) :                                                                        Edge=             90 tasks (where 90 were successfully executed)
2026/05/07 16:58:41 - simulation time     650 (s) :                                                                        Mist=          11276 tasks (where 10615 were successfully executed)
2026/05/07 16:58:41 - simulation time     650 (s) : SimLog- Network usage                                                           :           1179 seconds (The total traffic: 6756.9 (MBytes))
2026/05/07 16:58:41 - simulation time     650 (s) :                                                                         Wan=            404 seconds (34.2663 % of total usage, WAN used when downloading containers=0 % of WAN usage)
2026/05/07 16:58:41 - simulation time     650 (s) :                                                                         Lan=           1179 seconds (100 % of total usage, LAN used when downloading containers=0 % of LAN usage)
2026/05/07 16:58:41 - simulation time     650 (s) :                                                    Average bandwidth per transfer=       764.8151 Mbps  
2026/05/07 16:58:41 - simulation time     650 (s) : SimLog- Average vm CPU utilization                                              :         0.7102 %
2026/05/07 16:58:41 - simulation time     650 (s) : SimLog- Average vm CPU utilization per level                             : Cloud=         0.1326 %
2026/05/07 16:58:41 - simulation time     650 (s) :                                                                             Edge=         0.0018 %
2026/05/07 16:58:41 - simulation time     650 (s) :                                                                             Mist=         0.7398 %
2026/05/07 16:58:41 - simulation time     650 (s) : SimLog- Energy consumption                                                      :312596029350808800000 W,   204.9498 dBW
2026/05/07 16:58:41 - simulation time     650 (s) :                                                                                 :(Average:323598374069160260 W/data center(or device), 175.1001 dBW/data center(or device))
2026/05/07 16:58:41 - simulation time     650 (s) :                                                                                 :(Average:27022478332538796 W/task, 164.3173 dBW/task)
2026/05/07 16:58:41 - simulation time     650 (s) : SimLog- Energy Consumption per level                                     : Cloud=154806975040084930000 W,   201.8979 dBW
2026/05/07 16:58:41 - simulation time     650 (s) :                                                                                 :(Average:8600387502226940900 W/data center, 189.3452 dBW/data center)
2026/05/07 16:58:41 - simulation time     650 (s) :                                                                             Edge=  123810047808982128 W,   170.9276 dBW
2026/05/07 16:58:41 - simulation time     650 (s) :                                                                                 :(Average:5158751992040922 W/data center, 157.1254 dBW/data center)
2026/05/07 16:58:41 - simulation time     650 (s) :                                                                             Mist=157665244262914880000 W,   201.9774 dBW
2026/05/07 16:58:41 - simulation time     650 (s) :                                                                                 :(Average:170633381236920864 W/edge device, 172.3206 dBW/edge device)
2026/05/07 16:58:41 - simulation time     650 (s) : SimLog- Dead edge devices due to battery drain                                  :              0 devices (Among 0 devices with batteries (NaN %))
2026/05/07 16:58:41 - simulation time     650 (s) : SimLog- Average remaining power (devices with batteries that are still alive)   :              0 Wh (Average: 0 %)
2026/05/07 16:58:41 - simulation time     650 (s) : SimulationManager- the Scenario Simulation overflow times :1

================== Simulation finished at time 685.20 ==================


SimLog- Iteration finished...

######################################################################################################################################################################
Starting CloudSim Plus 4.3.0

2026/05/07 16:58:41 - simulation time       0 (s) : ServersManager- Datacenters and devices were generated
2026/05/07 16:58:41 - simulation time       0 (s) : SimulationManager-  Orchestration algorithm= TASK_CLF_Q_LEARNING-  Architechitecture= ALL -  number of edge devices= 990
2026/05/07 16:58:41 - simulation time       0 (s) : SimulationManager- Simulation: 1  , iteration: 30
2026/05/07 16:59:10 - simulation time     660 (s) : 
2026/05/07 16:59:10 - simulation time     660 (s) : ------------------------------------------------------- OUTPUT -------------------------------------------------------
2026/05/07 16:59:10 - simulation time     660 (s) : 
2026/05/07 16:59:10 - simulation time     660 (s) : SimLog- Tasks not sent because device died (low energy)                         :               0 % (0 tasks)
2026/05/07 16:59:10 - simulation time     660 (s) : SimLog- Tasks sent from edge devices                                            :             100 % (12538 among 12538 generated tasks)
2026/05/07 16:59:10 - simulation time     660 (s) : -------------------------------------All values below are based on the sent tasks-------------------------------------
2026/05/07 16:59:10 - simulation time     660 (s) : SimLog- Tasks ETE delay                                                         :      43818.633 seconds
2026/05/07 16:59:10 - simulation time     660 (s) : SimLog- Average tasks ETE delay                                                 :          3.694 seconds
2026/05/07 16:59:10 - simulation time     660 (s) : SimLog- Tasks execution delay                                                   :     13006.7062 seconds
2026/05/07 16:59:10 - simulation time     660 (s) : SimLog- Average tasks execution delay                                           :         1.0961 seconds
2026/05/07 16:59:10 - simulation time     660 (s) : SimLog- Tasks waiting time (from task submiting to the execution start)         :     29877.6089 seconds
2026/05/07 16:59:10 - simulation time     660 (s) : SimLog- Average tasks waiting time (from task submiting to the execution start) :         2.5179 seconds
2026/05/07 16:59:10 - simulation time     660 (s) : SimLog- Tasks successfully executed                                             :        94.6084 % (11862 among 12538 sent tasks)
2026/05/07 16:59:10 - simulation time     660 (s) : SimLog- Tasks failures
2026/05/07 16:59:10 - simulation time     660 (s) :                                        Not executed due to resources unavailable:              0 % (0 tasks)
2026/05/07 16:59:10 - simulation time     660 (s) :                               Successfully executed but failed due to high delay:         4.4265 % (555 tasks from 12538 successfully sent tasks)
2026/05/07 16:59:10 - simulation time     660 (s) :                  Tasks execution results not returned because the device is dead:              0 % (0 tasks)
2026/05/07 16:59:10 - simulation time     660 (s) :                      Tasks execution results not returned due to device mobility:         0.9651 % (121 tasks)
2026/05/07 16:59:10 - simulation time     660 (s) : SimLog- Tasks executed on each level                                : Cloud=            172 tasks (where 172 were successfully executed)
2026/05/07 16:59:10 - simulation time     660 (s) :                                                                        Edge=             94 tasks (where 94 were successfully executed)
2026/05/07 16:59:10 - simulation time     660 (s) :                                                                        Mist=          12272 tasks (where 11596 were successfully executed)
2026/05/07 16:59:10 - simulation time     660 (s) : SimLog- Network usage                                                           :            767 seconds (The total traffic: 2863.95 (MBytes))
2026/05/07 16:59:10 - simulation time     660 (s) :                                                                         Wan=            172 seconds (22.425 % of total usage, WAN used when downloading containers=0 % of WAN usage)
2026/05/07 16:59:10 - simulation time     660 (s) :                                                                         Lan=            767 seconds (100 % of total usage, LAN used when downloading containers=0 % of LAN usage)
2026/05/07 16:59:10 - simulation time     660 (s) :                                                    Average bandwidth per transfer=       1002.472 Mbps  
2026/05/07 16:59:10 - simulation time     660 (s) : SimLog- Average vm CPU utilization                                              :         0.7968 %
2026/05/07 16:59:10 - simulation time     660 (s) : SimLog- Average vm CPU utilization per level                             : Cloud=         0.0106 %
2026/05/07 16:59:10 - simulation time     660 (s) :                                                                             Edge=              0 %
2026/05/07 16:59:10 - simulation time     660 (s) :                                                                             Mist=         0.8305 %
2026/05/07 16:59:10 - simulation time     660 (s) : SimLog- Energy consumption                                                      :110714311464860940000 W,    200.442 dBW
2026/05/07 16:59:10 - simulation time     660 (s) :                                                                                 :(Average:107281309558973776 W/data center(or device), 170.3052 dBW/data center(or device))
2026/05/07 16:59:10 - simulation time     660 (s) :                                                                                 :(Average:8916349477720942 W/task, 159.5019 dBW/task)
2026/05/07 16:59:10 - simulation time     660 (s) : SimLog- Energy Consumption per level                                     : Cloud=53388963816587920000 W,   197.2745 dBW
2026/05/07 16:59:10 - simulation time     660 (s) :                                                                                 :(Average:2966053545365995500 W/data center, 184.7218 dBW/data center)
2026/05/07 16:59:10 - simulation time     660 (s) :                                                                             Edge=  133149916641742736 W,   171.2434 dBW
2026/05/07 16:59:10 - simulation time     660 (s) :                                                                                 :(Average:5547913193405947 W/data center, 157.4413 dBW/data center)
2026/05/07 16:59:10 - simulation time     660 (s) :                                                                             Mist=57192197731631280000 W,   197.5734 dBW
2026/05/07 16:59:10 - simulation time     660 (s) :                                                                                 :(Average:57769896698617448 W/edge device, 167.617 dBW/edge device)
2026/05/07 16:59:10 - simulation time     660 (s) : SimLog- Dead edge devices due to battery drain                                  :              0 devices (Among 0 devices with batteries (NaN %))
2026/05/07 16:59:10 - simulation time     660 (s) : SimLog- Average remaining power (devices with batteries that are still alive)   :              0 Wh (Average: 0 %)
2026/05/07 16:59:10 - simulation time     660 (s) : SimulationManager- the Scenario Simulation overflow times :1

================== Simulation finished at time 691.50 ==================


SimLog- Iteration finished...

######################################################################################################################################################################
Starting CloudSim Plus 4.3.0

2026/05/07 16:59:10 - simulation time       0 (s) : ServersManager- Datacenters and devices were generated
2026/05/07 16:59:10 - simulation time       0 (s) : SimulationManager-  Orchestration algorithm= WEIGHT_GREEDY-  Architechitecture= ALL -  number of edge devices= 66
2026/05/07 16:59:10 - simulation time       0 (s) : SimulationManager- Simulation: 1  , iteration: 31
2026/05/07 16:59:11 - simulation time     640 (s) : 
2026/05/07 16:59:11 - simulation time     640 (s) : ------------------------------------------------------- OUTPUT -------------------------------------------------------
2026/05/07 16:59:11 - simulation time     640 (s) : 
2026/05/07 16:59:11 - simulation time     640 (s) : SimLog- Tasks not sent because device died (low energy)                         :               0 % (0 tasks)
2026/05/07 16:59:11 - simulation time     640 (s) : SimLog- Tasks sent from edge devices                                            :             100 % (848 among 848 generated tasks)
2026/05/07 16:59:11 - simulation time     640 (s) : -------------------------------------All values below are based on the sent tasks-------------------------------------
2026/05/07 16:59:11 - simulation time     640 (s) : SimLog- Tasks ETE delay                                                         :      2416.6452 seconds
2026/05/07 16:59:11 - simulation time     640 (s) : SimLog- Average tasks ETE delay                                                 :         3.1467 seconds
2026/05/07 16:59:11 - simulation time     640 (s) : SimLog- Tasks execution delay                                                   :       378.1768 seconds
2026/05/07 16:59:11 - simulation time     640 (s) : SimLog- Average tasks execution delay                                           :         0.4481 seconds
2026/05/07 16:59:11 - simulation time     640 (s) : SimLog- Tasks waiting time (from task submiting to the execution start)         :        28.2196 seconds
2026/05/07 16:59:11 - simulation time     640 (s) : SimLog- Average tasks waiting time (from task submiting to the execution start) :         0.0334 seconds
2026/05/07 16:59:11 - simulation time     640 (s) : SimLog- Tasks successfully executed                                             :         90.566 % (768 among 848 sent tasks)
2026/05/07 16:59:11 - simulation time     640 (s) : SimLog- Tasks failures
2026/05/07 16:59:11 - simulation time     640 (s) :                                        Not executed due to resources unavailable:              0 % (0 tasks)
2026/05/07 16:59:11 - simulation time     640 (s) :                               Successfully executed but failed due to high delay:         8.9623 % (76 tasks from 848 successfully sent tasks)
2026/05/07 16:59:11 - simulation time     640 (s) :                  Tasks execution results not returned because the device is dead:              0 % (0 tasks)
2026/05/07 16:59:11 - simulation time     640 (s) :                      Tasks execution results not returned due to device mobility:         0.4717 % (4 tasks)
2026/05/07 16:59:11 - simulation time     640 (s) : SimLog- Tasks executed on each level                                : Cloud=            491 tasks (where 440 were successfully executed)
2026/05/07 16:59:11 - simulation time     640 (s) :                                                                        Edge=            199 tasks (where 176 were successfully executed)
2026/05/07 16:59:11 - simulation time     640 (s) :                                                                        Mist=            158 tasks (where 152 were successfully executed)
2026/05/07 16:59:11 - simulation time     640 (s) : SimLog- Network usage                                                           :           1436 seconds (The total traffic: 3851.3 (MBytes))
2026/05/07 16:59:11 - simulation time     640 (s) :                                                                         Wan=            491 seconds (34.1922 % of total usage, WAN used when downloading containers=0 % of WAN usage)
2026/05/07 16:59:11 - simulation time     640 (s) :                                                                         Lan=           1436 seconds (100 % of total usage, LAN used when downloading containers=0 % of LAN usage)
2026/05/07 16:59:11 - simulation time     640 (s) :                                                    Average bandwidth per transfer=        898.834 Mbps  
2026/05/07 16:59:11 - simulation time     640 (s) : SimLog- Average vm CPU utilization                                              :         0.0519 %
2026/05/07 16:59:11 - simulation time     640 (s) : SimLog- Average vm CPU utilization per level                             : Cloud=              0 %
2026/05/07 16:59:11 - simulation time     640 (s) :                                                                             Edge=         0.0171 %
2026/05/07 16:59:11 - simulation time     640 (s) :                                                                             Mist=         0.0787 %
2026/05/07 16:59:11 - simulation time     640 (s) : SimLog- Energy consumption                                                      :165168587285476250000 W,   202.1793 dBW
2026/05/07 16:59:11 - simulation time     640 (s) :                                                                                 :(Average:1529338771161817090 W/data center(or device), 181.845 dBW/data center(or device))
2026/05/07 16:59:11 - simulation time     640 (s) :                                                                                 :(Average:195697378300327296 W/task, 172.9159 dBW/task)
2026/05/07 16:59:11 - simulation time     640 (s) : SimLog- Energy Consumption per level                                     : Cloud=62366449394511730000 W,   197.9495 dBW
2026/05/07 16:59:11 - simulation time     640 (s) :                                                                                 :(Average:3464802744139540500 W/data center, 185.3968 dBW/data center)
2026/05/07 16:59:11 - simulation time     640 (s) :                                                                             Edge=11339777489692471000 W,    190.546 dBW
2026/05/07 16:59:11 - simulation time     640 (s) :                                                                                 :(Average:472490728737186300 W/data center, 176.7439 dBW/data center)
2026/05/07 16:59:11 - simulation time     640 (s) :                                                                             Mist=91462360401272050000 W,   199.6124 dBW
2026/05/07 16:59:11 - simulation time     640 (s) :                                                                                 :(Average:1385793339413212930 W/edge device, 181.417 dBW/edge device)
2026/05/07 16:59:11 - simulation time     640 (s) : SimLog- Dead edge devices due to battery drain                                  :              0 devices (Among 0 devices with batteries (NaN %))
2026/05/07 16:59:11 - simulation time     640 (s) : SimLog- Average remaining power (devices with batteries that are still alive)   :              0 Wh (Average: 0 %)
2026/05/07 16:59:11 - simulation time     640 (s) : SimulationManager- the Scenario Simulation overflow times :1

================== Simulation finished at time 672.60 ==================


SimLog- Iteration finished...

######################################################################################################################################################################
Starting CloudSim Plus 4.3.0

2026/05/07 16:59:11 - simulation time       0 (s) : ServersManager- Datacenters and devices were generated
2026/05/07 16:59:11 - simulation time       0 (s) : SimulationManager-  Orchestration algorithm= WEIGHT_GREEDY-  Architechitecture= ALL -  number of edge devices= 132
2026/05/07 16:59:11 - simulation time       0 (s) : SimulationManager- Simulation: 1  , iteration: 32
2026/05/07 16:59:12 - simulation time     660 (s) : 
2026/05/07 16:59:12 - simulation time     660 (s) : ------------------------------------------------------- OUTPUT -------------------------------------------------------
2026/05/07 16:59:12 - simulation time     660 (s) : 
2026/05/07 16:59:12 - simulation time     660 (s) : SimLog- Tasks not sent because device died (low energy)                         :               0 % (0 tasks)
2026/05/07 16:59:12 - simulation time     660 (s) : SimLog- Tasks sent from edge devices                                            :             100 % (1688 among 1688 generated tasks)
2026/05/07 16:59:12 - simulation time     660 (s) : -------------------------------------All values below are based on the sent tasks-------------------------------------
2026/05/07 16:59:12 - simulation time     660 (s) : SimLog- Tasks ETE delay                                                         :      4558.5376 seconds
2026/05/07 16:59:12 - simulation time     660 (s) : SimLog- Average tasks ETE delay                                                 :          2.941 seconds
2026/05/07 16:59:12 - simulation time     660 (s) : SimLog- Tasks execution delay                                                   :       855.0466 seconds
2026/05/07 16:59:12 - simulation time     660 (s) : SimLog- Average tasks execution delay                                           :         0.5129 seconds
2026/05/07 16:59:12 - simulation time     660 (s) : SimLog- Tasks waiting time (from task submiting to the execution start)         :        66.6999 seconds
2026/05/07 16:59:12 - simulation time     660 (s) : SimLog- Average tasks waiting time (from task submiting to the execution start) :           0.04 seconds
2026/05/07 16:59:12 - simulation time     660 (s) : SimLog- Tasks successfully executed                                             :        91.8246 % (1550 among 1688 sent tasks)
2026/05/07 16:59:12 - simulation time     660 (s) : SimLog- Tasks failures
2026/05/07 16:59:12 - simulation time     660 (s) :                                        Not executed due to resources unavailable:              0 % (0 tasks)
2026/05/07 16:59:12 - simulation time     660 (s) :                               Successfully executed but failed due to high delay:         7.2867 % (123 tasks from 1688 successfully sent tasks)
2026/05/07 16:59:12 - simulation time     660 (s) :                  Tasks execution results not returned because the device is dead:              0 % (0 tasks)
2026/05/07 16:59:12 - simulation time     660 (s) :                      Tasks execution results not returned due to device mobility:         0.8886 % (15 tasks)
2026/05/07 16:59:12 - simulation time     660 (s) : SimLog- Tasks executed on each level                                : Cloud=            837 tasks (where 759 were successfully executed)
2026/05/07 16:59:12 - simulation time     660 (s) :                                                                        Edge=            331 tasks (where 291 were successfully executed)
2026/05/07 16:59:12 - simulation time     660 (s) :                                                                        Mist=            520 tasks (where 500 were successfully executed)
2026/05/07 16:59:12 - simulation time     660 (s) : SimLog- Network usage                                                           :           2513 seconds (The total traffic: 6824.1 (MBytes))
2026/05/07 16:59:12 - simulation time     660 (s) :                                                                         Wan=            841 seconds (33.466 % of total usage, WAN used when downloading containers=0 % of WAN usage)
2026/05/07 16:59:12 - simulation time     660 (s) :                                                                         Lan=           2513 seconds (100 % of total usage, LAN used when downloading containers=0 % of LAN usage)
2026/05/07 16:59:12 - simulation time     660 (s) :                                                    Average bandwidth per transfer=       852.4619 Mbps  
2026/05/07 16:59:12 - simulation time     660 (s) : SimLog- Average vm CPU utilization                                              :         0.1098 %
2026/05/07 16:59:12 - simulation time     660 (s) : SimLog- Average vm CPU utilization per level                             : Cloud=              0 %
2026/05/07 16:59:12 - simulation time     660 (s) :                                                                             Edge=         0.0253 %
2026/05/07 16:59:12 - simulation time     660 (s) :                                                                             Mist=         0.1402 %
2026/05/07 16:59:12 - simulation time     660 (s) : SimLog- Energy consumption                                                      :224423279158237920000 W,   203.5107 dBW
2026/05/07 16:59:12 - simulation time     660 (s) :                                                                                 :(Average:1289788960679528190 W/data center(or device), 181.1052 dBW/data center(or device))
2026/05/07 16:59:12 - simulation time     660 (s) :                                                                                 :(Average:134144219460990992 W/task, 171.2757 dBW/task)
2026/05/07 16:59:12 - simulation time     660 (s) : SimLog- Energy Consumption per level                                     : Cloud=80750706656940770000 W,   199.0715 dBW
2026/05/07 16:59:12 - simulation time     660 (s) :                                                                                 :(Average:4486150369830042600 W/data center, 186.5187 dBW/data center)
2026/05/07 16:59:12 - simulation time     660 (s) :                                                                             Edge=17140640940616350000 W,   192.3403 dBW
2026/05/07 16:59:12 - simulation time     660 (s) :                                                                                 :(Average:714193372525681280 W/data center, 178.5382 dBW/data center)
2026/05/07 16:59:12 - simulation time     660 (s) :                                                                             Mist=126531931560680820000 W,    201.022 dBW
2026/05/07 16:59:12 - simulation time     660 (s) :                                                                                 :(Average:958575239096066820 W/edge device, 179.8163 dBW/edge device)
2026/05/07 16:59:12 - simulation time     660 (s) : SimLog- Dead edge devices due to battery drain                                  :              0 devices (Among 0 devices with batteries (NaN %))
2026/05/07 16:59:12 - simulation time     660 (s) : SimLog- Average remaining power (devices with batteries that are still alive)   :              0 Wh (Average: 0 %)
2026/05/07 16:59:12 - simulation time     660 (s) : SimulationManager- the Scenario Simulation overflow times :1

================== Simulation finished at time 691.50 ==================


SimLog- Iteration finished...

######################################################################################################################################################################
Starting CloudSim Plus 4.3.0

2026/05/07 16:59:12 - simulation time       0 (s) : ServersManager- Datacenters and devices were generated
2026/05/07 16:59:12 - simulation time       0 (s) : SimulationManager-  Orchestration algorithm= WEIGHT_GREEDY-  Architechitecture= ALL -  number of edge devices= 198
2026/05/07 16:59:12 - simulation time       0 (s) : SimulationManager- Simulation: 1  , iteration: 33
2026/05/07 16:59:14 - simulation time     660 (s) : 
2026/05/07 16:59:14 - simulation time     660 (s) : ------------------------------------------------------- OUTPUT -------------------------------------------------------
2026/05/07 16:59:14 - simulation time     660 (s) : 
2026/05/07 16:59:14 - simulation time     660 (s) : SimLog- Tasks not sent because device died (low energy)                         :               0 % (0 tasks)
2026/05/07 16:59:14 - simulation time     660 (s) : SimLog- Tasks sent from edge devices                                            :             100 % (2532 among 2532 generated tasks)
2026/05/07 16:59:14 - simulation time     660 (s) : -------------------------------------All values below are based on the sent tasks-------------------------------------
2026/05/07 16:59:14 - simulation time     660 (s) : SimLog- Tasks ETE delay                                                         :      5269.0785 seconds
2026/05/07 16:59:14 - simulation time     660 (s) : SimLog- Average tasks ETE delay                                                 :         2.3181 seconds
2026/05/07 16:59:14 - simulation time     660 (s) : SimLog- Tasks execution delay                                                   :      1246.7462 seconds
2026/05/07 16:59:14 - simulation time     660 (s) : SimLog- Average tasks execution delay                                           :         0.5027 seconds
2026/05/07 16:59:14 - simulation time     660 (s) : SimLog- Tasks waiting time (from task submiting to the execution start)         :       200.2271 seconds
2026/05/07 16:59:14 - simulation time     660 (s) : SimLog- Average tasks waiting time (from task submiting to the execution start) :         0.0807 seconds
2026/05/07 16:59:14 - simulation time     660 (s) : SimLog- Tasks successfully executed                                             :        89.7709 % (2273 among 2532 sent tasks)
2026/05/07 16:59:14 - simulation time     660 (s) : SimLog- Tasks failures
2026/05/07 16:59:14 - simulation time     660 (s) :                                        Not executed due to resources unavailable:              0 % (0 tasks)
2026/05/07 16:59:14 - simulation time     660 (s) :                               Successfully executed but failed due to high delay:         8.7283 % (221 tasks from 2532 successfully sent tasks)
2026/05/07 16:59:14 - simulation time     660 (s) :                  Tasks execution results not returned because the device is dead:              0 % (0 tasks)
2026/05/07 16:59:14 - simulation time     660 (s) :                      Tasks execution results not returned due to device mobility:         1.5008 % (38 tasks)
2026/05/07 16:59:14 - simulation time     660 (s) : SimLog- Tasks executed on each level                                : Cloud=            872 tasks (where 736 were successfully executed)
2026/05/07 16:59:14 - simulation time     660 (s) :                                                                        Edge=            423 tasks (where 363 were successfully executed)
2026/05/07 16:59:14 - simulation time     660 (s) :                                                                        Mist=           1237 tasks (where 1174 were successfully executed)
2026/05/07 16:59:14 - simulation time     660 (s) : SimLog- Network usage                                                           :           2907 seconds (The total traffic: 7236.65 (MBytes))
2026/05/07 16:59:14 - simulation time     660 (s) :                                                                         Wan=            875 seconds (30.0998 % of total usage, WAN used when downloading containers=0 % of WAN usage)
2026/05/07 16:59:14 - simulation time     660 (s) :                                                                         Lan=           2907 seconds (100 % of total usage, LAN used when downloading containers=0 % of LAN usage)
2026/05/07 16:59:14 - simulation time     660 (s) :                                                    Average bandwidth per transfer=       889.7591 Mbps  
2026/05/07 16:59:14 - simulation time     660 (s) : SimLog- Average vm CPU utilization                                              :         0.1912 %
2026/05/07 16:59:14 - simulation time     660 (s) : SimLog- Average vm CPU utilization per level                             : Cloud=         0.0016 %
2026/05/07 16:59:14 - simulation time     660 (s) :                                                                             Edge=         0.0351 %
2026/05/07 16:59:14 - simulation time     660 (s) :                                                                             Mist=         0.2274 %
2026/05/07 16:59:14 - simulation time     660 (s) : SimLog- Energy consumption                                                      :211828054033739780000 W,   203.2598 dBW
2026/05/07 16:59:14 - simulation time     660 (s) :                                                                                 :(Average:882616891807249020 W/data center(or device), 179.4577 dBW/data center(or device))
2026/05/07 16:59:14 - simulation time     660 (s) :                                                                                 :(Average:84935065771347136 W/task, 169.2909 dBW/task)
2026/05/07 16:59:14 - simulation time     660 (s) : SimLog- Energy Consumption per level                                     : Cloud=66296153401228150000 W,   198.2149 dBW
2026/05/07 16:59:14 - simulation time     660 (s) :                                                                                 :(Average:3683119633401563600 W/data center, 185.6622 dBW/data center)
2026/05/07 16:59:14 - simulation time     660 (s) :                                                                             Edge=21616836245270024000 W,   193.3479 dBW
2026/05/07 16:59:14 - simulation time     660 (s) :                                                                                 :(Average:900701510219584380 W/data center, 179.5458 dBW/data center)
2026/05/07 16:59:14 - simulation time     660 (s) :                                                                             Mist=123915064387241600000 W,   200.9312 dBW
2026/05/07 16:59:14 - simulation time     660 (s) :                                                                                 :(Average:625833658521422210 W/edge device, 177.9646 dBW/edge device)
2026/05/07 16:59:14 - simulation time     660 (s) : SimLog- Dead edge devices due to battery drain                                  :              0 devices (Among 0 devices with batteries (NaN %))
2026/05/07 16:59:14 - simulation time     660 (s) : SimLog- Average remaining power (devices with batteries that are still alive)   :              0 Wh (Average: 0 %)
2026/05/07 16:59:14 - simulation time     660 (s) : SimulationManager- the Scenario Simulation overflow times :1

================== Simulation finished at time 691.50 ==================


SimLog- Iteration finished...

######################################################################################################################################################################
Starting CloudSim Plus 4.3.0

2026/05/07 16:59:14 - simulation time       0 (s) : ServersManager- Datacenters and devices were generated
2026/05/07 16:59:14 - simulation time       0 (s) : SimulationManager-  Orchestration algorithm= WEIGHT_GREEDY-  Architechitecture= ALL -  number of edge devices= 264
2026/05/07 16:59:14 - simulation time       0 (s) : SimulationManager- Simulation: 1  , iteration: 34
2026/05/07 16:59:17 - simulation time     660 (s) : 
2026/05/07 16:59:17 - simulation time     660 (s) : ------------------------------------------------------- OUTPUT -------------------------------------------------------
2026/05/07 16:59:17 - simulation time     660 (s) : 
2026/05/07 16:59:17 - simulation time     660 (s) : SimLog- Tasks not sent because device died (low energy)                         :               0 % (0 tasks)
2026/05/07 16:59:17 - simulation time     660 (s) : SimLog- Tasks sent from edge devices                                            :             100 % (3364 among 3364 generated tasks)
2026/05/07 16:59:17 - simulation time     660 (s) : -------------------------------------All values below are based on the sent tasks-------------------------------------
2026/05/07 16:59:17 - simulation time     660 (s) : SimLog- Tasks ETE delay                                                         :      7620.7813 seconds
2026/05/07 16:59:17 - simulation time     660 (s) : SimLog- Average tasks ETE delay                                                 :         2.4607 seconds
2026/05/07 16:59:17 - simulation time     660 (s) : SimLog- Tasks execution delay                                                   :      1969.4849 seconds
2026/05/07 16:59:17 - simulation time     660 (s) : SimLog- Average tasks execution delay                                           :         0.6008 seconds
2026/05/07 16:59:17 - simulation time     660 (s) : SimLog- Tasks waiting time (from task submiting to the execution start)         :       380.8144 seconds
2026/05/07 16:59:17 - simulation time     660 (s) : SimLog- Average tasks waiting time (from task submiting to the execution start) :         0.1162 seconds
2026/05/07 16:59:17 - simulation time     660 (s) : SimLog- Tasks successfully executed                                             :         92.063 % (3097 among 3364 sent tasks)
2026/05/07 16:59:17 - simulation time     660 (s) : SimLog- Tasks failures
2026/05/07 16:59:17 - simulation time     660 (s) :                                        Not executed due to resources unavailable:              0 % (0 tasks)
2026/05/07 16:59:17 - simulation time     660 (s) :                               Successfully executed but failed due to high delay:         5.9156 % (199 tasks from 3364 successfully sent tasks)
2026/05/07 16:59:17 - simulation time     660 (s) :                  Tasks execution results not returned because the device is dead:              0 % (0 tasks)
2026/05/07 16:59:17 - simulation time     660 (s) :                      Tasks execution results not returned due to device mobility:         2.0214 % (68 tasks)
2026/05/07 16:59:17 - simulation time     660 (s) : SimLog- Tasks executed on each level                                : Cloud=           1067 tasks (where 947 were successfully executed)
2026/05/07 16:59:17 - simulation time     660 (s) :                                                                        Edge=            490 tasks (where 435 were successfully executed)
2026/05/07 16:59:17 - simulation time     660 (s) :                                                                        Mist=           1807 tasks (where 1715 were successfully executed)
2026/05/07 16:59:17 - simulation time     660 (s) : SimLog- Network usage                                                           :           3675 seconds (The total traffic: 9894.4 (MBytes))
2026/05/07 16:59:17 - simulation time     660 (s) :                                                                         Wan=           1088 seconds (29.6054 % of total usage, WAN used when downloading containers=0 % of WAN usage)
2026/05/07 16:59:17 - simulation time     660 (s) :                                                                         Lan=           3675 seconds (100 % of total usage, LAN used when downloading containers=0 % of LAN usage)
2026/05/07 16:59:17 - simulation time     660 (s) :                                                    Average bandwidth per transfer=         866.09 Mbps  
2026/05/07 16:59:17 - simulation time     660 (s) : SimLog- Average vm CPU utilization                                              :         0.3262 %
2026/05/07 16:59:17 - simulation time     660 (s) : SimLog- Average vm CPU utilization per level                             : Cloud=          0.031 %
2026/05/07 16:59:17 - simulation time     660 (s) :                                                                             Edge=          0.045 %
2026/05/07 16:59:17 - simulation time     660 (s) :                                                                             Mist=         0.3719 %
2026/05/07 16:59:17 - simulation time     660 (s) : SimLog- Energy consumption                                                      :290095949011897650000 W,   204.6254 dBW
2026/05/07 16:59:17 - simulation time     660 (s) :                                                                                 :(Average:948025977163064190 W/data center(or device), 179.7682 dBW/data center(or device))
2026/05/07 16:59:17 - simulation time     660 (s) :                                                                                 :(Average:88014547637104864 W/task, 169.4455 dBW/task)
2026/05/07 16:59:17 - simulation time     660 (s) : SimLog- Energy Consumption per level                                     : Cloud=92520811242958340000 W,   199.6624 dBW
2026/05/07 16:59:17 - simulation time     660 (s) :                                                                                 :(Average:5140045069053241300 W/data center, 187.1097 dBW/data center)
2026/05/07 16:59:17 - simulation time     660 (s) :                                                                             Edge=27846771870315594000 W,   194.4477 dBW
2026/05/07 16:59:17 - simulation time     660 (s) :                                                                                 :(Average:1160282161263149820 W/data center, 180.6456 dBW/data center)
2026/05/07 16:59:17 - simulation time     660 (s) :                                                                             Mist=169728365898623700000 W,   202.2975 dBW
2026/05/07 16:59:17 - simulation time     660 (s) :                                                                                 :(Average:642910476888726140 W/edge device, 178.0815 dBW/edge device)
2026/05/07 16:59:17 - simulation time     660 (s) : SimLog- Dead edge devices due to battery drain                                  :              0 devices (Among 0 devices with batteries (NaN %))
2026/05/07 16:59:17 - simulation time     660 (s) : SimLog- Average remaining power (devices with batteries that are still alive)   :              0 Wh (Average: 0 %)
2026/05/07 16:59:17 - simulation time     660 (s) : SimulationManager- the Scenario Simulation overflow times :1

================== Simulation finished at time 691.50 ==================


SimLog- Iteration finished...

######################################################################################################################################################################
Starting CloudSim Plus 4.3.0

2026/05/07 16:59:17 - simulation time       0 (s) : ServersManager- Datacenters and devices were generated
2026/05/07 16:59:17 - simulation time       0 (s) : SimulationManager-  Orchestration algorithm= WEIGHT_GREEDY-  Architechitecture= ALL -  number of edge devices= 330
2026/05/07 16:59:17 - simulation time       0 (s) : SimulationManager- Simulation: 1  , iteration: 35
2026/05/07 16:59:21 - simulation time     650 (s) : 
2026/05/07 16:59:21 - simulation time     650 (s) : ------------------------------------------------------- OUTPUT -------------------------------------------------------
2026/05/07 16:59:21 - simulation time     650 (s) : 
2026/05/07 16:59:21 - simulation time     650 (s) : SimLog- Tasks not sent because device died (low energy)                         :               0 % (0 tasks)
2026/05/07 16:59:21 - simulation time     650 (s) : SimLog- Tasks sent from edge devices                                            :             100 % (4172 among 4172 generated tasks)
2026/05/07 16:59:21 - simulation time     650 (s) : -------------------------------------All values below are based on the sent tasks-------------------------------------
2026/05/07 16:59:21 - simulation time     650 (s) : SimLog- Tasks ETE delay                                                         :      8905.1479 seconds
2026/05/07 16:59:21 - simulation time     650 (s) : SimLog- Average tasks ETE delay                                                 :         2.3355 seconds
2026/05/07 16:59:21 - simulation time     650 (s) : SimLog- Tasks execution delay                                                   :      2559.6605 seconds
2026/05/07 16:59:21 - simulation time     650 (s) : SimLog- Average tasks execution delay                                           :         0.6361 seconds
2026/05/07 16:59:21 - simulation time     650 (s) : SimLog- Tasks waiting time (from task submiting to the execution start)         :       569.6693 seconds
2026/05/07 16:59:21 - simulation time     650 (s) : SimLog- Average tasks waiting time (from task submiting to the execution start) :         0.1416 seconds
2026/05/07 16:59:21 - simulation time     650 (s) : SimLog- Tasks successfully executed                                             :         91.395 % (3813 among 4172 sent tasks)
2026/05/07 16:59:21 - simulation time     650 (s) : SimLog- Tasks failures
2026/05/07 16:59:21 - simulation time     650 (s) :                                        Not executed due to resources unavailable:              0 % (0 tasks)
2026/05/07 16:59:21 - simulation time     650 (s) :                               Successfully executed but failed due to high delay:          6.232 % (260 tasks from 4172 successfully sent tasks)
2026/05/07 16:59:21 - simulation time     650 (s) :                  Tasks execution results not returned because the device is dead:              0 % (0 tasks)
2026/05/07 16:59:21 - simulation time     650 (s) :                      Tasks execution results not returned due to device mobility:          2.373 % (99 tasks)
2026/05/07 16:59:21 - simulation time     650 (s) : SimLog- Tasks executed on each level                                : Cloud=           1184 tasks (where 1033 were successfully executed)
2026/05/07 16:59:21 - simulation time     650 (s) :                                                                        Edge=            546 tasks (where 479 were successfully executed)
2026/05/07 16:59:21 - simulation time     650 (s) :                                                                        Mist=           2442 tasks (where 2301 were successfully executed)
2026/05/07 16:59:21 - simulation time     650 (s) : SimLog- Network usage                                                           :           4191 seconds (The total traffic: 11480.95 (MBytes))
2026/05/07 16:59:21 - simulation time     650 (s) :                                                                         Wan=           1197 seconds (28.5612 % of total usage, WAN used when downloading containers=0 % of WAN usage)
2026/05/07 16:59:21 - simulation time     650 (s) :                                                                         Lan=           4191 seconds (100 % of total usage, LAN used when downloading containers=0 % of LAN usage)
2026/05/07 16:59:21 - simulation time     650 (s) :                                                    Average bandwidth per transfer=       854.3128 Mbps  
2026/05/07 16:59:21 - simulation time     650 (s) : SimLog- Average vm CPU utilization                                              :         0.4184 %
2026/05/07 16:59:21 - simulation time     650 (s) : SimLog- Average vm CPU utilization per level                             : Cloud=         0.0011 %
2026/05/07 16:59:21 - simulation time     650 (s) :                                                                             Edge=           0.05 %
2026/05/07 16:59:21 - simulation time     650 (s) :                                                                             Mist=         0.4679 %
2026/05/07 16:59:21 - simulation time     650 (s) : SimLog- Energy consumption                                                      :333539117031330800000 W,   205.2315 dBW
2026/05/07 16:59:21 - simulation time     650 (s) :                                                                                 :(Average:896610529654115070 W/data center(or device), 179.526 dBW/data center(or device))
2026/05/07 16:59:21 - simulation time     650 (s) :                                                                                 :(Average:81890281618298752 W/task, 169.1323 dBW/task)
2026/05/07 16:59:21 - simulation time     650 (s) : SimLog- Energy Consumption per level                                     : Cloud=106506242038560050000 W,   200.2738 dBW
2026/05/07 16:59:21 - simulation time     650 (s) :                                                                                 :(Average:5917013446586669100 W/data center, 187.721 dBW/data center)
2026/05/07 16:59:21 - simulation time     650 (s) :                                                                             Edge=28813749647138200000 W,    194.596 dBW
2026/05/07 16:59:21 - simulation time     650 (s) :                                                                                 :(Average:1200572901964091650 W/data center, 180.7939 dBW/data center)
2026/05/07 16:59:21 - simulation time     650 (s) :                                                                             Mist=198219125345632520000 W,   202.9715 dBW
2026/05/07 16:59:21 - simulation time     650 (s) :                                                                                 :(Average:600664016198886400 W/edge device, 177.7863 dBW/edge device)
2026/05/07 16:59:21 - simulation time     650 (s) : SimLog- Dead edge devices due to battery drain                                  :              0 devices (Among 0 devices with batteries (NaN %))
2026/05/07 16:59:21 - simulation time     650 (s) : SimLog- Average remaining power (devices with batteries that are still alive)   :              0 Wh (Average: 0 %)
2026/05/07 16:59:21 - simulation time     650 (s) : SimulationManager- the Scenario Simulation overflow times :1

================== Simulation finished at time 685.20 ==================


SimLog- Iteration finished...

######################################################################################################################################################################
Starting CloudSim Plus 4.3.0

2026/05/07 16:59:21 - simulation time       0 (s) : ServersManager- Datacenters and devices were generated
2026/05/07 16:59:21 - simulation time       0 (s) : SimulationManager-  Orchestration algorithm= WEIGHT_GREEDY-  Architechitecture= ALL -  number of edge devices= 396
2026/05/07 16:59:21 - simulation time       0 (s) : SimulationManager- Simulation: 1  , iteration: 36
2026/05/07 16:59:26 - simulation time     650 (s) : 
2026/05/07 16:59:26 - simulation time     650 (s) : ------------------------------------------------------- OUTPUT -------------------------------------------------------
2026/05/07 16:59:26 - simulation time     650 (s) : 
2026/05/07 16:59:26 - simulation time     650 (s) : SimLog- Tasks not sent because device died (low energy)                         :               0 % (0 tasks)
2026/05/07 16:59:26 - simulation time     650 (s) : SimLog- Tasks sent from edge devices                                            :             100 % (5020 among 5020 generated tasks)
2026/05/07 16:59:26 - simulation time     650 (s) : -------------------------------------All values below are based on the sent tasks-------------------------------------
2026/05/07 16:59:26 - simulation time     650 (s) : SimLog- Tasks ETE delay                                                         :      9894.3574 seconds
2026/05/07 16:59:26 - simulation time     650 (s) : SimLog- Average tasks ETE delay                                                 :         2.2017 seconds
2026/05/07 16:59:26 - simulation time     650 (s) : SimLog- Tasks execution delay                                                   :      2855.2758 seconds
2026/05/07 16:59:26 - simulation time     650 (s) : SimLog- Average tasks execution delay                                           :         0.6083 seconds
2026/05/07 16:59:26 - simulation time     650 (s) : SimLog- Tasks waiting time (from task submiting to the execution start)         :        722.264 seconds
2026/05/07 16:59:26 - simulation time     650 (s) : SimLog- Average tasks waiting time (from task submiting to the execution start) :         0.1539 seconds
2026/05/07 16:59:26 - simulation time     650 (s) : SimLog- Tasks successfully executed                                             :        89.5219 % (4494 among 5020 sent tasks)
2026/05/07 16:59:26 - simulation time     650 (s) : SimLog- Tasks failures
2026/05/07 16:59:26 - simulation time     650 (s) :                                        Not executed due to resources unavailable:              0 % (0 tasks)
2026/05/07 16:59:26 - simulation time     650 (s) :                               Successfully executed but failed due to high delay:         4.9801 % (250 tasks from 5020 successfully sent tasks)
2026/05/07 16:59:26 - simulation time     650 (s) :                  Tasks execution results not returned because the device is dead:              0 % (0 tasks)
2026/05/07 16:59:26 - simulation time     650 (s) :                      Tasks execution results not returned due to device mobility:          5.498 % (276 tasks)
2026/05/07 16:59:26 - simulation time     650 (s) : SimLog- Tasks executed on each level                                : Cloud=           1309 tasks (where 1148 were successfully executed)
2026/05/07 16:59:26 - simulation time     650 (s) :                                                                        Edge=            586 tasks (where 524 were successfully executed)
2026/05/07 16:59:26 - simulation time     650 (s) :                                                                        Mist=           3125 tasks (where 2822 were successfully executed)
2026/05/07 16:59:26 - simulation time     650 (s) : SimLog- Network usage                                                           :           4596 seconds (The total traffic: 12514.45 (MBytes))
2026/05/07 16:59:26 - simulation time     650 (s) :                                                                         Wan=           1327 seconds (28.8729 % of total usage, WAN used when downloading containers=0 % of WAN usage)
2026/05/07 16:59:26 - simulation time     650 (s) :                                                                         Lan=           4596 seconds (100 % of total usage, LAN used when downloading containers=0 % of LAN usage)
2026/05/07 16:59:26 - simulation time     650 (s) :                                                    Average bandwidth per transfer=       837.1136 Mbps  
2026/05/07 16:59:26 - simulation time     650 (s) : SimLog- Average vm CPU utilization                                              :         0.4153 %
2026/05/07 16:59:26 - simulation time     650 (s) : SimLog- Average vm CPU utilization per level                             : Cloud=         0.0158 %
2026/05/07 16:59:26 - simulation time     650 (s) :                                                                             Edge=          0.055 %
2026/05/07 16:59:26 - simulation time     650 (s) :                                                                             Mist=         0.4553 %
2026/05/07 16:59:26 - simulation time     650 (s) : SimLog- Energy consumption                                                      :333755922681120200000 W,   205.2343 dBW
2026/05/07 16:59:26 - simulation time     650 (s) :                                                                                 :(Average:761999823472877180 W/data center(or device), 178.8195 dBW/data center(or device))
2026/05/07 16:59:26 - simulation time     650 (s) :                                                                                 :(Average:70353272066003424 W/task, 168.4728 dBW/task)
2026/05/07 16:59:26 - simulation time     650 (s) : SimLog- Energy Consumption per level                                     : Cloud=104393327252958430000 W,   200.1867 dBW
2026/05/07 16:59:26 - simulation time     650 (s) :                                                                                 :(Average:5799629291831023600 W/data center, 187.634 dBW/data center)
2026/05/07 16:59:26 - simulation time     650 (s) :                                                                             Edge=30478510123933700000 W,   194.8399 dBW
2026/05/07 16:59:26 - simulation time     650 (s) :                                                                                 :(Average:1269937921830570750 W/data center, 181.0378 dBW/data center)
2026/05/07 16:59:26 - simulation time     650 (s) :                                                                             Mist=198884085304228120000 W,    202.986 dBW
2026/05/07 16:59:26 - simulation time     650 (s) :                                                                                 :(Average:502232538647040700 W/edge device, 177.009 dBW/edge device)
2026/05/07 16:59:26 - simulation time     650 (s) : SimLog- Dead edge devices due to battery drain                                  :              0 devices (Among 0 devices with batteries (NaN %))
2026/05/07 16:59:26 - simulation time     650 (s) : SimLog- Average remaining power (devices with batteries that are still alive)   :              0 Wh (Average: 0 %)
2026/05/07 16:59:26 - simulation time     650 (s) : SimulationManager- the Scenario Simulation overflow times :1

================== Simulation finished at time 685.20 ==================


SimLog- Iteration finished...

######################################################################################################################################################################
Starting CloudSim Plus 4.3.0

2026/05/07 16:59:26 - simulation time       0 (s) : ServersManager- Datacenters and devices were generated
2026/05/07 16:59:26 - simulation time       0 (s) : SimulationManager-  Orchestration algorithm= WEIGHT_GREEDY-  Architechitecture= ALL -  number of edge devices= 462
2026/05/07 16:59:26 - simulation time       0 (s) : SimulationManager- Simulation: 1  , iteration: 37
2026/05/07 16:59:33 - simulation time     660 (s) : 
2026/05/07 16:59:33 - simulation time     660 (s) : ------------------------------------------------------- OUTPUT -------------------------------------------------------
2026/05/07 16:59:33 - simulation time     660 (s) : 
2026/05/07 16:59:33 - simulation time     660 (s) : SimLog- Tasks not sent because device died (low energy)                         :               0 % (0 tasks)
2026/05/07 16:59:33 - simulation time     660 (s) : SimLog- Tasks sent from edge devices                                            :             100 % (5864 among 5864 generated tasks)
2026/05/07 16:59:33 - simulation time     660 (s) : -------------------------------------All values below are based on the sent tasks-------------------------------------
2026/05/07 16:59:33 - simulation time     660 (s) : SimLog- Tasks ETE delay                                                         :     10686.9935 seconds
2026/05/07 16:59:33 - simulation time     660 (s) : SimLog- Average tasks ETE delay                                                 :         2.0731 seconds
2026/05/07 16:59:33 - simulation time     660 (s) : SimLog- Tasks execution delay                                                   :      3091.8959 seconds
2026/05/07 16:59:33 - simulation time     660 (s) : SimLog- Average tasks execution delay                                           :         0.5724 seconds
2026/05/07 16:59:33 - simulation time     660 (s) : SimLog- Tasks waiting time (from task submiting to the execution start)         :       787.8294 seconds
2026/05/07 16:59:33 - simulation time     660 (s) : SimLog- Average tasks waiting time (from task submiting to the execution start) :         0.1458 seconds
2026/05/07 16:59:33 - simulation time     660 (s) : SimLog- Tasks successfully executed                                             :        87.9093 % (5155 among 5864 sent tasks)
2026/05/07 16:59:33 - simulation time     660 (s) : SimLog- Tasks failures
2026/05/07 16:59:33 - simulation time     660 (s) :                                        Not executed due to resources unavailable:              0 % (0 tasks)
2026/05/07 16:59:33 - simulation time     660 (s) :                               Successfully executed but failed due to high delay:          5.116 % (300 tasks from 5864 successfully sent tasks)
2026/05/07 16:59:33 - simulation time     660 (s) :                  Tasks execution results not returned because the device is dead:              0 % (0 tasks)
2026/05/07 16:59:33 - simulation time     660 (s) :                      Tasks execution results not returned due to device mobility:         6.9748 % (409 tasks)
2026/05/07 16:59:33 - simulation time     660 (s) : SimLog- Tasks executed on each level                                : Cloud=           1430 tasks (where 1247 were successfully executed)
2026/05/07 16:59:33 - simulation time     660 (s) :                                                                        Edge=            639 tasks (where 571 were successfully executed)
2026/05/07 16:59:33 - simulation time     660 (s) :                                                                        Mist=           3795 tasks (where 3337 were successfully executed)
2026/05/07 16:59:33 - simulation time     660 (s) : SimLog- Network usage                                                           :           5132 seconds (The total traffic: 12062.5 (MBytes))
2026/05/07 16:59:33 - simulation time     660 (s) :                                                                         Wan=           1446 seconds (28.1761 % of total usage, WAN used when downloading containers=0 % of WAN usage)
2026/05/07 16:59:33 - simulation time     660 (s) :                                                                         Lan=           5132 seconds (100 % of total usage, LAN used when downloading containers=0 % of LAN usage)
2026/05/07 16:59:33 - simulation time     660 (s) :                                                    Average bandwidth per transfer=       844.0126 Mbps  
2026/05/07 16:59:33 - simulation time     660 (s) : SimLog- Average vm CPU utilization                                              :         0.3805 %
2026/05/07 16:59:33 - simulation time     660 (s) : SimLog- Average vm CPU utilization per level                             : Cloud=         0.0033 %
2026/05/07 16:59:33 - simulation time     660 (s) :                                                                             Edge=         0.0572 %
2026/05/07 16:59:33 - simulation time     660 (s) :                                                                             Mist=          0.412 %
2026/05/07 16:59:33 - simulation time     660 (s) : SimLog- Energy consumption                                                      :306300383623594300000 W,   204.8615 dBW
2026/05/07 16:59:33 - simulation time     660 (s) :                                                                                 :(Average:607738856396020480 W/data center(or device), 177.8372 dBW/data center(or device))
2026/05/07 16:59:33 - simulation time     660 (s) :                                                                                 :(Average:56140099637755552 W/task, 167.4927 dBW/task)
2026/05/07 16:59:33 - simulation time     660 (s) : SimLog- Energy Consumption per level                                     : Cloud=89852509695218380000 W,   199.5353 dBW
2026/05/07 16:59:33 - simulation time     660 (s) :                                                                                 :(Average:4991806094178799600 W/data center, 186.9826 dBW/data center)
2026/05/07 16:59:33 - simulation time     660 (s) :                                                                             Edge=30747835780337914000 W,   194.8781 dBW
2026/05/07 16:59:33 - simulation time     660 (s) :                                                                                 :(Average:1281159824180746500 W/data center, 181.076 dBW/data center)
2026/05/07 16:59:33 - simulation time     660 (s) :                                                                             Mist=185700038148038030000 W,   202.6881 dBW
2026/05/07 16:59:33 - simulation time     660 (s) :                                                                                 :(Average:401948134519562820 W/edge device, 176.0417 dBW/edge device)
2026/05/07 16:59:33 - simulation time     660 (s) : SimLog- Dead edge devices due to battery drain                                  :              0 devices (Among 0 devices with batteries (NaN %))
2026/05/07 16:59:33 - simulation time     660 (s) : SimLog- Average remaining power (devices with batteries that are still alive)   :              0 Wh (Average: 0 %)
2026/05/07 16:59:33 - simulation time     660 (s) : SimulationManager- the Scenario Simulation overflow times :1

================== Simulation finished at time 691.50 ==================


SimLog- Iteration finished...

######################################################################################################################################################################
Starting CloudSim Plus 4.3.0

2026/05/07 16:59:33 - simulation time       0 (s) : ServersManager- Datacenters and devices were generated
2026/05/07 16:59:33 - simulation time       0 (s) : SimulationManager-  Orchestration algorithm= WEIGHT_GREEDY-  Architechitecture= ALL -  number of edge devices= 528
2026/05/07 16:59:33 - simulation time       0 (s) : SimulationManager- Simulation: 1  , iteration: 38
2026/05/07 16:59:41 - simulation time     650 (s) : 
2026/05/07 16:59:41 - simulation time     650 (s) : ------------------------------------------------------- OUTPUT -------------------------------------------------------
2026/05/07 16:59:41 - simulation time     650 (s) : 
2026/05/07 16:59:41 - simulation time     650 (s) : SimLog- Tasks not sent because device died (low energy)                         :               0 % (0 tasks)
2026/05/07 16:59:41 - simulation time     650 (s) : SimLog- Tasks sent from edge devices                                            :             100 % (6696 among 6696 generated tasks)
2026/05/07 16:59:41 - simulation time     650 (s) : -------------------------------------All values below are based on the sent tasks-------------------------------------
2026/05/07 16:59:41 - simulation time     650 (s) : SimLog- Tasks ETE delay                                                         :     12071.2767 seconds
2026/05/07 16:59:41 - simulation time     650 (s) : SimLog- Average tasks ETE delay                                                 :         2.0526 seconds
2026/05/07 16:59:41 - simulation time     650 (s) : SimLog- Tasks execution delay                                                   :       3820.252 seconds
2026/05/07 16:59:41 - simulation time     650 (s) : SimLog- Average tasks execution delay                                           :         0.6208 seconds
2026/05/07 16:59:41 - simulation time     650 (s) : SimLog- Tasks waiting time (from task submiting to the execution start)         :        1095.11 seconds
2026/05/07 16:59:41 - simulation time     650 (s) : SimLog- Average tasks waiting time (from task submiting to the execution start) :          0.178 seconds
2026/05/07 16:59:41 - simulation time     650 (s) : SimLog- Tasks successfully executed                                             :        87.8286 % (5881 among 6696 sent tasks)
2026/05/07 16:59:41 - simulation time     650 (s) : SimLog- Tasks failures
2026/05/07 16:59:41 - simulation time     650 (s) :                                        Not executed due to resources unavailable:              0 % (0 tasks)
2026/05/07 16:59:41 - simulation time     650 (s) :                               Successfully executed but failed due to high delay:         5.0329 % (337 tasks from 6696 successfully sent tasks)
2026/05/07 16:59:41 - simulation time     650 (s) :                  Tasks execution results not returned because the device is dead:              0 % (0 tasks)
2026/05/07 16:59:41 - simulation time     650 (s) :                      Tasks execution results not returned due to device mobility:         7.1386 % (478 tasks)
2026/05/07 16:59:41 - simulation time     650 (s) : SimLog- Tasks executed on each level                                : Cloud=           1488 tasks (where 1279 were successfully executed)
2026/05/07 16:59:41 - simulation time     650 (s) :                                                                        Edge=            667 tasks (where 589 were successfully executed)
2026/05/07 16:59:41 - simulation time     650 (s) :                                                                        Mist=           4541 tasks (where 4013 were successfully executed)
2026/05/07 16:59:41 - simulation time     650 (s) : SimLog- Network usage                                                           :           5465 seconds (The total traffic: 12187.6 (MBytes))
2026/05/07 16:59:41 - simulation time     650 (s) :                                                                         Wan=           1503 seconds (27.5023 % of total usage, WAN used when downloading containers=0 % of WAN usage)
2026/05/07 16:59:41 - simulation time     650 (s) :                                                                         Lan=           5465 seconds (100 % of total usage, LAN used when downloading containers=0 % of LAN usage)
2026/05/07 16:59:41 - simulation time     650 (s) :                                                    Average bandwidth per transfer=       845.5287 Mbps  
2026/05/07 16:59:41 - simulation time     650 (s) : SimLog- Average vm CPU utilization                                              :         0.4907 %
2026/05/07 16:59:41 - simulation time     650 (s) : SimLog- Average vm CPU utilization per level                             : Cloud=         0.0056 %
2026/05/07 16:59:41 - simulation time     650 (s) :                                                                             Edge=         0.0483 %
2026/05/07 16:59:41 - simulation time     650 (s) :                                                                             Mist=         0.5274 %
2026/05/07 16:59:41 - simulation time     650 (s) : SimLog- Energy consumption                                                      :299110400774764700000 W,   204.7583 dBW
2026/05/07 16:59:41 - simulation time     650 (s) :                                                                                 :(Average:524755089078534530 W/data center(or device), 177.1996 dBW/data center(or device))
2026/05/07 16:59:41 - simulation time     650 (s) :                                                                                 :(Average:48096221382017152 W/task, 166.8211 dBW/task)
2026/05/07 16:59:41 - simulation time     650 (s) : SimLog- Energy Consumption per level                                     : Cloud=82814971337800990000 W,   199.1811 dBW
2026/05/07 16:59:41 - simulation time     650 (s) :                                                                                 :(Average:4600831740988943900 W/data center, 186.6284 dBW/data center)
2026/05/07 16:59:41 - simulation time     650 (s) :                                                                             Edge=25618520924580282000 W,   194.0855 dBW
2026/05/07 16:59:41 - simulation time     650 (s) :                                                                                 :(Average:1067438371857511810 W/data center, 180.2834 dBW/data center)
2026/05/07 16:59:41 - simulation time     650 (s) :                                                                             Mist=190676908512383430000 W,    202.803 dBW
2026/05/07 16:59:41 - simulation time     650 (s) :                                                                                 :(Average:361130508546180740 W/edge device, 175.5766 dBW/edge device)
2026/05/07 16:59:41 - simulation time     650 (s) : SimLog- Dead edge devices due to battery drain                                  :              0 devices (Among 0 devices with batteries (NaN %))
2026/05/07 16:59:41 - simulation time     650 (s) : SimLog- Average remaining power (devices with batteries that are still alive)   :              0 Wh (Average: 0 %)
2026/05/07 16:59:41 - simulation time     650 (s) : SimulationManager- the Scenario Simulation overflow times :1

================== Simulation finished at time 685.20 ==================


SimLog- Iteration finished...

######################################################################################################################################################################
Starting CloudSim Plus 4.3.0

2026/05/07 16:59:41 - simulation time       0 (s) : ServersManager- Datacenters and devices were generated
2026/05/07 16:59:41 - simulation time       0 (s) : SimulationManager-  Orchestration algorithm= WEIGHT_GREEDY-  Architechitecture= ALL -  number of edge devices= 594
2026/05/07 16:59:41 - simulation time       0 (s) : SimulationManager- Simulation: 1  , iteration: 39
2026/05/07 16:59:51 - simulation time     660 (s) : 
2026/05/07 16:59:51 - simulation time     660 (s) : ------------------------------------------------------- OUTPUT -------------------------------------------------------
2026/05/07 16:59:51 - simulation time     660 (s) : 
2026/05/07 16:59:51 - simulation time     660 (s) : SimLog- Tasks not sent because device died (low energy)                         :               0 % (0 tasks)
2026/05/07 16:59:51 - simulation time     660 (s) : SimLog- Tasks sent from edge devices                                            :             100 % (7514 among 7514 generated tasks)
2026/05/07 16:59:51 - simulation time     660 (s) : -------------------------------------All values below are based on the sent tasks-------------------------------------
2026/05/07 16:59:51 - simulation time     660 (s) : SimLog- Tasks ETE delay                                                         :     13590.0434 seconds
2026/05/07 16:59:51 - simulation time     660 (s) : SimLog- Average tasks ETE delay                                                 :         2.0439 seconds
2026/05/07 16:59:51 - simulation time     660 (s) : SimLog- Tasks execution delay                                                   :      4487.1394 seconds
2026/05/07 16:59:51 - simulation time     660 (s) : SimLog- Average tasks execution delay                                           :         0.6485 seconds
2026/05/07 16:59:51 - simulation time     660 (s) : SimLog- Tasks waiting time (from task submiting to the execution start)         :      1414.2894 seconds
2026/05/07 16:59:51 - simulation time     660 (s) : SimLog- Average tasks waiting time (from task submiting to the execution start) :         0.2044 seconds
2026/05/07 16:59:51 - simulation time     660 (s) : SimLog- Tasks successfully executed                                             :        88.4882 % (6649 among 7514 sent tasks)
2026/05/07 16:59:51 - simulation time     660 (s) : SimLog- Tasks failures
2026/05/07 16:59:51 - simulation time     660 (s) :                                        Not executed due to resources unavailable:              0 % (0 tasks)
2026/05/07 16:59:51 - simulation time     660 (s) :                               Successfully executed but failed due to high delay:         4.8044 % (361 tasks from 7514 successfully sent tasks)
2026/05/07 16:59:51 - simulation time     660 (s) :                  Tasks execution results not returned because the device is dead:              0 % (0 tasks)
2026/05/07 16:59:51 - simulation time     660 (s) :                      Tasks execution results not returned due to device mobility:         6.7075 % (504 tasks)
2026/05/07 16:59:51 - simulation time     660 (s) : SimLog- Tasks executed on each level                                : Cloud=           1567 tasks (where 1380 were successfully executed)
2026/05/07 16:59:51 - simulation time     660 (s) :                                                                        Edge=            684 tasks (where 580 were successfully executed)
2026/05/07 16:59:51 - simulation time     660 (s) :                                                                        Mist=           5263 tasks (where 4689 were successfully executed)
2026/05/07 16:59:51 - simulation time     660 (s) : SimLog- Network usage                                                           :           5890 seconds (The total traffic: 14685.3 (MBytes))
2026/05/07 16:59:51 - simulation time     660 (s) :                                                                         Wan=           1583 seconds (26.8761 % of total usage, WAN used when downloading containers=0 % of WAN usage)
2026/05/07 16:59:51 - simulation time     660 (s) :                                                                         Lan=           5890 seconds (100 % of total usage, LAN used when downloading containers=0 % of LAN usage)
2026/05/07 16:59:51 - simulation time     660 (s) :                                                    Average bandwidth per transfer=       846.4972 Mbps  
2026/05/07 16:59:51 - simulation time     660 (s) : SimLog- Average vm CPU utilization                                              :         0.5173 %
2026/05/07 16:59:51 - simulation time     660 (s) : SimLog- Average vm CPU utilization per level                             : Cloud=          0.005 %
2026/05/07 16:59:51 - simulation time     660 (s) :                                                                             Edge=         0.0551 %
2026/05/07 16:59:51 - simulation time     660 (s) :                                                                             Mist=         0.5515 %
2026/05/07 16:59:51 - simulation time     660 (s) : SimLog- Energy consumption                                                      :369259420184704600000 W,   205.6733 dBW
2026/05/07 16:59:51 - simulation time     660 (s) :                                                                                 :(Average:580596572617460100 W/data center(or device), 177.6387 dBW/data center(or device))
2026/05/07 16:59:51 - simulation time     660 (s) :                                                                                 :(Average:52676094177561280 W/task, 167.2161 dBW/task)
2026/05/07 16:59:51 - simulation time     660 (s) : SimLog- Energy Consumption per level                                     : Cloud=112696887550475440000 W,   200.5191 dBW
2026/05/07 16:59:51 - simulation time     660 (s) :                                                                                 :(Average:6260938197248634900 W/data center, 187.9664 dBW/data center)
2026/05/07 16:59:51 - simulation time     660 (s) :                                                                             Edge=26470406249017140000 W,   194.2276 dBW
2026/05/07 16:59:51 - simulation time     660 (s) :                                                                                 :(Average:1102933593709047420 W/data center, 180.4255 dBW/data center)
2026/05/07 16:59:51 - simulation time     660 (s) :                                                                             Mist=230092126385211970000 W,    203.619 dBW
2026/05/07 16:59:51 - simulation time     660 (s) :                                                                                 :(Average:387360482129986500 W/edge device, 175.8812 dBW/edge device)
2026/05/07 16:59:51 - simulation time     660 (s) : SimLog- Dead edge devices due to battery drain                                  :              0 devices (Among 0 devices with batteries (NaN %))
2026/05/07 16:59:51 - simulation time     660 (s) : SimLog- Average remaining power (devices with batteries that are still alive)   :              0 Wh (Average: 0 %)
2026/05/07 16:59:51 - simulation time     660 (s) : SimulationManager- the Scenario Simulation overflow times :1

================== Simulation finished at time 691.50 ==================


SimLog- Iteration finished...

######################################################################################################################################################################
Starting CloudSim Plus 4.3.0

2026/05/07 16:59:51 - simulation time       0 (s) : ServersManager- Datacenters and devices were generated
2026/05/07 16:59:51 - simulation time       0 (s) : SimulationManager-  Orchestration algorithm= WEIGHT_GREEDY-  Architechitecture= ALL -  number of edge devices= 660
2026/05/07 16:59:51 - simulation time       0 (s) : SimulationManager- Simulation: 1  , iteration: 40
2026/05/07 17:00:03 - simulation time     650 (s) : 
2026/05/07 17:00:03 - simulation time     650 (s) : ------------------------------------------------------- OUTPUT -------------------------------------------------------
2026/05/07 17:00:03 - simulation time     650 (s) : 
2026/05/07 17:00:03 - simulation time     650 (s) : SimLog- Tasks not sent because device died (low energy)                         :               0 % (0 tasks)
2026/05/07 17:00:03 - simulation time     650 (s) : SimLog- Tasks sent from edge devices                                            :             100 % (8354 among 8354 generated tasks)
2026/05/07 17:00:03 - simulation time     650 (s) : -------------------------------------All values below are based on the sent tasks-------------------------------------
2026/05/07 17:00:03 - simulation time     650 (s) : SimLog- Tasks ETE delay                                                         :     15660.1481 seconds
2026/05/07 17:00:03 - simulation time     650 (s) : SimLog- Average tasks ETE delay                                                 :         2.1624 seconds
2026/05/07 17:00:03 - simulation time     650 (s) : SimLog- Tasks execution delay                                                   :      5007.9896 seconds
2026/05/07 17:00:03 - simulation time     650 (s) : SimLog- Average tasks execution delay                                           :         0.6628 seconds
2026/05/07 17:00:03 - simulation time     650 (s) : SimLog- Tasks waiting time (from task submiting to the execution start)         :      2656.8559 seconds
2026/05/07 17:00:03 - simulation time     650 (s) : SimLog- Average tasks waiting time (from task submiting to the execution start) :         0.3516 seconds
2026/05/07 17:00:03 - simulation time     650 (s) : SimLog- Tasks successfully executed                                             :         86.689 % (7242 among 8354 sent tasks)
2026/05/07 17:00:03 - simulation time     650 (s) : SimLog- Tasks failures
2026/05/07 17:00:03 - simulation time     650 (s) :                                        Not executed due to resources unavailable:              0 % (0 tasks)
2026/05/07 17:00:03 - simulation time     650 (s) :                               Successfully executed but failed due to high delay:          5.662 % (473 tasks from 8354 successfully sent tasks)
2026/05/07 17:00:03 - simulation time     650 (s) :                  Tasks execution results not returned because the device is dead:              0 % (0 tasks)
2026/05/07 17:00:03 - simulation time     650 (s) :                      Tasks execution results not returned due to device mobility:          7.649 % (639 tasks)
2026/05/07 17:00:03 - simulation time     650 (s) : SimLog- Tasks executed on each level                                : Cloud=           1720 tasks (where 1467 were successfully executed)
2026/05/07 17:00:03 - simulation time     650 (s) :                                                                        Edge=            711 tasks (where 580 were successfully executed)
2026/05/07 17:00:03 - simulation time     650 (s) :                                                                        Mist=           5923 tasks (where 5195 were successfully executed)
2026/05/07 17:00:03 - simulation time     650 (s) : SimLog- Network usage                                                           :           6350 seconds (The total traffic: 17231.65 (MBytes))
2026/05/07 17:00:03 - simulation time     650 (s) :                                                                         Wan=           1779 seconds (28.0157 % of total usage, WAN used when downloading containers=0 % of WAN usage)
2026/05/07 17:00:03 - simulation time     650 (s) :                                                                         Lan=           6350 seconds (100 % of total usage, LAN used when downloading containers=0 % of LAN usage)
2026/05/07 17:00:03 - simulation time     650 (s) :                                                    Average bandwidth per transfer=       829.0177 Mbps  
2026/05/07 17:00:03 - simulation time     650 (s) : SimLog- Average vm CPU utilization                                              :         0.5147 %
2026/05/07 17:00:03 - simulation time     650 (s) : SimLog- Average vm CPU utilization per level                             : Cloud=          0.025 %
2026/05/07 17:00:03 - simulation time     650 (s) :                                                                             Edge=         0.0668 %
2026/05/07 17:00:03 - simulation time     650 (s) :                                                                             Mist=         0.5444 %
2026/05/07 17:00:03 - simulation time     650 (s) : SimLog- Energy consumption                                                      :418502671537676350000 W,    206.217 dBW
2026/05/07 17:00:03 - simulation time     650 (s) :                                                                                 :(Average:596157651763071740 W/data center(or device), 177.7536 dBW/data center(or device))
2026/05/07 17:00:03 - simulation time     650 (s) :                                                                                 :(Average:54245323595291816 W/task, 167.3436 dBW/task)
2026/05/07 17:00:03 - simulation time     650 (s) : SimLog- Energy Consumption per level                                     : Cloud=120574737869834170000 W,   200.8126 dBW
2026/05/07 17:00:03 - simulation time     650 (s) :                                                                                 :(Average:6698596548324120600 W/data center, 188.2598 dBW/data center)
2026/05/07 17:00:03 - simulation time     650 (s) :                                                                             Edge=34357183438574772000 W,   195.3602 dBW
2026/05/07 17:00:03 - simulation time     650 (s) :                                                                                 :(Average:1431549309940615420 W/data center, 181.5581 dBW/data center)
2026/05/07 17:00:03 - simulation time     650 (s) :                                                                             Mist=263570750229267380000 W,    204.209 dBW
2026/05/07 17:00:03 - simulation time     650 (s) :                                                                                 :(Average:399349621559496060 W/edge device, 176.0135 dBW/edge device)
2026/05/07 17:00:03 - simulation time     650 (s) : SimLog- Dead edge devices due to battery drain                                  :              0 devices (Among 0 devices with batteries (NaN %))
2026/05/07 17:00:03 - simulation time     650 (s) : SimLog- Average remaining power (devices with batteries that are still alive)   :              0 Wh (Average: 0 %)
2026/05/07 17:00:03 - simulation time     650 (s) : SimulationManager- the Scenario Simulation overflow times :1

================== Simulation finished at time 685.20 ==================


SimLog- Iteration finished...

######################################################################################################################################################################
Starting CloudSim Plus 4.3.0

2026/05/07 17:00:03 - simulation time       0 (s) : ServersManager- Datacenters and devices were generated
2026/05/07 17:00:03 - simulation time       0 (s) : SimulationManager-  Orchestration algorithm= WEIGHT_GREEDY-  Architechitecture= ALL -  number of edge devices= 726
2026/05/07 17:00:03 - simulation time       0 (s) : SimulationManager- Simulation: 1  , iteration: 41
2026/05/07 17:00:17 - simulation time     660 (s) : 
2026/05/07 17:00:17 - simulation time     660 (s) : ------------------------------------------------------- OUTPUT -------------------------------------------------------
2026/05/07 17:00:17 - simulation time     660 (s) : 
2026/05/07 17:00:17 - simulation time     660 (s) : SimLog- Tasks not sent because device died (low energy)                         :               0 % (0 tasks)
2026/05/07 17:00:17 - simulation time     660 (s) : SimLog- Tasks sent from edge devices                                            :             100 % (9188 among 9188 generated tasks)
2026/05/07 17:00:17 - simulation time     660 (s) : -------------------------------------All values below are based on the sent tasks-------------------------------------
2026/05/07 17:00:17 - simulation time     660 (s) : SimLog- Tasks ETE delay                                                         :     18617.6341 seconds
2026/05/07 17:00:17 - simulation time     660 (s) : SimLog- Average tasks ETE delay                                                 :         2.3832 seconds
2026/05/07 17:00:17 - simulation time     660 (s) : SimLog- Tasks execution delay                                                   :      5564.8239 seconds
2026/05/07 17:00:17 - simulation time     660 (s) : SimLog- Average tasks execution delay                                           :         0.6854 seconds
2026/05/07 17:00:17 - simulation time     660 (s) : SimLog- Tasks waiting time (from task submiting to the execution start)         :      5076.2029 seconds
2026/05/07 17:00:17 - simulation time     660 (s) : SimLog- Average tasks waiting time (from task submiting to the execution start) :         0.6252 seconds
2026/05/07 17:00:17 - simulation time     660 (s) : SimLog- Tasks successfully executed                                             :        85.0239 % (7812 among 9188 sent tasks)
2026/05/07 17:00:17 - simulation time     660 (s) : SimLog- Tasks failures
2026/05/07 17:00:17 - simulation time     660 (s) :                                        Not executed due to resources unavailable:              0 % (0 tasks)
2026/05/07 17:00:17 - simulation time     660 (s) :                               Successfully executed but failed due to high delay:          6.737 % (619 tasks from 9188 successfully sent tasks)
2026/05/07 17:00:17 - simulation time     660 (s) :                  Tasks execution results not returned because the device is dead:              0 % (0 tasks)
2026/05/07 17:00:17 - simulation time     660 (s) :                      Tasks execution results not returned due to device mobility:          8.239 % (757 tasks)
2026/05/07 17:00:17 - simulation time     660 (s) : SimLog- Tasks executed on each level                                : Cloud=           1770 tasks (where 1430 were successfully executed)
2026/05/07 17:00:17 - simulation time     660 (s) :                                                                        Edge=            747 tasks (where 619 were successfully executed)
2026/05/07 17:00:17 - simulation time     660 (s) :                                                                        Mist=           6671 tasks (where 5763 were successfully executed)
2026/05/07 17:00:17 - simulation time     660 (s) : SimLog- Network usage                                                           :           6586 seconds (The total traffic: 16173.5 (MBytes))
2026/05/07 17:00:17 - simulation time     660 (s) :                                                                         Wan=           1838 seconds (27.9077 % of total usage, WAN used when downloading containers=0 % of WAN usage)
2026/05/07 17:00:17 - simulation time     660 (s) :                                                                         Lan=           6586 seconds (100 % of total usage, LAN used when downloading containers=0 % of LAN usage)
2026/05/07 17:00:17 - simulation time     660 (s) :                                                    Average bandwidth per transfer=       822.6573 Mbps  
2026/05/07 17:00:17 - simulation time     660 (s) : SimLog- Average vm CPU utilization                                              :         0.5962 %
2026/05/07 17:00:17 - simulation time     660 (s) : SimLog- Average vm CPU utilization per level                             : Cloud=         0.0962 %
2026/05/07 17:00:17 - simulation time     660 (s) :                                                                             Edge=         0.0804 %
2026/05/07 17:00:17 - simulation time     660 (s) :                                                                             Mist=         0.6257 %
2026/05/07 17:00:17 - simulation time     660 (s) : SimLog- Energy consumption                                                      :386925795363741100000 W,   205.8763 dBW
2026/05/07 17:00:17 - simulation time     660 (s) :                                                                                 :(Average:503809629379871230 W/data center(or device), 177.0227 dBW/data center(or device))
2026/05/07 17:00:17 - simulation time     660 (s) :                                                                                 :(Average:45887784080140072 W/task, 166.617 dBW/task)
2026/05/07 17:00:17 - simulation time     660 (s) : SimLog- Energy Consumption per level                                     : Cloud=105608484873796120000 W,    200.237 dBW
2026/05/07 17:00:17 - simulation time     660 (s) :                                                                                 :(Average:5867138048544229400 W/data center, 187.6843 dBW/data center)
2026/05/07 17:00:17 - simulation time     660 (s) :                                                                             Edge=32700039578639725000 W,   195.1455 dBW
2026/05/07 17:00:17 - simulation time     660 (s) :                                                                                 :(Average:1362501649109988610 W/data center, 181.3434 dBW/data center)
2026/05/07 17:00:17 - simulation time     660 (s) :                                                                             Mist=248617270911305250000 W,   203.9553 dBW
2026/05/07 17:00:17 - simulation time     660 (s) :                                                                                 :(Average:342448031558271680 W/edge device, 175.3459 dBW/edge device)
2026/05/07 17:00:17 - simulation time     660 (s) : SimLog- Dead edge devices due to battery drain                                  :              0 devices (Among 0 devices with batteries (NaN %))
2026/05/07 17:00:17 - simulation time     660 (s) : SimLog- Average remaining power (devices with batteries that are still alive)   :              0 Wh (Average: 0 %)
2026/05/07 17:00:17 - simulation time     660 (s) : SimulationManager- the Scenario Simulation overflow times :1

================== Simulation finished at time 691.50 ==================


SimLog- Iteration finished...

######################################################################################################################################################################
Starting CloudSim Plus 4.3.0

2026/05/07 17:00:17 - simulation time       0 (s) : ServersManager- Datacenters and devices were generated
2026/05/07 17:00:17 - simulation time       0 (s) : SimulationManager-  Orchestration algorithm= WEIGHT_GREEDY-  Architechitecture= ALL -  number of edge devices= 792
2026/05/07 17:00:17 - simulation time       0 (s) : SimulationManager- Simulation: 1  , iteration: 42
2026/05/07 17:00:34 - simulation time     650 (s) : 
2026/05/07 17:00:34 - simulation time     650 (s) : ------------------------------------------------------- OUTPUT -------------------------------------------------------
2026/05/07 17:00:34 - simulation time     650 (s) : 
2026/05/07 17:00:34 - simulation time     650 (s) : SimLog- Tasks not sent because device died (low energy)                         :               0 % (0 tasks)
2026/05/07 17:00:34 - simulation time     650 (s) : SimLog- Tasks sent from edge devices                                            :             100 % (10020 among 10020 generated tasks)
2026/05/07 17:00:34 - simulation time     650 (s) : -------------------------------------All values below are based on the sent tasks-------------------------------------
2026/05/07 17:00:34 - simulation time     650 (s) : SimLog- Tasks ETE delay                                                         :     23506.9068 seconds
2026/05/07 17:00:34 - simulation time     650 (s) : SimLog- Average tasks ETE delay                                                 :         2.7908 seconds
2026/05/07 17:00:34 - simulation time     650 (s) : SimLog- Tasks execution delay                                                   :      5994.4314 seconds
2026/05/07 17:00:34 - simulation time     650 (s) : SimLog- Average tasks execution delay                                           :         0.6895 seconds
2026/05/07 17:00:34 - simulation time     650 (s) : SimLog- Tasks waiting time (from task submiting to the execution start)         :      8993.0919 seconds
2026/05/07 17:00:34 - simulation time     650 (s) : SimLog- Average tasks waiting time (from task submiting to the execution start) :         1.0344 seconds
2026/05/07 17:00:34 - simulation time     650 (s) : SimLog- Tasks successfully executed                                             :        84.0619 % (8423 among 10020 sent tasks)
2026/05/07 17:00:34 - simulation time     650 (s) : SimLog- Tasks failures
2026/05/07 17:00:34 - simulation time     650 (s) :                                        Not executed due to resources unavailable:              0 % (0 tasks)
2026/05/07 17:00:34 - simulation time     650 (s) :                               Successfully executed but failed due to high delay:         7.1856 % (720 tasks from 10020 successfully sent tasks)
2026/05/07 17:00:34 - simulation time     650 (s) :                  Tasks execution results not returned because the device is dead:              0 % (0 tasks)
2026/05/07 17:00:34 - simulation time     650 (s) :                      Tasks execution results not returned due to device mobility:         8.7525 % (877 tasks)
2026/05/07 17:00:34 - simulation time     650 (s) : SimLog- Tasks executed on each level                                : Cloud=           1798 tasks (where 1497 were successfully executed)
2026/05/07 17:00:34 - simulation time     650 (s) :                                                                        Edge=            768 tasks (where 626 were successfully executed)
2026/05/07 17:00:34 - simulation time     650 (s) :                                                                        Mist=           7454 tasks (where 6300 were successfully executed)
2026/05/07 17:00:34 - simulation time     650 (s) : SimLog- Network usage                                                           :           6913 seconds (The total traffic: 17339.55 (MBytes))
2026/05/07 17:00:34 - simulation time     650 (s) :                                                                         Wan=           1879 seconds (27.1807 % of total usage, WAN used when downloading containers=0 % of WAN usage)
2026/05/07 17:00:34 - simulation time     650 (s) :                                                                         Lan=           6913 seconds (100 % of total usage, LAN used when downloading containers=0 % of LAN usage)
2026/05/07 17:00:34 - simulation time     650 (s) :                                                    Average bandwidth per transfer=       833.4221 Mbps  
2026/05/07 17:00:34 - simulation time     650 (s) : SimLog- Average vm CPU utilization                                              :         0.6165 %
2026/05/07 17:00:34 - simulation time     650 (s) : SimLog- Average vm CPU utilization per level                             : Cloud=         0.0372 %
2026/05/07 17:00:34 - simulation time     650 (s) :                                                                             Edge=         0.0656 %
2026/05/07 17:00:34 - simulation time     650 (s) :                                                                             Mist=         0.6464 %
2026/05/07 17:00:34 - simulation time     650 (s) : SimLog- Energy consumption                                                      :412071973675069400000 W,   206.1497 dBW
2026/05/07 17:00:34 - simulation time     650 (s) :                                                                                 :(Average:494091095533656380 W/data center(or device), 176.9381 dBW/data center(or device))
2026/05/07 17:00:34 - simulation time     650 (s) :                                                                                 :(Average:45049958858103136 W/task, 166.5369 dBW/task)
2026/05/07 17:00:34 - simulation time     650 (s) : SimLog- Energy Consumption per level                                     : Cloud=121769307344033680000 W,   200.8554 dBW
2026/05/07 17:00:34 - simulation time     650 (s) :                                                                                 :(Average:6764961519112982500 W/data center, 188.3027 dBW/data center)
2026/05/07 17:00:34 - simulation time     650 (s) :                                                                             Edge=30073489208173437000 W,   194.7818 dBW
2026/05/07 17:00:34 - simulation time     650 (s) :                                                                                 :(Average:1253062050340559870 W/data center, 180.9797 dBW/data center)
2026/05/07 17:00:34 - simulation time     650 (s) :                                                                             Mist=260229177122862300000 W,   204.1536 dBW
2026/05/07 17:00:34 - simulation time     650 (s) :                                                                                 :(Average:328572193336947330 W/edge device, 175.1663 dBW/edge device)
2026/05/07 17:00:34 - simulation time     650 (s) : SimLog- Dead edge devices due to battery drain                                  :              0 devices (Among 0 devices with batteries (NaN %))
2026/05/07 17:00:34 - simulation time     650 (s) : SimLog- Average remaining power (devices with batteries that are still alive)   :              0 Wh (Average: 0 %)
2026/05/07 17:00:34 - simulation time     650 (s) : SimulationManager- the Scenario Simulation overflow times :1

================== Simulation finished at time 685.20 ==================


SimLog- Iteration finished...

######################################################################################################################################################################
Starting CloudSim Plus 4.3.0

2026/05/07 17:00:34 - simulation time       0 (s) : ServersManager- Datacenters and devices were generated
2026/05/07 17:00:34 - simulation time       0 (s) : SimulationManager-  Orchestration algorithm= WEIGHT_GREEDY-  Architechitecture= ALL -  number of edge devices= 858
2026/05/07 17:00:34 - simulation time       0 (s) : SimulationManager- Simulation: 1  , iteration: 43
2026/05/07 17:00:53 - simulation time     660 (s) : 
2026/05/07 17:00:53 - simulation time     660 (s) : ------------------------------------------------------- OUTPUT -------------------------------------------------------
2026/05/07 17:00:53 - simulation time     660 (s) : 
2026/05/07 17:00:53 - simulation time     660 (s) : SimLog- Tasks not sent because device died (low energy)                         :               0 % (0 tasks)
2026/05/07 17:00:53 - simulation time     660 (s) : SimLog- Tasks sent from edge devices                                            :             100 % (10896 among 10896 generated tasks)
2026/05/07 17:00:53 - simulation time     660 (s) : -------------------------------------All values below are based on the sent tasks-------------------------------------
2026/05/07 17:00:53 - simulation time     660 (s) : SimLog- Tasks ETE delay                                                         :     31329.0603 seconds
2026/05/07 17:00:53 - simulation time     660 (s) : SimLog- Average tasks ETE delay                                                 :         3.4266 seconds
2026/05/07 17:00:53 - simulation time     660 (s) : SimLog- Tasks execution delay                                                   :      6965.4446 seconds
2026/05/07 17:00:53 - simulation time     660 (s) : SimLog- Average tasks execution delay                                           :          0.744 seconds
2026/05/07 17:00:53 - simulation time     660 (s) : SimLog- Tasks waiting time (from task submiting to the execution start)         :     15251.2822 seconds
2026/05/07 17:00:53 - simulation time     660 (s) : SimLog- Average tasks waiting time (from task submiting to the execution start) :         1.6291 seconds
2026/05/07 17:00:53 - simulation time     660 (s) : SimLog- Tasks successfully executed                                             :        83.9115 % (9143 among 10896 sent tasks)
2026/05/07 17:00:53 - simulation time     660 (s) : SimLog- Tasks failures
2026/05/07 17:00:53 - simulation time     660 (s) :                                        Not executed due to resources unavailable:              0 % (0 tasks)
2026/05/07 17:00:53 - simulation time     660 (s) :                               Successfully executed but failed due to high delay:         6.2225 % (678 tasks from 10896 successfully sent tasks)
2026/05/07 17:00:53 - simulation time     660 (s) :                  Tasks execution results not returned because the device is dead:              0 % (0 tasks)
2026/05/07 17:00:53 - simulation time     660 (s) :                      Tasks execution results not returned due to device mobility:          9.866 % (1075 tasks)
2026/05/07 17:00:53 - simulation time     660 (s) : SimLog- Tasks executed on each level                                : Cloud=           1858 tasks (where 1583 were successfully executed)
2026/05/07 17:00:53 - simulation time     660 (s) :                                                                        Edge=            762 tasks (where 647 were successfully executed)
2026/05/07 17:00:53 - simulation time     660 (s) :                                                                        Mist=           8276 tasks (where 6913 were successfully executed)
2026/05/07 17:00:53 - simulation time     660 (s) : SimLog- Network usage                                                           :           7258 seconds (The total traffic: 21596.6 (MBytes))
2026/05/07 17:00:53 - simulation time     660 (s) :                                                                         Wan=           1978 seconds (27.2527 % of total usage, WAN used when downloading containers=0 % of WAN usage)
2026/05/07 17:00:53 - simulation time     660 (s) :                                                                         Lan=           7258 seconds (100 % of total usage, LAN used when downloading containers=0 % of LAN usage)
2026/05/07 17:00:53 - simulation time     660 (s) :                                                    Average bandwidth per transfer=       827.5768 Mbps  
2026/05/07 17:00:53 - simulation time     660 (s) : SimLog- Average vm CPU utilization                                              :         0.6953 %
2026/05/07 17:00:53 - simulation time     660 (s) : SimLog- Average vm CPU utilization per level                             : Cloud=         0.1717 %
2026/05/07 17:00:53 - simulation time     660 (s) :                                                                             Edge=         0.1422 %
2026/05/07 17:00:53 - simulation time     660 (s) :                                                                             Mist=         0.7218 %
2026/05/07 17:00:53 - simulation time     660 (s) : SimLog- Energy consumption                                                      :496196841720610600000 W,   206.9565 dBW
2026/05/07 17:00:53 - simulation time     660 (s) :                                                                                 :(Average:551329824134011780 W/data center(or device), 177.4141 dBW/data center(or device))
2026/05/07 17:00:53 - simulation time     660 (s) :                                                                                 :(Average:50493216823100704 W/task, 167.0323 dBW/task)
2026/05/07 17:00:53 - simulation time     660 (s) : SimLog- Energy Consumption per level                                     : Cloud=141495067144665560000 W,   201.5074 dBW
2026/05/07 17:00:53 - simulation time     660 (s) :                                                                                 :(Average:7860837063592530900 W/data center, 188.9547 dBW/data center)
2026/05/07 17:00:53 - simulation time     660 (s) :                                                                             Edge=37691393274609350000 W,   195.7624 dBW
2026/05/07 17:00:53 - simulation time     660 (s) :                                                                                 :(Average:1570474719775389700 W/data center, 181.9603 dBW/data center)
2026/05/07 17:00:53 - simulation time     660 (s) :                                                                             Mist=317010381301335700000 W,   205.0107 dBW
2026/05/07 17:00:53 - simulation time     660 (s) :                                                                                 :(Average:369475968882675650 W/edge device, 175.6759 dBW/edge device)
2026/05/07 17:00:53 - simulation time     660 (s) : SimLog- Dead edge devices due to battery drain                                  :              0 devices (Among 0 devices with batteries (NaN %))
2026/05/07 17:00:53 - simulation time     660 (s) : SimLog- Average remaining power (devices with batteries that are still alive)   :              0 Wh (Average: 0 %)
2026/05/07 17:00:53 - simulation time     660 (s) : SimulationManager- the Scenario Simulation overflow times :1

================== Simulation finished at time 691.50 ==================


SimLog- Iteration finished...

######################################################################################################################################################################
Starting CloudSim Plus 4.3.0

2026/05/07 17:00:53 - simulation time       0 (s) : ServersManager- Datacenters and devices were generated
2026/05/07 17:00:53 - simulation time       0 (s) : SimulationManager-  Orchestration algorithm= WEIGHT_GREEDY-  Architechitecture= ALL -  number of edge devices= 924
2026/05/07 17:00:53 - simulation time       0 (s) : SimulationManager- Simulation: 1  , iteration: 44
2026/05/07 17:01:16 - simulation time     660 (s) : 
2026/05/07 17:01:16 - simulation time     660 (s) : ------------------------------------------------------- OUTPUT -------------------------------------------------------
2026/05/07 17:01:16 - simulation time     660 (s) : 
2026/05/07 17:01:16 - simulation time     660 (s) : SimLog- Tasks not sent because device died (low energy)                         :               0 % (0 tasks)
2026/05/07 17:01:16 - simulation time     660 (s) : SimLog- Tasks sent from edge devices                                            :             100 % (11726 among 11726 generated tasks)
2026/05/07 17:01:16 - simulation time     660 (s) : -------------------------------------All values below are based on the sent tasks-------------------------------------
2026/05/07 17:01:16 - simulation time     660 (s) : SimLog- Tasks ETE delay                                                         :     34610.1396 seconds
2026/05/07 17:01:16 - simulation time     660 (s) : SimLog- Average tasks ETE delay                                                 :         3.5603 seconds
2026/05/07 17:01:16 - simulation time     660 (s) : SimLog- Tasks execution delay                                                   :      6934.4626 seconds
2026/05/07 17:01:16 - simulation time     660 (s) : SimLog- Average tasks execution delay                                           :         0.6941 seconds
2026/05/07 17:01:16 - simulation time     660 (s) : SimLog- Tasks waiting time (from task submiting to the execution start)         :     18505.6416 seconds
2026/05/07 17:01:16 - simulation time     660 (s) : SimLog- Average tasks waiting time (from task submiting to the execution start) :         1.8524 seconds
2026/05/07 17:01:16 - simulation time     660 (s) : SimLog- Tasks successfully executed                                             :        82.9012 % (9721 among 11726 sent tasks)
2026/05/07 17:01:16 - simulation time     660 (s) : SimLog- Tasks failures
2026/05/07 17:01:16 - simulation time     660 (s) :                                        Not executed due to resources unavailable:              0 % (0 tasks)
2026/05/07 17:01:16 - simulation time     660 (s) :                               Successfully executed but failed due to high delay:         7.1209 % (835 tasks from 11726 successfully sent tasks)
2026/05/07 17:01:16 - simulation time     660 (s) :                  Tasks execution results not returned because the device is dead:              0 % (0 tasks)
2026/05/07 17:01:16 - simulation time     660 (s) :                      Tasks execution results not returned due to device mobility:         9.9778 % (1170 tasks)
2026/05/07 17:01:16 - simulation time     660 (s) : SimLog- Tasks executed on each level                                : Cloud=           1901 tasks (where 1591 were successfully executed)
2026/05/07 17:01:16 - simulation time     660 (s) :                                                                        Edge=            789 tasks (where 633 were successfully executed)
2026/05/07 17:01:16 - simulation time     660 (s) :                                                                        Mist=           9036 tasks (where 7497 were successfully executed)
2026/05/07 17:01:16 - simulation time     660 (s) : SimLog- Network usage                                                           :           7649 seconds (The total traffic: 19614.8 (MBytes))
2026/05/07 17:01:16 - simulation time     660 (s) :                                                                         Wan=           2018 seconds (26.3825 % of total usage, WAN used when downloading containers=0 % of WAN usage)
2026/05/07 17:01:16 - simulation time     660 (s) :                                                                         Lan=           7649 seconds (100 % of total usage, LAN used when downloading containers=0 % of LAN usage)
2026/05/07 17:01:16 - simulation time     660 (s) :                                                    Average bandwidth per transfer=       830.1522 Mbps  
2026/05/07 17:01:16 - simulation time     660 (s) : SimLog- Average vm CPU utilization                                              :         0.6113 %
2026/05/07 17:01:16 - simulation time     660 (s) : SimLog- Average vm CPU utilization per level                             : Cloud=         0.0473 %
2026/05/07 17:01:16 - simulation time     660 (s) :                                                                             Edge=         0.0922 %
2026/05/07 17:01:16 - simulation time     660 (s) :                                                                             Mist=         0.6357 %
2026/05/07 17:01:16 - simulation time     660 (s) : SimLog- Energy consumption                                                      :443928729056326300000 W,   206.4731 dBW
2026/05/07 17:01:16 - simulation time     660 (s) :                                                                                 :(Average:459553549747749820 W/data center(or device), 176.6234 dBW/data center(or device))
2026/05/07 17:01:16 - simulation time     660 (s) :                                                                                 :(Average:42010857296898488 W/task, 166.2336 dBW/task)
2026/05/07 17:01:16 - simulation time     660 (s) : SimLog- Energy Consumption per level                                     : Cloud=123932162989623640000 W,   200.9318 dBW
2026/05/07 17:01:16 - simulation time     660 (s) :                                                                                 :(Average:6885120166090202100 W/data center, 188.3791 dBW/data center)
2026/05/07 17:01:16 - simulation time     660 (s) :                                                                             Edge=31632910615609990000 W,   195.0014 dBW
2026/05/07 17:01:16 - simulation time     660 (s) :                                                                                 :(Average:1318037942317082880 W/data center, 181.1993 dBW/data center)
2026/05/07 17:01:16 - simulation time     660 (s) :                                                                             Mist=288363655451092650000 W,   204.5994 dBW
2026/05/07 17:01:16 - simulation time     660 (s) :                                                                                 :(Average:312081878193823230 W/edge device, 174.9427 dBW/edge device)
2026/05/07 17:01:16 - simulation time     660 (s) : SimLog- Dead edge devices due to battery drain                                  :              0 devices (Among 0 devices with batteries (NaN %))
2026/05/07 17:01:16 - simulation time     660 (s) : SimLog- Average remaining power (devices with batteries that are still alive)   :              0 Wh (Average: 0 %)
2026/05/07 17:01:16 - simulation time     660 (s) : SimulationManager- the Scenario Simulation overflow times :1

================== Simulation finished at time 691.50 ==================


SimLog- Iteration finished...

######################################################################################################################################################################
Starting CloudSim Plus 4.3.0

2026/05/07 17:01:16 - simulation time       0 (s) : ServersManager- Datacenters and devices were generated
2026/05/07 17:01:16 - simulation time       0 (s) : SimulationManager-  Orchestration algorithm= WEIGHT_GREEDY-  Architechitecture= ALL -  number of edge devices= 990
2026/05/07 17:01:16 - simulation time       0 (s) : SimulationManager- Simulation: 1  , iteration: 45
2026/05/07 17:01:43 - simulation time     660 (s) : 
2026/05/07 17:01:43 - simulation time     660 (s) : ------------------------------------------------------- OUTPUT -------------------------------------------------------
2026/05/07 17:01:43 - simulation time     660 (s) : 
2026/05/07 17:01:43 - simulation time     660 (s) : SimLog- Tasks not sent because device died (low energy)                         :               0 % (0 tasks)
2026/05/07 17:01:43 - simulation time     660 (s) : SimLog- Tasks sent from edge devices                                            :             100 % (12550 among 12550 generated tasks)
2026/05/07 17:01:43 - simulation time     660 (s) : -------------------------------------All values below are based on the sent tasks-------------------------------------
2026/05/07 17:01:43 - simulation time     660 (s) : SimLog- Tasks ETE delay                                                         :     43485.6152 seconds
2026/05/07 17:01:43 - simulation time     660 (s) : SimLog- Average tasks ETE delay                                                 :         4.1922 seconds
2026/05/07 17:01:43 - simulation time     660 (s) : SimLog- Tasks execution delay                                                   :      7569.6552 seconds
2026/05/07 17:01:43 - simulation time     660 (s) : SimLog- Average tasks execution delay                                           :          0.709 seconds
2026/05/07 17:01:43 - simulation time     660 (s) : SimLog- Tasks waiting time (from task submiting to the execution start)         :     26432.3458 seconds
2026/05/07 17:01:43 - simulation time     660 (s) : SimLog- Average tasks waiting time (from task submiting to the execution start) :         2.4759 seconds
2026/05/07 17:01:43 - simulation time     660 (s) : SimLog- Tasks successfully executed                                             :        82.6614 % (10374 among 12550 sent tasks)
2026/05/07 17:01:43 - simulation time     660 (s) : SimLog- Tasks failures
2026/05/07 17:01:43 - simulation time     660 (s) :                                        Not executed due to resources unavailable:              0 % (0 tasks)
2026/05/07 17:01:43 - simulation time     660 (s) :                               Successfully executed but failed due to high delay:         6.7251 % (844 tasks from 12550 successfully sent tasks)
2026/05/07 17:01:43 - simulation time     660 (s) :                  Tasks execution results not returned because the device is dead:              0 % (0 tasks)
2026/05/07 17:01:43 - simulation time     660 (s) :                      Tasks execution results not returned due to device mobility:        10.6135 % (1332 tasks)
2026/05/07 17:01:43 - simulation time     660 (s) : SimLog- Tasks executed on each level                                : Cloud=           1982 tasks (where 1635 were successfully executed)
2026/05/07 17:01:43 - simulation time     660 (s) :                                                                        Edge=            806 tasks (where 669 were successfully executed)
2026/05/07 17:01:43 - simulation time     660 (s) :                                                                        Mist=           9762 tasks (where 8070 were successfully executed)
2026/05/07 17:01:43 - simulation time     660 (s) : SimLog- Network usage                                                           :           7990 seconds (The total traffic: 19693.35 (MBytes))
2026/05/07 17:01:43 - simulation time     660 (s) :                                                                         Wan=           2072 seconds (25.9324 % of total usage, WAN used when downloading containers=0 % of WAN usage)
2026/05/07 17:01:43 - simulation time     660 (s) :                                                                         Lan=           7990 seconds (100 % of total usage, LAN used when downloading containers=0 % of LAN usage)
2026/05/07 17:01:43 - simulation time     660 (s) :                                                    Average bandwidth per transfer=       831.6539 Mbps  
2026/05/07 17:01:43 - simulation time     660 (s) : SimLog- Average vm CPU utilization                                              :         0.6428 %
2026/05/07 17:01:43 - simulation time     660 (s) : SimLog- Average vm CPU utilization per level                             : Cloud=         0.0432 %
2026/05/07 17:01:43 - simulation time     660 (s) :                                                                             Edge=         0.0716 %
2026/05/07 17:01:43 - simulation time     660 (s) :                                                                             Mist=         0.6675 %
2026/05/07 17:01:43 - simulation time     660 (s) : SimLog- Energy consumption                                                      :438600332611158700000 W,   206.4207 dBW
2026/05/07 17:01:43 - simulation time     660 (s) :                                                                                 :(Average:425000322297634370 W/data center(or device), 176.2839 dBW/data center(or device))
2026/05/07 17:01:43 - simulation time     660 (s) :                                                                                 :(Average:39042222949186280 W/task, 165.9153 dBW/task)
2026/05/07 17:01:43 - simulation time     660 (s) : SimLog- Energy Consumption per level                                     : Cloud=119168763171883170000 W,   200.7616 dBW
2026/05/07 17:01:43 - simulation time     660 (s) :                                                                                 :(Average:6620486842882398200 W/data center, 188.2089 dBW/data center)
2026/05/07 17:01:43 - simulation time     660 (s) :                                                                             Edge=34420381286481117000 W,   195.3682 dBW
2026/05/07 17:01:43 - simulation time     660 (s) :                                                                                 :(Average:1434182553603379970 W/data center, 181.566 dBW/data center)
2026/05/07 17:01:43 - simulation time     660 (s) :                                                                             Mist=285011188152794380000 W,   204.5486 dBW
2026/05/07 17:01:43 - simulation time     660 (s) :                                                                                 :(Average:287890089043226656 W/edge device, 174.5923 dBW/edge device)
2026/05/07 17:01:43 - simulation time     660 (s) : SimLog- Dead edge devices due to battery drain                                  :              0 devices (Among 0 devices with batteries (NaN %))
2026/05/07 17:01:43 - simulation time     660 (s) : SimLog- Average remaining power (devices with batteries that are still alive)   :              0 Wh (Average: 0 %)
2026/05/07 17:01:43 - simulation time     660 (s) : SimulationManager- the Scenario Simulation overflow times :2

================== Simulation finished at time 691.50 ==================


SimLog- Iteration finished...

######################################################################################################################################################################
Starting CloudSim Plus 4.3.0

2026/05/07 17:01:43 - simulation time       0 (s) : ServersManager- Datacenters and devices were generated
2026/05/07 17:01:43 - simulation time       0 (s) : SimulationManager-  Orchestration algorithm= ROUND_ROBIN-  Architechitecture= ALL -  number of edge devices= 66
2026/05/07 17:01:43 - simulation time       0 (s) : SimulationManager- Simulation: 1  , iteration: 46
2026/05/07 17:01:44 - simulation time     640 (s) : 
2026/05/07 17:01:44 - simulation time     640 (s) : ------------------------------------------------------- OUTPUT -------------------------------------------------------
2026/05/07 17:01:44 - simulation time     640 (s) : 
2026/05/07 17:01:44 - simulation time     640 (s) : SimLog- Tasks not sent because device died (low energy)                         :               0 % (0 tasks)
2026/05/07 17:01:44 - simulation time     640 (s) : SimLog- Tasks sent from edge devices                                            :             100 % (848 among 848 generated tasks)
2026/05/07 17:01:44 - simulation time     640 (s) : -------------------------------------All values below are based on the sent tasks-------------------------------------
2026/05/07 17:01:44 - simulation time     640 (s) : SimLog- Tasks ETE delay                                                         :      2616.9862 seconds
2026/05/07 17:01:44 - simulation time     640 (s) : SimLog- Average tasks ETE delay                                                 :         3.5898 seconds
2026/05/07 17:01:44 - simulation time     640 (s) : SimLog- Tasks execution delay                                                   :       326.7336 seconds
2026/05/07 17:01:44 - simulation time     640 (s) : SimLog- Average tasks execution delay                                           :         0.3908 seconds
2026/05/07 17:01:44 - simulation time     640 (s) : SimLog- Tasks waiting time (from task submiting to the execution start)         :        36.8452 seconds
2026/05/07 17:01:44 - simulation time     640 (s) : SimLog- Average tasks waiting time (from task submiting to the execution start) :         0.0441 seconds
2026/05/07 17:01:44 - simulation time     640 (s) : SimLog- Tasks successfully executed                                             :         85.967 % (729 among 848 sent tasks)
2026/05/07 17:01:44 - simulation time     640 (s) : SimLog- Tasks failures
2026/05/07 17:01:44 - simulation time     640 (s) :                                        Not executed due to resources unavailable:              0 % (0 tasks)
2026/05/07 17:01:44 - simulation time     640 (s) :                               Successfully executed but failed due to high delay:        13.5613 % (115 tasks from 848 successfully sent tasks)
2026/05/07 17:01:44 - simulation time     640 (s) :                  Tasks execution results not returned because the device is dead:              0 % (0 tasks)
2026/05/07 17:01:44 - simulation time     640 (s) :                      Tasks execution results not returned due to device mobility:         0.4717 % (4 tasks)
2026/05/07 17:01:44 - simulation time     640 (s) : SimLog- Tasks executed on each level                                : Cloud=            524 tasks (where 453 were successfully executed)
2026/05/07 17:01:44 - simulation time     640 (s) :                                                                        Edge=            192 tasks (where 170 were successfully executed)
2026/05/07 17:01:44 - simulation time     640 (s) :                                                                        Mist=            132 tasks (where 106 were successfully executed)
2026/05/07 17:01:44 - simulation time     640 (s) : SimLog- Network usage                                                           :           1674 seconds (The total traffic: 2775.1 (MBytes))
2026/05/07 17:01:44 - simulation time     640 (s) :                                                                         Wan=            524 seconds (31.3023 % of total usage, WAN used when downloading containers=0 % of WAN usage)
2026/05/07 17:01:44 - simulation time     640 (s) :                                                                         Lan=           1674 seconds (100 % of total usage, LAN used when downloading containers=0 % of LAN usage)
2026/05/07 17:01:44 - simulation time     640 (s) :                                                    Average bandwidth per transfer=       775.4919 Mbps  
2026/05/07 17:01:44 - simulation time     640 (s) : SimLog- Average vm CPU utilization                                              :         0.0279 %
2026/05/07 17:01:44 - simulation time     640 (s) : SimLog- Average vm CPU utilization per level                             : Cloud=              0 %
2026/05/07 17:01:44 - simulation time     640 (s) :                                                                             Edge=         0.0106 %
2026/05/07 17:01:44 - simulation time     640 (s) :                                                                             Mist=         0.0417 %
2026/05/07 17:01:44 - simulation time     640 (s) : SimLog- Energy consumption                                                      :267297494959414740000 W,   204.2699 dBW
2026/05/07 17:01:44 - simulation time     640 (s) :                                                                                 :(Average:2474976805179766300 W/data center(or device), 183.9357 dBW/data center(or device))
2026/05/07 17:01:44 - simulation time     640 (s) :                                                                                 :(Average:316703193079875260 W/task, 175.0065 dBW/task)
2026/05/07 17:01:44 - simulation time     640 (s) : SimLog- Energy Consumption per level                                     : Cloud=73093351990178636000 W,   198.6388 dBW
2026/05/07 17:01:44 - simulation time     640 (s) :                                                                                 :(Average:4060741777232146400 W/data center, 186.0861 dBW/data center)
2026/05/07 17:01:44 - simulation time     640 (s) :                                                                             Edge=24659075265291665000 W,   193.9198 dBW
2026/05/07 17:01:44 - simulation time     640 (s) :                                                                                 :(Average:1027461469387152770 W/data center, 180.1177 dBW/data center)
2026/05/07 17:01:44 - simulation time     640 (s) :                                                                             Mist=169545067703944450000 W,   202.2929 dBW
2026/05/07 17:01:44 - simulation time     640 (s) :                                                                                 :(Average:2568864662180976600 W/edge device, 184.0974 dBW/edge device)
2026/05/07 17:01:44 - simulation time     640 (s) : SimLog- Dead edge devices due to battery drain                                  :              0 devices (Among 0 devices with batteries (NaN %))
2026/05/07 17:01:44 - simulation time     640 (s) : SimLog- Average remaining power (devices with batteries that are still alive)   :              0 Wh (Average: 0 %)
2026/05/07 17:01:44 - simulation time     640 (s) : SimulationManager- the Scenario Simulation overflow times :2

================== Simulation finished at time 672.60 ==================


SimLog- Iteration finished...

######################################################################################################################################################################
Starting CloudSim Plus 4.3.0

2026/05/07 17:01:44 - simulation time       0 (s) : ServersManager- Datacenters and devices were generated
2026/05/07 17:01:44 - simulation time       0 (s) : SimulationManager-  Orchestration algorithm= ROUND_ROBIN-  Architechitecture= ALL -  number of edge devices= 132
2026/05/07 17:01:44 - simulation time       0 (s) : SimulationManager- Simulation: 1  , iteration: 47
2026/05/07 17:01:45 - simulation time     650 (s) : 
2026/05/07 17:01:45 - simulation time     650 (s) : ------------------------------------------------------- OUTPUT -------------------------------------------------------
2026/05/07 17:01:45 - simulation time     650 (s) : 
2026/05/07 17:01:45 - simulation time     650 (s) : SimLog- Tasks not sent because device died (low energy)                         :               0 % (0 tasks)
2026/05/07 17:01:45 - simulation time     650 (s) : SimLog- Tasks sent from edge devices                                            :             100 % (1686 among 1686 generated tasks)
2026/05/07 17:01:45 - simulation time     650 (s) : -------------------------------------All values below are based on the sent tasks-------------------------------------
2026/05/07 17:01:45 - simulation time     650 (s) : SimLog- Tasks ETE delay                                                         :      5346.8247 seconds
2026/05/07 17:01:45 - simulation time     650 (s) : SimLog- Average tasks ETE delay                                                 :         3.8056 seconds
2026/05/07 17:01:45 - simulation time     650 (s) : SimLog- Tasks execution delay                                                   :       965.0701 seconds
2026/05/07 17:01:45 - simulation time     650 (s) : SimLog- Average tasks execution delay                                           :         0.5928 seconds
2026/05/07 17:01:45 - simulation time     650 (s) : SimLog- Tasks waiting time (from task submiting to the execution start)         :        70.7106 seconds
2026/05/07 17:01:45 - simulation time     650 (s) : SimLog- Average tasks waiting time (from task submiting to the execution start) :         0.0434 seconds
2026/05/07 17:01:45 - simulation time     650 (s) : SimLog- Tasks successfully executed                                             :        83.3333 % (1405 among 1686 sent tasks)
2026/05/07 17:01:45 - simulation time     650 (s) : SimLog- Tasks failures
2026/05/07 17:01:45 - simulation time     650 (s) :                                        Not executed due to resources unavailable:              0 % (0 tasks)
2026/05/07 17:01:45 - simulation time     650 (s) :                               Successfully executed but failed due to high delay:        15.7177 % (265 tasks from 1686 successfully sent tasks)
2026/05/07 17:01:45 - simulation time     650 (s) :                  Tasks execution results not returned because the device is dead:              0 % (0 tasks)
2026/05/07 17:01:45 - simulation time     650 (s) :                      Tasks execution results not returned due to device mobility:          0.949 % (16 tasks)
2026/05/07 17:01:45 - simulation time     650 (s) : SimLog- Tasks executed on each level                                : Cloud=            838 tasks (where 709 were successfully executed)
2026/05/07 17:01:45 - simulation time     650 (s) :                                                                        Edge=            320 tasks (where 274 were successfully executed)
2026/05/07 17:01:45 - simulation time     650 (s) :                                                                        Mist=            528 tasks (where 422 were successfully executed)
2026/05/07 17:01:45 - simulation time     650 (s) : SimLog- Network usage                                                           :           3298 seconds (The total traffic: 7855.75 (MBytes))
2026/05/07 17:01:45 - simulation time     650 (s) :                                                                         Wan=            840 seconds (25.47 % of total usage, WAN used when downloading containers=0 % of WAN usage)
2026/05/07 17:01:45 - simulation time     650 (s) :                                                                         Lan=           3298 seconds (100 % of total usage, LAN used when downloading containers=0 % of LAN usage)
2026/05/07 17:01:45 - simulation time     650 (s) :                                                    Average bandwidth per transfer=       767.6812 Mbps  
2026/05/07 17:01:45 - simulation time     650 (s) : SimLog- Average vm CPU utilization                                              :         0.1151 %
2026/05/07 17:01:45 - simulation time     650 (s) : SimLog- Average vm CPU utilization per level                             : Cloud=         0.0016 %
2026/05/07 17:01:45 - simulation time     650 (s) :                                                                             Edge=         0.0252 %
2026/05/07 17:01:45 - simulation time     650 (s) :                                                                             Mist=         0.1469 %
2026/05/07 17:01:45 - simulation time     650 (s) : SimLog- Energy consumption                                                      :809881787014825100000 W,   209.0842 dBW
2026/05/07 17:01:45 - simulation time     650 (s) :                                                                                 :(Average:4654493028820834300 W/data center(or device), 186.6787 dBW/data center(or device))
2026/05/07 17:01:45 - simulation time     650 (s) :                                                                                 :(Average:484959153901092860 W/task, 176.8571 dBW/task)
2026/05/07 17:01:45 - simulation time     650 (s) : SimLog- Energy Consumption per level                                     : Cloud=222697159077295330000 W,   203.4771 dBW
2026/05/07 17:01:45 - simulation time     650 (s) :                                                                                 :(Average:12372064393183074000 W/data center, 190.9244 dBW/data center)
2026/05/07 17:01:45 - simulation time     650 (s) :                                                                             Edge=64902512236427215000 W,   198.1226 dBW
2026/05/07 17:01:45 - simulation time     650 (s) :                                                                                 :(Average:2704271343184467500 W/data center, 184.3205 dBW/data center)
2026/05/07 17:01:45 - simulation time     650 (s) :                                                                             Mist=522282115701102540000 W,   207.1791 dBW
2026/05/07 17:01:45 - simulation time     650 (s) :                                                                                 :(Average:3956682694705322500 W/edge device, 185.9733 dBW/edge device)
2026/05/07 17:01:45 - simulation time     650 (s) : SimLog- Dead edge devices due to battery drain                                  :              0 devices (Among 0 devices with batteries (NaN %))
2026/05/07 17:01:45 - simulation time     650 (s) : SimLog- Average remaining power (devices with batteries that are still alive)   :              0 Wh (Average: 0 %)
2026/05/07 17:01:45 - simulation time     650 (s) : SimulationManager- the Scenario Simulation overflow times :2

================== Simulation finished at time 685.20 ==================


SimLog- Iteration finished...

######################################################################################################################################################################
Starting CloudSim Plus 4.3.0

2026/05/07 17:01:45 - simulation time       0 (s) : ServersManager- Datacenters and devices were generated
2026/05/07 17:01:45 - simulation time       0 (s) : SimulationManager-  Orchestration algorithm= ROUND_ROBIN-  Architechitecture= ALL -  number of edge devices= 198
2026/05/07 17:01:45 - simulation time       0 (s) : SimulationManager- Simulation: 1  , iteration: 48
2026/05/07 17:01:47 - simulation time     650 (s) : 
2026/05/07 17:01:47 - simulation time     650 (s) : ------------------------------------------------------- OUTPUT -------------------------------------------------------
2026/05/07 17:01:47 - simulation time     650 (s) : 
2026/05/07 17:01:47 - simulation time     650 (s) : SimLog- Tasks not sent because device died (low energy)                         :               0 % (0 tasks)
2026/05/07 17:01:47 - simulation time     650 (s) : SimLog- Tasks sent from edge devices                                            :             100 % (2536 among 2536 generated tasks)
2026/05/07 17:01:47 - simulation time     650 (s) : -------------------------------------All values below are based on the sent tasks-------------------------------------
2026/05/07 17:01:47 - simulation time     650 (s) : SimLog- Tasks ETE delay                                                         :      8760.4439 seconds
2026/05/07 17:01:47 - simulation time     650 (s) : SimLog- Average tasks ETE delay                                                 :         3.9622 seconds
2026/05/07 17:01:47 - simulation time     650 (s) : SimLog- Tasks execution delay                                                   :      1505.0812 seconds
2026/05/07 17:01:47 - simulation time     650 (s) : SimLog- Average tasks execution delay                                           :         0.6138 seconds
2026/05/07 17:01:47 - simulation time     650 (s) : SimLog- Tasks waiting time (from task submiting to the execution start)         :       104.6554 seconds
2026/05/07 17:01:47 - simulation time     650 (s) : SimLog- Average tasks waiting time (from task submiting to the execution start) :         0.0427 seconds
2026/05/07 17:01:47 - simulation time     650 (s) : SimLog- Tasks successfully executed                                             :        87.1845 % (2211 among 2536 sent tasks)
2026/05/07 17:01:47 - simulation time     650 (s) : SimLog- Tasks failures
2026/05/07 17:01:47 - simulation time     650 (s) :                                        Not executed due to resources unavailable:              0 % (0 tasks)
2026/05/07 17:01:47 - simulation time     650 (s) :                               Successfully executed but failed due to high delay:        11.9479 % (303 tasks from 2536 successfully sent tasks)
2026/05/07 17:01:47 - simulation time     650 (s) :                  Tasks execution results not returned because the device is dead:              0 % (0 tasks)
2026/05/07 17:01:47 - simulation time     650 (s) :                      Tasks execution results not returned due to device mobility:         0.8675 % (22 tasks)
2026/05/07 17:01:47 - simulation time     650 (s) : SimLog- Tasks executed on each level                                : Cloud=           1120 tasks (where 991 were successfully executed)
2026/05/07 17:01:47 - simulation time     650 (s) :                                                                        Edge=            426 tasks (where 383 were successfully executed)
2026/05/07 17:01:47 - simulation time     650 (s) :                                                                        Mist=            990 tasks (where 837 were successfully executed)
2026/05/07 17:01:47 - simulation time     650 (s) : SimLog- Network usage                                                           :           5004 seconds (The total traffic: 11333.15 (MBytes))
2026/05/07 17:01:47 - simulation time     650 (s) :                                                                         Wan=           1157 seconds (23.1215 % of total usage, WAN used when downloading containers=0 % of WAN usage)
2026/05/07 17:01:47 - simulation time     650 (s) :                                                                         Lan=           5004 seconds (100 % of total usage, LAN used when downloading containers=0 % of LAN usage)
2026/05/07 17:01:47 - simulation time     650 (s) :                                                    Average bandwidth per transfer=       761.9783 Mbps  
2026/05/07 17:01:47 - simulation time     650 (s) : SimLog- Average vm CPU utilization                                              :         0.1619 %
2026/05/07 17:01:47 - simulation time     650 (s) : SimLog- Average vm CPU utilization per level                             : Cloud=         0.0005 %
2026/05/07 17:01:47 - simulation time     650 (s) :                                                                             Edge=         0.0292 %
2026/05/07 17:01:47 - simulation time     650 (s) :                                                                             Mist=         0.1927 %
2026/05/07 17:01:47 - simulation time     650 (s) : SimLog- Energy consumption                                                      :1029974535585260600000 W,   210.1283 dBW
2026/05/07 17:01:47 - simulation time     650 (s) :                                                                                 :(Average:4291560564938586100 W/data center(or device), 186.3262 dBW/data center(or device))
2026/05/07 17:01:47 - simulation time     650 (s) :                                                                                 :(Average:409532618522966460 W/task, 176.1229 dBW/task)
2026/05/07 17:01:47 - simulation time     650 (s) : SimLog- Energy Consumption per level                                     : Cloud=249910644718325730000 W,   203.9778 dBW
2026/05/07 17:01:47 - simulation time     650 (s) :                                                                                 :(Average:13883924706573652000 W/data center, 191.4251 dBW/data center)
2026/05/07 17:01:47 - simulation time     650 (s) :                                                                             Edge=71008641707562025000 W,   198.5131 dBW
2026/05/07 17:01:47 - simulation time     650 (s) :                                                                                 :(Average:2958693404481751000 W/data center, 184.711 dBW/data center)
2026/05/07 17:01:47 - simulation time     650 (s) :                                                                             Mist=709055249159372900000 W,   208.5068 dBW
2026/05/07 17:01:47 - simulation time     650 (s) :                                                                                 :(Average:3581087116966530000 W/edge device, 185.5401 dBW/edge device)
2026/05/07 17:01:47 - simulation time     650 (s) : SimLog- Dead edge devices due to battery drain                                  :              0 devices (Among 0 devices with batteries (NaN %))
2026/05/07 17:01:47 - simulation time     650 (s) : SimLog- Average remaining power (devices with batteries that are still alive)   :              0 Wh (Average: 0 %)
2026/05/07 17:01:47 - simulation time     650 (s) : SimulationManager- the Scenario Simulation overflow times :2

================== Simulation finished at time 685.20 ==================


SimLog- Iteration finished...

######################################################################################################################################################################
Starting CloudSim Plus 4.3.0

2026/05/07 17:01:47 - simulation time       0 (s) : ServersManager- Datacenters and devices were generated
2026/05/07 17:01:47 - simulation time       0 (s) : SimulationManager-  Orchestration algorithm= ROUND_ROBIN-  Architechitecture= ALL -  number of edge devices= 264
2026/05/07 17:01:47 - simulation time       0 (s) : SimulationManager- Simulation: 1  , iteration: 49
2026/05/07 17:01:49 - simulation time     660 (s) : 
2026/05/07 17:01:49 - simulation time     660 (s) : ------------------------------------------------------- OUTPUT -------------------------------------------------------
2026/05/07 17:01:49 - simulation time     660 (s) : 
2026/05/07 17:01:49 - simulation time     660 (s) : SimLog- Tasks not sent because device died (low energy)                         :               0 % (0 tasks)
2026/05/07 17:01:49 - simulation time     660 (s) : SimLog- Tasks sent from edge devices                                            :             100 % (3366 among 3366 generated tasks)
2026/05/07 17:01:49 - simulation time     660 (s) : -------------------------------------All values below are based on the sent tasks-------------------------------------
2026/05/07 17:01:49 - simulation time     660 (s) : SimLog- Tasks ETE delay                                                         :     12083.2121 seconds
2026/05/07 17:01:49 - simulation time     660 (s) : SimLog- Average tasks ETE delay                                                 :         4.0905 seconds
2026/05/07 17:01:49 - simulation time     660 (s) : SimLog- Tasks execution delay                                                   :      2229.8611 seconds
2026/05/07 17:01:49 - simulation time     660 (s) : SimLog- Average tasks execution delay                                           :         0.6819 seconds
2026/05/07 17:01:49 - simulation time     660 (s) : SimLog- Tasks waiting time (from task submiting to the execution start)         :       138.3209 seconds
2026/05/07 17:01:49 - simulation time     660 (s) : SimLog- Average tasks waiting time (from task submiting to the execution start) :         0.0423 seconds
2026/05/07 17:01:49 - simulation time     660 (s) : SimLog- Tasks successfully executed                                             :          87.76 % (2954 among 3366 sent tasks)
2026/05/07 17:01:49 - simulation time     660 (s) : SimLog- Tasks failures
2026/05/07 17:01:49 - simulation time     660 (s) :                                        Not executed due to resources unavailable:              0 % (0 tasks)
2026/05/07 17:01:49 - simulation time     660 (s) :                               Successfully executed but failed due to high delay:        10.9923 % (370 tasks from 3366 successfully sent tasks)
2026/05/07 17:01:49 - simulation time     660 (s) :                  Tasks execution results not returned because the device is dead:              0 % (0 tasks)
2026/05/07 17:01:49 - simulation time     660 (s) :                      Tasks execution results not returned due to device mobility:         1.2478 % (42 tasks)
2026/05/07 17:01:49 - simulation time     660 (s) : SimLog- Tasks executed on each level                                : Cloud=           1412 tasks (where 1271 were successfully executed)
2026/05/07 17:01:49 - simulation time     660 (s) :                                                                        Edge=            480 tasks (where 426 were successfully executed)
2026/05/07 17:01:49 - simulation time     660 (s) :                                                                        Mist=           1474 tasks (where 1257 were successfully executed)
2026/05/07 17:01:49 - simulation time     660 (s) : SimLog- Network usage                                                           :           6692 seconds (The total traffic: 16275.3 (MBytes))
2026/05/07 17:01:49 - simulation time     660 (s) :                                                                         Wan=           1486 seconds (22.2056 % of total usage, WAN used when downloading containers=0 % of WAN usage)
2026/05/07 17:01:49 - simulation time     660 (s) :                                                                         Lan=           6692 seconds (100 % of total usage, LAN used when downloading containers=0 % of LAN usage)
2026/05/07 17:01:49 - simulation time     660 (s) :                                                    Average bandwidth per transfer=       752.8413 Mbps  
2026/05/07 17:01:49 - simulation time     660 (s) : SimLog- Average vm CPU utilization                                              :         0.1846 %
2026/05/07 17:01:49 - simulation time     660 (s) : SimLog- Average vm CPU utilization per level                             : Cloud=         0.0011 %
2026/05/07 17:01:49 - simulation time     660 (s) :                                                                             Edge=         0.0375 %
2026/05/07 17:01:49 - simulation time     660 (s) :                                                                             Mist=         0.2105 %
2026/05/07 17:01:49 - simulation time     660 (s) : SimLog- Energy consumption                                                      :1416572539824916700000 W,   211.5124 dBW
2026/05/07 17:01:49 - simulation time     660 (s) :                                                                                 :(Average:4629322025571622900 W/data center(or device), 186.6552 dBW/data center(or device))
2026/05/07 17:01:49 - simulation time     660 (s) :                                                                                 :(Average:426165024014716220 W/task, 176.2958 dBW/task)
2026/05/07 17:01:49 - simulation time     660 (s) : SimLog- Energy Consumption per level                                     : Cloud=354738348911178740000 W,   205.4991 dBW
2026/05/07 17:01:49 - simulation time     660 (s) :                                                                                 :(Average:19707686050621043000 W/data center, 192.9464 dBW/data center)
2026/05/07 17:01:49 - simulation time     660 (s) :                                                                             Edge=94928677461365880000 W,    199.774 dBW
2026/05/07 17:01:49 - simulation time     660 (s) :                                                                                 :(Average:3955361560890245100 W/data center, 185.9719 dBW/data center)
2026/05/07 17:01:49 - simulation time     660 (s) :                                                                             Mist=966905513452372100000 W,   209.8538 dBW
2026/05/07 17:01:49 - simulation time     660 (s) :                                                                                 :(Average:3662520884289288200 W/edge device, 185.6378 dBW/edge device)
2026/05/07 17:01:49 - simulation time     660 (s) : SimLog- Dead edge devices due to battery drain                                  :              0 devices (Among 0 devices with batteries (NaN %))
2026/05/07 17:01:49 - simulation time     660 (s) : SimLog- Average remaining power (devices with batteries that are still alive)   :              0 Wh (Average: 0 %)
2026/05/07 17:01:49 - simulation time     660 (s) : SimulationManager- the Scenario Simulation overflow times :2

================== Simulation finished at time 691.50 ==================


SimLog- Iteration finished...

######################################################################################################################################################################
Starting CloudSim Plus 4.3.0

2026/05/07 17:01:49 - simulation time       0 (s) : ServersManager- Datacenters and devices were generated
2026/05/07 17:01:49 - simulation time       0 (s) : SimulationManager-  Orchestration algorithm= ROUND_ROBIN-  Architechitecture= ALL -  number of edge devices= 330
2026/05/07 17:01:49 - simulation time       0 (s) : SimulationManager- Simulation: 1  , iteration: 50
2026/05/07 17:01:53 - simulation time     650 (s) : 
2026/05/07 17:01:53 - simulation time     650 (s) : ------------------------------------------------------- OUTPUT -------------------------------------------------------
2026/05/07 17:01:53 - simulation time     650 (s) : 
2026/05/07 17:01:53 - simulation time     650 (s) : SimLog- Tasks not sent because device died (low energy)                         :               0 % (0 tasks)
2026/05/07 17:01:53 - simulation time     650 (s) : SimLog- Tasks sent from edge devices                                            :             100 % (4178 among 4178 generated tasks)
2026/05/07 17:01:53 - simulation time     650 (s) : -------------------------------------All values below are based on the sent tasks-------------------------------------
2026/05/07 17:01:53 - simulation time     650 (s) : SimLog- Tasks ETE delay                                                         :     14042.0463 seconds
2026/05/07 17:01:53 - simulation time     650 (s) : SimLog- Average tasks ETE delay                                                 :         3.9813 seconds
2026/05/07 17:01:53 - simulation time     650 (s) : SimLog- Tasks execution delay                                                   :      2632.3492 seconds
2026/05/07 17:01:53 - simulation time     650 (s) : SimLog- Average tasks execution delay                                           :         0.6571 seconds
2026/05/07 17:01:53 - simulation time     650 (s) : SimLog- Tasks waiting time (from task submiting to the execution start)         :        169.726 seconds
2026/05/07 17:01:53 - simulation time     650 (s) : SimLog- Average tasks waiting time (from task submiting to the execution start) :         0.0424 seconds
2026/05/07 17:01:53 - simulation time     650 (s) : SimLog- Tasks successfully executed                                             :        84.4184 % (3527 among 4178 sent tasks)
2026/05/07 17:01:53 - simulation time     650 (s) : SimLog- Tasks failures
2026/05/07 17:01:53 - simulation time     650 (s) :                                        Not executed due to resources unavailable:              0 % (0 tasks)
2026/05/07 17:01:53 - simulation time     650 (s) :                               Successfully executed but failed due to high delay:        14.3609 % (600 tasks from 4178 successfully sent tasks)
2026/05/07 17:01:53 - simulation time     650 (s) :                  Tasks execution results not returned because the device is dead:              0 % (0 tasks)
2026/05/07 17:01:53 - simulation time     650 (s) :                      Tasks execution results not returned due to device mobility:         1.2207 % (51 tasks)
2026/05/07 17:01:53 - simulation time     650 (s) : SimLog- Tasks executed on each level                                : Cloud=           1622 tasks (where 1392 were successfully executed)
2026/05/07 17:01:53 - simulation time     650 (s) :                                                                        Edge=            576 tasks (where 493 were successfully executed)
2026/05/07 17:01:53 - simulation time     650 (s) :                                                                        Mist=           1980 tasks (where 1642 were successfully executed)
2026/05/07 17:01:53 - simulation time     650 (s) : SimLog- Network usage                                                           :           8249 seconds (The total traffic: 17747.8 (MBytes))
2026/05/07 17:01:53 - simulation time     650 (s) :                                                                         Wan=           1712 seconds (20.754 % of total usage, WAN used when downloading containers=0 % of WAN usage)
2026/05/07 17:01:53 - simulation time     650 (s) :                                                                         Lan=           8249 seconds (100 % of total usage, LAN used when downloading containers=0 % of LAN usage)
2026/05/07 17:01:53 - simulation time     650 (s) :                                                    Average bandwidth per transfer=       765.7501 Mbps  
2026/05/07 17:01:53 - simulation time     650 (s) : SimLog- Average vm CPU utilization                                              :         0.1734 %
2026/05/07 17:01:53 - simulation time     650 (s) : SimLog- Average vm CPU utilization per level                             : Cloud=         0.0437 %
2026/05/07 17:01:53 - simulation time     650 (s) :                                                                             Edge=          0.042 %
2026/05/07 17:01:53 - simulation time     650 (s) :                                                                             Mist=           0.19 %
2026/05/07 17:01:53 - simulation time     650 (s) : SimLog- Energy consumption                                                      :1603550705465464700000 W,   212.0508 dBW
2026/05/07 17:01:53 - simulation time     650 (s) :                                                                                 :(Average:4310620175982432300 W/data center(or device), 186.3454 dBW/data center(or device))
2026/05/07 17:01:53 - simulation time     650 (s) :                                                                                 :(Average:388551176512106820 W/task, 175.8945 dBW/task)
2026/05/07 17:01:53 - simulation time     650 (s) : SimLog- Energy Consumption per level                                     : Cloud=381002091749068440000 W,   205.8093 dBW
2026/05/07 17:01:53 - simulation time     650 (s) :                                                                                 :(Average:21166782874948248000 W/data center, 193.2565 dBW/data center)
2026/05/07 17:01:53 - simulation time     650 (s) :                                                                             Edge=103219555656571360000 W,   200.1376 dBW
2026/05/07 17:01:53 - simulation time     650 (s) :                                                                                 :(Average:4300814819023806500 W/data center, 186.3355 dBW/data center)
2026/05/07 17:01:53 - simulation time     650 (s) :                                                                             Mist=1119329058059825000000 W,   210.4896 dBW
2026/05/07 17:01:53 - simulation time     650 (s) :                                                                                 :(Average:3391906236544924200 W/edge device, 185.3044 dBW/edge device)
2026/05/07 17:01:53 - simulation time     650 (s) : SimLog- Dead edge devices due to battery drain                                  :              0 devices (Among 0 devices with batteries (NaN %))
2026/05/07 17:01:53 - simulation time     650 (s) : SimLog- Average remaining power (devices with batteries that are still alive)   :              0 Wh (Average: 0 %)
2026/05/07 17:01:53 - simulation time     650 (s) : SimulationManager- the Scenario Simulation overflow times :2

================== Simulation finished at time 685.20 ==================


SimLog- Iteration finished...

######################################################################################################################################################################
Starting CloudSim Plus 4.3.0

2026/05/07 17:01:53 - simulation time       0 (s) : ServersManager- Datacenters and devices were generated
2026/05/07 17:01:53 - simulation time       0 (s) : SimulationManager-  Orchestration algorithm= ROUND_ROBIN-  Architechitecture= ALL -  number of edge devices= 396
2026/05/07 17:01:53 - simulation time       0 (s) : SimulationManager- Simulation: 1  , iteration: 51
2026/05/07 17:01:58 - simulation time     660 (s) : 
2026/05/07 17:01:58 - simulation time     660 (s) : ------------------------------------------------------- OUTPUT -------------------------------------------------------
2026/05/07 17:01:58 - simulation time     660 (s) : 
2026/05/07 17:01:58 - simulation time     660 (s) : SimLog- Tasks not sent because device died (low energy)                         :               0 % (0 tasks)
2026/05/07 17:01:58 - simulation time     660 (s) : SimLog- Tasks sent from edge devices                                            :             100 % (5020 among 5020 generated tasks)
2026/05/07 17:01:58 - simulation time     660 (s) : -------------------------------------All values below are based on the sent tasks-------------------------------------
2026/05/07 17:01:58 - simulation time     660 (s) : SimLog- Tasks ETE delay                                                         :     17993.4466 seconds
2026/05/07 17:01:58 - simulation time     660 (s) : SimLog- Average tasks ETE delay                                                 :         4.0903 seconds
2026/05/07 17:01:58 - simulation time     660 (s) : SimLog- Tasks execution delay                                                   :      3148.3237 seconds
2026/05/07 17:01:58 - simulation time     660 (s) : SimLog- Average tasks execution delay                                           :          0.649 seconds
2026/05/07 17:01:58 - simulation time     660 (s) : SimLog- Tasks waiting time (from task submiting to the execution start)         :       203.9888 seconds
2026/05/07 17:01:58 - simulation time     660 (s) : SimLog- Average tasks waiting time (from task submiting to the execution start) :         0.0421 seconds
2026/05/07 17:01:58 - simulation time     660 (s) : SimLog- Tasks successfully executed                                             :        87.6295 % (4399 among 5020 sent tasks)
2026/05/07 17:01:58 - simulation time     660 (s) : SimLog- Tasks failures
2026/05/07 17:01:58 - simulation time     660 (s) :                                        Not executed due to resources unavailable:              0 % (0 tasks)
2026/05/07 17:01:58 - simulation time     660 (s) :                               Successfully executed but failed due to high delay:        11.1952 % (562 tasks from 5020 successfully sent tasks)
2026/05/07 17:01:58 - simulation time     660 (s) :                  Tasks execution results not returned because the device is dead:              0 % (0 tasks)
2026/05/07 17:01:58 - simulation time     660 (s) :                      Tasks execution results not returned due to device mobility:         1.1753 % (59 tasks)
2026/05/07 17:01:58 - simulation time     660 (s) : SimLog- Tasks executed on each level                                : Cloud=           1668 tasks (where 1493 were successfully executed)
2026/05/07 17:01:58 - simulation time     660 (s) :                                                                        Edge=            580 tasks (where 519 were successfully executed)
2026/05/07 17:01:58 - simulation time     660 (s) :                                                                        Mist=           2772 tasks (where 2387 were successfully executed)
2026/05/07 17:01:58 - simulation time     660 (s) : SimLog- Network usage                                                           :           9987 seconds (The total traffic: 18992.65 (MBytes))
2026/05/07 17:01:58 - simulation time     660 (s) :                                                                         Wan=           1814 seconds (18.1636 % of total usage, WAN used when downloading containers=0 % of WAN usage)
2026/05/07 17:01:58 - simulation time     660 (s) :                                                                         Lan=           9987 seconds (100 % of total usage, LAN used when downloading containers=0 % of LAN usage)
2026/05/07 17:01:58 - simulation time     660 (s) :                                                    Average bandwidth per transfer=       794.8316 Mbps  
2026/05/07 17:01:58 - simulation time     660 (s) : SimLog- Average vm CPU utilization                                              :         0.1774 %
2026/05/07 17:01:58 - simulation time     660 (s) : SimLog- Average vm CPU utilization per level                             : Cloud=         0.0016 %
2026/05/07 17:01:58 - simulation time     660 (s) :                                                                             Edge=         0.0321 %
2026/05/07 17:01:58 - simulation time     660 (s) :                                                                             Mist=         0.1942 %
2026/05/07 17:01:58 - simulation time     660 (s) : SimLog- Energy consumption                                                      :1721340458398686600000 W,   212.3587 dBW
2026/05/07 17:01:58 - simulation time     660 (s) :                                                                                 :(Average:3930001046572343800 W/data center(or device), 185.9439 dBW/data center(or device))
2026/05/07 17:01:58 - simulation time     660 (s) :                                                                                 :(Average:346974492722976580 W/task, 175.403 dBW/task)
2026/05/07 17:01:58 - simulation time     660 (s) : SimLog- Energy Consumption per level                                     : Cloud=394165752509787500000 W,   205.9568 dBW
2026/05/07 17:01:58 - simulation time     660 (s) :                                                                                 :(Average:21898097361654858000 W/data center, 193.4041 dBW/data center)
2026/05/07 17:01:58 - simulation time     660 (s) :                                                                             Edge=69535433627822375000 W,   198.4221 dBW
2026/05/07 17:01:58 - simulation time     660 (s) :                                                                                 :(Average:2897309734492598800 W/data center, 184.6199 dBW/data center)
2026/05/07 17:01:58 - simulation time     660 (s) :                                                                             Mist=1257639272261077000000 W,   210.9956 dBW
2026/05/07 17:01:58 - simulation time     660 (s) :                                                                                 :(Average:3175856748134032400 W/edge device, 185.0186 dBW/edge device)
2026/05/07 17:01:58 - simulation time     660 (s) : SimLog- Dead edge devices due to battery drain                                  :              0 devices (Among 0 devices with batteries (NaN %))
2026/05/07 17:01:58 - simulation time     660 (s) : SimLog- Average remaining power (devices with batteries that are still alive)   :              0 Wh (Average: 0 %)
2026/05/07 17:01:58 - simulation time     660 (s) : SimulationManager- the Scenario Simulation overflow times :2

================== Simulation finished at time 691.50 ==================


SimLog- Iteration finished...

######################################################################################################################################################################
Starting CloudSim Plus 4.3.0

2026/05/07 17:01:58 - simulation time       0 (s) : ServersManager- Datacenters and devices were generated
2026/05/07 17:01:58 - simulation time       0 (s) : SimulationManager-  Orchestration algorithm= ROUND_ROBIN-  Architechitecture= ALL -  number of edge devices= 462
2026/05/07 17:01:58 - simulation time       0 (s) : SimulationManager- Simulation: 1  , iteration: 52
2026/05/07 17:02:06 - simulation time     660 (s) : 
2026/05/07 17:02:06 - simulation time     660 (s) : ------------------------------------------------------- OUTPUT -------------------------------------------------------
2026/05/07 17:02:06 - simulation time     660 (s) : 
2026/05/07 17:02:06 - simulation time     660 (s) : SimLog- Tasks not sent because device died (low energy)                         :               0 % (0 tasks)
2026/05/07 17:02:06 - simulation time     660 (s) : SimLog- Tasks sent from edge devices                                            :             100 % (5852 among 5852 generated tasks)
2026/05/07 17:02:06 - simulation time     660 (s) : -------------------------------------All values below are based on the sent tasks-------------------------------------
2026/05/07 17:02:06 - simulation time     660 (s) : SimLog- Tasks ETE delay                                                         :     20511.0473 seconds
2026/05/07 17:02:06 - simulation time     660 (s) : SimLog- Average tasks ETE delay                                                 :         4.0834 seconds
2026/05/07 17:02:06 - simulation time     660 (s) : SimLog- Tasks execution delay                                                   :      3899.1369 seconds
2026/05/07 17:02:06 - simulation time     660 (s) : SimLog- Average tasks execution delay                                           :         0.6926 seconds
2026/05/07 17:02:06 - simulation time     660 (s) : SimLog- Tasks waiting time (from task submiting to the execution start)         :       237.5036 seconds
2026/05/07 17:02:06 - simulation time     660 (s) : SimLog- Average tasks waiting time (from task submiting to the execution start) :         0.0422 seconds
2026/05/07 17:02:06 - simulation time     660 (s) : SimLog- Tasks successfully executed                                             :        85.8681 % (5025 among 5852 sent tasks)
2026/05/07 17:02:06 - simulation time     660 (s) : SimLog- Tasks failures
2026/05/07 17:02:06 - simulation time     660 (s) :                                        Not executed due to resources unavailable:              0 % (0 tasks)
2026/05/07 17:02:06 - simulation time     660 (s) :                               Successfully executed but failed due to high delay:        13.0041 % (761 tasks from 5852 successfully sent tasks)
2026/05/07 17:02:06 - simulation time     660 (s) :                  Tasks execution results not returned because the device is dead:              0 % (0 tasks)
2026/05/07 17:02:06 - simulation time     660 (s) :                      Tasks execution results not returned due to device mobility:         1.1278 % (66 tasks)
2026/05/07 17:02:06 - simulation time     660 (s) : SimLog- Tasks executed on each level                                : Cloud=           1946 tasks (where 1719 were successfully executed)
2026/05/07 17:02:06 - simulation time     660 (s) :                                                                        Edge=            672 tasks (where 585 were successfully executed)
2026/05/07 17:02:06 - simulation time     660 (s) :                                                                        Mist=           3234 tasks (where 2721 were successfully executed)
2026/05/07 17:02:06 - simulation time     660 (s) : SimLog- Network usage                                                           :          11677 seconds (The total traffic: 24291.2 (MBytes))
2026/05/07 17:02:06 - simulation time     660 (s) :                                                                         Wan=           2169 seconds (18.575 % of total usage, WAN used when downloading containers=0 % of WAN usage)
2026/05/07 17:02:06 - simulation time     660 (s) :                                                                         Lan=          11677 seconds (100 % of total usage, LAN used when downloading containers=0 % of LAN usage)
2026/05/07 17:02:06 - simulation time     660 (s) :                                                    Average bandwidth per transfer=       789.4346 Mbps  
2026/05/07 17:02:06 - simulation time     660 (s) : SimLog- Average vm CPU utilization                                              :         0.2105 %
2026/05/07 17:02:06 - simulation time     660 (s) : SimLog- Average vm CPU utilization per level                             : Cloud=         0.0033 %
2026/05/07 17:02:06 - simulation time     660 (s) :                                                                             Edge=         0.0446 %
2026/05/07 17:02:06 - simulation time     660 (s) :                                                                             Mist=         0.2272 %
2026/05/07 17:02:06 - simulation time     660 (s) : SimLog- Energy consumption                                                      :2077879510439814500000 W,   213.1762 dBW
2026/05/07 17:02:06 - simulation time     660 (s) :                                                                                 :(Average:4122776806428203500 W/data center(or device), 186.1519 dBW/data center(or device))
2026/05/07 17:02:06 - simulation time     660 (s) :                                                                                 :(Average:359246111763453380 W/task, 175.5539 dBW/task)
2026/05/07 17:02:06 - simulation time     660 (s) : SimLog- Energy Consumption per level                                     : Cloud=454561850052823100000 W,   206.5759 dBW
2026/05/07 17:02:06 - simulation time     660 (s) :                                                                                 :(Average:25253436114045727000 W/data center, 194.0232 dBW/data center)
2026/05/07 17:02:06 - simulation time     660 (s) :                                                                             Edge=108872685631301520000 W,   200.3692 dBW
2026/05/07 17:02:06 - simulation time     660 (s) :                                                                                 :(Average:4536361901304229900 W/data center, 186.5671 dBW/data center)
2026/05/07 17:02:06 - simulation time     660 (s) :                                                                             Mist=1514444974755690000000 W,   211.8025 dBW
2026/05/07 17:02:06 - simulation time     660 (s) :                                                                                 :(Average:3278019425878116900 W/edge device, 185.1561 dBW/edge device)
2026/05/07 17:02:06 - simulation time     660 (s) : SimLog- Dead edge devices due to battery drain                                  :              0 devices (Among 0 devices with batteries (NaN %))
2026/05/07 17:02:06 - simulation time     660 (s) : SimLog- Average remaining power (devices with batteries that are still alive)   :              0 Wh (Average: 0 %)
2026/05/07 17:02:06 - simulation time     660 (s) : SimulationManager- the Scenario Simulation overflow times :3

================== Simulation finished at time 691.50 ==================


SimLog- Iteration finished...

######################################################################################################################################################################
Starting CloudSim Plus 4.3.0

2026/05/07 17:02:06 - simulation time       0 (s) : ServersManager- Datacenters and devices were generated
2026/05/07 17:02:06 - simulation time       0 (s) : SimulationManager-  Orchestration algorithm= ROUND_ROBIN-  Architechitecture= ALL -  number of edge devices= 528
2026/05/07 17:02:06 - simulation time       0 (s) : SimulationManager- Simulation: 1  , iteration: 53
2026/05/07 17:02:14 - simulation time     660 (s) : 
2026/05/07 17:02:14 - simulation time     660 (s) : ------------------------------------------------------- OUTPUT -------------------------------------------------------
2026/05/07 17:02:14 - simulation time     660 (s) : 
2026/05/07 17:02:14 - simulation time     660 (s) : SimLog- Tasks not sent because device died (low energy)                         :               0 % (0 tasks)
2026/05/07 17:02:14 - simulation time     660 (s) : SimLog- Tasks sent from edge devices                                            :             100 % (6692 among 6692 generated tasks)
2026/05/07 17:02:14 - simulation time     660 (s) : -------------------------------------All values below are based on the sent tasks-------------------------------------
2026/05/07 17:02:14 - simulation time     660 (s) : SimLog- Tasks ETE delay                                                         :     24429.4354 seconds
2026/05/07 17:02:14 - simulation time     660 (s) : SimLog- Average tasks ETE delay                                                 :         4.2523 seconds
2026/05/07 17:02:14 - simulation time     660 (s) : SimLog- Tasks execution delay                                                   :      5340.9826 seconds
2026/05/07 17:02:14 - simulation time     660 (s) : SimLog- Average tasks execution delay                                           :         0.8327 seconds
2026/05/07 17:02:14 - simulation time     660 (s) : SimLog- Tasks waiting time (from task submiting to the execution start)         :        267.828 seconds
2026/05/07 17:02:14 - simulation time     660 (s) : SimLog- Average tasks waiting time (from task submiting to the execution start) :         0.0418 seconds
2026/05/07 17:02:14 - simulation time     660 (s) : SimLog- Tasks successfully executed                                             :        85.8488 % (5745 among 6692 sent tasks)
2026/05/07 17:02:14 - simulation time     660 (s) : SimLog- Tasks failures
2026/05/07 17:02:14 - simulation time     660 (s) :                                        Not executed due to resources unavailable:              0 % (0 tasks)
2026/05/07 17:02:14 - simulation time     660 (s) :                               Successfully executed but failed due to high delay:        12.6569 % (847 tasks from 6692 successfully sent tasks)
2026/05/07 17:02:14 - simulation time     660 (s) :                  Tasks execution results not returned because the device is dead:              0 % (0 tasks)
2026/05/07 17:02:14 - simulation time     660 (s) :                      Tasks execution results not returned due to device mobility:         1.4943 % (100 tasks)
2026/05/07 17:02:14 - simulation time     660 (s) : SimLog- Tasks executed on each level                                : Cloud=           1978 tasks (where 1750 were successfully executed)
2026/05/07 17:02:14 - simulation time     660 (s) :                                                                        Edge=            672 tasks (where 585 were successfully executed)
2026/05/07 17:02:14 - simulation time     660 (s) :                                                                        Mist=           4042 tasks (where 3410 were successfully executed)
2026/05/07 17:02:14 - simulation time     660 (s) : SimLog- Network usage                                                           :          13335 seconds (The total traffic: 32773.1 (MBytes))
2026/05/07 17:02:14 - simulation time     660 (s) :                                                                         Wan=           2229 seconds (16.7154 % of total usage, WAN used when downloading containers=0 % of WAN usage)
2026/05/07 17:02:14 - simulation time     660 (s) :                                                                         Lan=          13335 seconds (100 % of total usage, LAN used when downloading containers=0 % of LAN usage)
2026/05/07 17:02:14 - simulation time     660 (s) :                                                    Average bandwidth per transfer=       811.5956 Mbps  
2026/05/07 17:02:14 - simulation time     660 (s) : SimLog- Average vm CPU utilization                                              :         0.2697 %
2026/05/07 17:02:14 - simulation time     660 (s) : SimLog- Average vm CPU utilization per level                             : Cloud=              0 %
2026/05/07 17:02:14 - simulation time     660 (s) :                                                                             Edge=         0.0619 %
2026/05/07 17:02:14 - simulation time     660 (s) :                                                                             Mist=         0.2883 %
2026/05/07 17:02:14 - simulation time     660 (s) : SimLog- Energy consumption                                                      :2701741234613393600000 W,   214.3164 dBW
2026/05/07 17:02:14 - simulation time     660 (s) :                                                                                 :(Average:4739896902830515200 W/data center(or device), 186.7577 dBW/data center(or device))
2026/05/07 17:02:14 - simulation time     660 (s) :                                                                                 :(Average:409851522241109440 W/task, 176.1263 dBW/task)
2026/05/07 17:02:14 - simulation time     660 (s) : SimLog- Energy Consumption per level                                     : Cloud=521047070253089550000 W,   207.1688 dBW
2026/05/07 17:02:14 - simulation time     660 (s) :                                                                                 :(Average:28947059458504974000 W/data center, 194.616 dBW/data center)
2026/05/07 17:02:14 - simulation time     660 (s) :                                                                             Edge=141600409894924200000 W,   201.5106 dBW
2026/05/07 17:02:14 - simulation time     660 (s) :                                                                                 :(Average:5900017078955174900 W/data center, 187.7085 dBW/data center)
2026/05/07 17:02:14 - simulation time     660 (s) :                                                                             Mist=2039093754465379700000 W,   213.0944 dBW
2026/05/07 17:02:14 - simulation time     660 (s) :                                                                                 :(Average:3861919989517764600 W/edge device, 185.868 dBW/edge device)
2026/05/07 17:02:14 - simulation time     660 (s) : SimLog- Dead edge devices due to battery drain                                  :              0 devices (Among 0 devices with batteries (NaN %))
2026/05/07 17:02:14 - simulation time     660 (s) : SimLog- Average remaining power (devices with batteries that are still alive)   :              0 Wh (Average: 0 %)
2026/05/07 17:02:14 - simulation time     660 (s) : SimulationManager- the Scenario Simulation overflow times :3

================== Simulation finished at time 691.50 ==================


SimLog- Iteration finished...

######################################################################################################################################################################
Starting CloudSim Plus 4.3.0

2026/05/07 17:02:14 - simulation time       0 (s) : ServersManager- Datacenters and devices were generated
2026/05/07 17:02:14 - simulation time       0 (s) : SimulationManager-  Orchestration algorithm= ROUND_ROBIN-  Architechitecture= ALL -  number of edge devices= 594
2026/05/07 17:02:14 - simulation time       0 (s) : SimulationManager- Simulation: 1  , iteration: 54
2026/05/07 17:02:24 - simulation time     660 (s) : 
2026/05/07 17:02:24 - simulation time     660 (s) : ------------------------------------------------------- OUTPUT -------------------------------------------------------
2026/05/07 17:02:24 - simulation time     660 (s) : 
2026/05/07 17:02:24 - simulation time     660 (s) : SimLog- Tasks not sent because device died (low energy)                         :               0 % (0 tasks)
2026/05/07 17:02:24 - simulation time     660 (s) : SimLog- Tasks sent from edge devices                                            :             100 % (7524 among 7524 generated tasks)
2026/05/07 17:02:24 - simulation time     660 (s) : -------------------------------------All values below are based on the sent tasks-------------------------------------
2026/05/07 17:02:24 - simulation time     660 (s) : SimLog- Tasks ETE delay                                                         :     27835.9758 seconds
2026/05/07 17:02:24 - simulation time     660 (s) : SimLog- Average tasks ETE delay                                                 :          4.303 seconds
2026/05/07 17:02:24 - simulation time     660 (s) : SimLog- Tasks execution delay                                                   :      6085.1856 seconds
2026/05/07 17:02:24 - simulation time     660 (s) : SimLog- Average tasks execution delay                                           :         0.8418 seconds
2026/05/07 17:02:24 - simulation time     660 (s) : SimLog- Tasks waiting time (from task submiting to the execution start)         :       480.0836 seconds
2026/05/07 17:02:24 - simulation time     660 (s) : SimLog- Average tasks waiting time (from task submiting to the execution start) :         0.0664 seconds
2026/05/07 17:02:24 - simulation time     660 (s) : SimLog- Tasks successfully executed                                             :        86.0048 % (6471 among 7524 sent tasks)
2026/05/07 17:02:24 - simulation time     660 (s) : SimLog- Tasks failures
2026/05/07 17:02:24 - simulation time     660 (s) :                                        Not executed due to resources unavailable:              0 % (0 tasks)
2026/05/07 17:02:24 - simulation time     660 (s) :                               Successfully executed but failed due to high delay:        12.6396 % (951 tasks from 7524 successfully sent tasks)
2026/05/07 17:02:24 - simulation time     660 (s) :                  Tasks execution results not returned because the device is dead:              0 % (0 tasks)
2026/05/07 17:02:24 - simulation time     660 (s) :                      Tasks execution results not returned due to device mobility:         1.3557 % (102 tasks)
2026/05/07 17:02:24 - simulation time     660 (s) : SimLog- Tasks executed on each level                                : Cloud=           2004 tasks (where 1785 were successfully executed)
2026/05/07 17:02:24 - simulation time     660 (s) :                                                                        Edge=            768 tasks (where 678 were successfully executed)
2026/05/07 17:02:24 - simulation time     660 (s) :                                                                        Mist=           4752 tasks (where 4008 were successfully executed)
2026/05/07 17:02:24 - simulation time     660 (s) : SimLog- Network usage                                                           :          15055 seconds (The total traffic: 37347.6 (MBytes))
2026/05/07 17:02:24 - simulation time     660 (s) :                                                                         Wan=           2325 seconds (15.4434 % of total usage, WAN used when downloading containers=0 % of WAN usage)
2026/05/07 17:02:24 - simulation time     660 (s) :                                                                         Lan=          15055 seconds (100 % of total usage, LAN used when downloading containers=0 % of LAN usage)
2026/05/07 17:02:24 - simulation time     660 (s) :                                                    Average bandwidth per transfer=        824.992 Mbps  
2026/05/07 17:02:24 - simulation time     660 (s) : SimLog- Average vm CPU utilization                                              :         0.3046 %
2026/05/07 17:02:24 - simulation time     660 (s) : SimLog- Average vm CPU utilization per level                             : Cloud=         0.0011 %
2026/05/07 17:02:24 - simulation time     660 (s) :                                                                             Edge=         0.0671 %
2026/05/07 17:02:24 - simulation time     660 (s) :                                                                             Mist=         0.3234 %
2026/05/07 17:02:24 - simulation time     660 (s) : SimLog- Energy consumption                                                      :2880305086913354700000 W,   214.5944 dBW
2026/05/07 17:02:24 - simulation time     660 (s) :                                                                                 :(Average:4528781583197098500 W/data center(or device), 186.5598 dBW/data center(or device))
2026/05/07 17:02:24 - simulation time     660 (s) :                                                                                 :(Average:388128970073218500 W/task, 175.8898 dBW/task)
2026/05/07 17:02:24 - simulation time     660 (s) : SimLog- Energy Consumption per level                                     : Cloud=475727864433107340000 W,   206.7736 dBW
2026/05/07 17:02:24 - simulation time     660 (s) :                                                                                 :(Average:26429325801839297000 W/data center, 194.2209 dBW/data center)
2026/05/07 17:02:24 - simulation time     660 (s) :                                                                             Edge=147075528197402080000 W,   201.6754 dBW
2026/05/07 17:02:24 - simulation time     660 (s) :                                                                                 :(Average:6128147008225086500 W/data center, 187.8733 dBW/data center)
2026/05/07 17:02:24 - simulation time     660 (s) :                                                                             Mist=2257501694282845000000 W,   213.5363 dBW
2026/05/07 17:02:24 - simulation time     660 (s) :                                                                                 :(Average:3800507902833072600 W/edge device, 185.7984 dBW/edge device)
2026/05/07 17:02:24 - simulation time     660 (s) : SimLog- Dead edge devices due to battery drain                                  :              0 devices (Among 0 devices with batteries (NaN %))
2026/05/07 17:02:24 - simulation time     660 (s) : SimLog- Average remaining power (devices with batteries that are still alive)   :              0 Wh (Average: 0 %)
2026/05/07 17:02:24 - simulation time     660 (s) : SimulationManager- the Scenario Simulation overflow times :4

================== Simulation finished at time 691.50 ==================


SimLog- Iteration finished...

######################################################################################################################################################################
Starting CloudSim Plus 4.3.0

2026/05/07 17:02:24 - simulation time       0 (s) : ServersManager- Datacenters and devices were generated
2026/05/07 17:02:24 - simulation time       0 (s) : SimulationManager-  Orchestration algorithm= ROUND_ROBIN-  Architechitecture= ALL -  number of edge devices= 660
2026/05/07 17:02:24 - simulation time       0 (s) : SimulationManager- Simulation: 1  , iteration: 55
2026/05/07 17:02:37 - simulation time     660 (s) : 
2026/05/07 17:02:37 - simulation time     660 (s) : ------------------------------------------------------- OUTPUT -------------------------------------------------------
2026/05/07 17:02:37 - simulation time     660 (s) : 
2026/05/07 17:02:37 - simulation time     660 (s) : SimLog- Tasks not sent because device died (low energy)                         :               0 % (0 tasks)
2026/05/07 17:02:37 - simulation time     660 (s) : SimLog- Tasks sent from edge devices                                            :             100 % (8360 among 8360 generated tasks)
2026/05/07 17:02:37 - simulation time     660 (s) : -------------------------------------All values below are based on the sent tasks-------------------------------------
2026/05/07 17:02:37 - simulation time     660 (s) : SimLog- Tasks ETE delay                                                         :     31434.5507 seconds
2026/05/07 17:02:37 - simulation time     660 (s) : SimLog- Average tasks ETE delay                                                 :          4.438 seconds
2026/05/07 17:02:37 - simulation time     660 (s) : SimLog- Tasks execution delay                                                   :      6658.0127 seconds
2026/05/07 17:02:37 - simulation time     660 (s) : SimLog- Average tasks execution delay                                           :         0.8385 seconds
2026/05/07 17:02:37 - simulation time     660 (s) : SimLog- Tasks waiting time (from task submiting to the execution start)         :      1539.6631 seconds
2026/05/07 17:02:37 - simulation time     660 (s) : SimLog- Average tasks waiting time (from task submiting to the execution start) :         0.1939 seconds
2026/05/07 17:02:37 - simulation time     660 (s) : SimLog- Tasks successfully executed                                             :        84.7249 % (7083 among 8360 sent tasks)
2026/05/07 17:02:37 - simulation time     660 (s) : SimLog- Tasks failures
2026/05/07 17:02:37 - simulation time     660 (s) :                                        Not executed due to resources unavailable:              0 % (0 tasks)
2026/05/07 17:02:37 - simulation time     660 (s) :                               Successfully executed but failed due to high delay:        14.1388 % (1182 tasks from 8360 successfully sent tasks)
2026/05/07 17:02:37 - simulation time     660 (s) :                  Tasks execution results not returned because the device is dead:              0 % (0 tasks)
2026/05/07 17:02:37 - simulation time     660 (s) :                      Tasks execution results not returned due to device mobility:         1.1364 % (95 tasks)
2026/05/07 17:02:37 - simulation time     660 (s) : SimLog- Tasks executed on each level                                : Cloud=           2222 tasks (where 1944 were successfully executed)
2026/05/07 17:02:37 - simulation time     660 (s) :                                                                        Edge=            768 tasks (where 662 were successfully executed)
2026/05/07 17:02:37 - simulation time     660 (s) :                                                                        Mist=           5370 tasks (where 4477 were successfully executed)
2026/05/07 17:02:37 - simulation time     660 (s) : SimLog- Network usage                                                           :          16675 seconds (The total traffic: 40675.95 (MBytes))
2026/05/07 17:02:37 - simulation time     660 (s) :                                                                         Wan=           2609 seconds (15.6462 % of total usage, WAN used when downloading containers=0 % of WAN usage)
2026/05/07 17:02:37 - simulation time     660 (s) :                                                                         Lan=          16675 seconds (100 % of total usage, LAN used when downloading containers=0 % of LAN usage)
2026/05/07 17:02:37 - simulation time     660 (s) :                                                    Average bandwidth per transfer=       824.6956 Mbps  
2026/05/07 17:02:37 - simulation time     660 (s) : SimLog- Average vm CPU utilization                                              :         0.2874 %
2026/05/07 17:02:37 - simulation time     660 (s) : SimLog- Average vm CPU utilization per level                             : Cloud=         0.0045 %
2026/05/07 17:02:37 - simulation time     660 (s) :                                                                             Edge=         0.0674 %
2026/05/07 17:02:37 - simulation time     660 (s) :                                                                             Mist=         0.3031 %
2026/05/07 17:02:37 - simulation time     660 (s) : SimLog- Energy consumption                                                      :3292091207456824000000 W,   215.1747 dBW
2026/05/07 17:02:37 - simulation time     660 (s) :                                                                                 :(Average:4689588614610861100 W/data center(or device), 186.7113 dBW/data center(or device))
2026/05/07 17:02:37 - simulation time     660 (s) :                                                                                 :(Average:398317145487819010 W/task, 176.0023 dBW/task)
2026/05/07 17:02:37 - simulation time     660 (s) : SimLog- Energy Consumption per level                                     : Cloud=595072045360911400000 W,   207.7457 dBW
2026/05/07 17:02:37 - simulation time     660 (s) :                                                                                 :(Average:33059558075606190000 W/data center, 195.193 dBW/data center)
2026/05/07 17:02:37 - simulation time     660 (s) :                                                                             Edge=161379019933270200000 W,   202.0785 dBW
2026/05/07 17:02:37 - simulation time     660 (s) :                                                                                 :(Average:6724125830552925200 W/data center, 188.2764 dBW/data center)
2026/05/07 17:02:37 - simulation time     660 (s) :                                                                             Mist=2535640142162642300000 W,   214.0409 dBW
2026/05/07 17:02:37 - simulation time     660 (s) :                                                                                 :(Average:3841879003276730900 W/edge device, 185.8454 dBW/edge device)
2026/05/07 17:02:37 - simulation time     660 (s) : SimLog- Dead edge devices due to battery drain                                  :              0 devices (Among 0 devices with batteries (NaN %))
2026/05/07 17:02:37 - simulation time     660 (s) : SimLog- Average remaining power (devices with batteries that are still alive)   :              0 Wh (Average: 0 %)
2026/05/07 17:02:37 - simulation time     660 (s) : SimulationManager- the Scenario Simulation overflow times :4

================== Simulation finished at time 691.50 ==================


SimLog- Iteration finished...

######################################################################################################################################################################
Starting CloudSim Plus 4.3.0

2026/05/07 17:02:37 - simulation time       0 (s) : ServersManager- Datacenters and devices were generated
2026/05/07 17:02:37 - simulation time       0 (s) : SimulationManager-  Orchestration algorithm= ROUND_ROBIN-  Architechitecture= ALL -  number of edge devices= 726
2026/05/07 17:02:37 - simulation time       0 (s) : SimulationManager- Simulation: 1  , iteration: 56
2026/05/07 17:02:52 - simulation time     660 (s) : 
2026/05/07 17:02:52 - simulation time     660 (s) : ------------------------------------------------------- OUTPUT -------------------------------------------------------
2026/05/07 17:02:52 - simulation time     660 (s) : 
2026/05/07 17:02:52 - simulation time     660 (s) : SimLog- Tasks not sent because device died (low energy)                         :               0 % (0 tasks)
2026/05/07 17:02:52 - simulation time     660 (s) : SimLog- Tasks sent from edge devices                                            :             100 % (9200 among 9200 generated tasks)
2026/05/07 17:02:52 - simulation time     660 (s) : -------------------------------------All values below are based on the sent tasks-------------------------------------
2026/05/07 17:02:52 - simulation time     660 (s) : SimLog- Tasks ETE delay                                                         :     36626.9723 seconds
2026/05/07 17:02:52 - simulation time     660 (s) : SimLog- Average tasks ETE delay                                                 :         4.7291 seconds
2026/05/07 17:02:52 - simulation time     660 (s) : SimLog- Tasks execution delay                                                   :      7097.6129 seconds
2026/05/07 17:02:52 - simulation time     660 (s) : SimLog- Average tasks execution delay                                           :         0.8267 seconds
2026/05/07 17:02:52 - simulation time     660 (s) : SimLog- Tasks waiting time (from task submiting to the execution start)         :      4037.5269 seconds
2026/05/07 17:02:52 - simulation time     660 (s) : SimLog- Average tasks waiting time (from task submiting to the execution start) :         0.4703 seconds
2026/05/07 17:02:52 - simulation time     660 (s) : SimLog- Tasks successfully executed                                             :        84.1848 % (7745 among 9200 sent tasks)
2026/05/07 17:02:52 - simulation time     660 (s) : SimLog- Tasks failures
2026/05/07 17:02:52 - simulation time     660 (s) :                                        Not executed due to resources unavailable:              0 % (0 tasks)
2026/05/07 17:02:52 - simulation time     660 (s) :                               Successfully executed but failed due to high delay:        14.3261 % (1318 tasks from 9200 successfully sent tasks)
2026/05/07 17:02:52 - simulation time     660 (s) :                  Tasks execution results not returned because the device is dead:              0 % (0 tasks)
2026/05/07 17:02:52 - simulation time     660 (s) :                      Tasks execution results not returned due to device mobility:         1.4891 % (137 tasks)
2026/05/07 17:02:52 - simulation time     660 (s) : SimLog- Tasks executed on each level                                : Cloud=           2238 tasks (where 1975 were successfully executed)
2026/05/07 17:02:52 - simulation time     660 (s) :                                                                        Edge=            768 tasks (where 676 were successfully executed)
2026/05/07 17:02:52 - simulation time     660 (s) :                                                                        Mist=           6194 tasks (where 5094 were successfully executed)
2026/05/07 17:02:52 - simulation time     660 (s) : SimLog- Network usage                                                           :          18150 seconds (The total traffic: 40925.8 (MBytes))
2026/05/07 17:02:52 - simulation time     660 (s) :                                                                         Wan=           2617 seconds (14.4187 % of total usage, WAN used when downloading containers=0 % of WAN usage)
2026/05/07 17:02:52 - simulation time     660 (s) :                                                                         Lan=          18150 seconds (100 % of total usage, LAN used when downloading containers=0 % of LAN usage)
2026/05/07 17:02:52 - simulation time     660 (s) :                                                    Average bandwidth per transfer=       840.1911 Mbps  
2026/05/07 17:02:52 - simulation time     660 (s) : SimLog- Average vm CPU utilization                                              :         0.3135 %
2026/05/07 17:02:52 - simulation time     660 (s) : SimLog- Average vm CPU utilization per level                             : Cloud=         0.0051 %
2026/05/07 17:02:52 - simulation time     660 (s) :                                                                             Edge=         0.0685 %
2026/05/07 17:02:52 - simulation time     660 (s) :                                                                             Mist=         0.3293 %
2026/05/07 17:02:52 - simulation time     660 (s) : SimLog- Energy consumption                                                      :3196752059204665600000 W,   215.0471 dBW
2026/05/07 17:02:52 - simulation time     660 (s) :                                                                                 :(Average:4162437577089408500 W/data center(or device), 186.1935 dBW/data center(or device))
2026/05/07 17:02:52 - simulation time     660 (s) :                                                                                 :(Average:352686679082597700 W/task, 175.4739 dBW/task)
2026/05/07 17:02:52 - simulation time     660 (s) : SimLog- Energy Consumption per level                                     : Cloud=550888343752823100000 W,   207.4106 dBW
2026/05/07 17:02:52 - simulation time     660 (s) :                                                                                 :(Average:30604907986267947000 W/data center, 194.8579 dBW/data center)
2026/05/07 17:02:52 - simulation time     660 (s) :                                                                             Edge=123462860572956300000 W,   200.9154 dBW
2026/05/07 17:02:52 - simulation time     660 (s) :                                                                                 :(Average:5144285857206512600 W/data center, 187.1133 dBW/data center)
2026/05/07 17:02:52 - simulation time     660 (s) :                                                                             Mist=2522400854878886300000 W,   214.0181 dBW
2026/05/07 17:02:52 - simulation time     660 (s) :                                                                                 :(Average:3474381342808383500 W/edge device, 185.4088 dBW/edge device)
2026/05/07 17:02:52 - simulation time     660 (s) : SimLog- Dead edge devices due to battery drain                                  :              0 devices (Among 0 devices with batteries (NaN %))
2026/05/07 17:02:52 - simulation time     660 (s) : SimLog- Average remaining power (devices with batteries that are still alive)   :              0 Wh (Average: 0 %)
2026/05/07 17:02:52 - simulation time     660 (s) : SimulationManager- the Scenario Simulation overflow times :4

================== Simulation finished at time 691.50 ==================


SimLog- Iteration finished...

######################################################################################################################################################################
Starting CloudSim Plus 4.3.0

2026/05/07 17:02:52 - simulation time       0 (s) : ServersManager- Datacenters and devices were generated
2026/05/07 17:02:52 - simulation time       0 (s) : SimulationManager-  Orchestration algorithm= ROUND_ROBIN-  Architechitecture= ALL -  number of edge devices= 792
2026/05/07 17:02:52 - simulation time       0 (s) : SimulationManager- Simulation: 1  , iteration: 57
2026/05/07 17:03:09 - simulation time     660 (s) : 
2026/05/07 17:03:09 - simulation time     660 (s) : ------------------------------------------------------- OUTPUT -------------------------------------------------------
2026/05/07 17:03:09 - simulation time     660 (s) : 
2026/05/07 17:03:09 - simulation time     660 (s) : SimLog- Tasks not sent because device died (low energy)                         :               0 % (0 tasks)
2026/05/07 17:03:09 - simulation time     660 (s) : SimLog- Tasks sent from edge devices                                            :             100 % (10052 among 10052 generated tasks)
2026/05/07 17:03:09 - simulation time     660 (s) : -------------------------------------All values below are based on the sent tasks-------------------------------------
2026/05/07 17:03:09 - simulation time     660 (s) : SimLog- Tasks ETE delay                                                         :      43009.103 seconds
2026/05/07 17:03:09 - simulation time     660 (s) : SimLog- Average tasks ETE delay                                                 :         5.2303 seconds
2026/05/07 17:03:09 - simulation time     660 (s) : SimLog- Tasks execution delay                                                   :      8391.1608 seconds
2026/05/07 17:03:09 - simulation time     660 (s) : SimLog- Average tasks execution delay                                           :         0.9094 seconds
2026/05/07 17:03:09 - simulation time     660 (s) : SimLog- Tasks waiting time (from task submiting to the execution start)         :      7918.6559 seconds
2026/05/07 17:03:09 - simulation time     660 (s) : SimLog- Average tasks waiting time (from task submiting to the execution start) :         0.8582 seconds
2026/05/07 17:03:09 - simulation time     660 (s) : SimLog- Tasks successfully executed                                             :        81.8046 % (8223 among 10052 sent tasks)
2026/05/07 17:03:09 - simulation time     660 (s) : SimLog- Tasks failures
2026/05/07 17:03:09 - simulation time     660 (s) :                                        Not executed due to resources unavailable:              0 % (0 tasks)
2026/05/07 17:03:09 - simulation time     660 (s) :                               Successfully executed but failed due to high delay:        16.5738 % (1666 tasks from 10052 successfully sent tasks)
2026/05/07 17:03:09 - simulation time     660 (s) :                  Tasks execution results not returned because the device is dead:              0 % (0 tasks)
2026/05/07 17:03:09 - simulation time     660 (s) :                      Tasks execution results not returned due to device mobility:         1.6216 % (163 tasks)
2026/05/07 17:03:09 - simulation time     660 (s) : SimLog- Tasks executed on each level                                : Cloud=           2230 tasks (where 1947 were successfully executed)
2026/05/07 17:03:09 - simulation time     660 (s) :                                                                        Edge=            768 tasks (where 634 were successfully executed)
2026/05/07 17:03:09 - simulation time     660 (s) :                                                                        Mist=           7054 tasks (where 5642 were successfully executed)
2026/05/07 17:03:09 - simulation time     660 (s) : SimLog- Network usage                                                           :          19605 seconds (The total traffic: 50499.6 (MBytes))
2026/05/07 17:03:09 - simulation time     660 (s) :                                                                         Wan=           2580 seconds (13.1599 % of total usage, WAN used when downloading containers=0 % of WAN usage)
2026/05/07 17:03:09 - simulation time     660 (s) :                                                                         Lan=          19605 seconds (100 % of total usage, LAN used when downloading containers=0 % of LAN usage)
2026/05/07 17:03:09 - simulation time     660 (s) :                                                    Average bandwidth per transfer=       859.0954 Mbps  
2026/05/07 17:03:09 - simulation time     660 (s) : SimLog- Average vm CPU utilization                                              :          0.339 %
2026/05/07 17:03:09 - simulation time     660 (s) : SimLog- Average vm CPU utilization per level                             : Cloud=          0.059 %
2026/05/07 17:03:09 - simulation time     660 (s) :                                                                             Edge=         0.0705 %
2026/05/07 17:03:09 - simulation time     660 (s) :                                                                             Mist=         0.3535 %
2026/05/07 17:03:09 - simulation time     660 (s) : SimLog- Energy consumption                                                      :3945104099767764400000 W,   215.9606 dBW
2026/05/07 17:03:09 - simulation time     660 (s) :                                                                                 :(Average:4730340647203554300 W/data center(or device), 186.7489 dBW/data center(or device))
2026/05/07 17:03:09 - simulation time     660 (s) :                                                                                 :(Average:398857961759960000 W/task, 176.0082 dBW/task)
2026/05/07 17:03:09 - simulation time     660 (s) : SimLog- Energy Consumption per level                                     : Cloud=692491700433447600000 W,   208.4041 dBW
2026/05/07 17:03:09 - simulation time     660 (s) :                                                                                 :(Average:38471761135191530000 W/data center, 195.8514 dBW/data center)
2026/05/07 17:03:09 - simulation time     660 (s) :                                                                             Edge=157282510854303300000 W,   201.9668 dBW
2026/05/07 17:03:09 - simulation time     660 (s) :                                                                                 :(Average:6553437952262636500 W/data center, 188.1647 dBW/data center)
2026/05/07 17:03:09 - simulation time     660 (s) :                                                                             Mist=3095329888480013600000 W,   214.9071 dBW
2026/05/07 17:03:09 - simulation time     660 (s) :                                                                                 :(Average:3908244808686885900 W/edge device, 185.9198 dBW/edge device)
2026/05/07 17:03:09 - simulation time     660 (s) : SimLog- Dead edge devices due to battery drain                                  :              0 devices (Among 0 devices with batteries (NaN %))
2026/05/07 17:03:09 - simulation time     660 (s) : SimLog- Average remaining power (devices with batteries that are still alive)   :              0 Wh (Average: 0 %)
2026/05/07 17:03:09 - simulation time     660 (s) : SimulationManager- the Scenario Simulation overflow times :4

================== Simulation finished at time 691.50 ==================


SimLog- Iteration finished...

######################################################################################################################################################################
Starting CloudSim Plus 4.3.0

2026/05/07 17:03:09 - simulation time       0 (s) : ServersManager- Datacenters and devices were generated
2026/05/07 17:03:09 - simulation time       0 (s) : SimulationManager-  Orchestration algorithm= ROUND_ROBIN-  Architechitecture= ALL -  number of edge devices= 858
2026/05/07 17:03:09 - simulation time       0 (s) : SimulationManager- Simulation: 1  , iteration: 58
2026/05/07 17:03:30 - simulation time     660 (s) : 
2026/05/07 17:03:30 - simulation time     660 (s) : ------------------------------------------------------- OUTPUT -------------------------------------------------------
2026/05/07 17:03:30 - simulation time     660 (s) : 
2026/05/07 17:03:30 - simulation time     660 (s) : SimLog- Tasks not sent because device died (low energy)                         :               0 % (0 tasks)
2026/05/07 17:03:30 - simulation time     660 (s) : SimLog- Tasks sent from edge devices                                            :             100 % (10886 among 10886 generated tasks)
2026/05/07 17:03:30 - simulation time     660 (s) : -------------------------------------All values below are based on the sent tasks-------------------------------------
2026/05/07 17:03:30 - simulation time     660 (s) : SimLog- Tasks ETE delay                                                         :      49604.263 seconds
2026/05/07 17:03:30 - simulation time     660 (s) : SimLog- Average tasks ETE delay                                                 :         5.6037 seconds
2026/05/07 17:03:30 - simulation time     660 (s) : SimLog- Tasks execution delay                                                   :      8533.9966 seconds
2026/05/07 17:03:30 - simulation time     660 (s) : SimLog- Average tasks execution delay                                           :         0.8575 seconds
2026/05/07 17:03:30 - simulation time     660 (s) : SimLog- Tasks waiting time (from task submiting to the execution start)         :      12234.277 seconds
2026/05/07 17:03:30 - simulation time     660 (s) : SimLog- Average tasks waiting time (from task submiting to the execution start) :         1.2293 seconds
2026/05/07 17:03:30 - simulation time     660 (s) : SimLog- Tasks successfully executed                                             :        81.3155 % (8852 among 10886 sent tasks)
2026/05/07 17:03:30 - simulation time     660 (s) : SimLog- Tasks failures
2026/05/07 17:03:30 - simulation time     660 (s) :                                        Not executed due to resources unavailable:              0 % (0 tasks)
2026/05/07 17:03:30 - simulation time     660 (s) :                               Successfully executed but failed due to high delay:        17.2699 % (1880 tasks from 10886 successfully sent tasks)
2026/05/07 17:03:30 - simulation time     660 (s) :                  Tasks execution results not returned because the device is dead:              0 % (0 tasks)
2026/05/07 17:03:30 - simulation time     660 (s) :                      Tasks execution results not returned due to device mobility:         1.4147 % (154 tasks)
2026/05/07 17:03:30 - simulation time     660 (s) : SimLog- Tasks executed on each level                                : Cloud=           2304 tasks (where 1934 were successfully executed)
2026/05/07 17:03:30 - simulation time     660 (s) :                                                                        Edge=            860 tasks (where 706 were successfully executed)
2026/05/07 17:03:30 - simulation time     660 (s) :                                                                        Mist=           7722 tasks (where 6212 were successfully executed)
2026/05/07 17:03:30 - simulation time     660 (s) : SimLog- Network usage                                                           :          21047 seconds (The total traffic: 48706.85 (MBytes))
2026/05/07 17:03:30 - simulation time     660 (s) :                                                                         Wan=           2548 seconds (12.1062 % of total usage, WAN used when downloading containers=0 % of WAN usage)
2026/05/07 17:03:30 - simulation time     660 (s) :                                                                         Lan=          21047 seconds (100 % of total usage, LAN used when downloading containers=0 % of LAN usage)
2026/05/07 17:03:30 - simulation time     660 (s) :                                                    Average bandwidth per transfer=       863.1468 Mbps  
2026/05/07 17:03:30 - simulation time     660 (s) : SimLog- Average vm CPU utilization                                              :         0.3873 %
2026/05/07 17:03:30 - simulation time     660 (s) : SimLog- Average vm CPU utilization per level                             : Cloud=         0.1492 %
2026/05/07 17:03:30 - simulation time     660 (s) :                                                                             Edge=         0.1041 %
2026/05/07 17:03:30 - simulation time     660 (s) :                                                                             Mist=         0.4002 %
2026/05/07 17:03:30 - simulation time     660 (s) : SimLog- Energy consumption                                                      :3722662119033899000000 W,   215.7085 dBW
2026/05/07 17:03:30 - simulation time     660 (s) :                                                                                 :(Average:4136291243370998800 W/data center(or device), 186.1661 dBW/data center(or device))
2026/05/07 17:03:30 - simulation time     660 (s) :                                                                                 :(Average:346842645954896000 W/task, 175.4013 dBW/task)
2026/05/07 17:03:30 - simulation time     660 (s) : SimLog- Energy Consumption per level                                     : Cloud=584065535804243250000 W,   207.6646 dBW
2026/05/07 17:03:30 - simulation time     660 (s) :                                                                                 :(Average:32448085322457956000 W/data center, 195.1119 dBW/data center)
2026/05/07 17:03:30 - simulation time     660 (s) :                                                                             Edge=128195414883265430000 W,   201.0787 dBW
2026/05/07 17:03:30 - simulation time     660 (s) :                                                                                 :(Average:5341475620136059900 W/data center, 187.2766 dBW/data center)
2026/05/07 17:03:30 - simulation time     660 (s) :                                                                             Mist=3010401168346390000000 W,   214.7862 dBW
2026/05/07 17:03:30 - simulation time     660 (s) :                                                                                 :(Average:3508626070333788200 W/edge device, 185.4514 dBW/edge device)
2026/05/07 17:03:30 - simulation time     660 (s) : SimLog- Dead edge devices due to battery drain                                  :              0 devices (Among 0 devices with batteries (NaN %))
2026/05/07 17:03:30 - simulation time     660 (s) : SimLog- Average remaining power (devices with batteries that are still alive)   :              0 Wh (Average: 0 %)
2026/05/07 17:03:30 - simulation time     660 (s) : SimulationManager- the Scenario Simulation overflow times :4

================== Simulation finished at time 691.50 ==================


SimLog- Iteration finished...

######################################################################################################################################################################
Starting CloudSim Plus 4.3.0

2026/05/07 17:03:30 - simulation time       0 (s) : ServersManager- Datacenters and devices were generated
2026/05/07 17:03:30 - simulation time       0 (s) : SimulationManager-  Orchestration algorithm= ROUND_ROBIN-  Architechitecture= ALL -  number of edge devices= 924
2026/05/07 17:03:30 - simulation time       0 (s) : SimulationManager- Simulation: 1  , iteration: 59
2026/05/07 17:03:54 - simulation time     660 (s) : 
2026/05/07 17:03:54 - simulation time     660 (s) : ------------------------------------------------------- OUTPUT -------------------------------------------------------
2026/05/07 17:03:54 - simulation time     660 (s) : 
2026/05/07 17:03:54 - simulation time     660 (s) : SimLog- Tasks not sent because device died (low energy)                         :               0 % (0 tasks)
2026/05/07 17:03:54 - simulation time     660 (s) : SimLog- Tasks sent from edge devices                                            :             100 % (11714 among 11714 generated tasks)
2026/05/07 17:03:54 - simulation time     660 (s) : -------------------------------------All values below are based on the sent tasks-------------------------------------
2026/05/07 17:03:54 - simulation time     660 (s) : SimLog- Tasks ETE delay                                                         :     58718.9872 seconds
2026/05/07 17:03:54 - simulation time     660 (s) : SimLog- Average tasks ETE delay                                                 :         6.1415 seconds
2026/05/07 17:03:54 - simulation time     660 (s) : SimLog- Tasks execution delay                                                   :      9004.0381 seconds
2026/05/07 17:03:54 - simulation time     660 (s) : SimLog- Average tasks execution delay                                           :         0.8417 seconds
2026/05/07 17:03:54 - simulation time     660 (s) : SimLog- Tasks waiting time (from task submiting to the execution start)         :     18560.0315 seconds
2026/05/07 17:03:54 - simulation time     660 (s) : SimLog- Average tasks waiting time (from task submiting to the execution start) :         1.7351 seconds
2026/05/07 17:03:54 - simulation time     660 (s) : SimLog- Tasks successfully executed                                             :        81.6203 % (9561 among 11714 sent tasks)
2026/05/07 17:03:54 - simulation time     660 (s) : SimLog- Tasks failures
2026/05/07 17:03:54 - simulation time     660 (s) :                                        Not executed due to resources unavailable:              0 % (0 tasks)
2026/05/07 17:03:54 - simulation time     660 (s) :                               Successfully executed but failed due to high delay:        16.8943 % (1979 tasks from 11714 successfully sent tasks)
2026/05/07 17:03:54 - simulation time     660 (s) :                  Tasks execution results not returned because the device is dead:              0 % (0 tasks)
2026/05/07 17:03:54 - simulation time     660 (s) :                      Tasks execution results not returned due to device mobility:         1.4854 % (174 tasks)
2026/05/07 17:03:54 - simulation time     660 (s) : SimLog- Tasks executed on each level                                : Cloud=           2534 tasks (where 2184 were successfully executed)
2026/05/07 17:03:54 - simulation time     660 (s) :                                                                        Edge=            864 tasks (where 729 were successfully executed)
2026/05/07 17:03:54 - simulation time     660 (s) :                                                                        Mist=           8316 tasks (where 6648 were successfully executed)
2026/05/07 17:03:54 - simulation time     660 (s) : SimLog- Network usage                                                           :          22669 seconds (The total traffic: 49991.05 (MBytes))
2026/05/07 17:03:54 - simulation time     660 (s) :                                                                         Wan=           2824 seconds (12.4575 % of total usage, WAN used when downloading containers=0 % of WAN usage)
2026/05/07 17:03:54 - simulation time     660 (s) :                                                                         Lan=          22669 seconds (100 % of total usage, LAN used when downloading containers=0 % of LAN usage)
2026/05/07 17:03:54 - simulation time     660 (s) :                                                    Average bandwidth per transfer=       859.0468 Mbps  
2026/05/07 17:03:54 - simulation time     660 (s) : SimLog- Average vm CPU utilization                                              :         0.3511 %
2026/05/07 17:03:54 - simulation time     660 (s) : SimLog- Average vm CPU utilization per level                             : Cloud=         0.0339 %
2026/05/07 17:03:54 - simulation time     660 (s) :                                                                             Edge=         0.0795 %
2026/05/07 17:03:54 - simulation time     660 (s) :                                                                             Mist=         0.3644 %
2026/05/07 17:03:54 - simulation time     660 (s) : SimLog- Energy consumption                                                      :3756764222294246000000 W,   215.7481 dBW
2026/05/07 17:03:54 - simulation time     660 (s) :                                                                                 :(Average:3888989878151393300 W/data center(or device), 185.8984 dBW/data center(or device))
2026/05/07 17:03:54 - simulation time     660 (s) :                                                                                 :(Average:325514619382570500 W/task, 175.1257 dBW/task)
2026/05/07 17:03:54 - simulation time     660 (s) : SimLog- Energy Consumption per level                                     : Cloud=551838631804334600000 W,   207.4181 dBW
2026/05/07 17:03:54 - simulation time     660 (s) :                                                                                 :(Average:30657701766907480000 W/data center, 194.8654 dBW/data center)
2026/05/07 17:03:54 - simulation time     660 (s) :                                                                             Edge=132279489036934200000 W,   201.2149 dBW
2026/05/07 17:03:54 - simulation time     660 (s) :                                                                                 :(Average:5511645376538925100 W/data center, 187.4128 dBW/data center)
2026/05/07 17:03:54 - simulation time     660 (s) :                                                                             Mist=3072646101452977000000 W,   214.8751 dBW
2026/05/07 17:03:54 - simulation time     660 (s) :                                                                                 :(Average:3325374568672053200 W/edge device, 185.2184 dBW/edge device)
2026/05/07 17:03:54 - simulation time     660 (s) : SimLog- Dead edge devices due to battery drain                                  :              0 devices (Among 0 devices with batteries (NaN %))
2026/05/07 17:03:54 - simulation time     660 (s) : SimLog- Average remaining power (devices with batteries that are still alive)   :              0 Wh (Average: 0 %)
2026/05/07 17:03:54 - simulation time     660 (s) : SimulationManager- the Scenario Simulation overflow times :4

================== Simulation finished at time 691.50 ==================


SimLog- Iteration finished...

######################################################################################################################################################################
Starting CloudSim Plus 4.3.0

2026/05/07 17:03:54 - simulation time       0 (s) : ServersManager- Datacenters and devices were generated
2026/05/07 17:03:54 - simulation time       0 (s) : SimulationManager-  Orchestration algorithm= ROUND_ROBIN-  Architechitecture= ALL -  number of edge devices= 990
2026/05/07 17:03:54 - simulation time       0 (s) : SimulationManager- Simulation: 1  , iteration: 60
2026/05/07 17:04:21 - simulation time     660 (s) : 
2026/05/07 17:04:21 - simulation time     660 (s) : ------------------------------------------------------- OUTPUT -------------------------------------------------------
2026/05/07 17:04:21 - simulation time     660 (s) : 
2026/05/07 17:04:21 - simulation time     660 (s) : SimLog- Tasks not sent because device died (low energy)                         :               0 % (0 tasks)
2026/05/07 17:04:21 - simulation time     660 (s) : SimLog- Tasks sent from edge devices                                            :             100 % (12532 among 12532 generated tasks)
2026/05/07 17:04:21 - simulation time     660 (s) : -------------------------------------All values below are based on the sent tasks-------------------------------------
2026/05/07 17:04:21 - simulation time     660 (s) : SimLog- Tasks ETE delay                                                         :     70571.5589 seconds
2026/05/07 17:04:21 - simulation time     660 (s) : SimLog- Average tasks ETE delay                                                 :         6.8529 seconds
2026/05/07 17:04:21 - simulation time     660 (s) : SimLog- Tasks execution delay                                                   :     10242.9119 seconds
2026/05/07 17:04:21 - simulation time     660 (s) : SimLog- Average tasks execution delay                                           :         0.8926 seconds
2026/05/07 17:04:21 - simulation time     660 (s) : SimLog- Tasks waiting time (from task submiting to the execution start)         :     26404.5149 seconds
2026/05/07 17:04:21 - simulation time     660 (s) : SimLog- Average tasks waiting time (from task submiting to the execution start) :         2.3008 seconds
2026/05/07 17:04:21 - simulation time     660 (s) : SimLog- Tasks successfully executed                                             :        82.1736 % (10298 among 12532 sent tasks)
2026/05/07 17:04:21 - simulation time     660 (s) : SimLog- Tasks failures
2026/05/07 17:04:21 - simulation time     660 (s) :                                        Not executed due to resources unavailable:              0 % (0 tasks)
2026/05/07 17:04:21 - simulation time     660 (s) :                               Successfully executed but failed due to high delay:        16.0629 % (2013 tasks from 12532 successfully sent tasks)
2026/05/07 17:04:21 - simulation time     660 (s) :                  Tasks execution results not returned because the device is dead:              0 % (0 tasks)
2026/05/07 17:04:21 - simulation time     660 (s) :                      Tasks execution results not returned due to device mobility:         1.7635 % (221 tasks)
2026/05/07 17:04:21 - simulation time     660 (s) : SimLog- Tasks executed on each level                                : Cloud=           2558 tasks (where 2177 were successfully executed)
2026/05/07 17:04:21 - simulation time     660 (s) :                                                                        Edge=            864 tasks (where 726 were successfully executed)
2026/05/07 17:04:21 - simulation time     660 (s) :                                                                        Mist=           9110 tasks (where 7395 were successfully executed)
2026/05/07 17:04:21 - simulation time     660 (s) : SimLog- Network usage                                                           :          24517 seconds (The total traffic: 54559.25 (MBytes))
2026/05/07 17:04:21 - simulation time     660 (s) :                                                                         Wan=           3091 seconds (12.6076 % of total usage, WAN used when downloading containers=0 % of WAN usage)
2026/05/07 17:04:21 - simulation time     660 (s) :                                                                         Lan=          24517 seconds (100 % of total usage, LAN used when downloading containers=0 % of LAN usage)
2026/05/07 17:04:21 - simulation time     660 (s) :                                                    Average bandwidth per transfer=       860.1254 Mbps  
2026/05/07 17:04:21 - simulation time     660 (s) : SimLog- Average vm CPU utilization                                              :         0.3066 %
2026/05/07 17:04:21 - simulation time     660 (s) : SimLog- Average vm CPU utilization per level                             : Cloud=         0.0313 %
2026/05/07 17:04:21 - simulation time     660 (s) :                                                                             Edge=           0.08 %
2026/05/07 17:04:21 - simulation time     660 (s) :                                                                             Mist=         0.3171 %
2026/05/07 17:04:21 - simulation time     660 (s) : SimLog- Energy consumption                                                      :4142120878282651000000 W,   216.1722 dBW
2026/05/07 17:04:21 - simulation time     660 (s) :                                                                                 :(Average:4013683021591715800 W/data center(or device), 186.0354 dBW/data center(or device))
2026/05/07 17:04:21 - simulation time     660 (s) :                                                                                 :(Average:336456898568974980 W/task, 175.2693 dBW/task)
2026/05/07 17:04:21 - simulation time     660 (s) : SimLog- Energy Consumption per level                                     : Cloud=568900093196184700000 W,   207.5504 dBW
2026/05/07 17:04:21 - simulation time     660 (s) :                                                                                 :(Average:31605560733121372000 W/data center, 194.9976 dBW/data center)
2026/05/07 17:04:21 - simulation time     660 (s) :                                                                             Edge=165162381481843900000 W,   202.1791 dBW
2026/05/07 17:04:21 - simulation time     660 (s) :                                                                                 :(Average:6881765895076828200 W/data center, 188.377 dBW/data center)
2026/05/07 17:04:21 - simulation time     660 (s) :                                                                             Mist=3408058403604622500000 W,   215.3251 dBW
2026/05/07 17:04:21 - simulation time     660 (s) :                                                                                 :(Average:3442483235964265000 W/edge device, 185.3687 dBW/edge device)
2026/05/07 17:04:21 - simulation time     660 (s) : SimLog- Dead edge devices due to battery drain                                  :              0 devices (Among 0 devices with batteries (NaN %))
2026/05/07 17:04:21 - simulation time     660 (s) : SimLog- Average remaining power (devices with batteries that are still alive)   :              0 Wh (Average: 0 %)
2026/05/07 17:04:21 - simulation time     660 (s) : SimulationManager- the Scenario Simulation overflow times :4

================== Simulation finished at time 691.50 ==================


SimLog- Iteration finished...

######################################################################################################################################################################
Starting CloudSim Plus 4.3.0

2026/05/07 17:04:21 - simulation time       0 (s) : ServersManager- Datacenters and devices were generated
2026/05/07 17:04:21 - simulation time       0 (s) : SimulationManager-  Orchestration algorithm= TRADE_OFF-  Architechitecture= ALL -  number of edge devices= 66
2026/05/07 17:04:21 - simulation time       0 (s) : SimulationManager- Simulation: 1  , iteration: 61
2026/05/07 17:04:21 - simulation time     640 (s) : 
2026/05/07 17:04:21 - simulation time     640 (s) : ------------------------------------------------------- OUTPUT -------------------------------------------------------
2026/05/07 17:04:21 - simulation time     640 (s) : 
2026/05/07 17:04:21 - simulation time     640 (s) : SimLog- Tasks not sent because device died (low energy)                         :               0 % (0 tasks)
2026/05/07 17:04:21 - simulation time     640 (s) : SimLog- Tasks sent from edge devices                                            :             100 % (850 among 850 generated tasks)
2026/05/07 17:04:21 - simulation time     640 (s) : -------------------------------------All values below are based on the sent tasks-------------------------------------
2026/05/07 17:04:21 - simulation time     640 (s) : SimLog- Tasks ETE delay                                                         :       2567.328 seconds
2026/05/07 17:04:21 - simulation time     640 (s) : SimLog- Average tasks ETE delay                                                 :         3.5121 seconds
2026/05/07 17:04:21 - simulation time     640 (s) : SimLog- Tasks execution delay                                                   :        276.627 seconds
2026/05/07 17:04:21 - simulation time     640 (s) : SimLog- Average tasks execution delay                                           :         0.3266 seconds
2026/05/07 17:04:21 - simulation time     640 (s) : SimLog- Tasks waiting time (from task submiting to the execution start)         :        37.9803 seconds
2026/05/07 17:04:21 - simulation time     640 (s) : SimLog- Average tasks waiting time (from task submiting to the execution start) :         0.0448 seconds
2026/05/07 17:04:21 - simulation time     640 (s) : SimLog- Tasks successfully executed                                             :             86 % (731 among 850 sent tasks)
2026/05/07 17:04:21 - simulation time     640 (s) : SimLog- Tasks failures
2026/05/07 17:04:21 - simulation time     640 (s) :                                        Not executed due to resources unavailable:              0 % (0 tasks)
2026/05/07 17:04:21 - simulation time     640 (s) :                               Successfully executed but failed due to high delay:        13.8824 % (118 tasks from 850 successfully sent tasks)
2026/05/07 17:04:21 - simulation time     640 (s) :                  Tasks execution results not returned because the device is dead:              0 % (0 tasks)
2026/05/07 17:04:21 - simulation time     640 (s) :                      Tasks execution results not returned due to device mobility:         0.1176 % (1 tasks)
2026/05/07 17:04:21 - simulation time     640 (s) : SimLog- Tasks executed on each level                                : Cloud=            576 tasks (where 493 were successfully executed)
2026/05/07 17:04:21 - simulation time     640 (s) :                                                                        Edge=            233 tasks (where 200 were successfully executed)
2026/05/07 17:04:21 - simulation time     640 (s) :                                                                        Mist=             41 tasks (where 38 were successfully executed)
2026/05/07 17:04:21 - simulation time     640 (s) : SimLog- Network usage                                                           :           1693 seconds (The total traffic: 3116.5 (MBytes))
2026/05/07 17:04:21 - simulation time     640 (s) :                                                                         Wan=            576 seconds (34.0224 % of total usage, WAN used when downloading containers=0 % of WAN usage)
2026/05/07 17:04:21 - simulation time     640 (s) :                                                                         Lan=           1693 seconds (100 % of total usage, LAN used when downloading containers=0 % of LAN usage)
2026/05/07 17:04:21 - simulation time     640 (s) :                                                    Average bandwidth per transfer=       775.2558 Mbps  
2026/05/07 17:04:21 - simulation time     640 (s) : SimLog- Average vm CPU utilization                                              :         0.0165 %
2026/05/07 17:04:21 - simulation time     640 (s) : SimLog- Average vm CPU utilization per level                             : Cloud=         0.0033 %
2026/05/07 17:04:21 - simulation time     640 (s) :                                                                             Edge=         0.0118 %
2026/05/07 17:04:21 - simulation time     640 (s) :                                                                             Mist=         0.0219 %
2026/05/07 17:04:21 - simulation time     640 (s) : SimLog- Energy consumption                                                      :335283472935817840000 W,   205.2541 dBW
2026/05/07 17:04:21 - simulation time     640 (s) :                                                                                 :(Average:3104476601257572400 W/data center(or device), 184.9199 dBW/data center(or device))
2026/05/07 17:04:21 - simulation time     640 (s) :                                                                                 :(Average:394915751396723010 W/task, 175.965 dBW/task)
2026/05/07 17:04:21 - simulation time     640 (s) : SimLog- Energy Consumption per level                                     : Cloud=109962060084184680000 W,   200.4124 dBW
2026/05/07 17:04:21 - simulation time     640 (s) :                                                                                 :(Average:6109003338010259500 W/data center, 187.8597 dBW/data center)
2026/05/07 17:04:21 - simulation time     640 (s) :                                                                             Edge=25293653016368493000 W,   194.0301 dBW
2026/05/07 17:04:21 - simulation time     640 (s) :                                                                                 :(Average:1053902209015353860 W/data center, 180.228 dBW/data center)
2026/05/07 17:04:21 - simulation time     640 (s) :                                                                             Mist=200027759835264680000 W,   203.0109 dBW
2026/05/07 17:04:21 - simulation time     640 (s) :                                                                                 :(Average:3030723633867646500 W/edge device, 184.8155 dBW/edge device)
2026/05/07 17:04:21 - simulation time     640 (s) : SimLog- Dead edge devices due to battery drain                                  :              0 devices (Among 0 devices with batteries (NaN %))
2026/05/07 17:04:21 - simulation time     640 (s) : SimLog- Average remaining power (devices with batteries that are still alive)   :              0 Wh (Average: 0 %)
2026/05/07 17:04:21 - simulation time     640 (s) : SimulationManager- the Scenario Simulation overflow times :4

================== Simulation finished at time 672.60 ==================


SimLog- Iteration finished...

######################################################################################################################################################################
Starting CloudSim Plus 4.3.0

2026/05/07 17:04:21 - simulation time       0 (s) : ServersManager- Datacenters and devices were generated
2026/05/07 17:04:21 - simulation time       0 (s) : SimulationManager-  Orchestration algorithm= TRADE_OFF-  Architechitecture= ALL -  number of edge devices= 132
2026/05/07 17:04:21 - simulation time       0 (s) : SimulationManager- Simulation: 1  , iteration: 62
2026/05/07 17:04:22 - simulation time     650 (s) : 
2026/05/07 17:04:22 - simulation time     650 (s) : ------------------------------------------------------- OUTPUT -------------------------------------------------------
2026/05/07 17:04:22 - simulation time     650 (s) : 
2026/05/07 17:04:22 - simulation time     650 (s) : SimLog- Tasks not sent because device died (low energy)                         :               0 % (0 tasks)
2026/05/07 17:04:22 - simulation time     650 (s) : SimLog- Tasks sent from edge devices                                            :             100 % (1680 among 1680 generated tasks)
2026/05/07 17:04:22 - simulation time     650 (s) : -------------------------------------All values below are based on the sent tasks-------------------------------------
2026/05/07 17:04:22 - simulation time     650 (s) : SimLog- Tasks ETE delay                                                         :      5329.0584 seconds
2026/05/07 17:04:22 - simulation time     650 (s) : SimLog- Average tasks ETE delay                                                 :         3.6752 seconds
2026/05/07 17:04:22 - simulation time     650 (s) : SimLog- Tasks execution delay                                                   :       628.1022 seconds
2026/05/07 17:04:22 - simulation time     650 (s) : SimLog- Average tasks execution delay                                           :          0.383 seconds
2026/05/07 17:04:22 - simulation time     650 (s) : SimLog- Tasks waiting time (from task submiting to the execution start)         :        72.8703 seconds
2026/05/07 17:04:22 - simulation time     650 (s) : SimLog- Average tasks waiting time (from task submiting to the execution start) :         0.0444 seconds
2026/05/07 17:04:22 - simulation time     650 (s) : SimLog- Tasks successfully executed                                             :        86.3095 % (1450 among 1680 sent tasks)
2026/05/07 17:04:22 - simulation time     650 (s) : SimLog- Tasks failures
2026/05/07 17:04:22 - simulation time     650 (s) :                                        Not executed due to resources unavailable:              0 % (0 tasks)
2026/05/07 17:04:22 - simulation time     650 (s) :                               Successfully executed but failed due to high delay:        13.2738 % (223 tasks from 1680 successfully sent tasks)
2026/05/07 17:04:22 - simulation time     650 (s) :                  Tasks execution results not returned because the device is dead:              0 % (0 tasks)
2026/05/07 17:04:22 - simulation time     650 (s) :                      Tasks execution results not returned due to device mobility:         0.4167 % (7 tasks)
2026/05/07 17:04:22 - simulation time     650 (s) : SimLog- Tasks executed on each level                                : Cloud=           1040 tasks (where 898 were successfully executed)
2026/05/07 17:04:22 - simulation time     650 (s) :                                                                        Edge=            480 tasks (where 414 were successfully executed)
2026/05/07 17:04:22 - simulation time     650 (s) :                                                                        Mist=            160 tasks (where 138 were successfully executed)
2026/05/07 17:04:22 - simulation time     650 (s) : SimLog- Network usage                                                           :           3328 seconds (The total traffic: 7931.3 (MBytes))
2026/05/07 17:04:22 - simulation time     650 (s) :                                                                         Wan=           1054 seconds (31.6707 % of total usage, WAN used when downloading containers=0 % of WAN usage)
2026/05/07 17:04:22 - simulation time     650 (s) :                                                                         Lan=           3328 seconds (100 % of total usage, LAN used when downloading containers=0 % of LAN usage)
2026/05/07 17:04:22 - simulation time     650 (s) :                                                    Average bandwidth per transfer=       694.9994 Mbps  
2026/05/07 17:04:22 - simulation time     650 (s) : SimLog- Average vm CPU utilization                                              :         0.0455 %
2026/05/07 17:04:22 - simulation time     650 (s) : SimLog- Average vm CPU utilization per level                             : Cloud=         0.0011 %
2026/05/07 17:04:22 - simulation time     650 (s) :                                                                             Edge=         0.0401 %
2026/05/07 17:04:22 - simulation time     650 (s) :                                                                             Mist=         0.0526 %
2026/05/07 17:04:22 - simulation time     650 (s) : SimLog- Energy consumption                                                      :849311792431572300000 W,   209.2907 dBW
2026/05/07 17:04:22 - simulation time     650 (s) :                                                                                 :(Average:4881102255353864200 W/data center(or device), 186.8852 dBW/data center(or device))
2026/05/07 17:04:22 - simulation time     650 (s) :                                                                                 :(Average:507657975153360640 W/task, 177.0557 dBW/task)
2026/05/07 17:04:22 - simulation time     650 (s) : SimLog- Energy Consumption per level                                     : Cloud=279759752615656850000 W,   204.4679 dBW
2026/05/07 17:04:22 - simulation time     650 (s) :                                                                                 :(Average:15542208478647603000 W/data center, 191.9151 dBW/data center)
2026/05/07 17:04:22 - simulation time     650 (s) :                                                                             Edge=82282679179911200000 W,   199.1531 dBW
2026/05/07 17:04:22 - simulation time     650 (s) :                                                                                 :(Average:3428444965829633500 W/data center, 185.351 dBW/data center)
2026/05/07 17:04:22 - simulation time     650 (s) :                                                                             Mist=487269360636004300000 W,   206.8777 dBW
2026/05/07 17:04:22 - simulation time     650 (s) :                                                                                 :(Average:3691434550272759800 W/edge device, 185.672 dBW/edge device)
2026/05/07 17:04:22 - simulation time     650 (s) : SimLog- Dead edge devices due to battery drain                                  :              0 devices (Among 0 devices with batteries (NaN %))
2026/05/07 17:04:22 - simulation time     650 (s) : SimLog- Average remaining power (devices with batteries that are still alive)   :              0 Wh (Average: 0 %)
2026/05/07 17:04:22 - simulation time     650 (s) : SimulationManager- the Scenario Simulation overflow times :4

================== Simulation finished at time 685.20 ==================


SimLog- Iteration finished...

######################################################################################################################################################################
Starting CloudSim Plus 4.3.0

2026/05/07 17:04:22 - simulation time       0 (s) : ServersManager- Datacenters and devices were generated
2026/05/07 17:04:22 - simulation time       0 (s) : SimulationManager-  Orchestration algorithm= TRADE_OFF-  Architechitecture= ALL -  number of edge devices= 198
2026/05/07 17:04:22 - simulation time       0 (s) : SimulationManager- Simulation: 1  , iteration: 63
2026/05/07 17:04:24 - simulation time     650 (s) : 
2026/05/07 17:04:24 - simulation time     650 (s) : ------------------------------------------------------- OUTPUT -------------------------------------------------------
2026/05/07 17:04:24 - simulation time     650 (s) : 
2026/05/07 17:04:24 - simulation time     650 (s) : SimLog- Tasks not sent because device died (low energy)                         :               0 % (0 tasks)
2026/05/07 17:04:24 - simulation time     650 (s) : SimLog- Tasks sent from edge devices                                            :             100 % (2540 among 2540 generated tasks)
2026/05/07 17:04:24 - simulation time     650 (s) : -------------------------------------All values below are based on the sent tasks-------------------------------------
2026/05/07 17:04:24 - simulation time     650 (s) : SimLog- Tasks ETE delay                                                         :      8410.4744 seconds
2026/05/07 17:04:24 - simulation time     650 (s) : SimLog- Average tasks ETE delay                                                 :         3.7766 seconds
2026/05/07 17:04:24 - simulation time     650 (s) : SimLog- Tasks execution delay                                                   :      1059.7215 seconds
2026/05/07 17:04:24 - simulation time     650 (s) : SimLog- Average tasks execution delay                                           :         0.4263 seconds
2026/05/07 17:04:24 - simulation time     650 (s) : SimLog- Tasks waiting time (from task submiting to the execution start)         :       110.4139 seconds
2026/05/07 17:04:24 - simulation time     650 (s) : SimLog- Average tasks waiting time (from task submiting to the execution start) :         0.0444 seconds
2026/05/07 17:04:24 - simulation time     650 (s) : SimLog- Tasks successfully executed                                             :        87.6772 % (2227 among 2540 sent tasks)
2026/05/07 17:04:24 - simulation time     650 (s) : SimLog- Tasks failures
2026/05/07 17:04:24 - simulation time     650 (s) :                                        Not executed due to resources unavailable:              0 % (0 tasks)
2026/05/07 17:04:24 - simulation time     650 (s) :                               Successfully executed but failed due to high delay:        12.0472 % (306 tasks from 2540 successfully sent tasks)
2026/05/07 17:04:24 - simulation time     650 (s) :                  Tasks execution results not returned because the device is dead:              0 % (0 tasks)
2026/05/07 17:04:24 - simulation time     650 (s) :                      Tasks execution results not returned due to device mobility:         0.2756 % (7 tasks)
2026/05/07 17:04:24 - simulation time     650 (s) : SimLog- Tasks executed on each level                                : Cloud=           1440 tasks (where 1266 were successfully executed)
2026/05/07 17:04:24 - simulation time     650 (s) :                                                                        Edge=            704 tasks (where 620 were successfully executed)
2026/05/07 17:04:24 - simulation time     650 (s) :                                                                        Mist=            396 tasks (where 341 were successfully executed)
2026/05/07 17:04:24 - simulation time     650 (s) : SimLog- Network usage                                                           :           5068 seconds (The total traffic: 11553.05 (MBytes))
2026/05/07 17:04:24 - simulation time     650 (s) :                                                                         Wan=           1486 seconds (29.3212 % of total usage, WAN used when downloading containers=0 % of WAN usage)
2026/05/07 17:04:24 - simulation time     650 (s) :                                                                         Lan=           5068 seconds (100 % of total usage, LAN used when downloading containers=0 % of LAN usage)
2026/05/07 17:04:24 - simulation time     650 (s) :                                                    Average bandwidth per transfer=       691.5592 Mbps  
2026/05/07 17:04:24 - simulation time     650 (s) : SimLog- Average vm CPU utilization                                              :           0.05 %
2026/05/07 17:04:24 - simulation time     650 (s) : SimLog- Average vm CPU utilization per level                             : Cloud=         0.0011 %
2026/05/07 17:04:24 - simulation time     650 (s) :                                                                             Edge=         0.0485 %
2026/05/07 17:04:24 - simulation time     650 (s) :                                                                             Mist=         0.0546 %
2026/05/07 17:04:24 - simulation time     650 (s) : SimLog- Energy consumption                                                      :1209664798956437600000 W,   210.8267 dBW
2026/05/07 17:04:24 - simulation time     650 (s) :                                                                                 :(Average:5040269995651823600 W/data center(or device), 187.0245 dBW/data center(or device))
2026/05/07 17:04:24 - simulation time     650 (s) :                                                                                 :(Average:477562099864365440 W/task, 176.7903 dBW/task)
2026/05/07 17:04:24 - simulation time     650 (s) : SimLog- Energy Consumption per level                                     : Cloud=365255834296142140000 W,    205.626 dBW
2026/05/07 17:04:24 - simulation time     650 (s) :                                                                                 :(Average:20291990794230120000 W/data center, 193.0732 dBW/data center)
2026/05/07 17:04:24 - simulation time     650 (s) :                                                                             Edge=114732818190387100000 W,   200.5969 dBW
2026/05/07 17:04:24 - simulation time     650 (s) :                                                                                 :(Average:4780534091266128900 W/data center, 186.7948 dBW/data center)
2026/05/07 17:04:24 - simulation time     650 (s) :                                                                             Mist=729676146469908500000 W,   208.6313 dBW
2026/05/07 17:04:24 - simulation time     650 (s) :                                                                                 :(Average:3685233062979335700 W/edge device, 185.6646 dBW/edge device)
2026/05/07 17:04:24 - simulation time     650 (s) : SimLog- Dead edge devices due to battery drain                                  :              0 devices (Among 0 devices with batteries (NaN %))
2026/05/07 17:04:24 - simulation time     650 (s) : SimLog- Average remaining power (devices with batteries that are still alive)   :              0 Wh (Average: 0 %)
2026/05/07 17:04:24 - simulation time     650 (s) : SimulationManager- the Scenario Simulation overflow times :4

================== Simulation finished at time 685.20 ==================


SimLog- Iteration finished...

######################################################################################################################################################################
Starting CloudSim Plus 4.3.0

2026/05/07 17:04:24 - simulation time       0 (s) : ServersManager- Datacenters and devices were generated
2026/05/07 17:04:24 - simulation time       0 (s) : SimulationManager-  Orchestration algorithm= TRADE_OFF-  Architechitecture= ALL -  number of edge devices= 264
2026/05/07 17:04:24 - simulation time       0 (s) : SimulationManager- Simulation: 1  , iteration: 64
2026/05/07 17:04:27 - simulation time     660 (s) : 
2026/05/07 17:04:27 - simulation time     660 (s) : ------------------------------------------------------- OUTPUT -------------------------------------------------------
2026/05/07 17:04:27 - simulation time     660 (s) : 
2026/05/07 17:04:27 - simulation time     660 (s) : SimLog- Tasks not sent because device died (low energy)                         :               0 % (0 tasks)
2026/05/07 17:04:27 - simulation time     660 (s) : SimLog- Tasks sent from edge devices                                            :             100 % (3366 among 3366 generated tasks)
2026/05/07 17:04:27 - simulation time     660 (s) : -------------------------------------All values below are based on the sent tasks-------------------------------------
2026/05/07 17:04:27 - simulation time     660 (s) : SimLog- Tasks ETE delay                                                         :     11199.2329 seconds
2026/05/07 17:04:27 - simulation time     660 (s) : SimLog- Average tasks ETE delay                                                 :          3.834 seconds
2026/05/07 17:04:27 - simulation time     660 (s) : SimLog- Tasks execution delay                                                   :      1443.3635 seconds
2026/05/07 17:04:27 - simulation time     660 (s) : SimLog- Average tasks execution delay                                           :         0.4409 seconds
2026/05/07 17:04:27 - simulation time     660 (s) : SimLog- Tasks waiting time (from task submiting to the execution start)         :        144.732 seconds
2026/05/07 17:04:27 - simulation time     660 (s) : SimLog- Average tasks waiting time (from task submiting to the execution start) :         0.0442 seconds
2026/05/07 17:04:27 - simulation time     660 (s) : SimLog- Tasks successfully executed                                             :        86.7796 % (2921 among 3366 sent tasks)
2026/05/07 17:04:27 - simulation time     660 (s) : SimLog- Tasks failures
2026/05/07 17:04:27 - simulation time     660 (s) :                                        Not executed due to resources unavailable:              0 % (0 tasks)
2026/05/07 17:04:27 - simulation time     660 (s) :                               Successfully executed but failed due to high delay:        12.6263 % (425 tasks from 3366 successfully sent tasks)
2026/05/07 17:04:27 - simulation time     660 (s) :                  Tasks execution results not returned because the device is dead:              0 % (0 tasks)
2026/05/07 17:04:27 - simulation time     660 (s) :                      Tasks execution results not returned due to device mobility:         0.5942 % (20 tasks)
2026/05/07 17:04:27 - simulation time     660 (s) : SimLog- Tasks executed on each level                                : Cloud=           1858 tasks (where 1622 were successfully executed)
2026/05/07 17:04:27 - simulation time     660 (s) :                                                                        Edge=            874 tasks (where 764 were successfully executed)
2026/05/07 17:04:27 - simulation time     660 (s) :                                                                        Mist=            634 tasks (where 535 were successfully executed)
2026/05/07 17:04:27 - simulation time     660 (s) : SimLog- Network usage                                                           :           6751 seconds (The total traffic: 15961.05 (MBytes))
2026/05/07 17:04:27 - simulation time     660 (s) :                                                                         Wan=           1976 seconds (29.2697 % of total usage, WAN used when downloading containers=0 % of WAN usage)
2026/05/07 17:04:27 - simulation time     660 (s) :                                                                         Lan=           6751 seconds (100 % of total usage, LAN used when downloading containers=0 % of LAN usage)
2026/05/07 17:04:27 - simulation time     660 (s) :                                                    Average bandwidth per transfer=       668.0287 Mbps  
2026/05/07 17:04:27 - simulation time     660 (s) : SimLog- Average vm CPU utilization                                              :          0.093 %
2026/05/07 17:04:27 - simulation time     660 (s) : SimLog- Average vm CPU utilization per level                             : Cloud=         0.1216 %
2026/05/07 17:04:27 - simulation time     660 (s) :                                                                             Edge=         0.0734 %
2026/05/07 17:04:27 - simulation time     660 (s) :                                                                             Mist=         0.0928 %
2026/05/07 17:04:27 - simulation time     660 (s) : SimLog- Energy consumption                                                      :1640868698583469000000 W,   212.1507 dBW
2026/05/07 17:04:27 - simulation time     660 (s) :                                                                                 :(Average:5362316008442710000 W/data center(or device), 187.2935 dBW/data center(or device))
2026/05/07 17:04:27 - simulation time     660 (s) :                                                                                 :(Average:490397100592788160 W/task, 176.9055 dBW/task)
2026/05/07 17:04:27 - simulation time     660 (s) : SimLog- Energy Consumption per level                                     : Cloud=476642532836886300000 W,   206.7819 dBW
2026/05/07 17:04:27 - simulation time     660 (s) :                                                                                 :(Average:26480140713160350000 W/data center, 194.2292 dBW/data center)
2026/05/07 17:04:27 - simulation time     660 (s) :                                                                             Edge=176612036436005750000 W,   202.4702 dBW
2026/05/07 17:04:27 - simulation time     660 (s) :                                                                                 :(Average:7358834851500239900 W/data center, 188.6681 dBW/data center)
2026/05/07 17:04:27 - simulation time     660 (s) :                                                                             Mist=987614129310577100000 W,   209.9459 dBW
2026/05/07 17:04:27 - simulation time     660 (s) :                                                                                 :(Average:3740962611024912900 W/edge device, 185.7298 dBW/edge device)
2026/05/07 17:04:27 - simulation time     660 (s) : SimLog- Dead edge devices due to battery drain                                  :              0 devices (Among 0 devices with batteries (NaN %))
2026/05/07 17:04:27 - simulation time     660 (s) : SimLog- Average remaining power (devices with batteries that are still alive)   :              0 Wh (Average: 0 %)
2026/05/07 17:04:27 - simulation time     660 (s) : SimulationManager- the Scenario Simulation overflow times :4

================== Simulation finished at time 691.50 ==================


SimLog- Iteration finished...

######################################################################################################################################################################
Starting CloudSim Plus 4.3.0

2026/05/07 17:04:27 - simulation time       0 (s) : ServersManager- Datacenters and devices were generated
2026/05/07 17:04:27 - simulation time       0 (s) : SimulationManager-  Orchestration algorithm= TRADE_OFF-  Architechitecture= ALL -  number of edge devices= 330
2026/05/07 17:04:27 - simulation time       0 (s) : SimulationManager- Simulation: 1  , iteration: 65
2026/05/07 17:04:31 - simulation time     660 (s) : 
2026/05/07 17:04:31 - simulation time     660 (s) : ------------------------------------------------------- OUTPUT -------------------------------------------------------
2026/05/07 17:04:31 - simulation time     660 (s) : 
2026/05/07 17:04:31 - simulation time     660 (s) : SimLog- Tasks not sent because device died (low energy)                         :               0 % (0 tasks)
2026/05/07 17:04:31 - simulation time     660 (s) : SimLog- Tasks sent from edge devices                                            :             100 % (4172 among 4172 generated tasks)
2026/05/07 17:04:31 - simulation time     660 (s) : -------------------------------------All values below are based on the sent tasks-------------------------------------
2026/05/07 17:04:31 - simulation time     660 (s) : SimLog- Tasks ETE delay                                                         :     13945.1793 seconds
2026/05/07 17:04:31 - simulation time     660 (s) : SimLog- Average tasks ETE delay                                                 :         3.8438 seconds
2026/05/07 17:04:31 - simulation time     660 (s) : SimLog- Tasks execution delay                                                   :      1775.2344 seconds
2026/05/07 17:04:31 - simulation time     660 (s) : SimLog- Average tasks execution delay                                           :         0.4376 seconds
2026/05/07 17:04:31 - simulation time     660 (s) : SimLog- Tasks waiting time (from task submiting to the execution start)         :       176.7422 seconds
2026/05/07 17:04:31 - simulation time     660 (s) : SimLog- Average tasks waiting time (from task submiting to the execution start) :         0.0436 seconds
2026/05/07 17:04:31 - simulation time     660 (s) : SimLog- Tasks successfully executed                                             :        86.9607 % (3628 among 4172 sent tasks)
2026/05/07 17:04:31 - simulation time     660 (s) : SimLog- Tasks failures
2026/05/07 17:04:31 - simulation time     660 (s) :                                        Not executed due to resources unavailable:              0 % (0 tasks)
2026/05/07 17:04:31 - simulation time     660 (s) :                               Successfully executed but failed due to high delay:        12.4401 % (519 tasks from 4172 successfully sent tasks)
2026/05/07 17:04:31 - simulation time     660 (s) :                  Tasks execution results not returned because the device is dead:              0 % (0 tasks)
2026/05/07 17:04:31 - simulation time     660 (s) :                      Tasks execution results not returned due to device mobility:         0.5992 % (25 tasks)
2026/05/07 17:04:31 - simulation time     660 (s) : SimLog- Tasks executed on each level                                : Cloud=           2126 tasks (where 1879 were successfully executed)
2026/05/07 17:04:31 - simulation time     660 (s) :                                                                        Edge=           1056 tasks (where 922 were successfully executed)
2026/05/07 17:04:31 - simulation time     660 (s) :                                                                        Mist=            990 tasks (where 827 were successfully executed)
2026/05/07 17:04:31 - simulation time     660 (s) : SimLog- Network usage                                                           :           8389 seconds (The total traffic: 17099.75 (MBytes))
2026/05/07 17:04:31 - simulation time     660 (s) :                                                                         Wan=           2298 seconds (27.393 % of total usage, WAN used when downloading containers=0 % of WAN usage)
2026/05/07 17:04:31 - simulation time     660 (s) :                                                                         Lan=           8389 seconds (100 % of total usage, LAN used when downloading containers=0 % of LAN usage)
2026/05/07 17:04:31 - simulation time     660 (s) :                                                    Average bandwidth per transfer=       684.3547 Mbps  
2026/05/07 17:04:31 - simulation time     660 (s) : SimLog- Average vm CPU utilization                                              :         0.0808 %
2026/05/07 17:04:31 - simulation time     660 (s) : SimLog- Average vm CPU utilization per level                             : Cloud=         0.0016 %
2026/05/07 17:04:31 - simulation time     660 (s) :                                                                             Edge=         0.0731 %
2026/05/07 17:04:31 - simulation time     660 (s) :                                                                             Mist=         0.0857 %
2026/05/07 17:04:31 - simulation time     660 (s) : SimLog- Energy consumption                                                      :1704701989216604000000 W,   212.3165 dBW
2026/05/07 17:04:31 - simulation time     660 (s) :                                                                                 :(Average:4582532229076892700 W/data center(or device), 186.6111 dBW/data center(or device))
2026/05/07 17:04:31 - simulation time     660 (s) :                                                                                 :(Average:411068721778780860 W/task, 176.1391 dBW/task)
2026/05/07 17:04:31 - simulation time     660 (s) : SimLog- Energy Consumption per level                                     : Cloud=473737554340587960000 W,   206.7554 dBW
2026/05/07 17:04:31 - simulation time     660 (s) :                                                                                 :(Average:26318753018921554000 W/data center, 194.2027 dBW/data center)
2026/05/07 17:04:31 - simulation time     660 (s) :                                                                             Edge=160765082884755520000 W,   202.0619 dBW
2026/05/07 17:04:31 - simulation time     660 (s) :                                                                                 :(Average:6698545120198147100 W/data center, 188.2598 dBW/data center)
2026/05/07 17:04:31 - simulation time     660 (s) :                                                                             Mist=1070199351991260700000 W,   210.2946 dBW
2026/05/07 17:04:31 - simulation time     660 (s) :                                                                                 :(Average:3243028339367456800 W/edge device, 185.1095 dBW/edge device)
2026/05/07 17:04:31 - simulation time     660 (s) : SimLog- Dead edge devices due to battery drain                                  :              0 devices (Among 0 devices with batteries (NaN %))
2026/05/07 17:04:31 - simulation time     660 (s) : SimLog- Average remaining power (devices with batteries that are still alive)   :              0 Wh (Average: 0 %)
2026/05/07 17:04:31 - simulation time     660 (s) : SimulationManager- the Scenario Simulation overflow times :4

================== Simulation finished at time 691.50 ==================


SimLog- Iteration finished...

######################################################################################################################################################################
Starting CloudSim Plus 4.3.0

2026/05/07 17:04:31 - simulation time       0 (s) : ServersManager- Datacenters and devices were generated
2026/05/07 17:04:31 - simulation time       0 (s) : SimulationManager-  Orchestration algorithm= TRADE_OFF-  Architechitecture= ALL -  number of edge devices= 396
2026/05/07 17:04:31 - simulation time       0 (s) : SimulationManager- Simulation: 1  , iteration: 66
2026/05/07 17:04:36 - simulation time     650 (s) : 
2026/05/07 17:04:36 - simulation time     650 (s) : ------------------------------------------------------- OUTPUT -------------------------------------------------------
2026/05/07 17:04:36 - simulation time     650 (s) : 
2026/05/07 17:04:36 - simulation time     650 (s) : SimLog- Tasks not sent because device died (low energy)                         :               0 % (0 tasks)
2026/05/07 17:04:36 - simulation time     650 (s) : SimLog- Tasks sent from edge devices                                            :             100 % (5028 among 5028 generated tasks)
2026/05/07 17:04:36 - simulation time     650 (s) : -------------------------------------All values below are based on the sent tasks-------------------------------------
2026/05/07 17:04:36 - simulation time     650 (s) : SimLog- Tasks ETE delay                                                         :     17471.7549 seconds
2026/05/07 17:04:36 - simulation time     650 (s) : SimLog- Average tasks ETE delay                                                 :         3.9935 seconds
2026/05/07 17:04:36 - simulation time     650 (s) : SimLog- Tasks execution delay                                                   :      2547.2185 seconds
2026/05/07 17:04:36 - simulation time     650 (s) : SimLog- Average tasks execution delay                                           :         0.5217 seconds
2026/05/07 17:04:36 - simulation time     650 (s) : SimLog- Tasks waiting time (from task submiting to the execution start)         :       214.0639 seconds
2026/05/07 17:04:36 - simulation time     650 (s) : SimLog- Average tasks waiting time (from task submiting to the execution start) :         0.0438 seconds
2026/05/07 17:04:36 - simulation time     650 (s) : SimLog- Tasks successfully executed                                             :        87.0127 % (4375 among 5028 sent tasks)
2026/05/07 17:04:36 - simulation time     650 (s) : SimLog- Tasks failures
2026/05/07 17:04:36 - simulation time     650 (s) :                                        Not executed due to resources unavailable:              0 % (0 tasks)
2026/05/07 17:04:36 - simulation time     650 (s) :                               Successfully executed but failed due to high delay:        12.1718 % (612 tasks from 5028 successfully sent tasks)
2026/05/07 17:04:36 - simulation time     650 (s) :                  Tasks execution results not returned because the device is dead:              0 % (0 tasks)
2026/05/07 17:04:36 - simulation time     650 (s) :                      Tasks execution results not returned due to device mobility:         0.8154 % (41 tasks)
2026/05/07 17:04:36 - simulation time     650 (s) : SimLog- Tasks executed on each level                                : Cloud=           2477 tasks (where 2177 were successfully executed)
2026/05/07 17:04:36 - simulation time     650 (s) :                                                                        Edge=           1162 tasks (where 1024 were successfully executed)
2026/05/07 17:04:36 - simulation time     650 (s) :                                                                        Mist=           1389 tasks (where 1174 were successfully executed)
2026/05/07 17:04:36 - simulation time     650 (s) : SimLog- Network usage                                                           :          10230 seconds (The total traffic: 24487 (MBytes))
2026/05/07 17:04:36 - simulation time     650 (s) :                                                                         Wan=           2818 seconds (27.5464 % of total usage, WAN used when downloading containers=0 % of WAN usage)
2026/05/07 17:04:36 - simulation time     650 (s) :                                                                         Lan=          10230 seconds (100 % of total usage, LAN used when downloading containers=0 % of LAN usage)
2026/05/07 17:04:36 - simulation time     650 (s) :                                                    Average bandwidth per transfer=       681.6307 Mbps  
2026/05/07 17:04:36 - simulation time     650 (s) : SimLog- Average vm CPU utilization                                              :          0.134 %
2026/05/07 17:04:36 - simulation time     650 (s) : SimLog- Average vm CPU utilization per level                             : Cloud=         0.0916 %
2026/05/07 17:04:36 - simulation time     650 (s) :                                                                             Edge=         0.1076 %
2026/05/07 17:04:36 - simulation time     650 (s) :                                                                             Mist=         0.1375 %
2026/05/07 17:04:36 - simulation time     650 (s) : SimLog- Energy consumption                                                      :2403992050537674000000 W,   213.8093 dBW
2026/05/07 17:04:36 - simulation time     650 (s) :                                                                                 :(Average:5488566325428480000 W/data center(or device), 187.3946 dBW/data center(or device))
2026/05/07 17:04:36 - simulation time     650 (s) :                                                                                 :(Average:482051744643608190 W/task, 176.8309 dBW/task)
2026/05/07 17:04:36 - simulation time     650 (s) : SimLog- Energy Consumption per level                                     : Cloud=629978719304112900000 W,   207.9933 dBW
2026/05/07 17:04:36 - simulation time     650 (s) :                                                                                 :(Average:34998817739117384000 W/data center, 195.4405 dBW/data center)
2026/05/07 17:04:36 - simulation time     650 (s) :                                                                             Edge=252673081943205940000 W,   204.0256 dBW
2026/05/07 17:04:36 - simulation time     650 (s) :                                                                                 :(Average:10528045080966914000 W/data center, 190.2235 dBW/data center)
2026/05/07 17:04:36 - simulation time     650 (s) :                                                                             Mist=1521340249290355200000 W,   211.8223 dBW
2026/05/07 17:04:36 - simulation time     650 (s) :                                                                                 :(Average:3841768306288775700 W/edge device, 185.8453 dBW/edge device)
2026/05/07 17:04:36 - simulation time     650 (s) : SimLog- Dead edge devices due to battery drain                                  :              0 devices (Among 0 devices with batteries (NaN %))
2026/05/07 17:04:36 - simulation time     650 (s) : SimLog- Average remaining power (devices with batteries that are still alive)   :              0 Wh (Average: 0 %)
2026/05/07 17:04:36 - simulation time     650 (s) : SimulationManager- the Scenario Simulation overflow times :4

================== Simulation finished at time 685.20 ==================


SimLog- Iteration finished...

######################################################################################################################################################################
Starting CloudSim Plus 4.3.0

2026/05/07 17:04:36 - simulation time       0 (s) : ServersManager- Datacenters and devices were generated
2026/05/07 17:04:36 - simulation time       0 (s) : SimulationManager-  Orchestration algorithm= TRADE_OFF-  Architechitecture= ALL -  number of edge devices= 462
2026/05/07 17:04:36 - simulation time       0 (s) : SimulationManager- Simulation: 1  , iteration: 67
2026/05/07 17:04:43 - simulation time     660 (s) : 
2026/05/07 17:04:43 - simulation time     660 (s) : ------------------------------------------------------- OUTPUT -------------------------------------------------------
2026/05/07 17:04:43 - simulation time     660 (s) : 
2026/05/07 17:04:43 - simulation time     660 (s) : SimLog- Tasks not sent because device died (low energy)                         :               0 % (0 tasks)
2026/05/07 17:04:43 - simulation time     660 (s) : SimLog- Tasks sent from edge devices                                            :             100 % (5850 among 5850 generated tasks)
2026/05/07 17:04:43 - simulation time     660 (s) : -------------------------------------All values below are based on the sent tasks-------------------------------------
2026/05/07 17:04:43 - simulation time     660 (s) : SimLog- Tasks ETE delay                                                         :     19872.2011 seconds
2026/05/07 17:04:43 - simulation time     660 (s) : SimLog- Average tasks ETE delay                                                 :         3.9476 seconds
2026/05/07 17:04:43 - simulation time     660 (s) : SimLog- Tasks execution delay                                                   :      2851.0192 seconds
2026/05/07 17:04:43 - simulation time     660 (s) : SimLog- Average tasks execution delay                                           :         0.5051 seconds
2026/05/07 17:04:43 - simulation time     660 (s) : SimLog- Tasks waiting time (from task submiting to the execution start)         :       243.0138 seconds
2026/05/07 17:04:43 - simulation time     660 (s) : SimLog- Average tasks waiting time (from task submiting to the execution start) :         0.0431 seconds
2026/05/07 17:04:43 - simulation time     660 (s) : SimLog- Tasks successfully executed                                             :        86.0513 % (5034 among 5850 sent tasks)
2026/05/07 17:04:43 - simulation time     660 (s) : SimLog- Tasks failures
2026/05/07 17:04:43 - simulation time     660 (s) :                                        Not executed due to resources unavailable:              0 % (0 tasks)
2026/05/07 17:04:43 - simulation time     660 (s) :                               Successfully executed but failed due to high delay:        12.8547 % (752 tasks from 5850 successfully sent tasks)
2026/05/07 17:04:43 - simulation time     660 (s) :                  Tasks execution results not returned because the device is dead:              0 % (0 tasks)
2026/05/07 17:04:43 - simulation time     660 (s) :                      Tasks execution results not returned due to device mobility:          1.094 % (64 tasks)
2026/05/07 17:04:43 - simulation time     660 (s) : SimLog- Tasks executed on each level                                : Cloud=           2610 tasks (where 2297 were successfully executed)
2026/05/07 17:04:43 - simulation time     660 (s) :                                                                        Edge=           1344 tasks (where 1166 were successfully executed)
2026/05/07 17:04:43 - simulation time     660 (s) :                                                                        Mist=           1896 tasks (where 1571 were successfully executed)
2026/05/07 17:04:43 - simulation time     660 (s) : SimLog- Network usage                                                           :          11882 seconds (The total traffic: 27718.5 (MBytes))
2026/05/07 17:04:43 - simulation time     660 (s) :                                                                         Wan=           3011 seconds (25.3409 % of total usage, WAN used when downloading containers=0 % of WAN usage)
2026/05/07 17:04:43 - simulation time     660 (s) :                                                                         Lan=          11882 seconds (100 % of total usage, LAN used when downloading containers=0 % of LAN usage)
2026/05/07 17:04:43 - simulation time     660 (s) :                                                    Average bandwidth per transfer=        711.067 Mbps  
2026/05/07 17:04:43 - simulation time     660 (s) : SimLog- Average vm CPU utilization                                              :         0.1235 %
2026/05/07 17:04:43 - simulation time     660 (s) : SimLog- Average vm CPU utilization per level                             : Cloud=         0.0418 %
2026/05/07 17:04:43 - simulation time     660 (s) :                                                                             Edge=          0.114 %
2026/05/07 17:04:43 - simulation time     660 (s) :                                                                             Mist=         0.1272 %
2026/05/07 17:04:43 - simulation time     660 (s) : SimLog- Energy consumption                                                      :2591421003496992300000 W,   214.1354 dBW
2026/05/07 17:04:43 - simulation time     660 (s) :                                                                                 :(Average:5141708340271810600 W/data center(or device), 187.1111 dBW/data center(or device))
2026/05/07 17:04:43 - simulation time     660 (s) :                                                                                 :(Average:447877809107672380 W/task, 176.5116 dBW/task)
2026/05/07 17:04:43 - simulation time     660 (s) : SimLog- Energy Consumption per level                                     : Cloud=683262268513755900000 W,   208.3459 dBW
2026/05/07 17:04:43 - simulation time     660 (s) :                                                                                 :(Average:37959014917430880000 W/data center, 195.7931 dBW/data center)
2026/05/07 17:04:43 - simulation time     660 (s) :                                                                             Edge=261296051014337500000 W,   204.1713 dBW
2026/05/07 17:04:43 - simulation time     660 (s) :                                                                                 :(Average:10887335458930729000 W/data center, 190.3692 dBW/data center)
2026/05/07 17:04:43 - simulation time     660 (s) :                                                                             Mist=1646862683968898900000 W,   212.1666 dBW
2026/05/07 17:04:43 - simulation time     660 (s) :                                                                                 :(Average:3564637844088525800 W/edge device, 185.5202 dBW/edge device)
2026/05/07 17:04:43 - simulation time     660 (s) : SimLog- Dead edge devices due to battery drain                                  :              0 devices (Among 0 devices with batteries (NaN %))
2026/05/07 17:04:43 - simulation time     660 (s) : SimLog- Average remaining power (devices with batteries that are still alive)   :              0 Wh (Average: 0 %)
2026/05/07 17:04:43 - simulation time     660 (s) : SimulationManager- the Scenario Simulation overflow times :4

================== Simulation finished at time 691.50 ==================


SimLog- Iteration finished...

######################################################################################################################################################################
Starting CloudSim Plus 4.3.0

2026/05/07 17:04:43 - simulation time       0 (s) : ServersManager- Datacenters and devices were generated
2026/05/07 17:04:43 - simulation time       0 (s) : SimulationManager-  Orchestration algorithm= TRADE_OFF-  Architechitecture= ALL -  number of edge devices= 528
2026/05/07 17:04:43 - simulation time       0 (s) : SimulationManager- Simulation: 1  , iteration: 68
2026/05/07 17:04:52 - simulation time     660 (s) : 
2026/05/07 17:04:52 - simulation time     660 (s) : ------------------------------------------------------- OUTPUT -------------------------------------------------------
2026/05/07 17:04:52 - simulation time     660 (s) : 
2026/05/07 17:04:52 - simulation time     660 (s) : SimLog- Tasks not sent because device died (low energy)                         :               0 % (0 tasks)
2026/05/07 17:04:52 - simulation time     660 (s) : SimLog- Tasks sent from edge devices                                            :             100 % (6706 among 6706 generated tasks)
2026/05/07 17:04:52 - simulation time     660 (s) : -------------------------------------All values below are based on the sent tasks-------------------------------------
2026/05/07 17:04:52 - simulation time     660 (s) : SimLog- Tasks ETE delay                                                         :     23229.7493 seconds
2026/05/07 17:04:52 - simulation time     660 (s) : SimLog- Average tasks ETE delay                                                 :         3.9777 seconds
2026/05/07 17:04:52 - simulation time     660 (s) : SimLog- Tasks execution delay                                                   :      3311.5986 seconds
2026/05/07 17:04:52 - simulation time     660 (s) : SimLog- Average tasks execution delay                                           :         0.5107 seconds
2026/05/07 17:04:52 - simulation time     660 (s) : SimLog- Tasks waiting time (from task submiting to the execution start)         :       286.9101 seconds
2026/05/07 17:04:52 - simulation time     660 (s) : SimLog- Average tasks waiting time (from task submiting to the execution start) :         0.0442 seconds
2026/05/07 17:04:52 - simulation time     660 (s) : SimLog- Tasks successfully executed                                             :        87.0862 % (5840 among 6706 sent tasks)
2026/05/07 17:04:52 - simulation time     660 (s) : SimLog- Tasks failures
2026/05/07 17:04:52 - simulation time     660 (s) :                                        Not executed due to resources unavailable:              0 % (0 tasks)
2026/05/07 17:04:52 - simulation time     660 (s) :                               Successfully executed but failed due to high delay:          11.87 % (796 tasks from 6706 successfully sent tasks)
2026/05/07 17:04:52 - simulation time     660 (s) :                  Tasks execution results not returned because the device is dead:              0 % (0 tasks)
2026/05/07 17:04:52 - simulation time     660 (s) :                      Tasks execution results not returned due to device mobility:         1.0438 % (70 tasks)
2026/05/07 17:04:52 - simulation time     660 (s) : SimLog- Tasks executed on each level                                : Cloud=           3036 tasks (where 2671 were successfully executed)
2026/05/07 17:04:52 - simulation time     660 (s) :                                                                        Edge=           1450 tasks (where 1264 were successfully executed)
2026/05/07 17:04:52 - simulation time     660 (s) :                                                                        Mist=           2220 tasks (where 1905 were successfully executed)
2026/05/07 17:04:52 - simulation time     660 (s) : SimLog- Network usage                                                           :          13636 seconds (The total traffic: 30037 (MBytes))
2026/05/07 17:04:52 - simulation time     660 (s) :                                                                         Wan=           3497 seconds (25.6454 % of total usage, WAN used when downloading containers=0 % of WAN usage)
2026/05/07 17:04:52 - simulation time     660 (s) :                                                                         Lan=          13636 seconds (100 % of total usage, LAN used when downloading containers=0 % of LAN usage)
2026/05/07 17:04:52 - simulation time     660 (s) :                                                    Average bandwidth per transfer=       702.6196 Mbps  
2026/05/07 17:04:52 - simulation time     660 (s) : SimLog- Average vm CPU utilization                                              :         0.1317 %
2026/05/07 17:04:52 - simulation time     660 (s) : SimLog- Average vm CPU utilization per level                             : Cloud=         0.0038 %
2026/05/07 17:04:52 - simulation time     660 (s) :                                                                             Edge=         0.1188 %
2026/05/07 17:04:52 - simulation time     660 (s) :                                                                             Mist=         0.1367 %
2026/05/07 17:04:52 - simulation time     660 (s) : SimLog- Energy consumption                                                      :2858711229336304000000 W,   214.5617 dBW
2026/05/07 17:04:52 - simulation time     660 (s) :                                                                                 :(Average:5015282858484744200 W/data center(or device), 187.003 dBW/data center(or device))
2026/05/07 17:04:52 - simulation time     660 (s) :                                                                                 :(Average:430788310629340610 W/task, 176.3426 dBW/task)
2026/05/07 17:04:52 - simulation time     660 (s) : SimLog- Energy Consumption per level                                     : Cloud=718017215364754700000 W,   208.5613 dBW
2026/05/07 17:04:52 - simulation time     660 (s) :                                                                                 :(Average:39889845298041930000 W/data center, 196.0086 dBW/data center)
2026/05/07 17:04:52 - simulation time     660 (s) :                                                                             Edge=268784330908583560000 W,    204.294 dBW
2026/05/07 17:04:52 - simulation time     660 (s) :                                                                                 :(Average:11199347121190982000 W/data center, 190.4919 dBW/data center)
2026/05/07 17:04:52 - simulation time     660 (s) :                                                                             Mist=1871909683062965800000 W,   212.7228 dBW
2026/05/07 17:04:52 - simulation time     660 (s) :                                                                                 :(Average:3545283490649556500 W/edge device, 185.4965 dBW/edge device)
2026/05/07 17:04:52 - simulation time     660 (s) : SimLog- Dead edge devices due to battery drain                                  :              0 devices (Among 0 devices with batteries (NaN %))
2026/05/07 17:04:52 - simulation time     660 (s) : SimLog- Average remaining power (devices with batteries that are still alive)   :              0 Wh (Average: 0 %)
2026/05/07 17:04:52 - simulation time     660 (s) : SimulationManager- the Scenario Simulation overflow times :4

================== Simulation finished at time 691.50 ==================


SimLog- Iteration finished...

######################################################################################################################################################################
Starting CloudSim Plus 4.3.0

2026/05/07 17:04:52 - simulation time       0 (s) : ServersManager- Datacenters and devices were generated
2026/05/07 17:04:52 - simulation time       0 (s) : SimulationManager-  Orchestration algorithm= TRADE_OFF-  Architechitecture= ALL -  number of edge devices= 594
2026/05/07 17:04:52 - simulation time       0 (s) : SimulationManager- Simulation: 1  , iteration: 69
2026/05/07 17:05:03 - simulation time     660 (s) : 
2026/05/07 17:05:03 - simulation time     660 (s) : ------------------------------------------------------- OUTPUT -------------------------------------------------------
2026/05/07 17:05:03 - simulation time     660 (s) : 
2026/05/07 17:05:03 - simulation time     660 (s) : SimLog- Tasks not sent because device died (low energy)                         :               0 % (0 tasks)
2026/05/07 17:05:03 - simulation time     660 (s) : SimLog- Tasks sent from edge devices                                            :             100 % (7536 among 7536 generated tasks)
2026/05/07 17:05:03 - simulation time     660 (s) : -------------------------------------All values below are based on the sent tasks-------------------------------------
2026/05/07 17:05:03 - simulation time     660 (s) : SimLog- Tasks ETE delay                                                         :     25665.5898 seconds
2026/05/07 17:05:03 - simulation time     660 (s) : SimLog- Average tasks ETE delay                                                 :         3.9928 seconds
2026/05/07 17:05:03 - simulation time     660 (s) : SimLog- Tasks execution delay                                                   :      3870.1125 seconds
2026/05/07 17:05:03 - simulation time     660 (s) : SimLog- Average tasks execution delay                                           :         0.5356 seconds
2026/05/07 17:05:03 - simulation time     660 (s) : SimLog- Tasks waiting time (from task submiting to the execution start)         :       444.0014 seconds
2026/05/07 17:05:03 - simulation time     660 (s) : SimLog- Average tasks waiting time (from task submiting to the execution start) :         0.0614 seconds
2026/05/07 17:05:03 - simulation time     660 (s) : SimLog- Tasks successfully executed                                             :        85.3105 % (6429 among 7536 sent tasks)
2026/05/07 17:05:03 - simulation time     660 (s) : SimLog- Tasks failures
2026/05/07 17:05:03 - simulation time     660 (s) :                                        Not executed due to resources unavailable:              0 % (0 tasks)
2026/05/07 17:05:03 - simulation time     660 (s) :                               Successfully executed but failed due to high delay:        13.3493 % (1006 tasks from 7536 successfully sent tasks)
2026/05/07 17:05:03 - simulation time     660 (s) :                  Tasks execution results not returned because the device is dead:              0 % (0 tasks)
2026/05/07 17:05:03 - simulation time     660 (s) :                      Tasks execution results not returned due to device mobility:         1.3402 % (101 tasks)
2026/05/07 17:05:03 - simulation time     660 (s) : SimLog- Tasks executed on each level                                : Cloud=           3168 tasks (where 2742 were successfully executed)
2026/05/07 17:05:03 - simulation time     660 (s) :                                                                        Edge=           1546 tasks (where 1320 were successfully executed)
2026/05/07 17:05:03 - simulation time     660 (s) :                                                                        Mist=           2822 tasks (where 2367 were successfully executed)
2026/05/07 17:05:03 - simulation time     660 (s) : SimLog- Network usage                                                           :          15263 seconds (The total traffic: 34721.55 (MBytes))
2026/05/07 17:05:03 - simulation time     660 (s) :                                                                         Wan=           3691 seconds (24.1827 % of total usage, WAN used when downloading containers=0 % of WAN usage)
2026/05/07 17:05:03 - simulation time     660 (s) :                                                                         Lan=          15263 seconds (100 % of total usage, LAN used when downloading containers=0 % of LAN usage)
2026/05/07 17:05:03 - simulation time     660 (s) :                                                    Average bandwidth per transfer=       715.0584 Mbps  
2026/05/07 17:05:03 - simulation time     660 (s) : SimLog- Average vm CPU utilization                                              :         0.1674 %
2026/05/07 17:05:03 - simulation time     660 (s) : SimLog- Average vm CPU utilization per level                             : Cloud=         0.0382 %
2026/05/07 17:05:03 - simulation time     660 (s) :                                                                             Edge=         0.1458 %
2026/05/07 17:05:03 - simulation time     660 (s) :                                                                             Mist=         0.1722 %
2026/05/07 17:05:03 - simulation time     660 (s) : SimLog- Energy consumption                                                      :3138456394764922700000 W,   214.9672 dBW
2026/05/07 17:05:03 - simulation time     660 (s) :                                                                                 :(Average:4934679865982582800 W/data center(or device), 186.9326 dBW/data center(or device))
2026/05/07 17:05:03 - simulation time     660 (s) :                                                                                 :(Average:422176001448065980 W/task, 176.2549 dBW/task)
2026/05/07 17:05:03 - simulation time     660 (s) : SimLog- Energy Consumption per level                                     : Cloud=745226356637114000000 W,   208.7229 dBW
2026/05/07 17:05:03 - simulation time     660 (s) :                                                                                 :(Average:41401464257617445000 W/data center, 196.1702 dBW/data center)
2026/05/07 17:05:03 - simulation time     660 (s) :                                                                             Edge=294382058158085470000 W,   204.6891 dBW
2026/05/07 17:05:03 - simulation time     660 (s) :                                                                                 :(Average:12265919089920227000 W/data center, 190.887 dBW/data center)
2026/05/07 17:05:03 - simulation time     660 (s) :                                                                             Mist=2098847979969723200000 W,   213.2198 dBW
2026/05/07 17:05:03 - simulation time     660 (s) :                                                                                 :(Average:3533414107693136900 W/edge device, 185.4819 dBW/edge device)
2026/05/07 17:05:03 - simulation time     660 (s) : SimLog- Dead edge devices due to battery drain                                  :              0 devices (Among 0 devices with batteries (NaN %))
2026/05/07 17:05:03 - simulation time     660 (s) : SimLog- Average remaining power (devices with batteries that are still alive)   :              0 Wh (Average: 0 %)
2026/05/07 17:05:03 - simulation time     660 (s) : SimulationManager- the Scenario Simulation overflow times :5

================== Simulation finished at time 691.50 ==================


SimLog- Iteration finished...

######################################################################################################################################################################
Starting CloudSim Plus 4.3.0

2026/05/07 17:05:03 - simulation time       0 (s) : ServersManager- Datacenters and devices were generated
2026/05/07 17:05:03 - simulation time       0 (s) : SimulationManager-  Orchestration algorithm= TRADE_OFF-  Architechitecture= ALL -  number of edge devices= 660
2026/05/07 17:05:03 - simulation time       0 (s) : SimulationManager- Simulation: 1  , iteration: 70
2026/05/07 17:05:16 - simulation time     660 (s) : 
2026/05/07 17:05:16 - simulation time     660 (s) : ------------------------------------------------------- OUTPUT -------------------------------------------------------
2026/05/07 17:05:16 - simulation time     660 (s) : 
2026/05/07 17:05:16 - simulation time     660 (s) : SimLog- Tasks not sent because device died (low energy)                         :               0 % (0 tasks)
2026/05/07 17:05:16 - simulation time     660 (s) : SimLog- Tasks sent from edge devices                                            :             100 % (8350 among 8350 generated tasks)
2026/05/07 17:05:16 - simulation time     660 (s) : -------------------------------------All values below are based on the sent tasks-------------------------------------
2026/05/07 17:05:16 - simulation time     660 (s) : SimLog- Tasks ETE delay                                                         :     30456.4832 seconds
2026/05/07 17:05:16 - simulation time     660 (s) : SimLog- Average tasks ETE delay                                                 :          4.216 seconds
2026/05/07 17:05:16 - simulation time     660 (s) : SimLog- Tasks execution delay                                                   :      4466.6727 seconds
2026/05/07 17:05:16 - simulation time     660 (s) : SimLog- Average tasks execution delay                                           :         0.5588 seconds
2026/05/07 17:05:16 - simulation time     660 (s) : SimLog- Tasks waiting time (from task submiting to the execution start)         :      1344.7035 seconds
2026/05/07 17:05:16 - simulation time     660 (s) : SimLog- Average tasks waiting time (from task submiting to the execution start) :         0.1682 seconds
2026/05/07 17:05:16 - simulation time     660 (s) : SimLog- Tasks successfully executed                                             :        86.5389 % (7226 among 8350 sent tasks)
2026/05/07 17:05:16 - simulation time     660 (s) : SimLog- Tasks failures
2026/05/07 17:05:16 - simulation time     660 (s) :                                        Not executed due to resources unavailable:              0 % (0 tasks)
2026/05/07 17:05:16 - simulation time     660 (s) :                               Successfully executed but failed due to high delay:        12.3234 % (1029 tasks from 8350 successfully sent tasks)
2026/05/07 17:05:16 - simulation time     660 (s) :                  Tasks execution results not returned because the device is dead:              0 % (0 tasks)
2026/05/07 17:05:16 - simulation time     660 (s) :                      Tasks execution results not returned due to device mobility:         1.1377 % (95 tasks)
2026/05/07 17:05:16 - simulation time     660 (s) : SimLog- Tasks executed on each level                                : Cloud=           3456 tasks (where 3023 were successfully executed)
2026/05/07 17:05:16 - simulation time     660 (s) :                                                                        Edge=           1642 tasks (where 1416 were successfully executed)
2026/05/07 17:05:16 - simulation time     660 (s) :                                                                        Mist=           3250 tasks (where 2785 were successfully executed)
2026/05/07 17:05:16 - simulation time     660 (s) : SimLog- Network usage                                                           :          17140 seconds (The total traffic: 40195.95 (MBytes))
2026/05/07 17:05:16 - simulation time     660 (s) :                                                                         Wan=           4271 seconds (24.9183 % of total usage, WAN used when downloading containers=0 % of WAN usage)
2026/05/07 17:05:16 - simulation time     660 (s) :                                                                         Lan=          17140 seconds (100 % of total usage, LAN used when downloading containers=0 % of LAN usage)
2026/05/07 17:05:16 - simulation time     660 (s) :                                                    Average bandwidth per transfer=       717.6358 Mbps  
2026/05/07 17:05:16 - simulation time     660 (s) : SimLog- Average vm CPU utilization                                              :         0.1702 %
2026/05/07 17:05:16 - simulation time     660 (s) : SimLog- Average vm CPU utilization per level                             : Cloud=          0.051 %
2026/05/07 17:05:16 - simulation time     660 (s) :                                                                             Edge=         0.1423 %
2026/05/07 17:05:16 - simulation time     660 (s) :                                                                             Mist=         0.1744 %
2026/05/07 17:05:16 - simulation time     660 (s) : SimLog- Energy consumption                                                      :3716495878459047000000 W,   215.7013 dBW
2026/05/07 17:05:16 - simulation time     660 (s) :                                                                                 :(Average:5294153673018585100 W/data center(or device), 187.238 dBW/data center(or device))
2026/05/07 17:05:16 - simulation time     660 (s) :                                                                                 :(Average:450320595960141380 W/task, 176.5352 dBW/task)
2026/05/07 17:05:16 - simulation time     660 (s) : SimLog- Energy Consumption per level                                     : Cloud=908104617984612100000 W,   209.5814 dBW
2026/05/07 17:05:16 - simulation time     660 (s) :                                                                                 :(Average:50450256554700670000 W/data center, 197.0286 dBW/data center)
2026/05/07 17:05:16 - simulation time     660 (s) :                                                                             Edge=318657259577343540000 W,   205.0332 dBW
2026/05/07 17:05:16 - simulation time     660 (s) :                                                                                 :(Average:13277385815722648000 W/data center, 191.2311 dBW/data center)
2026/05/07 17:05:16 - simulation time     660 (s) :                                                                             Mist=2489734000897091000000 W,   213.9615 dBW
2026/05/07 17:05:16 - simulation time     660 (s) :                                                                                 :(Average:3772324243783471100 W/edge device, 185.7661 dBW/edge device)
2026/05/07 17:05:16 - simulation time     660 (s) : SimLog- Dead edge devices due to battery drain                                  :              0 devices (Among 0 devices with batteries (NaN %))
2026/05/07 17:05:16 - simulation time     660 (s) : SimLog- Average remaining power (devices with batteries that are still alive)   :              0 Wh (Average: 0 %)
2026/05/07 17:05:16 - simulation time     660 (s) : SimulationManager- the Scenario Simulation overflow times :6

================== Simulation finished at time 691.50 ==================


SimLog- Iteration finished...

######################################################################################################################################################################
Starting CloudSim Plus 4.3.0

2026/05/07 17:05:16 - simulation time       0 (s) : ServersManager- Datacenters and devices were generated
2026/05/07 17:05:16 - simulation time       0 (s) : SimulationManager-  Orchestration algorithm= TRADE_OFF-  Architechitecture= ALL -  number of edge devices= 726
2026/05/07 17:05:16 - simulation time       0 (s) : SimulationManager- Simulation: 1  , iteration: 71
2026/05/07 17:05:30 - simulation time     660 (s) : 
2026/05/07 17:05:30 - simulation time     660 (s) : ------------------------------------------------------- OUTPUT -------------------------------------------------------
2026/05/07 17:05:30 - simulation time     660 (s) : 
2026/05/07 17:05:30 - simulation time     660 (s) : SimLog- Tasks not sent because device died (low energy)                         :               0 % (0 tasks)
2026/05/07 17:05:30 - simulation time     660 (s) : SimLog- Tasks sent from edge devices                                            :             100 % (9212 among 9212 generated tasks)
2026/05/07 17:05:30 - simulation time     660 (s) : -------------------------------------All values below are based on the sent tasks-------------------------------------
2026/05/07 17:05:30 - simulation time     660 (s) : SimLog- Tasks ETE delay                                                         :     34467.9729 seconds
2026/05/07 17:05:30 - simulation time     660 (s) : SimLog- Average tasks ETE delay                                                 :         4.4538 seconds
2026/05/07 17:05:30 - simulation time     660 (s) : SimLog- Tasks execution delay                                                   :      4700.7507 seconds
2026/05/07 17:05:30 - simulation time     660 (s) : SimLog- Average tasks execution delay                                           :         0.5438 seconds
2026/05/07 17:05:30 - simulation time     660 (s) : SimLog- Tasks waiting time (from task submiting to the execution start)         :      3880.6974 seconds
2026/05/07 17:05:30 - simulation time     660 (s) : SimLog- Average tasks waiting time (from task submiting to the execution start) :         0.4489 seconds
2026/05/07 17:05:30 - simulation time     660 (s) : SimLog- Tasks successfully executed                                             :          84.01 % (7739 among 9212 sent tasks)
2026/05/07 17:05:30 - simulation time     660 (s) : SimLog- Tasks failures
2026/05/07 17:05:30 - simulation time     660 (s) :                                        Not executed due to resources unavailable:              0 % (0 tasks)
2026/05/07 17:05:30 - simulation time     660 (s) :                               Successfully executed but failed due to high delay:        14.8936 % (1372 tasks from 9212 successfully sent tasks)
2026/05/07 17:05:30 - simulation time     660 (s) :                  Tasks execution results not returned because the device is dead:              0 % (0 tasks)
2026/05/07 17:05:30 - simulation time     660 (s) :                      Tasks execution results not returned due to device mobility:         1.0964 % (101 tasks)
2026/05/07 17:05:30 - simulation time     660 (s) : SimLog- Tasks executed on each level                                : Cloud=           3622 tasks (where 3066 were successfully executed)
2026/05/07 17:05:30 - simulation time     660 (s) :                                                                        Edge=           1738 tasks (where 1486 were successfully executed)
2026/05/07 17:05:30 - simulation time     660 (s) :                                                                        Mist=           3852 tasks (where 3187 were successfully executed)
2026/05/07 17:05:30 - simulation time     660 (s) : SimLog- Network usage                                                           :          18415 seconds (The total traffic: 36988.65 (MBytes))
2026/05/07 17:05:30 - simulation time     660 (s) :                                                                         Wan=           4194 seconds (22.7749 % of total usage, WAN used when downloading containers=0 % of WAN usage)
2026/05/07 17:05:30 - simulation time     660 (s) :                                                                         Lan=          18415 seconds (100 % of total usage, LAN used when downloading containers=0 % of LAN usage)
2026/05/07 17:05:30 - simulation time     660 (s) :                                                    Average bandwidth per transfer=       732.5185 Mbps  
2026/05/07 17:05:30 - simulation time     660 (s) : SimLog- Average vm CPU utilization                                              :         0.1699 %
2026/05/07 17:05:30 - simulation time     660 (s) : SimLog- Average vm CPU utilization per level                             : Cloud=         0.1544 %
2026/05/07 17:05:30 - simulation time     660 (s) :                                                                             Edge=         0.1489 %
2026/05/07 17:05:30 - simulation time     660 (s) :                                                                             Mist=          0.171 %
2026/05/07 17:05:30 - simulation time     660 (s) : SimLog- Energy consumption                                                      :3450687822951361000000 W,   215.3791 dBW
2026/05/07 17:05:30 - simulation time     660 (s) :                                                                                 :(Average:4493083102801250800 W/data center(or device), 186.5254 dBW/data center(or device))
2026/05/07 17:05:30 - simulation time     660 (s) :                                                                                 :(Average:378738648112321470 W/task, 175.7834 dBW/task)
2026/05/07 17:05:30 - simulation time     660 (s) : SimLog- Energy Consumption per level                                     : Cloud=816487214487853300000 W,   209.1195 dBW
2026/05/07 17:05:30 - simulation time     660 (s) :                                                                                 :(Average:45360400804880744000 W/data center, 196.5668 dBW/data center)
2026/05/07 17:05:30 - simulation time     660 (s) :                                                                             Edge=254850831698211800000 W,   204.0629 dBW
2026/05/07 17:05:30 - simulation time     660 (s) :                                                                                 :(Average:10618784654092159000 W/data center, 190.2607 dBW/data center)
2026/05/07 17:05:30 - simulation time     660 (s) :                                                                             Mist=2379349776765296000000 W,   213.7646 dBW
2026/05/07 17:05:30 - simulation time     660 (s) :                                                                                 :(Average:3277341290310324700 W/edge device, 185.1552 dBW/edge device)
2026/05/07 17:05:30 - simulation time     660 (s) : SimLog- Dead edge devices due to battery drain                                  :              0 devices (Among 0 devices with batteries (NaN %))
2026/05/07 17:05:30 - simulation time     660 (s) : SimLog- Average remaining power (devices with batteries that are still alive)   :              0 Wh (Average: 0 %)
2026/05/07 17:05:30 - simulation time     660 (s) : SimulationManager- the Scenario Simulation overflow times :6

================== Simulation finished at time 691.50 ==================


SimLog- Iteration finished...

######################################################################################################################################################################
Starting CloudSim Plus 4.3.0

2026/05/07 17:05:30 - simulation time       0 (s) : ServersManager- Datacenters and devices were generated
2026/05/07 17:05:30 - simulation time       0 (s) : SimulationManager-  Orchestration algorithm= TRADE_OFF-  Architechitecture= ALL -  number of edge devices= 792
2026/05/07 17:05:30 - simulation time       0 (s) : SimulationManager- Simulation: 1  , iteration: 72
2026/05/07 17:05:48 - simulation time     660 (s) : 
2026/05/07 17:05:48 - simulation time     660 (s) : ------------------------------------------------------- OUTPUT -------------------------------------------------------
2026/05/07 17:05:48 - simulation time     660 (s) : 
2026/05/07 17:05:48 - simulation time     660 (s) : SimLog- Tasks not sent because device died (low energy)                         :               0 % (0 tasks)
2026/05/07 17:05:48 - simulation time     660 (s) : SimLog- Tasks sent from edge devices                                            :             100 % (10020 among 10020 generated tasks)
2026/05/07 17:05:48 - simulation time     660 (s) : -------------------------------------All values below are based on the sent tasks-------------------------------------
2026/05/07 17:05:48 - simulation time     660 (s) : SimLog- Tasks ETE delay                                                         :     41628.9774 seconds
2026/05/07 17:05:48 - simulation time     660 (s) : SimLog- Average tasks ETE delay                                                 :         4.9813 seconds
2026/05/07 17:05:48 - simulation time     660 (s) : SimLog- Tasks execution delay                                                   :      5481.6307 seconds
2026/05/07 17:05:48 - simulation time     660 (s) : SimLog- Average tasks execution delay                                           :          0.591 seconds
2026/05/07 17:05:48 - simulation time     660 (s) : SimLog- Tasks waiting time (from task submiting to the execution start)         :      7894.9349 seconds
2026/05/07 17:05:48 - simulation time     660 (s) : SimLog- Average tasks waiting time (from task submiting to the execution start) :         0.8512 seconds
2026/05/07 17:05:48 - simulation time     660 (s) : SimLog- Tasks successfully executed                                             :        83.4032 % (8357 among 10020 sent tasks)
2026/05/07 17:05:48 - simulation time     660 (s) : SimLog- Tasks failures
2026/05/07 17:05:48 - simulation time     660 (s) :                                        Not executed due to resources unavailable:              0 % (0 tasks)
2026/05/07 17:05:48 - simulation time     660 (s) :                               Successfully executed but failed due to high delay:        15.0998 % (1513 tasks from 10020 successfully sent tasks)
2026/05/07 17:05:48 - simulation time     660 (s) :                  Tasks execution results not returned because the device is dead:              0 % (0 tasks)
2026/05/07 17:05:48 - simulation time     660 (s) :                      Tasks execution results not returned due to device mobility:          1.497 % (150 tasks)
2026/05/07 17:05:48 - simulation time     660 (s) : SimLog- Tasks executed on each level                                : Cloud=           3744 tasks (where 3195 were successfully executed)
2026/05/07 17:05:48 - simulation time     660 (s) :                                                                        Edge=           1834 tasks (where 1559 were successfully executed)
2026/05/07 17:05:48 - simulation time     660 (s) :                                                                        Mist=           4442 tasks (where 3603 were successfully executed)
2026/05/07 17:05:48 - simulation time     660 (s) : SimLog- Network usage                                                           :          20044 seconds (The total traffic: 45521.35 (MBytes))
2026/05/07 17:05:48 - simulation time     660 (s) :                                                                         Wan=           4507 seconds (22.4855 % of total usage, WAN used when downloading containers=0 % of WAN usage)
2026/05/07 17:05:48 - simulation time     660 (s) :                                                                         Lan=          20044 seconds (100 % of total usage, LAN used when downloading containers=0 % of LAN usage)
2026/05/07 17:05:48 - simulation time     660 (s) :                                                    Average bandwidth per transfer=       740.0386 Mbps  
2026/05/07 17:05:48 - simulation time     660 (s) : SimLog- Average vm CPU utilization                                              :         0.2092 %
2026/05/07 17:05:48 - simulation time     660 (s) : SimLog- Average vm CPU utilization per level                             : Cloud=         0.1012 %
2026/05/07 17:05:48 - simulation time     660 (s) :                                                                             Edge=         0.1582 %
2026/05/07 17:05:48 - simulation time     660 (s) :                                                                             Mist=         0.2132 %
2026/05/07 17:05:48 - simulation time     660 (s) : SimLog- Energy consumption                                                      :4134304023612833700000 W,    216.164 dBW
2026/05/07 17:05:48 - simulation time     660 (s) :                                                                                 :(Average:4957199069080136700 W/data center(or device), 186.9524 dBW/data center(or device))
2026/05/07 17:05:48 - simulation time     660 (s) :                                                                                 :(Average:418875787600084480 W/task, 176.2209 dBW/task)
2026/05/07 17:05:48 - simulation time     660 (s) : SimLog- Energy Consumption per level                                     : Cloud=961289683327839900000 W,   209.8285 dBW
2026/05/07 17:05:48 - simulation time     660 (s) :                                                                                 :(Average:53404982407102220000 W/data center, 197.2758 dBW/data center)
2026/05/07 17:05:48 - simulation time     660 (s) :                                                                             Edge=341676665147247030000 W,   205.3362 dBW
2026/05/07 17:05:48 - simulation time     660 (s) :                                                                                 :(Average:14236527714468626000 W/data center, 191.534 dBW/data center)
2026/05/07 17:05:48 - simulation time     660 (s) :                                                                             Mist=2831337675137746500000 W,   214.5199 dBW
2026/05/07 17:05:48 - simulation time     660 (s) :                                                                                 :(Average:3574921306992103900 W/edge device, 185.5327 dBW/edge device)
2026/05/07 17:05:48 - simulation time     660 (s) : SimLog- Dead edge devices due to battery drain                                  :              0 devices (Among 0 devices with batteries (NaN %))
2026/05/07 17:05:48 - simulation time     660 (s) : SimLog- Average remaining power (devices with batteries that are still alive)   :              0 Wh (Average: 0 %)
2026/05/07 17:05:48 - simulation time     660 (s) : SimulationManager- the Scenario Simulation overflow times :6

================== Simulation finished at time 691.50 ==================


SimLog- Iteration finished...

######################################################################################################################################################################
Starting CloudSim Plus 4.3.0

2026/05/07 17:05:48 - simulation time       0 (s) : ServersManager- Datacenters and devices were generated
2026/05/07 17:05:48 - simulation time       0 (s) : SimulationManager-  Orchestration algorithm= TRADE_OFF-  Architechitecture= ALL -  number of edge devices= 858
2026/05/07 17:05:48 - simulation time       0 (s) : SimulationManager- Simulation: 1  , iteration: 73
2026/05/07 17:06:09 - simulation time     660 (s) : 
2026/05/07 17:06:09 - simulation time     660 (s) : ------------------------------------------------------- OUTPUT -------------------------------------------------------
2026/05/07 17:06:09 - simulation time     660 (s) : 
2026/05/07 17:06:09 - simulation time     660 (s) : SimLog- Tasks not sent because device died (low energy)                         :               0 % (0 tasks)
2026/05/07 17:06:09 - simulation time     660 (s) : SimLog- Tasks sent from edge devices                                            :             100 % (10882 among 10882 generated tasks)
2026/05/07 17:06:09 - simulation time     660 (s) : -------------------------------------All values below are based on the sent tasks-------------------------------------
2026/05/07 17:06:09 - simulation time     660 (s) : SimLog- Tasks ETE delay                                                         :     48980.6598 seconds
2026/05/07 17:06:09 - simulation time     660 (s) : SimLog- Average tasks ETE delay                                                 :         5.4605 seconds
2026/05/07 17:06:09 - simulation time     660 (s) : SimLog- Tasks execution delay                                                   :      6091.4231 seconds
2026/05/07 17:06:09 - simulation time     660 (s) : SimLog- Average tasks execution delay                                           :         0.6113 seconds
2026/05/07 17:06:09 - simulation time     660 (s) : SimLog- Tasks waiting time (from task submiting to the execution start)         :     12387.8259 seconds
2026/05/07 17:06:09 - simulation time     660 (s) : SimLog- Average tasks waiting time (from task submiting to the execution start) :         1.2431 seconds
2026/05/07 17:06:09 - simulation time     660 (s) : SimLog- Tasks successfully executed                                             :        82.4481 % (8972 among 10882 sent tasks)
2026/05/07 17:06:09 - simulation time     660 (s) : SimLog- Tasks failures
2026/05/07 17:06:09 - simulation time     660 (s) :                                        Not executed due to resources unavailable:              0 % (0 tasks)
2026/05/07 17:06:09 - simulation time     660 (s) :                               Successfully executed but failed due to high delay:        16.0265 % (1744 tasks from 10882 successfully sent tasks)
2026/05/07 17:06:09 - simulation time     660 (s) :                  Tasks execution results not returned because the device is dead:              0 % (0 tasks)
2026/05/07 17:06:09 - simulation time     660 (s) :                      Tasks execution results not returned due to device mobility:         1.5255 % (166 tasks)
2026/05/07 17:06:09 - simulation time     660 (s) : SimLog- Tasks executed on each level                                : Cloud=           4032 tasks (where 3393 were successfully executed)
2026/05/07 17:06:09 - simulation time     660 (s) :                                                                        Edge=           1834 tasks (where 1536 were successfully executed)
2026/05/07 17:06:09 - simulation time     660 (s) :                                                                        Mist=           5016 tasks (where 4043 were successfully executed)
2026/05/07 17:06:09 - simulation time     660 (s) : SimLog- Network usage                                                           :          21976 seconds (The total traffic: 52663.05 (MBytes))
2026/05/07 17:06:09 - simulation time     660 (s) :                                                                         Wan=           5187 seconds (23.603 % of total usage, WAN used when downloading containers=0 % of WAN usage)
2026/05/07 17:06:09 - simulation time     660 (s) :                                                                         Lan=          21976 seconds (100 % of total usage, LAN used when downloading containers=0 % of LAN usage)
2026/05/07 17:06:09 - simulation time     660 (s) :                                                    Average bandwidth per transfer=       737.3235 Mbps  
2026/05/07 17:06:09 - simulation time     660 (s) : SimLog- Average vm CPU utilization                                              :         0.2673 %
2026/05/07 17:06:09 - simulation time     660 (s) : SimLog- Average vm CPU utilization per level                             : Cloud=         0.2487 %
2026/05/07 17:06:09 - simulation time     660 (s) :                                                                             Edge=         0.2295 %
2026/05/07 17:06:09 - simulation time     660 (s) :                                                                             Mist=         0.2687 %
2026/05/07 17:06:09 - simulation time     660 (s) : SimLog- Energy consumption                                                      :4621844456817275400000 W,   216.6482 dBW
2026/05/07 17:06:09 - simulation time     660 (s) :                                                                                 :(Average:5135382729796972500 W/data center(or device), 187.1057 dBW/data center(or device))
2026/05/07 17:06:09 - simulation time     660 (s) :                                                                                 :(Average:431343393076740610 W/task, 176.3482 dBW/task)
2026/05/07 17:06:09 - simulation time     660 (s) : SimLog- Energy Consumption per level                                     : Cloud=1115391833351175400000 W,   210.4743 dBW
2026/05/07 17:06:09 - simulation time     660 (s) :                                                                                 :(Average:61966212963954190000 W/data center, 197.9215 dBW/data center)
2026/05/07 17:06:09 - simulation time     660 (s) :                                                                             Edge=332238309688072000000 W,   205.2145 dBW
2026/05/07 17:06:09 - simulation time     660 (s) :                                                                                 :(Average:13843262903669668000 W/data center, 191.4124 dBW/data center)
2026/05/07 17:06:09 - simulation time     660 (s) :                                                                             Mist=3174214313778027700000 W,   215.0164 dBW
2026/05/07 17:06:09 - simulation time     660 (s) :                                                                                 :(Average:3699550482258773500 W/edge device, 185.6815 dBW/edge device)
2026/05/07 17:06:09 - simulation time     660 (s) : SimLog- Dead edge devices due to battery drain                                  :              0 devices (Among 0 devices with batteries (NaN %))
2026/05/07 17:06:09 - simulation time     660 (s) : SimLog- Average remaining power (devices with batteries that are still alive)   :              0 Wh (Average: 0 %)
2026/05/07 17:06:09 - simulation time     660 (s) : SimulationManager- the Scenario Simulation overflow times :7

================== Simulation finished at time 691.50 ==================


SimLog- Iteration finished...

######################################################################################################################################################################
Starting CloudSim Plus 4.3.0

2026/05/07 17:06:09 - simulation time       0 (s) : ServersManager- Datacenters and devices were generated
2026/05/07 17:06:09 - simulation time       0 (s) : SimulationManager-  Orchestration algorithm= TRADE_OFF-  Architechitecture= ALL -  number of edge devices= 924
2026/05/07 17:06:09 - simulation time       0 (s) : SimulationManager- Simulation: 1  , iteration: 74
2026/05/07 17:06:34 - simulation time     660 (s) : 
2026/05/07 17:06:34 - simulation time     660 (s) : ------------------------------------------------------- OUTPUT -------------------------------------------------------
2026/05/07 17:06:34 - simulation time     660 (s) : 
2026/05/07 17:06:34 - simulation time     660 (s) : SimLog- Tasks not sent because device died (low energy)                         :               0 % (0 tasks)
2026/05/07 17:06:34 - simulation time     660 (s) : SimLog- Tasks sent from edge devices                                            :             100 % (11754 among 11754 generated tasks)
2026/05/07 17:06:34 - simulation time     660 (s) : -------------------------------------All values below are based on the sent tasks-------------------------------------
2026/05/07 17:06:34 - simulation time     660 (s) : SimLog- Tasks ETE delay                                                         :     60668.5212 seconds
2026/05/07 17:06:34 - simulation time     660 (s) : SimLog- Average tasks ETE delay                                                 :         6.1443 seconds
2026/05/07 17:06:34 - simulation time     660 (s) : SimLog- Tasks execution delay                                                   :      6658.8151 seconds
2026/05/07 17:06:34 - simulation time     660 (s) : SimLog- Average tasks execution delay                                           :         0.6126 seconds
2026/05/07 17:06:34 - simulation time     660 (s) : SimLog- Tasks waiting time (from task submiting to the execution start)         :     20000.7963 seconds
2026/05/07 17:06:34 - simulation time     660 (s) : SimLog- Average tasks waiting time (from task submiting to the execution start) :         1.8402 seconds
2026/05/07 17:06:34 - simulation time     660 (s) : SimLog- Tasks successfully executed                                             :        84.0054 % (9874 among 11754 sent tasks)
2026/05/07 17:06:34 - simulation time     660 (s) : SimLog- Tasks failures
2026/05/07 17:06:34 - simulation time     660 (s) :                                        Not executed due to resources unavailable:              0 % (0 tasks)
2026/05/07 17:06:34 - simulation time     660 (s) :                               Successfully executed but failed due to high delay:        14.5653 % (1712 tasks from 11754 successfully sent tasks)
2026/05/07 17:06:34 - simulation time     660 (s) :                  Tasks execution results not returned because the device is dead:              0 % (0 tasks)
2026/05/07 17:06:34 - simulation time     660 (s) :                      Tasks execution results not returned due to device mobility:         1.4293 % (168 tasks)
2026/05/07 17:06:34 - simulation time     660 (s) : SimLog- Tasks executed on each level                                : Cloud=           4276 tasks (where 3670 were successfully executed)
2026/05/07 17:06:34 - simulation time     660 (s) :                                                                        Edge=           2026 tasks (where 1707 were successfully executed)
2026/05/07 17:06:34 - simulation time     660 (s) :                                                                        Mist=           5452 tasks (where 4497 were successfully executed)
2026/05/07 17:06:34 - simulation time     660 (s) : SimLog- Network usage                                                           :          23881 seconds (The total traffic: 57715.25 (MBytes))
2026/05/07 17:06:34 - simulation time     660 (s) :                                                                         Wan=           5553 seconds (23.2528 % of total usage, WAN used when downloading containers=0 % of WAN usage)
2026/05/07 17:06:34 - simulation time     660 (s) :                                                                         Lan=          23881 seconds (100 % of total usage, LAN used when downloading containers=0 % of LAN usage)
2026/05/07 17:06:34 - simulation time     660 (s) :                                                    Average bandwidth per transfer=       741.8815 Mbps  
2026/05/07 17:06:34 - simulation time     660 (s) : SimLog- Average vm CPU utilization                                              :         0.2486 %
2026/05/07 17:06:34 - simulation time     660 (s) : SimLog- Average vm CPU utilization per level                             : Cloud=          0.124 %
2026/05/07 17:06:34 - simulation time     660 (s) :                                                                             Edge=         0.2106 %
2026/05/07 17:06:34 - simulation time     660 (s) :                                                                             Mist=          0.252 %
2026/05/07 17:06:34 - simulation time     660 (s) : SimLog- Energy consumption                                                      :5044636845942065000000 W,   217.0283 dBW
2026/05/07 17:06:34 - simulation time     660 (s) :                                                                                 :(Average:5222191351906900000 W/data center(or device), 187.1785 dBW/data center(or device))
2026/05/07 17:06:34 - simulation time     660 (s) :                                                                                 :(Average:435370401824636670 W/task, 176.3886 dBW/task)
2026/05/07 17:06:34 - simulation time     660 (s) : SimLog- Energy Consumption per level                                     : Cloud=1186520274473586800000 W,   210.7428 dBW
2026/05/07 17:06:34 - simulation time     660 (s) :                                                                                 :(Average:65917793026310370000 W/data center, 198.19 dBW/data center)
2026/05/07 17:06:34 - simulation time     660 (s) :                                                                             Edge=380550487315107350000 W,   205.8041 dBW
2026/05/07 17:06:34 - simulation time     660 (s) :                                                                                 :(Average:15856270304796140000 W/data center, 192.002 dBW/data center)
2026/05/07 17:06:34 - simulation time     660 (s) :                                                                             Mist=3477566084153371300000 W,   215.4128 dBW
2026/05/07 17:06:34 - simulation time     660 (s) :                                                                                 :(Average:3763599658174644200 W/edge device, 185.756 dBW/edge device)
2026/05/07 17:06:34 - simulation time     660 (s) : SimLog- Dead edge devices due to battery drain                                  :              0 devices (Among 0 devices with batteries (NaN %))
2026/05/07 17:06:34 - simulation time     660 (s) : SimLog- Average remaining power (devices with batteries that are still alive)   :              0 Wh (Average: 0 %)
2026/05/07 17:06:34 - simulation time     660 (s) : SimulationManager- the Scenario Simulation overflow times :7

================== Simulation finished at time 691.50 ==================


SimLog- Iteration finished...

######################################################################################################################################################################
Starting CloudSim Plus 4.3.0

2026/05/07 17:06:34 - simulation time       0 (s) : ServersManager- Datacenters and devices were generated
2026/05/07 17:06:34 - simulation time       0 (s) : SimulationManager-  Orchestration algorithm= TRADE_OFF-  Architechitecture= ALL -  number of edge devices= 990
2026/05/07 17:06:34 - simulation time       0 (s) : SimulationManager- Simulation: 1  , iteration: 75
2026/05/07 17:07:02 - simulation time     660 (s) : 
2026/05/07 17:07:02 - simulation time     660 (s) : ------------------------------------------------------- OUTPUT -------------------------------------------------------
2026/05/07 17:07:02 - simulation time     660 (s) : 
2026/05/07 17:07:02 - simulation time     660 (s) : SimLog- Tasks not sent because device died (low energy)                         :               0 % (0 tasks)
2026/05/07 17:07:02 - simulation time     660 (s) : SimLog- Tasks sent from edge devices                                            :             100 % (12518 among 12518 generated tasks)
2026/05/07 17:07:02 - simulation time     660 (s) : -------------------------------------All values below are based on the sent tasks-------------------------------------
2026/05/07 17:07:02 - simulation time     660 (s) : SimLog- Tasks ETE delay                                                         :      68023.322 seconds
2026/05/07 17:07:02 - simulation time     660 (s) : SimLog- Average tasks ETE delay                                                 :          6.542 seconds
2026/05/07 17:07:02 - simulation time     660 (s) : SimLog- Tasks execution delay                                                   :      7278.8549 seconds
2026/05/07 17:07:02 - simulation time     660 (s) : SimLog- Average tasks execution delay                                           :         0.6321 seconds
2026/05/07 17:07:02 - simulation time     660 (s) : SimLog- Tasks waiting time (from task submiting to the execution start)         :     25272.2384 seconds
2026/05/07 17:07:02 - simulation time     660 (s) : SimLog- Average tasks waiting time (from task submiting to the execution start) :         2.1945 seconds
2026/05/07 17:07:02 - simulation time     660 (s) : SimLog- Tasks successfully executed                                             :        83.0644 % (10398 among 12518 sent tasks)
2026/05/07 17:07:02 - simulation time     660 (s) : SimLog- Tasks failures
2026/05/07 17:07:02 - simulation time     660 (s) :                                        Not executed due to resources unavailable:              0 % (0 tasks)
2026/05/07 17:07:02 - simulation time     660 (s) :                               Successfully executed but failed due to high delay:        15.5296 % (1944 tasks from 12518 successfully sent tasks)
2026/05/07 17:07:02 - simulation time     660 (s) :                  Tasks execution results not returned because the device is dead:              0 % (0 tasks)
2026/05/07 17:07:02 - simulation time     660 (s) :                      Tasks execution results not returned due to device mobility:          1.406 % (176 tasks)
2026/05/07 17:07:02 - simulation time     660 (s) : SimLog- Tasks executed on each level                                : Cloud=           4320 tasks (where 3613 were successfully executed)
2026/05/07 17:07:02 - simulation time     660 (s) :                                                                        Edge=           2122 tasks (where 1778 were successfully executed)
2026/05/07 17:07:02 - simulation time     660 (s) :                                                                        Mist=           6076 tasks (where 5007 were successfully executed)
2026/05/07 17:07:02 - simulation time     660 (s) : SimLog- Network usage                                                           :          25404 seconds (The total traffic: 61272.2 (MBytes))
2026/05/07 17:07:02 - simulation time     660 (s) :                                                                         Wan=           5703 seconds (22.4492 % of total usage, WAN used when downloading containers=0 % of WAN usage)
2026/05/07 17:07:02 - simulation time     660 (s) :                                                                         Lan=          25404 seconds (100 % of total usage, LAN used when downloading containers=0 % of LAN usage)
2026/05/07 17:07:02 - simulation time     660 (s) :                                                    Average bandwidth per transfer=       751.1406 Mbps  
2026/05/07 17:07:02 - simulation time     660 (s) : SimLog- Average vm CPU utilization                                              :         0.2213 %
2026/05/07 17:07:02 - simulation time     660 (s) : SimLog- Average vm CPU utilization per level                             : Cloud=         0.0763 %
2026/05/07 17:07:02 - simulation time     660 (s) :                                                                             Edge=         0.1701 %
2026/05/07 17:07:02 - simulation time     660 (s) :                                                                             Mist=         0.2252 %
2026/05/07 17:07:02 - simulation time     660 (s) : SimLog- Energy consumption                                                      :5305432714566577000000 W,   217.2472 dBW
2026/05/07 17:07:02 - simulation time     660 (s) :                                                                                 :(Average:5140923173029628900 W/data center(or device), 187.1104 dBW/data center(or device))
2026/05/07 17:07:02 - simulation time     660 (s) :                                                                                 :(Average:429798502476229570 W/task, 176.3326 dBW/task)
2026/05/07 17:07:02 - simulation time     660 (s) : SimLog- Energy Consumption per level                                     : Cloud=1190777750790591700000 W,   210.7583 dBW
2026/05/07 17:07:02 - simulation time     660 (s) :                                                                                 :(Average:66154319488366210000 W/data center, 198.2056 dBW/data center)
2026/05/07 17:07:02 - simulation time     660 (s) :                                                                             Edge=369072862013208660000 W,   205.6711 dBW
2026/05/07 17:07:02 - simulation time     660 (s) :                                                                                 :(Average:15378035917217028000 W/data center, 191.869 dBW/data center)
2026/05/07 17:07:02 - simulation time     660 (s) :                                                                             Mist=3745582101762777500000 W,   215.7352 dBW
2026/05/07 17:07:02 - simulation time     660 (s) :                                                                                 :(Average:3783416264406846000 W/edge device, 185.7788 dBW/edge device)
2026/05/07 17:07:02 - simulation time     660 (s) : SimLog- Dead edge devices due to battery drain                                  :              0 devices (Among 0 devices with batteries (NaN %))
2026/05/07 17:07:02 - simulation time     660 (s) : SimLog- Average remaining power (devices with batteries that are still alive)   :              0 Wh (Average: 0 %)
2026/05/07 17:07:02 - simulation time     660 (s) : SimulationManager- the Scenario Simulation overflow times :7

================== Simulation finished at time 691.50 ==================


SimLog- Iteration finished...

######################################################################################################################################################################
Starting CloudSim Plus 4.3.0

2026/05/07 17:07:02 - simulation time       0 (s) : ServersManager- Datacenters and devices were generated
2026/05/07 17:07:02 - simulation time       0 (s) : SimulationManager-  Orchestration algorithm= TRADI_POLLING-  Architechitecture= ALL -  number of edge devices= 66
2026/05/07 17:07:02 - simulation time       0 (s) : SimulationManager- Simulation: 1  , iteration: 76
2026/05/07 17:07:02 - simulation time     640 (s) : 
2026/05/07 17:07:02 - simulation time     640 (s) : ------------------------------------------------------- OUTPUT -------------------------------------------------------
2026/05/07 17:07:02 - simulation time     640 (s) : 
2026/05/07 17:07:02 - simulation time     640 (s) : SimLog- Tasks not sent because device died (low energy)                         :               0 % (0 tasks)
2026/05/07 17:07:02 - simulation time     640 (s) : SimLog- Tasks sent from edge devices                                            :             100 % (848 among 848 generated tasks)
2026/05/07 17:07:02 - simulation time     640 (s) : -------------------------------------All values below are based on the sent tasks-------------------------------------
2026/05/07 17:07:02 - simulation time     640 (s) : SimLog- Tasks ETE delay                                                         :      2731.3915 seconds
2026/05/07 17:07:02 - simulation time     640 (s) : SimLog- Average tasks ETE delay                                                 :         3.6811 seconds
2026/05/07 17:07:02 - simulation time     640 (s) : SimLog- Tasks execution delay                                                   :       364.0232 seconds
2026/05/07 17:07:02 - simulation time     640 (s) : SimLog- Average tasks execution delay                                           :         0.4318 seconds
2026/05/07 17:07:02 - simulation time     640 (s) : SimLog- Tasks waiting time (from task submiting to the execution start)         :        36.2713 seconds
2026/05/07 17:07:02 - simulation time     640 (s) : SimLog- Average tasks waiting time (from task submiting to the execution start) :          0.043 seconds
2026/05/07 17:07:02 - simulation time     640 (s) : SimLog- Tasks successfully executed                                             :           87.5 % (742 among 848 sent tasks)
2026/05/07 17:07:02 - simulation time     640 (s) : SimLog- Tasks failures
2026/05/07 17:07:02 - simulation time     640 (s) :                                        Not executed due to resources unavailable:              0 % (0 tasks)
2026/05/07 17:07:02 - simulation time     640 (s) :                               Successfully executed but failed due to high delay:        12.1462 % (103 tasks from 848 successfully sent tasks)
2026/05/07 17:07:02 - simulation time     640 (s) :                  Tasks execution results not returned because the device is dead:              0 % (0 tasks)
2026/05/07 17:07:02 - simulation time     640 (s) :                      Tasks execution results not returned due to device mobility:         0.3538 % (3 tasks)
2026/05/07 17:07:02 - simulation time     640 (s) : SimLog- Tasks executed on each level                                : Cloud=            318 tasks (where 284 were successfully executed)
2026/05/07 17:07:02 - simulation time     640 (s) :                                                                        Edge=            298 tasks (where 253 were successfully executed)
2026/05/07 17:07:02 - simulation time     640 (s) :                                                                        Mist=            232 tasks (where 205 were successfully executed)
2026/05/07 17:07:02 - simulation time     640 (s) : SimLog- Network usage                                                           :           1685 seconds (The total traffic: 2972.55 (MBytes))
2026/05/07 17:07:02 - simulation time     640 (s) :                                                                         Wan=            318 seconds (18.8724 % of total usage, WAN used when downloading containers=0 % of WAN usage)
2026/05/07 17:07:02 - simulation time     640 (s) :                                                                         Lan=           1685 seconds (100 % of total usage, LAN used when downloading containers=0 % of LAN usage)
2026/05/07 17:07:02 - simulation time     640 (s) :                                                    Average bandwidth per transfer=       860.3594 Mbps  
2026/05/07 17:07:02 - simulation time     640 (s) : SimLog- Average vm CPU utilization                                              :         0.0755 %
2026/05/07 17:07:02 - simulation time     640 (s) : SimLog- Average vm CPU utilization per level                             : Cloud=         0.1373 %
2026/05/07 17:07:02 - simulation time     640 (s) :                                                                             Edge=         0.0171 %
2026/05/07 17:07:02 - simulation time     640 (s) :                                                                             Mist=         0.0799 %
2026/05/07 17:07:02 - simulation time     640 (s) : SimLog- Energy consumption                                                      :285545357147791900000 W,   204.5568 dBW
2026/05/07 17:07:02 - simulation time     640 (s) :                                                                                 :(Average:2643938492109184000 W/data center(or device), 184.2225 dBW/data center(or device))
2026/05/07 17:07:02 - simulation time     640 (s) :                                                                                 :(Average:337923499583185660 W/task, 175.2882 dBW/task)
2026/05/07 17:07:02 - simulation time     640 (s) : SimLog- Energy Consumption per level                                     : Cloud=69020882237711630000 W,   198.3898 dBW
2026/05/07 17:07:02 - simulation time     640 (s) :                                                                                 :(Average:3834493457650646000 W/data center, 185.8371 dBW/data center)
2026/05/07 17:07:02 - simulation time     640 (s) :                                                                             Edge=40362325796409760000 W,   196.0598 dBW
2026/05/07 17:07:02 - simulation time     640 (s) :                                                                                 :(Average:1681763574850406660 W/data center, 182.2576 dBW/data center)
2026/05/07 17:07:02 - simulation time     640 (s) :                                                                             Mist=176162149113670500000 W,   202.4591 dBW
2026/05/07 17:07:02 - simulation time     640 (s) :                                                                                 :(Average:2669123471419250200 W/edge device, 184.2637 dBW/edge device)
2026/05/07 17:07:02 - simulation time     640 (s) : SimLog- Dead edge devices due to battery drain                                  :              0 devices (Among 0 devices with batteries (NaN %))
2026/05/07 17:07:02 - simulation time     640 (s) : SimLog- Average remaining power (devices with batteries that are still alive)   :              0 Wh (Average: 0 %)
2026/05/07 17:07:02 - simulation time     640 (s) : SimulationManager- the Scenario Simulation overflow times :7

================== Simulation finished at time 672.60 ==================


SimLog- Iteration finished...

######################################################################################################################################################################
Starting CloudSim Plus 4.3.0

2026/05/07 17:07:02 - simulation time       0 (s) : ServersManager- Datacenters and devices were generated
2026/05/07 17:07:02 - simulation time       0 (s) : SimulationManager-  Orchestration algorithm= TRADI_POLLING-  Architechitecture= ALL -  number of edge devices= 132
2026/05/07 17:07:02 - simulation time       0 (s) : SimulationManager- Simulation: 1  , iteration: 77
2026/05/07 17:07:03 - simulation time     650 (s) : 
2026/05/07 17:07:03 - simulation time     650 (s) : ------------------------------------------------------- OUTPUT -------------------------------------------------------
2026/05/07 17:07:03 - simulation time     650 (s) : 
2026/05/07 17:07:03 - simulation time     650 (s) : SimLog- Tasks not sent because device died (low energy)                         :               0 % (0 tasks)
2026/05/07 17:07:03 - simulation time     650 (s) : SimLog- Tasks sent from edge devices                                            :             100 % (1678 among 1678 generated tasks)
2026/05/07 17:07:03 - simulation time     650 (s) : -------------------------------------All values below are based on the sent tasks-------------------------------------
2026/05/07 17:07:03 - simulation time     650 (s) : SimLog- Tasks ETE delay                                                         :      5689.2335 seconds
2026/05/07 17:07:03 - simulation time     650 (s) : SimLog- Average tasks ETE delay                                                 :          3.929 seconds
2026/05/07 17:07:03 - simulation time     650 (s) : SimLog- Tasks execution delay                                                   :       1055.796 seconds
2026/05/07 17:07:03 - simulation time     650 (s) : SimLog- Average tasks execution delay                                           :         0.6497 seconds
2026/05/07 17:07:03 - simulation time     650 (s) : SimLog- Tasks waiting time (from task submiting to the execution start)         :        69.5969 seconds
2026/05/07 17:07:03 - simulation time     650 (s) : SimLog- Average tasks waiting time (from task submiting to the execution start) :         0.0428 seconds
2026/05/07 17:07:03 - simulation time     650 (s) : SimLog- Tasks successfully executed                                             :        86.2932 % (1448 among 1678 sent tasks)
2026/05/07 17:07:03 - simulation time     650 (s) : SimLog- Tasks failures
2026/05/07 17:07:03 - simulation time     650 (s) :                                        Not executed due to resources unavailable:              0 % (0 tasks)
2026/05/07 17:07:03 - simulation time     650 (s) :                               Successfully executed but failed due to high delay:        12.3361 % (207 tasks from 1678 successfully sent tasks)
2026/05/07 17:07:03 - simulation time     650 (s) :                  Tasks execution results not returned because the device is dead:              0 % (0 tasks)
2026/05/07 17:07:03 - simulation time     650 (s) :                      Tasks execution results not returned due to device mobility:         1.3707 % (23 tasks)
2026/05/07 17:07:03 - simulation time     650 (s) : SimLog- Tasks executed on each level                                : Cloud=            606 tasks (where 540 were successfully executed)
2026/05/07 17:07:03 - simulation time     650 (s) :                                                                        Edge=            409 tasks (where 368 were successfully executed)
2026/05/07 17:07:03 - simulation time     650 (s) :                                                                        Mist=            663 tasks (where 540 were successfully executed)
2026/05/07 17:07:03 - simulation time     650 (s) : SimLog- Network usage                                                           :           3292 seconds (The total traffic: 7947.65 (MBytes))
2026/05/07 17:07:03 - simulation time     650 (s) :                                                                         Wan=            615 seconds (18.6817 % of total usage, WAN used when downloading containers=0 % of WAN usage)
2026/05/07 17:07:03 - simulation time     650 (s) :                                                                         Lan=           3292 seconds (100 % of total usage, LAN used when downloading containers=0 % of LAN usage)
2026/05/07 17:07:03 - simulation time     650 (s) :                                                    Average bandwidth per transfer=       835.2309 Mbps  
2026/05/07 17:07:03 - simulation time     650 (s) : SimLog- Average vm CPU utilization                                              :         0.1199 %
2026/05/07 17:07:03 - simulation time     650 (s) : SimLog- Average vm CPU utilization per level                             : Cloud=         0.0011 %
2026/05/07 17:07:03 - simulation time     650 (s) :                                                                             Edge=         0.0308 %
2026/05/07 17:07:03 - simulation time     650 (s) :                                                                             Mist=         0.1522 %
2026/05/07 17:07:03 - simulation time     650 (s) : SimLog- Energy consumption                                                      :695821151369214600000 W,    208.425 dBW
2026/05/07 17:07:03 - simulation time     650 (s) :                                                                                 :(Average:3998972134305830900 W/data center(or device), 186.0195 dBW/data center(or device))
2026/05/07 17:07:03 - simulation time     650 (s) :                                                                                 :(Average:420181854691554690 W/task, 176.2344 dBW/task)
2026/05/07 17:07:03 - simulation time     650 (s) : SimLog- Energy Consumption per level                                     : Cloud=153313519070817500000 W,   201.8558 dBW
2026/05/07 17:07:03 - simulation time     650 (s) :                                                                                 :(Average:8517417726156526600 W/data center, 189.3031 dBW/data center)
2026/05/07 17:07:03 - simulation time     650 (s) :                                                                             Edge=70425769403106940000 W,   198.4773 dBW
2026/05/07 17:07:03 - simulation time     650 (s) :                                                                                 :(Average:2934407058462789100 W/data center, 184.6752 dBW/data center)
2026/05/07 17:07:03 - simulation time     650 (s) :                                                                             Mist=472081862895290100000 W,   206.7402 dBW
2026/05/07 17:07:03 - simulation time     650 (s) :                                                                                 :(Average:3576377749206743000 W/edge device, 185.5344 dBW/edge device)
2026/05/07 17:07:03 - simulation time     650 (s) : SimLog- Dead edge devices due to battery drain                                  :              0 devices (Among 0 devices with batteries (NaN %))
2026/05/07 17:07:03 - simulation time     650 (s) : SimLog- Average remaining power (devices with batteries that are still alive)   :              0 Wh (Average: 0 %)
2026/05/07 17:07:03 - simulation time     650 (s) : SimulationManager- the Scenario Simulation overflow times :7

================== Simulation finished at time 685.20 ==================


SimLog- Iteration finished...

######################################################################################################################################################################
Starting CloudSim Plus 4.3.0

2026/05/07 17:07:03 - simulation time       0 (s) : ServersManager- Datacenters and devices were generated
2026/05/07 17:07:03 - simulation time       0 (s) : SimulationManager-  Orchestration algorithm= TRADI_POLLING-  Architechitecture= ALL -  number of edge devices= 198
2026/05/07 17:07:03 - simulation time       0 (s) : SimulationManager- Simulation: 1  , iteration: 78
2026/05/07 17:07:05 - simulation time     650 (s) : 
2026/05/07 17:07:05 - simulation time     650 (s) : ------------------------------------------------------- OUTPUT -------------------------------------------------------
2026/05/07 17:07:05 - simulation time     650 (s) : 
2026/05/07 17:07:05 - simulation time     650 (s) : SimLog- Tasks not sent because device died (low energy)                         :               0 % (0 tasks)
2026/05/07 17:07:05 - simulation time     650 (s) : SimLog- Tasks sent from edge devices                                            :             100 % (2532 among 2532 generated tasks)
2026/05/07 17:07:05 - simulation time     650 (s) : -------------------------------------All values below are based on the sent tasks-------------------------------------
2026/05/07 17:07:05 - simulation time     650 (s) : SimLog- Tasks ETE delay                                                         :      8353.7098 seconds
2026/05/07 17:07:05 - simulation time     650 (s) : SimLog- Average tasks ETE delay                                                 :         3.8963 seconds
2026/05/07 17:07:05 - simulation time     650 (s) : SimLog- Tasks execution delay                                                   :      1525.9346 seconds
2026/05/07 17:07:05 - simulation time     650 (s) : SimLog- Average tasks execution delay                                           :           0.63 seconds
2026/05/07 17:07:05 - simulation time     650 (s) : SimLog- Tasks waiting time (from task submiting to the execution start)         :       101.0536 seconds
2026/05/07 17:07:05 - simulation time     650 (s) : SimLog- Average tasks waiting time (from task submiting to the execution start) :         0.0417 seconds
2026/05/07 17:07:05 - simulation time     650 (s) : SimLog- Tasks successfully executed                                             :        84.6761 % (2144 among 2532 sent tasks)
2026/05/07 17:07:05 - simulation time     650 (s) : SimLog- Tasks failures
2026/05/07 17:07:05 - simulation time     650 (s) :                                        Not executed due to resources unavailable:              0 % (0 tasks)
2026/05/07 17:07:05 - simulation time     650 (s) :                               Successfully executed but failed due to high delay:        14.0995 % (357 tasks from 2532 successfully sent tasks)
2026/05/07 17:07:05 - simulation time     650 (s) :                  Tasks execution results not returned because the device is dead:              0 % (0 tasks)
2026/05/07 17:07:05 - simulation time     650 (s) :                      Tasks execution results not returned due to device mobility:         1.2243 % (31 tasks)
2026/05/07 17:07:05 - simulation time     650 (s) : SimLog- Tasks executed on each level                                : Cloud=            744 tasks (where 657 were successfully executed)
2026/05/07 17:07:05 - simulation time     650 (s) :                                                                        Edge=            540 tasks (where 469 were successfully executed)
2026/05/07 17:07:05 - simulation time     650 (s) :                                                                        Mist=           1248 tasks (where 1018 were successfully executed)
2026/05/07 17:07:05 - simulation time     650 (s) : SimLog- Network usage                                                           :           4938 seconds (The total traffic: 10970.1 (MBytes))
2026/05/07 17:07:05 - simulation time     650 (s) :                                                                         Wan=            750 seconds (15.1883 % of total usage, WAN used when downloading containers=0 % of WAN usage)
2026/05/07 17:07:05 - simulation time     650 (s) :                                                                         Lan=           4938 seconds (100 % of total usage, LAN used when downloading containers=0 % of LAN usage)
2026/05/07 17:07:05 - simulation time     650 (s) :                                                    Average bandwidth per transfer=       858.8307 Mbps  
2026/05/07 17:07:05 - simulation time     650 (s) : SimLog- Average vm CPU utilization                                              :         0.1737 %
2026/05/07 17:07:05 - simulation time     650 (s) : SimLog- Average vm CPU utilization per level                             : Cloud=              0 %
2026/05/07 17:07:05 - simulation time     650 (s) :                                                                             Edge=         0.0437 %
2026/05/07 17:07:05 - simulation time     650 (s) :                                                                             Mist=         0.2052 %
2026/05/07 17:07:05 - simulation time     650 (s) : SimLog- Energy consumption                                                      :915851975306826500000 W,   209.6183 dBW
2026/05/07 17:07:05 - simulation time     650 (s) :                                                                                 :(Average:3816049897111776800 W/data center(or device), 185.8161 dBW/data center(or device))
2026/05/07 17:07:05 - simulation time     650 (s) :                                                                                 :(Average:366194312397771460 W/task, 175.6371 dBW/task)
2026/05/07 17:07:05 - simulation time     650 (s) : SimLog- Energy Consumption per level                                     : Cloud=192029901716443140000 W,   202.8337 dBW
2026/05/07 17:07:05 - simulation time     650 (s) :                                                                                 :(Average:10668327873135730000 W/data center, 190.281 dBW/data center)
2026/05/07 17:07:05 - simulation time     650 (s) :                                                                             Edge=90995832534569100000 W,   199.5902 dBW
2026/05/07 17:07:05 - simulation time     650 (s) :                                                                                 :(Average:3791493022273712600 W/data center, 185.7881 dBW/data center)
2026/05/07 17:07:05 - simulation time     650 (s) :                                                                             Mist=632826241055814200000 W,   208.0128 dBW
2026/05/07 17:07:05 - simulation time     650 (s) :                                                                                 :(Average:3196092126544516100 W/edge device, 185.0462 dBW/edge device)
2026/05/07 17:07:05 - simulation time     650 (s) : SimLog- Dead edge devices due to battery drain                                  :              0 devices (Among 0 devices with batteries (NaN %))
2026/05/07 17:07:05 - simulation time     650 (s) : SimLog- Average remaining power (devices with batteries that are still alive)   :              0 Wh (Average: 0 %)
2026/05/07 17:07:05 - simulation time     650 (s) : SimulationManager- the Scenario Simulation overflow times :7

================== Simulation finished at time 685.20 ==================


SimLog- Iteration finished...

######################################################################################################################################################################
Starting CloudSim Plus 4.3.0

2026/05/07 17:07:05 - simulation time       0 (s) : ServersManager- Datacenters and devices were generated
2026/05/07 17:07:05 - simulation time       0 (s) : SimulationManager-  Orchestration algorithm= TRADI_POLLING-  Architechitecture= ALL -  number of edge devices= 264
2026/05/07 17:07:05 - simulation time       0 (s) : SimulationManager- Simulation: 1  , iteration: 79
2026/05/07 17:07:08 - simulation time     650 (s) : 
2026/05/07 17:07:08 - simulation time     650 (s) : ------------------------------------------------------- OUTPUT -------------------------------------------------------
2026/05/07 17:07:08 - simulation time     650 (s) : 
2026/05/07 17:07:08 - simulation time     650 (s) : SimLog- Tasks not sent because device died (low energy)                         :               0 % (0 tasks)
2026/05/07 17:07:08 - simulation time     650 (s) : SimLog- Tasks sent from edge devices                                            :             100 % (3354 among 3354 generated tasks)
2026/05/07 17:07:08 - simulation time     650 (s) : -------------------------------------All values below are based on the sent tasks-------------------------------------
2026/05/07 17:07:08 - simulation time     650 (s) : SimLog- Tasks ETE delay                                                         :     11193.4764 seconds
2026/05/07 17:07:08 - simulation time     650 (s) : SimLog- Average tasks ETE delay                                                 :         4.0077 seconds
2026/05/07 17:07:08 - simulation time     650 (s) : SimLog- Tasks execution delay                                                   :      2344.5846 seconds
2026/05/07 17:07:08 - simulation time     650 (s) : SimLog- Average tasks execution delay                                           :         0.7327 seconds
2026/05/07 17:07:08 - simulation time     650 (s) : SimLog- Tasks waiting time (from task submiting to the execution start)         :        134.046 seconds
2026/05/07 17:07:08 - simulation time     650 (s) : SimLog- Average tasks waiting time (from task submiting to the execution start) :         0.0419 seconds
2026/05/07 17:07:08 - simulation time     650 (s) : SimLog- Tasks successfully executed                                             :        83.2737 % (2793 among 3354 sent tasks)
2026/05/07 17:07:08 - simulation time     650 (s) : SimLog- Tasks failures
2026/05/07 17:07:08 - simulation time     650 (s) :                                        Not executed due to resources unavailable:              0 % (0 tasks)
2026/05/07 17:07:08 - simulation time     650 (s) :                               Successfully executed but failed due to high delay:         14.997 % (503 tasks from 3354 successfully sent tasks)
2026/05/07 17:07:08 - simulation time     650 (s) :                  Tasks execution results not returned because the device is dead:              0 % (0 tasks)
2026/05/07 17:07:08 - simulation time     650 (s) :                      Tasks execution results not returned due to device mobility:         1.7293 % (58 tasks)
2026/05/07 17:07:08 - simulation time     650 (s) : SimLog- Tasks executed on each level                                : Cloud=            776 tasks (where 676 were successfully executed)
2026/05/07 17:07:08 - simulation time     650 (s) :                                                                        Edge=            605 tasks (where 509 were successfully executed)
2026/05/07 17:07:08 - simulation time     650 (s) :                                                                        Mist=           1973 tasks (where 1608 were successfully executed)
2026/05/07 17:07:08 - simulation time     650 (s) : SimLog- Network usage                                                           :           6552 seconds (The total traffic: 12693.1 (MBytes))
2026/05/07 17:07:08 - simulation time     650 (s) :                                                                         Wan=            802 seconds (12.2405 % of total usage, WAN used when downloading containers=0 % of WAN usage)
2026/05/07 17:07:08 - simulation time     650 (s) :                                                                         Lan=           6552 seconds (100 % of total usage, LAN used when downloading containers=0 % of LAN usage)
2026/05/07 17:07:08 - simulation time     650 (s) :                                                    Average bandwidth per transfer=       877.8136 Mbps  
2026/05/07 17:07:08 - simulation time     650 (s) : SimLog- Average vm CPU utilization                                              :         0.1838 %
2026/05/07 17:07:08 - simulation time     650 (s) : SimLog- Average vm CPU utilization per level                             : Cloud=         0.0696 %
2026/05/07 17:07:08 - simulation time     650 (s) :                                                                             Edge=         0.0276 %
2026/05/07 17:07:08 - simulation time     650 (s) :                                                                             Mist=         0.2058 %
2026/05/07 17:07:08 - simulation time     650 (s) : SimLog- Energy consumption                                                      :1003518122062076200000 W,   210.0153 dBW
2026/05/07 17:07:08 - simulation time     650 (s) :                                                                                 :(Average:3279470987130968100 W/data center(or device), 185.158 dBW/data center(or device))
2026/05/07 17:07:08 - simulation time     650 (s) :                                                                                 :(Average:304373103446186300 W/task, 174.8341 dBW/task)
2026/05/07 17:07:08 - simulation time     650 (s) : SimLog- Energy Consumption per level                                     : Cloud=159549392095996940000 W,    202.029 dBW
2026/05/07 17:07:08 - simulation time     650 (s) :                                                                                 :(Average:8863855116444274700 W/data center, 189.4762 dBW/data center)
2026/05/07 17:07:08 - simulation time     650 (s) :                                                                             Edge=67301795281950786000 W,   198.2803 dBW
2026/05/07 17:07:08 - simulation time     650 (s) :                                                                                 :(Average:2804241470081282600 W/data center, 184.4782 dBW/data center)
2026/05/07 17:07:08 - simulation time     650 (s) :                                                                             Mist=776666934684128400000 W,   208.9023 dBW
2026/05/07 17:07:08 - simulation time     650 (s) :                                                                                 :(Average:2941920207136849900 W/edge device, 184.6863 dBW/edge device)
2026/05/07 17:07:08 - simulation time     650 (s) : SimLog- Dead edge devices due to battery drain                                  :              0 devices (Among 0 devices with batteries (NaN %))
2026/05/07 17:07:08 - simulation time     650 (s) : SimLog- Average remaining power (devices with batteries that are still alive)   :              0 Wh (Average: 0 %)
2026/05/07 17:07:08 - simulation time     650 (s) : SimulationManager- the Scenario Simulation overflow times :7

================== Simulation finished at time 685.20 ==================


SimLog- Iteration finished...

######################################################################################################################################################################
Starting CloudSim Plus 4.3.0

2026/05/07 17:07:08 - simulation time       0 (s) : ServersManager- Datacenters and devices were generated
2026/05/07 17:07:08 - simulation time       0 (s) : SimulationManager-  Orchestration algorithm= TRADI_POLLING-  Architechitecture= ALL -  number of edge devices= 330
2026/05/07 17:07:08 - simulation time       0 (s) : SimulationManager- Simulation: 1  , iteration: 80
2026/05/07 17:07:11 - simulation time     650 (s) : 
2026/05/07 17:07:11 - simulation time     650 (s) : ------------------------------------------------------- OUTPUT -------------------------------------------------------
2026/05/07 17:07:11 - simulation time     650 (s) : 
2026/05/07 17:07:11 - simulation time     650 (s) : SimLog- Tasks not sent because device died (low energy)                         :               0 % (0 tasks)
2026/05/07 17:07:11 - simulation time     650 (s) : SimLog- Tasks sent from edge devices                                            :             100 % (4182 among 4182 generated tasks)
2026/05/07 17:07:11 - simulation time     650 (s) : -------------------------------------All values below are based on the sent tasks-------------------------------------
2026/05/07 17:07:11 - simulation time     650 (s) : SimLog- Tasks ETE delay                                                         :     14623.6399 seconds
2026/05/07 17:07:11 - simulation time     650 (s) : SimLog- Average tasks ETE delay                                                 :         4.1228 seconds
2026/05/07 17:07:11 - simulation time     650 (s) : SimLog- Tasks execution delay                                                   :      3045.5677 seconds
2026/05/07 17:07:11 - simulation time     650 (s) : SimLog- Average tasks execution delay                                           :         0.7648 seconds
2026/05/07 17:07:11 - simulation time     650 (s) : SimLog- Tasks waiting time (from task submiting to the execution start)         :       164.3809 seconds
2026/05/07 17:07:11 - simulation time     650 (s) : SimLog- Average tasks waiting time (from task submiting to the execution start) :         0.0413 seconds
2026/05/07 17:07:11 - simulation time     650 (s) : SimLog- Tasks successfully executed                                             :        84.8159 % (3547 among 4182 sent tasks)
2026/05/07 17:07:11 - simulation time     650 (s) : SimLog- Tasks failures
2026/05/07 17:07:11 - simulation time     650 (s) :                                        Not executed due to resources unavailable:              0 % (0 tasks)
2026/05/07 17:07:11 - simulation time     650 (s) :                               Successfully executed but failed due to high delay:        13.5581 % (567 tasks from 4182 successfully sent tasks)
2026/05/07 17:07:11 - simulation time     650 (s) :                  Tasks execution results not returned because the device is dead:              0 % (0 tasks)
2026/05/07 17:07:11 - simulation time     650 (s) :                      Tasks execution results not returned due to device mobility:          1.626 % (68 tasks)
2026/05/07 17:07:11 - simulation time     650 (s) : SimLog- Tasks executed on each level                                : Cloud=            994 tasks (where 877 were successfully executed)
2026/05/07 17:07:11 - simulation time     650 (s) :                                                                        Edge=            643 tasks (where 570 were successfully executed)
2026/05/07 17:07:11 - simulation time     650 (s) :                                                                        Mist=           2545 tasks (where 2100 were successfully executed)
2026/05/07 17:07:11 - simulation time     650 (s) : SimLog- Network usage                                                           :           8174 seconds (The total traffic: 19016.55 (MBytes))
2026/05/07 17:07:11 - simulation time     650 (s) :                                                                         Wan=           1040 seconds (12.7233 % of total usage, WAN used when downloading containers=0 % of WAN usage)
2026/05/07 17:07:11 - simulation time     650 (s) :                                                                         Lan=           8174 seconds (100 % of total usage, LAN used when downloading containers=0 % of LAN usage)
2026/05/07 17:07:11 - simulation time     650 (s) :                                                    Average bandwidth per transfer=       871.6929 Mbps  
2026/05/07 17:07:11 - simulation time     650 (s) : SimLog- Average vm CPU utilization                                              :         0.2618 %
2026/05/07 17:07:11 - simulation time     650 (s) : SimLog- Average vm CPU utilization per level                             : Cloud=         0.0011 %
2026/05/07 17:07:11 - simulation time     650 (s) :                                                                             Edge=         0.0496 %
2026/05/07 17:07:11 - simulation time     650 (s) :                                                                             Mist=         0.2915 %
2026/05/07 17:07:11 - simulation time     650 (s) : SimLog- Energy consumption                                                      :1505554382299197600000 W,    211.777 dBW
2026/05/07 17:07:11 - simulation time     650 (s) :                                                                                 :(Average:4047189199729026000 W/data center(or device), 186.0715 dBW/data center(or device))
2026/05/07 17:07:11 - simulation time     650 (s) :                                                                                 :(Average:365958770612347520 W/task, 175.6343 dBW/task)
2026/05/07 17:07:11 - simulation time     650 (s) : SimLog- Energy Consumption per level                                     : Cloud=232955334247802140000 W,   203.6727 dBW
2026/05/07 17:07:11 - simulation time     650 (s) :                                                                                 :(Average:12941963013766785000 W/data center, 191.12 dBW/data center)
2026/05/07 17:07:11 - simulation time     650 (s) :                                                                             Edge=111412785839168440000 W,   200.4694 dBW
2026/05/07 17:07:11 - simulation time     650 (s) :                                                                                 :(Average:4642199409965351900 W/data center, 186.6672 dBW/data center)
2026/05/07 17:07:11 - simulation time     650 (s) :                                                                             Mist=1161186262212227100000 W,    210.649 dBW
2026/05/07 17:07:11 - simulation time     650 (s) :                                                                                 :(Average:3518746249127961100 W/edge device, 185.4639 dBW/edge device)
2026/05/07 17:07:11 - simulation time     650 (s) : SimLog- Dead edge devices due to battery drain                                  :              0 devices (Among 0 devices with batteries (NaN %))
2026/05/07 17:07:11 - simulation time     650 (s) : SimLog- Average remaining power (devices with batteries that are still alive)   :              0 Wh (Average: 0 %)
2026/05/07 17:07:11 - simulation time     650 (s) : SimulationManager- the Scenario Simulation overflow times :7

================== Simulation finished at time 685.20 ==================


SimLog- Iteration finished...

######################################################################################################################################################################
Starting CloudSim Plus 4.3.0

2026/05/07 17:07:11 - simulation time       0 (s) : ServersManager- Datacenters and devices were generated
2026/05/07 17:07:11 - simulation time       0 (s) : SimulationManager-  Orchestration algorithm= TRADI_POLLING-  Architechitecture= ALL -  number of edge devices= 396
2026/05/07 17:07:11 - simulation time       0 (s) : SimulationManager- Simulation: 1  , iteration: 81
2026/05/07 17:07:17 - simulation time     660 (s) : 
2026/05/07 17:07:17 - simulation time     660 (s) : ------------------------------------------------------- OUTPUT -------------------------------------------------------
2026/05/07 17:07:17 - simulation time     660 (s) : 
2026/05/07 17:07:17 - simulation time     660 (s) : SimLog- Tasks not sent because device died (low energy)                         :               0 % (0 tasks)
2026/05/07 17:07:17 - simulation time     660 (s) : SimLog- Tasks sent from edge devices                                            :             100 % (5016 among 5016 generated tasks)
2026/05/07 17:07:17 - simulation time     660 (s) : -------------------------------------All values below are based on the sent tasks-------------------------------------
2026/05/07 17:07:17 - simulation time     660 (s) : SimLog- Tasks ETE delay                                                         :     18664.1521 seconds
2026/05/07 17:07:17 - simulation time     660 (s) : SimLog- Average tasks ETE delay                                                 :         4.2227 seconds
2026/05/07 17:07:17 - simulation time     660 (s) : SimLog- Tasks execution delay                                                   :      3852.6736 seconds
2026/05/07 17:07:17 - simulation time     660 (s) : SimLog- Average tasks execution delay                                           :         0.7949 seconds
2026/05/07 17:07:17 - simulation time     660 (s) : SimLog- Tasks waiting time (from task submiting to the execution start)         :       197.4624 seconds
2026/05/07 17:07:17 - simulation time     660 (s) : SimLog- Average tasks waiting time (from task submiting to the execution start) :         0.0407 seconds
2026/05/07 17:07:17 - simulation time     660 (s) : SimLog- Tasks successfully executed                                             :         88.118 % (4420 among 5016 sent tasks)
2026/05/07 17:07:17 - simulation time     660 (s) : SimLog- Tasks failures
2026/05/07 17:07:17 - simulation time     660 (s) :                                        Not executed due to resources unavailable:              0 % (0 tasks)
2026/05/07 17:07:17 - simulation time     660 (s) :                               Successfully executed but failed due to high delay:        10.6061 % (532 tasks from 5016 successfully sent tasks)
2026/05/07 17:07:17 - simulation time     660 (s) :                  Tasks execution results not returned because the device is dead:              0 % (0 tasks)
2026/05/07 17:07:17 - simulation time     660 (s) :                      Tasks execution results not returned due to device mobility:         1.2759 % (64 tasks)
2026/05/07 17:07:17 - simulation time     660 (s) : SimLog- Tasks executed on each level                                : Cloud=            876 tasks (where 794 were successfully executed)
2026/05/07 17:07:17 - simulation time     660 (s) :                                                                        Edge=            745 tasks (where 658 were successfully executed)
2026/05/07 17:07:17 - simulation time     660 (s) :                                                                        Mist=           3395 tasks (where 2968 were successfully executed)
2026/05/07 17:07:17 - simulation time     660 (s) : SimLog- Network usage                                                           :           9895 seconds (The total traffic: 20316.25 (MBytes))
2026/05/07 17:07:17 - simulation time     660 (s) :                                                                         Wan=            940 seconds (9.4997 % of total usage, WAN used when downloading containers=0 % of WAN usage)
2026/05/07 17:07:17 - simulation time     660 (s) :                                                                         Lan=           9895 seconds (100 % of total usage, LAN used when downloading containers=0 % of LAN usage)
2026/05/07 17:07:17 - simulation time     660 (s) :                                                    Average bandwidth per transfer=       901.9427 Mbps  
2026/05/07 17:07:17 - simulation time     660 (s) : SimLog- Average vm CPU utilization                                              :         0.2611 %
2026/05/07 17:07:17 - simulation time     660 (s) : SimLog- Average vm CPU utilization per level                             : Cloud=              0 %
2026/05/07 17:07:17 - simulation time     660 (s) :                                                                             Edge=         0.0406 %
2026/05/07 17:07:17 - simulation time     660 (s) :                                                                             Mist=         0.2863 %
2026/05/07 17:07:17 - simulation time     660 (s) : SimLog- Energy consumption                                                      :1560447696337995600000 W,   211.9325 dBW
2026/05/07 17:07:17 - simulation time     660 (s) :                                                                                 :(Average:3562665973374418900 W/data center(or device), 185.5178 dBW/data center(or device))
2026/05/07 17:07:17 - simulation time     660 (s) :                                                                                 :(Average:315114639809772930 W/task, 174.9847 dBW/task)
2026/05/07 17:07:17 - simulation time     660 (s) : SimLog- Energy Consumption per level                                     : Cloud=184453271011950400000 W,   202.6589 dBW
2026/05/07 17:07:17 - simulation time     660 (s) :                                                                                 :(Average:10247403945108355000 W/data center, 190.1061 dBW/data center)
2026/05/07 17:07:17 - simulation time     660 (s) :                                                                             Edge=107098585074320080000 W,   200.2978 dBW
2026/05/07 17:07:17 - simulation time     660 (s) :                                                                                 :(Average:4462441044763336700 W/data center, 186.4957 dBW/data center)
2026/05/07 17:07:17 - simulation time     660 (s) :                                                                             Mist=1268895840251725200000 W,   211.0343 dBW
2026/05/07 17:07:17 - simulation time     660 (s) :                                                                                 :(Average:3204282424878093800 W/edge device, 185.0573 dBW/edge device)
2026/05/07 17:07:17 - simulation time     660 (s) : SimLog- Dead edge devices due to battery drain                                  :              0 devices (Among 0 devices with batteries (NaN %))
2026/05/07 17:07:17 - simulation time     660 (s) : SimLog- Average remaining power (devices with batteries that are still alive)   :              0 Wh (Average: 0 %)
2026/05/07 17:07:17 - simulation time     660 (s) : SimulationManager- the Scenario Simulation overflow times :7

================== Simulation finished at time 691.50 ==================


SimLog- Iteration finished...

######################################################################################################################################################################
Starting CloudSim Plus 4.3.0

2026/05/07 17:07:17 - simulation time       0 (s) : ServersManager- Datacenters and devices were generated
2026/05/07 17:07:17 - simulation time       0 (s) : SimulationManager-  Orchestration algorithm= TRADI_POLLING-  Architechitecture= ALL -  number of edge devices= 462
2026/05/07 17:07:17 - simulation time       0 (s) : SimulationManager- Simulation: 1  , iteration: 82
2026/05/07 17:07:24 - simulation time     660 (s) : 
2026/05/07 17:07:24 - simulation time     660 (s) : ------------------------------------------------------- OUTPUT -------------------------------------------------------
2026/05/07 17:07:24 - simulation time     660 (s) : 
2026/05/07 17:07:24 - simulation time     660 (s) : SimLog- Tasks not sent because device died (low energy)                         :               0 % (0 tasks)
2026/05/07 17:07:24 - simulation time     660 (s) : SimLog- Tasks sent from edge devices                                            :             100 % (5846 among 5846 generated tasks)
2026/05/07 17:07:24 - simulation time     660 (s) : -------------------------------------All values below are based on the sent tasks-------------------------------------
2026/05/07 17:07:24 - simulation time     660 (s) : SimLog- Tasks ETE delay                                                         :     21504.1552 seconds
2026/05/07 17:07:24 - simulation time     660 (s) : SimLog- Average tasks ETE delay                                                 :         4.2675 seconds
2026/05/07 17:07:24 - simulation time     660 (s) : SimLog- Tasks execution delay                                                   :      4941.6223 seconds
2026/05/07 17:07:24 - simulation time     660 (s) : SimLog- Average tasks execution delay                                           :         0.8809 seconds
2026/05/07 17:07:24 - simulation time     660 (s) : SimLog- Tasks waiting time (from task submiting to the execution start)         :       227.4178 seconds
2026/05/07 17:07:24 - simulation time     660 (s) : SimLog- Average tasks waiting time (from task submiting to the execution start) :         0.0405 seconds
2026/05/07 17:07:24 - simulation time     660 (s) : SimLog- Tasks successfully executed                                             :        86.1957 % (5039 among 5846 sent tasks)
2026/05/07 17:07:24 - simulation time     660 (s) : SimLog- Tasks failures
2026/05/07 17:07:24 - simulation time     660 (s) :                                        Not executed due to resources unavailable:              0 % (0 tasks)
2026/05/07 17:07:24 - simulation time     660 (s) :                               Successfully executed but failed due to high delay:        12.4701 % (729 tasks from 5846 successfully sent tasks)
2026/05/07 17:07:24 - simulation time     660 (s) :                  Tasks execution results not returned because the device is dead:              0 % (0 tasks)
2026/05/07 17:07:24 - simulation time     660 (s) :                      Tasks execution results not returned due to device mobility:         1.3342 % (78 tasks)
2026/05/07 17:07:24 - simulation time     660 (s) : SimLog- Tasks executed on each level                                : Cloud=            948 tasks (where 837 were successfully executed)
2026/05/07 17:07:24 - simulation time     660 (s) :                                                                        Edge=            770 tasks (where 693 were successfully executed)
2026/05/07 17:07:24 - simulation time     660 (s) :                                                                        Mist=           4128 tasks (where 3509 were successfully executed)
2026/05/07 17:07:24 - simulation time     660 (s) : SimLog- Network usage                                                           :          11497 seconds (The total traffic: 26502.15 (MBytes))
2026/05/07 17:07:24 - simulation time     660 (s) :                                                                         Wan=           1021 seconds (8.8806 % of total usage, WAN used when downloading containers=0 % of WAN usage)
2026/05/07 17:07:24 - simulation time     660 (s) :                                                                         Lan=          11497 seconds (100 % of total usage, LAN used when downloading containers=0 % of LAN usage)
2026/05/07 17:07:24 - simulation time     660 (s) :                                                    Average bandwidth per transfer=       906.0473 Mbps  
2026/05/07 17:07:24 - simulation time     660 (s) : SimLog- Average vm CPU utilization                                              :         0.2855 %
2026/05/07 17:07:24 - simulation time     660 (s) : SimLog- Average vm CPU utilization per level                             : Cloud=         0.0781 %
2026/05/07 17:07:24 - simulation time     660 (s) :                                                                             Edge=         0.0625 %
2026/05/07 17:07:24 - simulation time     660 (s) :                                                                             Mist=         0.3052 %
2026/05/07 17:07:24 - simulation time     660 (s) : SimLog- Energy consumption                                                      :1910002856589035800000 W,   212.8103 dBW
2026/05/07 17:07:24 - simulation time     660 (s) :                                                                                 :(Average:3789688207517928400 W/data center(or device), 185.786 dBW/data center(or device))
2026/05/07 17:07:24 - simulation time     660 (s) :                                                                                 :(Average:331137804540401470 W/task, 175.2001 dBW/task)
2026/05/07 17:07:24 - simulation time     660 (s) : SimLog- Energy Consumption per level                                     : Cloud=209551123106529020000 W,   203.2129 dBW
2026/05/07 17:07:24 - simulation time     660 (s) :                                                                                 :(Average:11641729061473835000 W/data center, 190.6602 dBW/data center)
2026/05/07 17:07:24 - simulation time     660 (s) :                                                                             Edge=127693903156654900000 W,   201.0617 dBW
2026/05/07 17:07:24 - simulation time     660 (s) :                                                                                 :(Average:5320579298193953800 W/data center, 187.2596 dBW/data center)
2026/05/07 17:07:24 - simulation time     660 (s) :                                                                             Mist=1572757830325852000000 W,   211.9666 dBW
2026/05/07 17:07:24 - simulation time     660 (s) :                                                                                 :(Average:3404237727978034700 W/edge device, 185.3202 dBW/edge device)
2026/05/07 17:07:24 - simulation time     660 (s) : SimLog- Dead edge devices due to battery drain                                  :              0 devices (Among 0 devices with batteries (NaN %))
2026/05/07 17:07:24 - simulation time     660 (s) : SimLog- Average remaining power (devices with batteries that are still alive)   :              0 Wh (Average: 0 %)
2026/05/07 17:07:24 - simulation time     660 (s) : SimulationManager- the Scenario Simulation overflow times :7

================== Simulation finished at time 691.50 ==================


SimLog- Iteration finished...

######################################################################################################################################################################
Starting CloudSim Plus 4.3.0

2026/05/07 17:07:24 - simulation time       0 (s) : ServersManager- Datacenters and devices were generated
2026/05/07 17:07:24 - simulation time       0 (s) : SimulationManager-  Orchestration algorithm= TRADI_POLLING-  Architechitecture= ALL -  number of edge devices= 528
2026/05/07 17:07:24 - simulation time       0 (s) : SimulationManager- Simulation: 1  , iteration: 83
2026/05/07 17:07:32 - simulation time     660 (s) : 
2026/05/07 17:07:32 - simulation time     660 (s) : ------------------------------------------------------- OUTPUT -------------------------------------------------------
2026/05/07 17:07:32 - simulation time     660 (s) : 
2026/05/07 17:07:32 - simulation time     660 (s) : SimLog- Tasks not sent because device died (low energy)                         :               0 % (0 tasks)
2026/05/07 17:07:32 - simulation time     660 (s) : SimLog- Tasks sent from edge devices                                            :             100 % (6702 among 6702 generated tasks)
2026/05/07 17:07:32 - simulation time     660 (s) : -------------------------------------All values below are based on the sent tasks-------------------------------------
2026/05/07 17:07:32 - simulation time     660 (s) : SimLog- Tasks ETE delay                                                         :     24330.5923 seconds
2026/05/07 17:07:32 - simulation time     660 (s) : SimLog- Average tasks ETE delay                                                 :         4.2693 seconds
2026/05/07 17:07:32 - simulation time     660 (s) : SimLog- Tasks execution delay                                                   :      5611.7137 seconds
2026/05/07 17:07:32 - simulation time     660 (s) : SimLog- Average tasks execution delay                                           :         0.8775 seconds
2026/05/07 17:07:32 - simulation time     660 (s) : SimLog- Tasks waiting time (from task submiting to the execution start)         :       266.1105 seconds
2026/05/07 17:07:32 - simulation time     660 (s) : SimLog- Average tasks waiting time (from task submiting to the execution start) :         0.0416 seconds
2026/05/07 17:07:32 - simulation time     660 (s) : SimLog- Tasks successfully executed                                             :        85.0343 % (5699 among 6702 sent tasks)
2026/05/07 17:07:32 - simulation time     660 (s) : SimLog- Tasks failures
2026/05/07 17:07:32 - simulation time     660 (s) :                                        Not executed due to resources unavailable:              0 % (0 tasks)
2026/05/07 17:07:32 - simulation time     660 (s) :                               Successfully executed but failed due to high delay:         13.399 % (898 tasks from 6702 successfully sent tasks)
2026/05/07 17:07:32 - simulation time     660 (s) :                  Tasks execution results not returned because the device is dead:              0 % (0 tasks)
2026/05/07 17:07:32 - simulation time     660 (s) :                      Tasks execution results not returned due to device mobility:         1.5667 % (105 tasks)
2026/05/07 17:07:32 - simulation time     660 (s) : SimLog- Tasks executed on each level                                : Cloud=           1140 tasks (where 978 were successfully executed)
2026/05/07 17:07:32 - simulation time     660 (s) :                                                                        Edge=            771 tasks (where 674 were successfully executed)
2026/05/07 17:07:32 - simulation time     660 (s) :                                                                        Mist=           4791 tasks (where 4047 were successfully executed)
2026/05/07 17:07:32 - simulation time     660 (s) : SimLog- Network usage                                                           :          13154 seconds (The total traffic: 31177.2 (MBytes))
2026/05/07 17:07:32 - simulation time     660 (s) :                                                                         Wan=           1227 seconds (9.328 % of total usage, WAN used when downloading containers=0 % of WAN usage)
2026/05/07 17:07:32 - simulation time     660 (s) :                                                                         Lan=          13154 seconds (100 % of total usage, LAN used when downloading containers=0 % of LAN usage)
2026/05/07 17:07:32 - simulation time     660 (s) :                                                    Average bandwidth per transfer=       902.0354 Mbps  
2026/05/07 17:07:32 - simulation time     660 (s) : SimLog- Average vm CPU utilization                                              :          0.318 %
2026/05/07 17:07:32 - simulation time     660 (s) : SimLog- Average vm CPU utilization per level                             : Cloud=         0.0016 %
2026/05/07 17:07:32 - simulation time     660 (s) :                                                                             Edge=         0.0676 %
2026/05/07 17:07:32 - simulation time     660 (s) :                                                                             Mist=         0.3402 %
2026/05/07 17:07:32 - simulation time     660 (s) : SimLog- Energy consumption                                                      :2325664437990546500000 W,   213.6655 dBW
2026/05/07 17:07:32 - simulation time     660 (s) :                                                                                 :(Average:4080113049106222100 W/data center(or device), 186.1067 dBW/data center(or device))
2026/05/07 17:07:32 - simulation time     660 (s) :                                                                                 :(Average:352533642260201090 W/task, 175.472 dBW/task)
2026/05/07 17:07:32 - simulation time     660 (s) : SimLog- Energy Consumption per level                                     : Cloud=288249391445539030000 W,   204.5977 dBW
2026/05/07 17:07:32 - simulation time     660 (s) :                                                                                 :(Average:16013855080307724000 W/data center, 192.045 dBW/data center)
2026/05/07 17:07:32 - simulation time     660 (s) :                                                                             Edge=144370473083970400000 W,   201.5948 dBW
2026/05/07 17:07:32 - simulation time     660 (s) :                                                                                 :(Average:6015436378498766800 W/data center, 187.7927 dBW/data center)
2026/05/07 17:07:32 - simulation time     660 (s) :                                                                             Mist=1893044573461037200000 W,   212.7716 dBW
2026/05/07 17:07:32 - simulation time     660 (s) :                                                                                 :(Average:3585311692161055200 W/edge device, 185.5453 dBW/edge device)
2026/05/07 17:07:32 - simulation time     660 (s) : SimLog- Dead edge devices due to battery drain                                  :              0 devices (Among 0 devices with batteries (NaN %))
2026/05/07 17:07:32 - simulation time     660 (s) : SimLog- Average remaining power (devices with batteries that are still alive)   :              0 Wh (Average: 0 %)
2026/05/07 17:07:32 - simulation time     660 (s) : SimulationManager- the Scenario Simulation overflow times :7

================== Simulation finished at time 691.50 ==================


SimLog- Iteration finished...

######################################################################################################################################################################
Starting CloudSim Plus 4.3.0

2026/05/07 17:07:32 - simulation time       0 (s) : ServersManager- Datacenters and devices were generated
2026/05/07 17:07:32 - simulation time       0 (s) : SimulationManager-  Orchestration algorithm= TRADI_POLLING-  Architechitecture= ALL -  number of edge devices= 594
2026/05/07 17:07:32 - simulation time       0 (s) : SimulationManager- Simulation: 1  , iteration: 84
2026/05/07 17:07:43 - simulation time     660 (s) : 
2026/05/07 17:07:43 - simulation time     660 (s) : ------------------------------------------------------- OUTPUT -------------------------------------------------------
2026/05/07 17:07:43 - simulation time     660 (s) : 
2026/05/07 17:07:43 - simulation time     660 (s) : SimLog- Tasks not sent because device died (low energy)                         :               0 % (0 tasks)
2026/05/07 17:07:43 - simulation time     660 (s) : SimLog- Tasks sent from edge devices                                            :             100 % (7542 among 7542 generated tasks)
2026/05/07 17:07:43 - simulation time     660 (s) : -------------------------------------All values below are based on the sent tasks-------------------------------------
2026/05/07 17:07:43 - simulation time     660 (s) : SimLog- Tasks ETE delay                                                         :     28404.5088 seconds
2026/05/07 17:07:43 - simulation time     660 (s) : SimLog- Average tasks ETE delay                                                 :         4.3882 seconds
2026/05/07 17:07:43 - simulation time     660 (s) : SimLog- Tasks execution delay                                                   :      6949.3768 seconds
2026/05/07 17:07:43 - simulation time     660 (s) : SimLog- Average tasks execution delay                                           :         0.9625 seconds
2026/05/07 17:07:43 - simulation time     660 (s) : SimLog- Tasks waiting time (from task submiting to the execution start)         :       455.2641 seconds
2026/05/07 17:07:43 - simulation time     660 (s) : SimLog- Average tasks waiting time (from task submiting to the execution start) :         0.0631 seconds
2026/05/07 17:07:43 - simulation time     660 (s) : SimLog- Tasks successfully executed                                             :         85.826 % (6473 among 7542 sent tasks)
2026/05/07 17:07:43 - simulation time     660 (s) : SimLog- Tasks failures
2026/05/07 17:07:43 - simulation time     660 (s) :                                        Not executed due to resources unavailable:              0 % (0 tasks)
2026/05/07 17:07:43 - simulation time     660 (s) :                               Successfully executed but failed due to high delay:        12.5298 % (945 tasks from 7542 successfully sent tasks)
2026/05/07 17:07:43 - simulation time     660 (s) :                  Tasks execution results not returned because the device is dead:              0 % (0 tasks)
2026/05/07 17:07:43 - simulation time     660 (s) :                      Tasks execution results not returned due to device mobility:         1.6441 % (124 tasks)
2026/05/07 17:07:43 - simulation time     660 (s) : SimLog- Tasks executed on each level                                : Cloud=           1028 tasks (where 916 were successfully executed)
2026/05/07 17:07:43 - simulation time     660 (s) :                                                                        Edge=            809 tasks (where 728 were successfully executed)
2026/05/07 17:07:43 - simulation time     660 (s) :                                                                        Mist=           5705 tasks (where 4829 were successfully executed)
2026/05/07 17:07:43 - simulation time     660 (s) : SimLog- Network usage                                                           :          14880 seconds (The total traffic: 38461.05 (MBytes))
2026/05/07 17:07:43 - simulation time     660 (s) :                                                                         Wan=           1172 seconds (7.8763 % of total usage, WAN used when downloading containers=0 % of WAN usage)
2026/05/07 17:07:43 - simulation time     660 (s) :                                                                         Lan=          14880 seconds (100 % of total usage, LAN used when downloading containers=0 % of LAN usage)
2026/05/07 17:07:43 - simulation time     660 (s) :                                                    Average bandwidth per transfer=       920.5981 Mbps  
2026/05/07 17:07:43 - simulation time     660 (s) : SimLog- Average vm CPU utilization                                              :         0.3684 %
2026/05/07 17:07:43 - simulation time     660 (s) : SimLog- Average vm CPU utilization per level                             : Cloud=         0.0305 %
2026/05/07 17:07:43 - simulation time     660 (s) :                                                                             Edge=         0.0638 %
2026/05/07 17:07:43 - simulation time     660 (s) :                                                                             Mist=          0.391 %
2026/05/07 17:07:43 - simulation time     660 (s) : SimLog- Energy consumption                                                      :2676756081800447000000 W,   214.2761 dBW
2026/05/07 17:07:43 - simulation time     660 (s) :                                                                                 :(Average:4208735977673658900 W/data center(or device), 186.2415 dBW/data center(or device))
2026/05/07 17:07:43 - simulation time     660 (s) :                                                                                 :(Average:360846061175579260 W/task, 175.5732 dBW/task)
2026/05/07 17:07:43 - simulation time     660 (s) : SimLog- Energy Consumption per level                                     : Cloud=267074403528459500000 W,   204.2663 dBW
2026/05/07 17:07:43 - simulation time     660 (s) :                                                                                 :(Average:14837466862692194000 W/data center, 191.7136 dBW/data center)
2026/05/07 17:07:43 - simulation time     660 (s) :                                                                             Edge=138544176865090470000 W,   201.4159 dBW
2026/05/07 17:07:43 - simulation time     660 (s) :                                                                                 :(Average:5772674036045435900 W/data center, 187.6138 dBW/data center)
2026/05/07 17:07:43 - simulation time     660 (s) :                                                                             Mist=2271137501406897000000 W,   213.5624 dBW
2026/05/07 17:07:43 - simulation time     660 (s) :                                                                                 :(Average:3823463807082318300 W/edge device, 185.8246 dBW/edge device)
2026/05/07 17:07:43 - simulation time     660 (s) : SimLog- Dead edge devices due to battery drain                                  :              0 devices (Among 0 devices with batteries (NaN %))
2026/05/07 17:07:43 - simulation time     660 (s) : SimLog- Average remaining power (devices with batteries that are still alive)   :              0 Wh (Average: 0 %)
2026/05/07 17:07:43 - simulation time     660 (s) : SimulationManager- the Scenario Simulation overflow times :7

================== Simulation finished at time 691.50 ==================


SimLog- Iteration finished...

######################################################################################################################################################################
Starting CloudSim Plus 4.3.0

2026/05/07 17:07:43 - simulation time       0 (s) : ServersManager- Datacenters and devices were generated
2026/05/07 17:07:43 - simulation time       0 (s) : SimulationManager-  Orchestration algorithm= TRADI_POLLING-  Architechitecture= ALL -  number of edge devices= 660
2026/05/07 17:07:43 - simulation time       0 (s) : SimulationManager- Simulation: 1  , iteration: 85
2026/05/07 17:07:56 - simulation time     660 (s) : 
2026/05/07 17:07:56 - simulation time     660 (s) : ------------------------------------------------------- OUTPUT -------------------------------------------------------
2026/05/07 17:07:56 - simulation time     660 (s) : 
2026/05/07 17:07:56 - simulation time     660 (s) : SimLog- Tasks not sent because device died (low energy)                         :               0 % (0 tasks)
2026/05/07 17:07:56 - simulation time     660 (s) : SimLog- Tasks sent from edge devices                                            :             100 % (8346 among 8346 generated tasks)
2026/05/07 17:07:56 - simulation time     660 (s) : -------------------------------------All values below are based on the sent tasks-------------------------------------
2026/05/07 17:07:56 - simulation time     660 (s) : SimLog- Tasks ETE delay                                                         :     31001.6035 seconds
2026/05/07 17:07:56 - simulation time     660 (s) : SimLog- Average tasks ETE delay                                                 :         4.4774 seconds
2026/05/07 17:07:56 - simulation time     660 (s) : SimLog- Tasks execution delay                                                   :       7532.261 seconds
2026/05/07 17:07:56 - simulation time     660 (s) : SimLog- Average tasks execution delay                                           :         0.9566 seconds
2026/05/07 17:07:56 - simulation time     660 (s) : SimLog- Tasks waiting time (from task submiting to the execution start)         :      1449.6688 seconds
2026/05/07 17:07:56 - simulation time     660 (s) : SimLog- Average tasks waiting time (from task submiting to the execution start) :         0.1841 seconds
2026/05/07 17:07:56 - simulation time     660 (s) : SimLog- Tasks successfully executed                                             :        82.9619 % (6924 among 8346 sent tasks)
2026/05/07 17:07:56 - simulation time     660 (s) : SimLog- Tasks failures
2026/05/07 17:07:56 - simulation time     660 (s) :                                        Not executed due to resources unavailable:              0 % (0 tasks)
2026/05/07 17:07:56 - simulation time     660 (s) :                               Successfully executed but failed due to high delay:        15.5404 % (1297 tasks from 8346 successfully sent tasks)
2026/05/07 17:07:56 - simulation time     660 (s) :                  Tasks execution results not returned because the device is dead:              0 % (0 tasks)
2026/05/07 17:07:56 - simulation time     660 (s) :                      Tasks execution results not returned due to device mobility:         1.4977 % (125 tasks)
2026/05/07 17:07:56 - simulation time     660 (s) : SimLog- Tasks executed on each level                                : Cloud=           1068 tasks (where 917 were successfully executed)
2026/05/07 17:07:56 - simulation time     660 (s) :                                                                        Edge=            826 tasks (where 714 were successfully executed)
2026/05/07 17:07:56 - simulation time     660 (s) :                                                                        Mist=           6452 tasks (where 5293 were successfully executed)
2026/05/07 17:07:56 - simulation time     660 (s) : SimLog- Network usage                                                           :          16304 seconds (The total traffic: 40421 (MBytes))
2026/05/07 17:07:56 - simulation time     660 (s) :                                                                         Wan=           1183 seconds (7.2559 % of total usage, WAN used when downloading containers=0 % of WAN usage)
2026/05/07 17:07:56 - simulation time     660 (s) :                                                                         Lan=          16304 seconds (100 % of total usage, LAN used when downloading containers=0 % of LAN usage)
2026/05/07 17:07:56 - simulation time     660 (s) :                                                    Average bandwidth per transfer=       925.2055 Mbps  
2026/05/07 17:07:56 - simulation time     660 (s) : SimLog- Average vm CPU utilization                                              :         0.3452 %
2026/05/07 17:07:56 - simulation time     660 (s) : SimLog- Average vm CPU utilization per level                             : Cloud=         0.0022 %
2026/05/07 17:07:56 - simulation time     660 (s) :                                                                             Edge=         0.0812 %
2026/05/07 17:07:56 - simulation time     660 (s) :                                                                             Mist=         0.3641 %
2026/05/07 17:07:56 - simulation time     660 (s) : SimLog- Energy consumption                                                      :2875544427820055300000 W,   214.5872 dBW
2026/05/07 17:07:56 - simulation time     660 (s) :                                                                                 :(Average:4096217133646802400 W/data center(or device), 186.1238 dBW/data center(or device))
2026/05/07 17:07:56 - simulation time     660 (s) :                                                                                 :(Average:349780370735926910 W/task, 175.438 dBW/task)
2026/05/07 17:07:56 - simulation time     660 (s) : SimLog- Energy Consumption per level                                     : Cloud=300682399788345600000 W,   204.7811 dBW
2026/05/07 17:07:56 - simulation time     660 (s) :                                                                                 :(Average:16704577766019199000 W/data center, 192.2284 dBW/data center)
2026/05/07 17:07:56 - simulation time     660 (s) :                                                                             Edge=177700668687583540000 W,   202.4969 dBW
2026/05/07 17:07:56 - simulation time     660 (s) :                                                                                 :(Average:7404194528649314300 W/data center, 188.6948 dBW/data center)
2026/05/07 17:07:56 - simulation time     660 (s) :                                                                             Mist=2397161359344126000000 W,    213.797 dBW
2026/05/07 17:07:56 - simulation time     660 (s) :                                                                                 :(Average:3632062665672918500 W/edge device, 185.6015 dBW/edge device)
2026/05/07 17:07:56 - simulation time     660 (s) : SimLog- Dead edge devices due to battery drain                                  :              0 devices (Among 0 devices with batteries (NaN %))
2026/05/07 17:07:56 - simulation time     660 (s) : SimLog- Average remaining power (devices with batteries that are still alive)   :              0 Wh (Average: 0 %)
2026/05/07 17:07:56 - simulation time     660 (s) : SimulationManager- the Scenario Simulation overflow times :7

================== Simulation finished at time 691.50 ==================


SimLog- Iteration finished...

######################################################################################################################################################################
Starting CloudSim Plus 4.3.0

2026/05/07 17:07:56 - simulation time       0 (s) : ServersManager- Datacenters and devices were generated
2026/05/07 17:07:56 - simulation time       0 (s) : SimulationManager-  Orchestration algorithm= TRADI_POLLING-  Architechitecture= ALL -  number of edge devices= 726
2026/05/07 17:07:56 - simulation time       0 (s) : SimulationManager- Simulation: 1  , iteration: 86
2026/05/07 17:08:11 - simulation time     660 (s) : 
2026/05/07 17:08:11 - simulation time     660 (s) : ------------------------------------------------------- OUTPUT -------------------------------------------------------
2026/05/07 17:08:11 - simulation time     660 (s) : 
2026/05/07 17:08:11 - simulation time     660 (s) : SimLog- Tasks not sent because device died (low energy)                         :               0 % (0 tasks)
2026/05/07 17:08:11 - simulation time     660 (s) : SimLog- Tasks sent from edge devices                                            :             100 % (9214 among 9214 generated tasks)
2026/05/07 17:08:11 - simulation time     660 (s) : -------------------------------------All values below are based on the sent tasks-------------------------------------
2026/05/07 17:08:11 - simulation time     660 (s) : SimLog- Tasks ETE delay                                                         :     37744.7984 seconds
2026/05/07 17:08:11 - simulation time     660 (s) : SimLog- Average tasks ETE delay                                                 :         4.8778 seconds
2026/05/07 17:08:11 - simulation time     660 (s) : SimLog- Tasks execution delay                                                   :       8638.377 seconds
2026/05/07 17:08:11 - simulation time     660 (s) : SimLog- Average tasks execution delay                                           :         1.0005 seconds
2026/05/07 17:08:11 - simulation time     660 (s) : SimLog- Tasks waiting time (from task submiting to the execution start)         :      3804.1919 seconds
2026/05/07 17:08:11 - simulation time     660 (s) : SimLog- Average tasks waiting time (from task submiting to the execution start) :         0.4406 seconds
2026/05/07 17:08:11 - simulation time     660 (s) : SimLog- Tasks successfully executed                                             :        83.9809 % (7738 among 9214 sent tasks)
2026/05/07 17:08:11 - simulation time     660 (s) : SimLog- Tasks failures
2026/05/07 17:08:11 - simulation time     660 (s) :                                        Not executed due to resources unavailable:              0 % (0 tasks)
2026/05/07 17:08:11 - simulation time     660 (s) :                               Successfully executed but failed due to high delay:        14.4129 % (1328 tasks from 9214 successfully sent tasks)
2026/05/07 17:08:11 - simulation time     660 (s) :                  Tasks execution results not returned because the device is dead:              0 % (0 tasks)
2026/05/07 17:08:11 - simulation time     660 (s) :                      Tasks execution results not returned due to device mobility:         1.6063 % (148 tasks)
2026/05/07 17:08:11 - simulation time     660 (s) : SimLog- Tasks executed on each level                                : Cloud=           1154 tasks (where 1010 were successfully executed)
2026/05/07 17:08:11 - simulation time     660 (s) :                                                                        Edge=            839 tasks (where 728 were successfully executed)
2026/05/07 17:08:11 - simulation time     660 (s) :                                                                        Mist=           7221 tasks (where 6000 were successfully executed)
2026/05/07 17:08:11 - simulation time     660 (s) : SimLog- Network usage                                                           :          17996 seconds (The total traffic: 48268.05 (MBytes))
2026/05/07 17:08:11 - simulation time     660 (s) :                                                                         Wan=           1327 seconds (7.3739 % of total usage, WAN used when downloading containers=0 % of WAN usage)
2026/05/07 17:08:11 - simulation time     660 (s) :                                                                         Lan=          17996 seconds (100 % of total usage, LAN used when downloading containers=0 % of LAN usage)
2026/05/07 17:08:11 - simulation time     660 (s) :                                                    Average bandwidth per transfer=        926.107 Mbps  
2026/05/07 17:08:11 - simulation time     660 (s) : SimLog- Average vm CPU utilization                                              :         0.4017 %
2026/05/07 17:08:11 - simulation time     660 (s) : SimLog- Average vm CPU utilization per level                             : Cloud=         0.0255 %
2026/05/07 17:08:11 - simulation time     660 (s) :                                                                             Edge=         0.0973 %
2026/05/07 17:08:11 - simulation time     660 (s) :                                                                             Mist=         0.4211 %
2026/05/07 17:08:11 - simulation time     660 (s) : SimLog- Energy consumption                                                      :3294165649249693300000 W,   215.1775 dBW
2026/05/07 17:08:11 - simulation time     660 (s) :                                                                                 :(Average:4289278189127204900 W/data center(or device), 186.3238 dBW/data center(or device))
2026/05/07 17:08:11 - simulation time     660 (s) :                                                                                 :(Average:363353810859220540 W/task, 175.6033 dBW/task)
2026/05/07 17:08:11 - simulation time     660 (s) : SimLog- Energy Consumption per level                                     : Cloud=302650617859415000000 W,   204.8094 dBW
2026/05/07 17:08:11 - simulation time     660 (s) :                                                                                 :(Average:16813923214411946000 W/data center, 192.2567 dBW/data center)
2026/05/07 17:08:11 - simulation time     660 (s) :                                                                             Edge=176680364598898920000 W,   202.4719 dBW
2026/05/07 17:08:11 - simulation time     660 (s) :                                                                                 :(Average:7361681858287455200 W/data center, 188.6698 dBW/data center)
2026/05/07 17:08:11 - simulation time     660 (s) :                                                                             Mist=2814834666791379000000 W,   214.4945 dBW
2026/05/07 17:08:11 - simulation time     660 (s) :                                                                                 :(Average:3877182736627244000 W/edge device, 185.8852 dBW/edge device)
2026/05/07 17:08:11 - simulation time     660 (s) : SimLog- Dead edge devices due to battery drain                                  :              0 devices (Among 0 devices with batteries (NaN %))
2026/05/07 17:08:11 - simulation time     660 (s) : SimLog- Average remaining power (devices with batteries that are still alive)   :              0 Wh (Average: 0 %)
2026/05/07 17:08:11 - simulation time     660 (s) : SimulationManager- the Scenario Simulation overflow times :7

================== Simulation finished at time 691.50 ==================


SimLog- Iteration finished...

######################################################################################################################################################################
Starting CloudSim Plus 4.3.0

2026/05/07 17:08:11 - simulation time       0 (s) : ServersManager- Datacenters and devices were generated
2026/05/07 17:08:11 - simulation time       0 (s) : SimulationManager-  Orchestration algorithm= TRADI_POLLING-  Architechitecture= ALL -  number of edge devices= 792
2026/05/07 17:08:11 - simulation time       0 (s) : SimulationManager- Simulation: 1  , iteration: 87
2026/05/07 17:08:29 - simulation time     660 (s) : 
2026/05/07 17:08:29 - simulation time     660 (s) : ------------------------------------------------------- OUTPUT -------------------------------------------------------
2026/05/07 17:08:29 - simulation time     660 (s) : 
2026/05/07 17:08:29 - simulation time     660 (s) : SimLog- Tasks not sent because device died (low energy)                         :               0 % (0 tasks)
2026/05/07 17:08:29 - simulation time     660 (s) : SimLog- Tasks sent from edge devices                                            :             100 % (10044 among 10044 generated tasks)
2026/05/07 17:08:29 - simulation time     660 (s) : -------------------------------------All values below are based on the sent tasks-------------------------------------
2026/05/07 17:08:29 - simulation time     660 (s) : SimLog- Tasks ETE delay                                                         :     42011.8901 seconds
2026/05/07 17:08:29 - simulation time     660 (s) : SimLog- Average tasks ETE delay                                                 :         5.2053 seconds
2026/05/07 17:08:29 - simulation time     660 (s) : SimLog- Tasks execution delay                                                   :       8550.624 seconds
2026/05/07 17:08:29 - simulation time     660 (s) : SimLog- Average tasks execution delay                                           :         0.9391 seconds
2026/05/07 17:08:29 - simulation time     660 (s) : SimLog- Tasks waiting time (from task submiting to the execution start)         :      7696.3529 seconds
2026/05/07 17:08:29 - simulation time     660 (s) : SimLog- Average tasks waiting time (from task submiting to the execution start) :         0.8453 seconds
2026/05/07 17:08:29 - simulation time     660 (s) : SimLog- Tasks successfully executed                                             :        80.3564 % (8071 among 10044 sent tasks)
2026/05/07 17:08:29 - simulation time     660 (s) : SimLog- Tasks failures
2026/05/07 17:08:29 - simulation time     660 (s) :                                        Not executed due to resources unavailable:              0 % (0 tasks)
2026/05/07 17:08:29 - simulation time     660 (s) :                               Successfully executed but failed due to high delay:        17.6722 % (1775 tasks from 10044 successfully sent tasks)
2026/05/07 17:08:29 - simulation time     660 (s) :                  Tasks execution results not returned because the device is dead:              0 % (0 tasks)
2026/05/07 17:08:29 - simulation time     660 (s) :                      Tasks execution results not returned due to device mobility:         1.9713 % (198 tasks)
2026/05/07 17:08:29 - simulation time     660 (s) : SimLog- Tasks executed on each level                                : Cloud=           1160 tasks (where 980 were successfully executed)
2026/05/07 17:08:29 - simulation time     660 (s) :                                                                        Edge=            883 tasks (where 751 were successfully executed)
2026/05/07 17:08:29 - simulation time     660 (s) :                                                                        Mist=           8001 tasks (where 6340 were successfully executed)
2026/05/07 17:08:29 - simulation time     660 (s) : SimLog- Network usage                                                           :          19287 seconds (The total traffic: 44609.4 (MBytes))
2026/05/07 17:08:29 - simulation time     660 (s) :                                                                         Wan=           1318 seconds (6.8336 % of total usage, WAN used when downloading containers=0 % of WAN usage)
2026/05/07 17:08:29 - simulation time     660 (s) :                                                                         Lan=          19287 seconds (100 % of total usage, LAN used when downloading containers=0 % of LAN usage)
2026/05/07 17:08:29 - simulation time     660 (s) :                                                    Average bandwidth per transfer=       929.4667 Mbps  
2026/05/07 17:08:29 - simulation time     660 (s) : SimLog- Average vm CPU utilization                                              :         0.3688 %
2026/05/07 17:08:29 - simulation time     660 (s) : SimLog- Average vm CPU utilization per level                             : Cloud=         0.0086 %
2026/05/07 17:08:29 - simulation time     660 (s) :                                                                             Edge=         0.0731 %
2026/05/07 17:08:29 - simulation time     660 (s) :                                                                             Mist=          0.386 %
2026/05/07 17:08:29 - simulation time     660 (s) : SimLog- Energy consumption                                                      :3073332119467327500000 W,   214.8761 dBW
2026/05/07 17:08:29 - simulation time     660 (s) :                                                                                 :(Average:3685050502958426100 W/data center(or device), 185.6644 dBW/data center(or device))
2026/05/07 17:08:29 - simulation time     660 (s) :                                                                                 :(Average:312076778987340350 W/task, 174.9426 dBW/task)
2026/05/07 17:08:29 - simulation time     660 (s) : SimLog- Energy Consumption per level                                     : Cloud=238954098810595840000 W,   203.7831 dBW
2026/05/07 17:08:29 - simulation time     660 (s) :                                                                                 :(Average:13275227711699770000 W/data center, 191.2304 dBW/data center)
2026/05/07 17:08:29 - simulation time     660 (s) :                                                                             Edge=164405986492621230000 W,   202.1592 dBW
2026/05/07 17:08:29 - simulation time     660 (s) :                                                                                 :(Average:6850249437192551400 W/data center, 188.3571 dBW/data center)
2026/05/07 17:08:29 - simulation time     660 (s) :                                                                             Mist=2669972034164110000000 W,   214.2651 dBW
2026/05/07 17:08:29 - simulation time     660 (s) :                                                                                 :(Average:3371176810813270500 W/edge device, 185.2778 dBW/edge device)
2026/05/07 17:08:29 - simulation time     660 (s) : SimLog- Dead edge devices due to battery drain                                  :              0 devices (Among 0 devices with batteries (NaN %))
2026/05/07 17:08:29 - simulation time     660 (s) : SimLog- Average remaining power (devices with batteries that are still alive)   :              0 Wh (Average: 0 %)
2026/05/07 17:08:29 - simulation time     660 (s) : SimulationManager- the Scenario Simulation overflow times :7

================== Simulation finished at time 691.50 ==================


SimLog- Iteration finished...

######################################################################################################################################################################
Starting CloudSim Plus 4.3.0

2026/05/07 17:08:29 - simulation time       0 (s) : ServersManager- Datacenters and devices were generated
2026/05/07 17:08:29 - simulation time       0 (s) : SimulationManager-  Orchestration algorithm= TRADI_POLLING-  Architechitecture= ALL -  number of edge devices= 858
2026/05/07 17:08:29 - simulation time       0 (s) : SimulationManager- Simulation: 1  , iteration: 88
2026/05/07 17:08:49 - simulation time     660 (s) : 
2026/05/07 17:08:49 - simulation time     660 (s) : ------------------------------------------------------- OUTPUT -------------------------------------------------------
2026/05/07 17:08:49 - simulation time     660 (s) : 
2026/05/07 17:08:49 - simulation time     660 (s) : SimLog- Tasks not sent because device died (low energy)                         :               0 % (0 tasks)
2026/05/07 17:08:49 - simulation time     660 (s) : SimLog- Tasks sent from edge devices                                            :             100 % (10872 among 10872 generated tasks)
2026/05/07 17:08:49 - simulation time     660 (s) : -------------------------------------All values below are based on the sent tasks-------------------------------------
2026/05/07 17:08:49 - simulation time     660 (s) : SimLog- Tasks ETE delay                                                         :     49246.4969 seconds
2026/05/07 17:08:49 - simulation time     660 (s) : SimLog- Average tasks ETE delay                                                 :         5.6482 seconds
2026/05/07 17:08:49 - simulation time     660 (s) : SimLog- Tasks execution delay                                                   :      9006.5851 seconds
2026/05/07 17:08:49 - simulation time     660 (s) : SimLog- Average tasks execution delay                                           :         0.9163 seconds
2026/05/07 17:08:49 - simulation time     660 (s) : SimLog- Tasks waiting time (from task submiting to the execution start)         :     12302.0857 seconds
2026/05/07 17:08:49 - simulation time     660 (s) : SimLog- Average tasks waiting time (from task submiting to the execution start) :         1.2516 seconds
2026/05/07 17:08:49 - simulation time     660 (s) : SimLog- Tasks successfully executed                                             :        80.1968 % (8719 among 10872 sent tasks)
2026/05/07 17:08:49 - simulation time     660 (s) : SimLog- Tasks failures
2026/05/07 17:08:49 - simulation time     660 (s) :                                        Not executed due to resources unavailable:              0 % (0 tasks)
2026/05/07 17:08:49 - simulation time     660 (s) :                               Successfully executed but failed due to high delay:        17.8624 % (1942 tasks from 10872 successfully sent tasks)
2026/05/07 17:08:49 - simulation time     660 (s) :                  Tasks execution results not returned because the device is dead:              0 % (0 tasks)
2026/05/07 17:08:49 - simulation time     660 (s) :                      Tasks execution results not returned due to device mobility:         1.9408 % (211 tasks)
2026/05/07 17:08:49 - simulation time     660 (s) : SimLog- Tasks executed on each level                                : Cloud=           1286 tasks (where 1098 were successfully executed)
2026/05/07 17:08:49 - simulation time     660 (s) :                                                                        Edge=            880 tasks (where 741 were successfully executed)
2026/05/07 17:08:49 - simulation time     660 (s) :                                                                        Mist=           8706 tasks (where 6880 were successfully executed)
2026/05/07 17:08:49 - simulation time     660 (s) : SimLog- Network usage                                                           :          20850 seconds (The total traffic: 45031.15 (MBytes))
2026/05/07 17:08:49 - simulation time     660 (s) :                                                                         Wan=           1465 seconds (7.0264 % of total usage, WAN used when downloading containers=0 % of WAN usage)
2026/05/07 17:08:49 - simulation time     660 (s) :                                                                         Lan=          20850 seconds (100 % of total usage, LAN used when downloading containers=0 % of LAN usage)
2026/05/07 17:08:49 - simulation time     660 (s) :                                                    Average bandwidth per transfer=       929.9509 Mbps  
2026/05/07 17:08:49 - simulation time     660 (s) : SimLog- Average vm CPU utilization                                              :         0.3857 %
2026/05/07 17:08:49 - simulation time     660 (s) : SimLog- Average vm CPU utilization per level                             : Cloud=         0.0468 %
2026/05/07 17:08:49 - simulation time     660 (s) :                                                                             Edge=         0.0856 %
2026/05/07 17:08:49 - simulation time     660 (s) :                                                                             Mist=         0.4012 %
2026/05/07 17:08:49 - simulation time     660 (s) : SimLog- Energy consumption                                                      :3096348309304289300000 W,   214.9085 dBW
2026/05/07 17:08:49 - simulation time     660 (s) :                                                                                 :(Average:3440387010338099200 W/data center(or device), 185.3661 dBW/data center(or device))
2026/05/07 17:08:49 - simulation time     660 (s) :                                                                                 :(Average:290328017750050560 W/task, 174.6289 dBW/task)
2026/05/07 17:08:49 - simulation time     660 (s) : SimLog- Energy Consumption per level                                     : Cloud=299096590327809640000 W,   204.7581 dBW
2026/05/07 17:08:49 - simulation time     660 (s) :                                                                                 :(Average:16616477240433869000 W/data center, 192.2054 dBW/data center)
2026/05/07 17:08:49 - simulation time     660 (s) :                                                                             Edge=106815158531207760000 W,   200.2863 dBW
2026/05/07 17:08:49 - simulation time     660 (s) :                                                                                 :(Average:4450631605466990100 W/data center, 186.4842 dBW/data center)
2026/05/07 17:08:49 - simulation time     660 (s) :                                                                             Mist=2690436560445271700000 W,   214.2982 dBW
2026/05/07 17:08:49 - simulation time     660 (s) :                                                                                 :(Average:3135706946905911300 W/edge device, 184.9634 dBW/edge device)
2026/05/07 17:08:49 - simulation time     660 (s) : SimLog- Dead edge devices due to battery drain                                  :              0 devices (Among 0 devices with batteries (NaN %))
2026/05/07 17:08:49 - simulation time     660 (s) : SimLog- Average remaining power (devices with batteries that are still alive)   :              0 Wh (Average: 0 %)
2026/05/07 17:08:49 - simulation time     660 (s) : SimulationManager- the Scenario Simulation overflow times :7

================== Simulation finished at time 691.50 ==================


SimLog- Iteration finished...

######################################################################################################################################################################
Starting CloudSim Plus 4.3.0

2026/05/07 17:08:49 - simulation time       0 (s) : ServersManager- Datacenters and devices were generated
2026/05/07 17:08:49 - simulation time       0 (s) : SimulationManager-  Orchestration algorithm= TRADI_POLLING-  Architechitecture= ALL -  number of edge devices= 924
2026/05/07 17:08:49 - simulation time       0 (s) : SimulationManager- Simulation: 1  , iteration: 89
2026/05/07 17:09:14 - simulation time     660 (s) : 
2026/05/07 17:09:14 - simulation time     660 (s) : ------------------------------------------------------- OUTPUT -------------------------------------------------------
2026/05/07 17:09:14 - simulation time     660 (s) : 
2026/05/07 17:09:14 - simulation time     660 (s) : SimLog- Tasks not sent because device died (low energy)                         :               0 % (0 tasks)
2026/05/07 17:09:14 - simulation time     660 (s) : SimLog- Tasks sent from edge devices                                            :             100 % (11712 among 11712 generated tasks)
2026/05/07 17:09:14 - simulation time     660 (s) : -------------------------------------All values below are based on the sent tasks-------------------------------------
2026/05/07 17:09:14 - simulation time     660 (s) : SimLog- Tasks ETE delay                                                         :     60775.4664 seconds
2026/05/07 17:09:14 - simulation time     660 (s) : SimLog- Average tasks ETE delay                                                 :         6.3466 seconds
2026/05/07 17:09:14 - simulation time     660 (s) : SimLog- Tasks execution delay                                                   :      10103.459 seconds
2026/05/07 17:09:14 - simulation time     660 (s) : SimLog- Average tasks execution delay                                           :         0.9443 seconds
2026/05/07 17:09:14 - simulation time     660 (s) : SimLog- Tasks waiting time (from task submiting to the execution start)         :     19553.8497 seconds
2026/05/07 17:09:14 - simulation time     660 (s) : SimLog- Average tasks waiting time (from task submiting to the execution start) :         1.8276 seconds
2026/05/07 17:09:14 - simulation time     660 (s) : SimLog- Tasks successfully executed                                             :        81.7623 % (9576 among 11712 sent tasks)
2026/05/07 17:09:14 - simulation time     660 (s) : SimLog- Tasks failures
2026/05/07 17:09:14 - simulation time     660 (s) :                                        Not executed due to resources unavailable:              0 % (0 tasks)
2026/05/07 17:09:14 - simulation time     660 (s) :                               Successfully executed but failed due to high delay:        16.3251 % (1912 tasks from 11712 successfully sent tasks)
2026/05/07 17:09:14 - simulation time     660 (s) :                  Tasks execution results not returned because the device is dead:              0 % (0 tasks)
2026/05/07 17:09:14 - simulation time     660 (s) :                      Tasks execution results not returned due to device mobility:         1.9126 % (224 tasks)
2026/05/07 17:09:14 - simulation time     660 (s) : SimLog- Tasks executed on each level                                : Cloud=           1204 tasks (where 1042 were successfully executed)
2026/05/07 17:09:14 - simulation time     660 (s) :                                                                        Edge=            905 tasks (where 785 were successfully executed)
2026/05/07 17:09:14 - simulation time     660 (s) :                                                                        Mist=           9603 tasks (where 7749 were successfully executed)
2026/05/07 17:09:14 - simulation time     660 (s) : SimLog- Network usage                                                           :          22531 seconds (The total traffic: 49964.5 (MBytes))
2026/05/07 17:09:14 - simulation time     660 (s) :                                                                         Wan=           1365 seconds (6.0583 % of total usage, WAN used when downloading containers=0 % of WAN usage)
2026/05/07 17:09:14 - simulation time     660 (s) :                                                                         Lan=          22531 seconds (100 % of total usage, LAN used when downloading containers=0 % of LAN usage)
2026/05/07 17:09:14 - simulation time     660 (s) :                                                    Average bandwidth per transfer=        938.581 Mbps  
2026/05/07 17:09:14 - simulation time     660 (s) : SimLog- Average vm CPU utilization                                              :         0.3644 %
2026/05/07 17:09:14 - simulation time     660 (s) : SimLog- Average vm CPU utilization per level                             : Cloud=         0.0205 %
2026/05/07 17:09:14 - simulation time     660 (s) :                                                                             Edge=         0.0751 %
2026/05/07 17:09:14 - simulation time     660 (s) :                                                                             Mist=         0.3786 %
2026/05/07 17:09:14 - simulation time     660 (s) : SimLog- Energy consumption                                                      :3434362492557014000000 W,   215.3585 dBW
2026/05/07 17:09:14 - simulation time     660 (s) :                                                                                 :(Average:3555240675524858900 W/data center(or device), 185.5087 dBW/data center(or device))
2026/05/07 17:09:14 - simulation time     660 (s) :                                                                                 :(Average:298926146101228480 W/task, 174.7556 dBW/task)
2026/05/07 17:09:14 - simulation time     660 (s) : SimLog- Energy Consumption per level                                     : Cloud=283077961502949240000 W,   204.5191 dBW
2026/05/07 17:09:14 - simulation time     660 (s) :                                                                                 :(Average:15726553416830513000 W/data center, 191.9663 dBW/data center)
2026/05/07 17:09:14 - simulation time     660 (s) :                                                                             Edge=156091521814979200000 W,   201.9338 dBW
2026/05/07 17:09:14 - simulation time     660 (s) :                                                                                 :(Average:6503813408957467600 W/data center, 188.1317 dBW/data center)
2026/05/07 17:09:14 - simulation time     660 (s) :                                                                             Mist=2995193009239085300000 W,   214.7642 dBW
2026/05/07 17:09:14 - simulation time     660 (s) :                                                                                 :(Average:3241550875799876100 W/edge device, 185.1075 dBW/edge device)
2026/05/07 17:09:14 - simulation time     660 (s) : SimLog- Dead edge devices due to battery drain                                  :              0 devices (Among 0 devices with batteries (NaN %))
2026/05/07 17:09:14 - simulation time     660 (s) : SimLog- Average remaining power (devices with batteries that are still alive)   :              0 Wh (Average: 0 %)
2026/05/07 17:09:14 - simulation time     660 (s) : SimulationManager- the Scenario Simulation overflow times :7

================== Simulation finished at time 691.50 ==================


SimLog- Iteration finished...

######################################################################################################################################################################
Starting CloudSim Plus 4.3.0

2026/05/07 17:09:14 - simulation time       0 (s) : ServersManager- Datacenters and devices were generated
2026/05/07 17:09:14 - simulation time       0 (s) : SimulationManager-  Orchestration algorithm= TRADI_POLLING-  Architechitecture= ALL -  number of edge devices= 990
2026/05/07 17:09:14 - simulation time       0 (s) : SimulationManager- Simulation: 1  , iteration: 90
2026/05/07 17:09:42 - simulation time     660 (s) : 
2026/05/07 17:09:42 - simulation time     660 (s) : ------------------------------------------------------- OUTPUT -------------------------------------------------------
2026/05/07 17:09:42 - simulation time     660 (s) : 
2026/05/07 17:09:42 - simulation time     660 (s) : SimLog- Tasks not sent because device died (low energy)                         :               0 % (0 tasks)
2026/05/07 17:09:42 - simulation time     660 (s) : SimLog- Tasks sent from edge devices                                            :             100 % (12510 among 12510 generated tasks)
2026/05/07 17:09:42 - simulation time     660 (s) : -------------------------------------All values below are based on the sent tasks-------------------------------------
2026/05/07 17:09:42 - simulation time     660 (s) : SimLog- Tasks ETE delay                                                         :      68733.672 seconds
2026/05/07 17:09:42 - simulation time     660 (s) : SimLog- Average tasks ETE delay                                                 :         6.7912 seconds
2026/05/07 17:09:42 - simulation time     660 (s) : SimLog- Tasks execution delay                                                   :     10818.5589 seconds
2026/05/07 17:09:42 - simulation time     660 (s) : SimLog- Average tasks execution delay                                           :         0.9509 seconds
2026/05/07 17:09:42 - simulation time     660 (s) : SimLog- Tasks waiting time (from task submiting to the execution start)         :     25166.3192 seconds
2026/05/07 17:09:42 - simulation time     660 (s) : SimLog- Average tasks waiting time (from task submiting to the execution start) :          2.212 seconds
2026/05/07 17:09:42 - simulation time     660 (s) : SimLog- Tasks successfully executed                                             :        80.9033 % (10121 among 12510 sent tasks)
2026/05/07 17:09:42 - simulation time     660 (s) : SimLog- Tasks failures
2026/05/07 17:09:42 - simulation time     660 (s) :                                        Not executed due to resources unavailable:              0 % (0 tasks)
2026/05/07 17:09:42 - simulation time     660 (s) :                               Successfully executed but failed due to high delay:        17.1942 % (2151 tasks from 12510 successfully sent tasks)
2026/05/07 17:09:42 - simulation time     660 (s) :                  Tasks execution results not returned because the device is dead:              0 % (0 tasks)
2026/05/07 17:09:42 - simulation time     660 (s) :                      Tasks execution results not returned due to device mobility:         1.9025 % (238 tasks)
2026/05/07 17:09:42 - simulation time     660 (s) : SimLog- Tasks executed on each level                                : Cloud=           1138 tasks (where 956 were successfully executed)
2026/05/07 17:09:42 - simulation time     660 (s) :                                                                        Edge=            930 tasks (where 792 were successfully executed)
2026/05/07 17:09:42 - simulation time     660 (s) :                                                                        Mist=          10442 tasks (where 8373 were successfully executed)
2026/05/07 17:09:42 - simulation time     660 (s) : SimLog- Network usage                                                           :          24021 seconds (The total traffic: 51772.65 (MBytes))
2026/05/07 17:09:42 - simulation time     660 (s) :                                                                         Wan=           1292 seconds (5.3786 % of total usage, WAN used when downloading containers=0 % of WAN usage)
2026/05/07 17:09:42 - simulation time     660 (s) :                                                                         Lan=          24021 seconds (100 % of total usage, LAN used when downloading containers=0 % of LAN usage)
2026/05/07 17:09:42 - simulation time     660 (s) :                                                    Average bandwidth per transfer=       941.4349 Mbps  
2026/05/07 17:09:42 - simulation time     660 (s) : SimLog- Average vm CPU utilization                                              :         0.3536 %
2026/05/07 17:09:42 - simulation time     660 (s) : SimLog- Average vm CPU utilization per level                             : Cloud=         0.0171 %
2026/05/07 17:09:42 - simulation time     660 (s) :                                                                             Edge=          0.057 %
2026/05/07 17:09:42 - simulation time     660 (s) :                                                                             Mist=         0.3669 %
2026/05/07 17:09:42 - simulation time     660 (s) : SimLog- Energy consumption                                                      :3461833822474614000000 W,   215.3931 dBW
2026/05/07 17:09:42 - simulation time     660 (s) :                                                                                 :(Average:3354490138056796700 W/data center(or device), 185.2563 dBW/data center(or device))
2026/05/07 17:09:42 - simulation time     660 (s) :                                                                                 :(Average:282069080296147168 W/task, 174.5036 dBW/task)
2026/05/07 17:09:42 - simulation time     660 (s) : SimLog- Energy Consumption per level                                     : Cloud=246206370255551760000 W,    203.913 dBW
2026/05/07 17:09:42 - simulation time     660 (s) :                                                                                 :(Average:13678131680863986000 W/data center, 191.3603 dBW/data center)
2026/05/07 17:09:42 - simulation time     660 (s) :                                                                             Edge=120979593348747430000 W,   200.8271 dBW
2026/05/07 17:09:42 - simulation time     660 (s) :                                                                                 :(Average:5040816389531143200 W/data center, 187.025 dBW/data center)
2026/05/07 17:09:42 - simulation time     660 (s) :                                                                             Mist=3094647858870314600000 W,   214.9061 dBW
2026/05/07 17:09:42 - simulation time     660 (s) :                                                                                 :(Average:3125906928151833100 W/edge device, 184.9498 dBW/edge device)
2026/05/07 17:09:42 - simulation time     660 (s) : SimLog- Dead edge devices due to battery drain                                  :              0 devices (Among 0 devices with batteries (NaN %))
2026/05/07 17:09:42 - simulation time     660 (s) : SimLog- Average remaining power (devices with batteries that are still alive)   :              0 Wh (Average: 0 %)
2026/05/07 17:09:42 - simulation time     660 (s) : SimulationManager- the Scenario Simulation overflow times :7

================== Simulation finished at time 691.50 ==================


SimLog- Iteration finished...

######################################################################################################################################################################
Starting CloudSim Plus 4.3.0

2026/05/07 17:09:42 - simulation time       0 (s) : ServersManager- Datacenters and devices were generated
2026/05/07 17:09:42 - simulation time       0 (s) : SimulationManager-  Orchestration algorithm= RANDOM_VM-  Architechitecture= ALL -  number of edge devices= 66
2026/05/07 17:09:42 - simulation time       0 (s) : SimulationManager- Simulation: 1  , iteration: 91
2026/05/07 17:09:43 - simulation time     650 (s) : 
2026/05/07 17:09:43 - simulation time     650 (s) : ------------------------------------------------------- OUTPUT -------------------------------------------------------
2026/05/07 17:09:43 - simulation time     650 (s) : 
2026/05/07 17:09:43 - simulation time     650 (s) : SimLog- Tasks not sent because device died (low energy)                         :               0 % (0 tasks)
2026/05/07 17:09:43 - simulation time     650 (s) : SimLog- Tasks sent from edge devices                                            :             100 % (852 among 852 generated tasks)
2026/05/07 17:09:43 - simulation time     650 (s) : -------------------------------------All values below are based on the sent tasks-------------------------------------
2026/05/07 17:09:43 - simulation time     650 (s) : SimLog- Tasks ETE delay                                                         :      2702.1853 seconds
2026/05/07 17:09:43 - simulation time     650 (s) : SimLog- Average tasks ETE delay                                                 :         3.6966 seconds
2026/05/07 17:09:43 - simulation time     650 (s) : SimLog- Tasks execution delay                                                   :       414.2399 seconds
2026/05/07 17:09:43 - simulation time     650 (s) : SimLog- Average tasks execution delay                                           :          0.492 seconds
2026/05/07 17:09:43 - simulation time     650 (s) : SimLog- Tasks waiting time (from task submiting to the execution start)         :        38.3684 seconds
2026/05/07 17:09:43 - simulation time     650 (s) : SimLog- Average tasks waiting time (from task submiting to the execution start) :         0.0456 seconds
2026/05/07 17:09:43 - simulation time     650 (s) : SimLog- Tasks successfully executed                                             :        85.7981 % (731 among 852 sent tasks)
2026/05/07 17:09:43 - simulation time     650 (s) : SimLog- Tasks failures
2026/05/07 17:09:43 - simulation time     650 (s) :                                        Not executed due to resources unavailable:              0 % (0 tasks)
2026/05/07 17:09:43 - simulation time     650 (s) :                               Successfully executed but failed due to high delay:        13.9671 % (119 tasks from 852 successfully sent tasks)
2026/05/07 17:09:43 - simulation time     650 (s) :                  Tasks execution results not returned because the device is dead:              0 % (0 tasks)
2026/05/07 17:09:43 - simulation time     650 (s) :                      Tasks execution results not returned due to device mobility:         0.2347 % (2 tasks)
2026/05/07 17:09:43 - simulation time     650 (s) : SimLog- Tasks executed on each level                                : Cloud=            540 tasks (where 464 were successfully executed)
2026/05/07 17:09:43 - simulation time     650 (s) :                                                                        Edge=            178 tasks (where 154 were successfully executed)
2026/05/07 17:09:43 - simulation time     650 (s) :                                                                        Mist=            134 tasks (where 113 were successfully executed)
2026/05/07 17:09:43 - simulation time     650 (s) : SimLog- Network usage                                                           :           1692 seconds (The total traffic: 4879.95 (MBytes))
2026/05/07 17:09:43 - simulation time     650 (s) :                                                                         Wan=            540 seconds (31.9149 % of total usage, WAN used when downloading containers=0 % of WAN usage)
2026/05/07 17:09:43 - simulation time     650 (s) :                                                                         Lan=           1692 seconds (100 % of total usage, LAN used when downloading containers=0 % of LAN usage)
2026/05/07 17:09:43 - simulation time     650 (s) :                                                    Average bandwidth per transfer=       922.4819 Mbps  
2026/05/07 17:09:43 - simulation time     650 (s) : SimLog- Average vm CPU utilization                                              :         0.0794 %
2026/05/07 17:09:43 - simulation time     650 (s) : SimLog- Average vm CPU utilization per level                             : Cloud=         0.0005 %
2026/05/07 17:09:43 - simulation time     650 (s) :                                                                             Edge=         0.0156 %
2026/05/07 17:09:43 - simulation time     650 (s) :                                                                             Mist=         0.1241 %
2026/05/07 17:09:43 - simulation time     650 (s) : SimLog- Energy consumption                                                      :530620685422346400000 W,   207.2478 dBW
2026/05/07 17:09:43 - simulation time     650 (s) :                                                                                 :(Average:4913154494651355100 W/data center(or device), 186.9136 dBW/data center(or device))
2026/05/07 17:09:43 - simulation time     650 (s) :                                                                                 :(Average:624259629908642820 W/task, 177.9537 dBW/task)
2026/05/07 17:09:43 - simulation time     650 (s) : SimLog- Energy Consumption per level                                     : Cloud=181960817970489030000 W,   202.5998 dBW
2026/05/07 17:09:43 - simulation time     650 (s) :                                                                                 :(Average:10108934331693834000 W/data center, 190.0471 dBW/data center)
2026/05/07 17:09:43 - simulation time     650 (s) :                                                                             Edge=34415274007177544000 W,   195.3675 dBW
2026/05/07 17:09:43 - simulation time     650 (s) :                                                                                 :(Average:1433969750299064320 W/data center, 181.5654 dBW/data center)
2026/05/07 17:09:43 - simulation time     650 (s) :                                                                             Mist=314244593444679800000 W,   204.9727 dBW
2026/05/07 17:09:43 - simulation time     650 (s) :                                                                                 :(Average:4761281718858784800 W/edge device, 186.7772 dBW/edge device)
2026/05/07 17:09:43 - simulation time     650 (s) : SimLog- Dead edge devices due to battery drain                                  :              0 devices (Among 0 devices with batteries (NaN %))
2026/05/07 17:09:43 - simulation time     650 (s) : SimLog- Average remaining power (devices with batteries that are still alive)   :              0 Wh (Average: 0 %)
2026/05/07 17:09:43 - simulation time     650 (s) : SimulationManager- the Scenario Simulation overflow times :7

================== Simulation finished at time 685.20 ==================


SimLog- Iteration finished...

######################################################################################################################################################################
Starting CloudSim Plus 4.3.0

2026/05/07 17:09:43 - simulation time       0 (s) : ServersManager- Datacenters and devices were generated
2026/05/07 17:09:43 - simulation time       0 (s) : SimulationManager-  Orchestration algorithm= RANDOM_VM-  Architechitecture= ALL -  number of edge devices= 132
2026/05/07 17:09:43 - simulation time       0 (s) : SimulationManager- Simulation: 1  , iteration: 92
2026/05/07 17:09:44 - simulation time     650 (s) : 
2026/05/07 17:09:44 - simulation time     650 (s) : ------------------------------------------------------- OUTPUT -------------------------------------------------------
2026/05/07 17:09:44 - simulation time     650 (s) : 
2026/05/07 17:09:44 - simulation time     650 (s) : SimLog- Tasks not sent because device died (low energy)                         :               0 % (0 tasks)
2026/05/07 17:09:44 - simulation time     650 (s) : SimLog- Tasks sent from edge devices                                            :             100 % (1682 among 1682 generated tasks)
2026/05/07 17:09:44 - simulation time     650 (s) : -------------------------------------All values below are based on the sent tasks-------------------------------------
2026/05/07 17:09:44 - simulation time     650 (s) : SimLog- Tasks ETE delay                                                         :      5162.9814 seconds
2026/05/07 17:09:44 - simulation time     650 (s) : SimLog- Average tasks ETE delay                                                 :         3.6643 seconds
2026/05/07 17:09:44 - simulation time     650 (s) : SimLog- Tasks execution delay                                                   :       676.9145 seconds
2026/05/07 17:09:44 - simulation time     650 (s) : SimLog- Average tasks execution delay                                           :          0.412 seconds
2026/05/07 17:09:44 - simulation time     650 (s) : SimLog- Tasks waiting time (from task submiting to the execution start)         :        73.4118 seconds
2026/05/07 17:09:44 - simulation time     650 (s) : SimLog- Average tasks waiting time (from task submiting to the execution start) :         0.0447 seconds
2026/05/07 17:09:44 - simulation time     650 (s) : SimLog- Tasks successfully executed                                             :        83.7693 % (1409 among 1682 sent tasks)
2026/05/07 17:09:44 - simulation time     650 (s) : SimLog- Tasks failures
2026/05/07 17:09:44 - simulation time     650 (s) :                                        Not executed due to resources unavailable:              0 % (0 tasks)
2026/05/07 17:09:44 - simulation time     650 (s) :                               Successfully executed but failed due to high delay:        15.7551 % (265 tasks from 1682 successfully sent tasks)
2026/05/07 17:09:44 - simulation time     650 (s) :                  Tasks execution results not returned because the device is dead:              0 % (0 tasks)
2026/05/07 17:09:44 - simulation time     650 (s) :                      Tasks execution results not returned due to device mobility:         0.4756 % (8 tasks)
2026/05/07 17:09:44 - simulation time     650 (s) : SimLog- Tasks executed on each level                                : Cloud=            946 tasks (where 798 were successfully executed)
2026/05/07 17:09:44 - simulation time     650 (s) :                                                                        Edge=            277 tasks (where 238 were successfully executed)
2026/05/07 17:09:44 - simulation time     650 (s) :                                                                        Mist=            459 tasks (where 373 were successfully executed)
2026/05/07 17:09:44 - simulation time     650 (s) : SimLog- Network usage                                                           :           3319 seconds (The total traffic: 4789.8 (MBytes))
2026/05/07 17:09:44 - simulation time     650 (s) :                                                                         Wan=            946 seconds (28.5026 % of total usage, WAN used when downloading containers=0 % of WAN usage)
2026/05/07 17:09:44 - simulation time     650 (s) :                                                                         Lan=           3319 seconds (100 % of total usage, LAN used when downloading containers=0 % of LAN usage)
2026/05/07 17:09:44 - simulation time     650 (s) :                                                    Average bandwidth per transfer=       896.5068 Mbps  
2026/05/07 17:09:44 - simulation time     650 (s) : SimLog- Average vm CPU utilization                                              :         0.0559 %
2026/05/07 17:09:44 - simulation time     650 (s) : SimLog- Average vm CPU utilization per level                             : Cloud=         0.0005 %
2026/05/07 17:09:44 - simulation time     650 (s) :                                                                             Edge=         0.0128 %
2026/05/07 17:09:44 - simulation time     650 (s) :                                                                             Mist=         0.0712 %
2026/05/07 17:09:44 - simulation time     650 (s) : SimLog- Energy consumption                                                      :463285876361904900000 W,   206.6585 dBW
2026/05/07 17:09:44 - simulation time     650 (s) :                                                                                 :(Average:2662562507827039700 W/data center(or device), 184.253 dBW/data center(or device))
2026/05/07 17:09:44 - simulation time     650 (s) :                                                                                 :(Average:276753809057290880 W/task, 174.4209 dBW/task)
2026/05/07 17:09:44 - simulation time     650 (s) : SimLog- Energy Consumption per level                                     : Cloud=121842271702686250000 W,    200.858 dBW
2026/05/07 17:09:44 - simulation time     650 (s) :                                                                                 :(Average:6769015094593680400 W/data center, 188.3053 dBW/data center)
2026/05/07 17:09:44 - simulation time     650 (s) :                                                                             Edge=27851317131809133000 W,   194.4485 dBW
2026/05/07 17:09:44 - simulation time     650 (s) :                                                                                 :(Average:1160471547158713860 W/data center, 180.6463 dBW/data center)
2026/05/07 17:09:44 - simulation time     650 (s) :                                                                             Mist=313592287527409550000 W,   204.9637 dBW
2026/05/07 17:09:44 - simulation time     650 (s) :                                                                                 :(Average:2375699147934920700 W/edge device, 183.7579 dBW/edge device)
2026/05/07 17:09:44 - simulation time     650 (s) : SimLog- Dead edge devices due to battery drain                                  :              0 devices (Among 0 devices with batteries (NaN %))
2026/05/07 17:09:44 - simulation time     650 (s) : SimLog- Average remaining power (devices with batteries that are still alive)   :              0 Wh (Average: 0 %)
2026/05/07 17:09:44 - simulation time     650 (s) : SimulationManager- the Scenario Simulation overflow times :7

================== Simulation finished at time 685.20 ==================


SimLog- Iteration finished...

######################################################################################################################################################################
Starting CloudSim Plus 4.3.0

2026/05/07 17:09:44 - simulation time       0 (s) : ServersManager- Datacenters and devices were generated
2026/05/07 17:09:44 - simulation time       0 (s) : SimulationManager-  Orchestration algorithm= RANDOM_VM-  Architechitecture= ALL -  number of edge devices= 198
2026/05/07 17:09:44 - simulation time       0 (s) : SimulationManager- Simulation: 1  , iteration: 93
2026/05/07 17:09:46 - simulation time     660 (s) : 
2026/05/07 17:09:46 - simulation time     660 (s) : ------------------------------------------------------- OUTPUT -------------------------------------------------------
2026/05/07 17:09:46 - simulation time     660 (s) : 
2026/05/07 17:09:46 - simulation time     660 (s) : SimLog- Tasks not sent because device died (low energy)                         :               0 % (0 tasks)
2026/05/07 17:09:46 - simulation time     660 (s) : SimLog- Tasks sent from edge devices                                            :             100 % (2530 among 2530 generated tasks)
2026/05/07 17:09:46 - simulation time     660 (s) : -------------------------------------All values below are based on the sent tasks-------------------------------------
2026/05/07 17:09:46 - simulation time     660 (s) : SimLog- Tasks ETE delay                                                         :      8677.0321 seconds
2026/05/07 17:09:46 - simulation time     660 (s) : SimLog- Average tasks ETE delay                                                 :         3.9387 seconds
2026/05/07 17:09:46 - simulation time     660 (s) : SimLog- Tasks execution delay                                                   :      1422.3448 seconds
2026/05/07 17:09:46 - simulation time     660 (s) : SimLog- Average tasks execution delay                                           :         0.5777 seconds
2026/05/07 17:09:46 - simulation time     660 (s) : SimLog- Tasks waiting time (from task submiting to the execution start)         :       109.7936 seconds
2026/05/07 17:09:46 - simulation time     660 (s) : SimLog- Average tasks waiting time (from task submiting to the execution start) :         0.0446 seconds
2026/05/07 17:09:46 - simulation time     660 (s) : SimLog- Tasks successfully executed                                             :        87.0751 % (2203 among 2530 sent tasks)
2026/05/07 17:09:46 - simulation time     660 (s) : SimLog- Tasks failures
2026/05/07 17:09:46 - simulation time     660 (s) :                                        Not executed due to resources unavailable:              0 % (0 tasks)
2026/05/07 17:09:46 - simulation time     660 (s) :                               Successfully executed but failed due to high delay:        12.2134 % (309 tasks from 2530 successfully sent tasks)
2026/05/07 17:09:46 - simulation time     660 (s) :                  Tasks execution results not returned because the device is dead:              0 % (0 tasks)
2026/05/07 17:09:46 - simulation time     660 (s) :                      Tasks execution results not returned due to device mobility:         0.7115 % (18 tasks)
2026/05/07 17:09:46 - simulation time     660 (s) : SimLog- Tasks executed on each level                                : Cloud=           1252 tasks (where 1106 were successfully executed)
2026/05/07 17:09:46 - simulation time     660 (s) :                                                                        Edge=            387 tasks (where 337 were successfully executed)
2026/05/07 17:09:46 - simulation time     660 (s) :                                                                        Mist=            891 tasks (where 760 were successfully executed)
2026/05/07 17:09:46 - simulation time     660 (s) : SimLog- Network usage                                                           :           4984 seconds (The total traffic: 11078.8 (MBytes))
2026/05/07 17:09:46 - simulation time     660 (s) :                                                                         Wan=           1262 seconds (25.321 % of total usage, WAN used when downloading containers=0 % of WAN usage)
2026/05/07 17:09:46 - simulation time     660 (s) :                                                                         Lan=           4984 seconds (100 % of total usage, LAN used when downloading containers=0 % of LAN usage)
2026/05/07 17:09:46 - simulation time     660 (s) :                                                    Average bandwidth per transfer=       875.9683 Mbps  
2026/05/07 17:09:46 - simulation time     660 (s) : SimLog- Average vm CPU utilization                                              :         0.1454 %
2026/05/07 17:09:46 - simulation time     660 (s) : SimLog- Average vm CPU utilization per level                             : Cloud=              0 %
2026/05/07 17:09:46 - simulation time     660 (s) :                                                                             Edge=         0.0253 %
2026/05/07 17:09:46 - simulation time     660 (s) :                                                                             Mist=         0.1731 %
2026/05/07 17:09:46 - simulation time     660 (s) : SimLog- Energy consumption                                                      :1043249664827078500000 W,   210.1839 dBW
2026/05/07 17:09:46 - simulation time     660 (s) :                                                                                 :(Average:4346873603446160400 W/data center(or device), 186.3818 dBW/data center(or device))
2026/05/07 17:09:46 - simulation time     660 (s) :                                                                                 :(Average:415306395233709570 W/task, 176.1837 dBW/task)
2026/05/07 17:09:46 - simulation time     660 (s) : SimLog- Energy Consumption per level                                     : Cloud=279264569185825360000 W,   204.4602 dBW
2026/05/07 17:09:46 - simulation time     660 (s) :                                                                                 :(Average:15514698288101409000 W/data center, 191.9074 dBW/data center)
2026/05/07 17:09:46 - simulation time     660 (s) :                                                                             Edge=64679727796389670000 W,   198.1077 dBW
2026/05/07 17:09:46 - simulation time     660 (s) :                                                                                 :(Average:2694988658182902800 W/data center, 184.3056 dBW/data center)
2026/05/07 17:09:46 - simulation time     660 (s) :                                                                             Mist=699305367844863500000 W,   208.4467 dBW
2026/05/07 17:09:46 - simulation time     660 (s) :                                                                                 :(Average:3531845292145775100 W/edge device, 185.48 dBW/edge device)
2026/05/07 17:09:46 - simulation time     660 (s) : SimLog- Dead edge devices due to battery drain                                  :              0 devices (Among 0 devices with batteries (NaN %))
2026/05/07 17:09:46 - simulation time     660 (s) : SimLog- Average remaining power (devices with batteries that are still alive)   :              0 Wh (Average: 0 %)
2026/05/07 17:09:46 - simulation time     660 (s) : SimulationManager- the Scenario Simulation overflow times :7

================== Simulation finished at time 691.50 ==================


SimLog- Iteration finished...

######################################################################################################################################################################
Starting CloudSim Plus 4.3.0

2026/05/07 17:09:46 - simulation time       0 (s) : ServersManager- Datacenters and devices were generated
2026/05/07 17:09:46 - simulation time       0 (s) : SimulationManager-  Orchestration algorithm= RANDOM_VM-  Architechitecture= ALL -  number of edge devices= 264
2026/05/07 17:09:46 - simulation time       0 (s) : SimulationManager- Simulation: 1  , iteration: 94
2026/05/07 17:09:48 - simulation time     660 (s) : 
2026/05/07 17:09:48 - simulation time     660 (s) : ------------------------------------------------------- OUTPUT -------------------------------------------------------
2026/05/07 17:09:48 - simulation time     660 (s) : 
2026/05/07 17:09:48 - simulation time     660 (s) : SimLog- Tasks not sent because device died (low energy)                         :               0 % (0 tasks)
2026/05/07 17:09:48 - simulation time     660 (s) : SimLog- Tasks sent from edge devices                                            :             100 % (3368 among 3368 generated tasks)
2026/05/07 17:09:48 - simulation time     660 (s) : -------------------------------------All values below are based on the sent tasks-------------------------------------
2026/05/07 17:09:48 - simulation time     660 (s) : SimLog- Tasks ETE delay                                                         :     11750.7327 seconds
2026/05/07 17:09:48 - simulation time     660 (s) : SimLog- Average tasks ETE delay                                                 :         4.0173 seconds
2026/05/07 17:09:48 - simulation time     660 (s) : SimLog- Tasks execution delay                                                   :      2077.8644 seconds
2026/05/07 17:09:48 - simulation time     660 (s) : SimLog- Average tasks execution delay                                           :         0.6393 seconds
2026/05/07 17:09:48 - simulation time     660 (s) : SimLog- Tasks waiting time (from task submiting to the execution start)         :       142.2452 seconds
2026/05/07 17:09:48 - simulation time     660 (s) : SimLog- Average tasks waiting time (from task submiting to the execution start) :         0.0438 seconds
2026/05/07 17:09:48 - simulation time     660 (s) : SimLog- Tasks successfully executed                                             :        86.8468 % (2925 among 3368 sent tasks)
2026/05/07 17:09:48 - simulation time     660 (s) : SimLog- Tasks failures
2026/05/07 17:09:48 - simulation time     660 (s) :                                        Not executed due to resources unavailable:              0 % (0 tasks)
2026/05/07 17:09:48 - simulation time     660 (s) :                               Successfully executed but failed due to high delay:        11.9952 % (404 tasks from 3368 successfully sent tasks)
2026/05/07 17:09:48 - simulation time     660 (s) :                  Tasks execution results not returned because the device is dead:              0 % (0 tasks)
2026/05/07 17:09:48 - simulation time     660 (s) :                      Tasks execution results not returned due to device mobility:          1.158 % (39 tasks)
2026/05/07 17:09:48 - simulation time     660 (s) : SimLog- Tasks executed on each level                                : Cloud=           1499 tasks (where 1343 were successfully executed)
2026/05/07 17:09:48 - simulation time     660 (s) :                                                                        Edge=            511 tasks (where 438 were successfully executed)
2026/05/07 17:09:48 - simulation time     660 (s) :                                                                        Mist=           1358 tasks (where 1144 were successfully executed)
2026/05/07 17:09:48 - simulation time     660 (s) : SimLog- Network usage                                                           :           6623 seconds (The total traffic: 16353.7 (MBytes))
2026/05/07 17:09:48 - simulation time     660 (s) :                                                                         Wan=           1512 seconds (22.8295 % of total usage, WAN used when downloading containers=0 % of WAN usage)
2026/05/07 17:09:48 - simulation time     660 (s) :                                                                         Lan=           6623 seconds (100 % of total usage, LAN used when downloading containers=0 % of LAN usage)
2026/05/07 17:09:48 - simulation time     660 (s) :                                                    Average bandwidth per transfer=       872.0553 Mbps  
2026/05/07 17:09:48 - simulation time     660 (s) : SimLog- Average vm CPU utilization                                              :         0.1737 %
2026/05/07 17:09:48 - simulation time     660 (s) : SimLog- Average vm CPU utilization per level                             : Cloud=              0 %
2026/05/07 17:09:48 - simulation time     660 (s) :                                                                             Edge=         0.0371 %
2026/05/07 17:09:48 - simulation time     660 (s) :                                                                             Mist=         0.1979 %
2026/05/07 17:09:48 - simulation time     660 (s) : SimLog- Energy consumption                                                      :1497719460083595700000 W,   211.7543 dBW
2026/05/07 17:09:48 - simulation time     660 (s) :                                                                                 :(Average:4894508039488874500 W/data center(or device), 186.8971 dBW/data center(or device))
2026/05/07 17:09:48 - simulation time     660 (s) :                                                                                 :(Average:449900708946709440 W/task, 176.5312 dBW/task)
2026/05/07 17:09:48 - simulation time     660 (s) : SimLog- Energy Consumption per level                                     : Cloud=412024586368204100000 W,   206.1492 dBW
2026/05/07 17:09:48 - simulation time     660 (s) :                                                                                 :(Average:22890254798233560000 W/data center, 193.5965 dBW/data center)
2026/05/07 17:09:48 - simulation time     660 (s) :                                                                             Edge=78900498434785230000 W,   198.9708 dBW
2026/05/07 17:09:48 - simulation time     660 (s) :                                                                                 :(Average:3287520768116051500 W/data center, 185.1687 dBW/data center)
2026/05/07 17:09:48 - simulation time     660 (s) :                                                                             Mist=1006794375280606300000 W,   210.0294 dBW
2026/05/07 17:09:48 - simulation time     660 (s) :                                                                                 :(Average:3813615057881084400 W/edge device, 185.8134 dBW/edge device)
2026/05/07 17:09:48 - simulation time     660 (s) : SimLog- Dead edge devices due to battery drain                                  :              0 devices (Among 0 devices with batteries (NaN %))
2026/05/07 17:09:48 - simulation time     660 (s) : SimLog- Average remaining power (devices with batteries that are still alive)   :              0 Wh (Average: 0 %)
2026/05/07 17:09:48 - simulation time     660 (s) : SimulationManager- the Scenario Simulation overflow times :7

================== Simulation finished at time 691.50 ==================


SimLog- Iteration finished...

######################################################################################################################################################################
Starting CloudSim Plus 4.3.0

2026/05/07 17:09:48 - simulation time       0 (s) : ServersManager- Datacenters and devices were generated
2026/05/07 17:09:48 - simulation time       0 (s) : SimulationManager-  Orchestration algorithm= RANDOM_VM-  Architechitecture= ALL -  number of edge devices= 330
2026/05/07 17:09:48 - simulation time       0 (s) : SimulationManager- Simulation: 1  , iteration: 95
2026/05/07 17:09:52 - simulation time     650 (s) : 
2026/05/07 17:09:52 - simulation time     650 (s) : ------------------------------------------------------- OUTPUT -------------------------------------------------------
2026/05/07 17:09:52 - simulation time     650 (s) : 
2026/05/07 17:09:52 - simulation time     650 (s) : SimLog- Tasks not sent because device died (low energy)                         :               0 % (0 tasks)
2026/05/07 17:09:52 - simulation time     650 (s) : SimLog- Tasks sent from edge devices                                            :             100 % (4178 among 4178 generated tasks)
2026/05/07 17:09:52 - simulation time     650 (s) : -------------------------------------All values below are based on the sent tasks-------------------------------------
2026/05/07 17:09:52 - simulation time     650 (s) : SimLog- Tasks ETE delay                                                         :     13911.4037 seconds
2026/05/07 17:09:52 - simulation time     650 (s) : SimLog- Average tasks ETE delay                                                 :         3.9634 seconds
2026/05/07 17:09:52 - simulation time     650 (s) : SimLog- Tasks execution delay                                                   :      2582.0018 seconds
2026/05/07 17:09:52 - simulation time     650 (s) : SimLog- Average tasks execution delay                                           :         0.6442 seconds
2026/05/07 17:09:52 - simulation time     650 (s) : SimLog- Tasks waiting time (from task submiting to the execution start)         :       177.1788 seconds
2026/05/07 17:09:52 - simulation time     650 (s) : SimLog- Average tasks waiting time (from task submiting to the execution start) :         0.0442 seconds
2026/05/07 17:09:52 - simulation time     650 (s) : SimLog- Tasks successfully executed                                             :        84.0115 % (3510 among 4178 sent tasks)
2026/05/07 17:09:52 - simulation time     650 (s) : SimLog- Tasks failures
2026/05/07 17:09:52 - simulation time     650 (s) :                                        Not executed due to resources unavailable:              0 % (0 tasks)
2026/05/07 17:09:52 - simulation time     650 (s) :                               Successfully executed but failed due to high delay:        14.8157 % (619 tasks from 4178 successfully sent tasks)
2026/05/07 17:09:52 - simulation time     650 (s) :                  Tasks execution results not returned because the device is dead:              0 % (0 tasks)
2026/05/07 17:09:52 - simulation time     650 (s) :                      Tasks execution results not returned due to device mobility:         1.1728 % (49 tasks)
2026/05/07 17:09:52 - simulation time     650 (s) : SimLog- Tasks executed on each level                                : Cloud=           1607 tasks (where 1375 were successfully executed)
2026/05/07 17:09:52 - simulation time     650 (s) :                                                                        Edge=            561 tasks (where 490 were successfully executed)
2026/05/07 17:09:52 - simulation time     650 (s) :                                                                        Mist=           2010 tasks (where 1645 were successfully executed)
2026/05/07 17:09:52 - simulation time     650 (s) : SimLog- Network usage                                                           :           8182 seconds (The total traffic: 15994.6 (MBytes))
2026/05/07 17:09:52 - simulation time     650 (s) :                                                                         Wan=           1621 seconds (19.8118 % of total usage, WAN used when downloading containers=0 % of WAN usage)
2026/05/07 17:09:52 - simulation time     650 (s) :                                                                         Lan=           8182 seconds (100 % of total usage, LAN used when downloading containers=0 % of LAN usage)
2026/05/07 17:09:52 - simulation time     650 (s) :                                                    Average bandwidth per transfer=       884.0952 Mbps  
2026/05/07 17:09:52 - simulation time     650 (s) : SimLog- Average vm CPU utilization                                              :         0.1634 %
2026/05/07 17:09:52 - simulation time     650 (s) : SimLog- Average vm CPU utilization per level                             : Cloud=         0.0264 %
2026/05/07 17:09:52 - simulation time     650 (s) :                                                                             Edge=         0.0359 %
2026/05/07 17:09:52 - simulation time     650 (s) :                                                                             Mist=         0.1802 %
2026/05/07 17:09:52 - simulation time     650 (s) : SimLog- Energy consumption                                                      :1360702395679816300000 W,   211.3376 dBW
2026/05/07 17:09:52 - simulation time     650 (s) :                                                                                 :(Average:3657802138924237300 W/data center(or device), 185.6322 dBW/data center(or device))
2026/05/07 17:09:52 - simulation time     650 (s) :                                                                                 :(Average:329547686045002750 W/task, 175.1792 dBW/task)
2026/05/07 17:09:52 - simulation time     650 (s) : SimLog- Energy Consumption per level                                     : Cloud=281723485554635570000 W,   204.4982 dBW
2026/05/07 17:09:52 - simulation time     650 (s) :                                                                                 :(Average:15651304753035310000 W/data center, 191.9455 dBW/data center)
2026/05/07 17:09:52 - simulation time     650 (s) :                                                                             Edge=85166333324501990000 W,   199.3027 dBW
2026/05/07 17:09:52 - simulation time     650 (s) :                                                                                 :(Average:3548597221854249500 W/data center, 185.5006 dBW/data center)
2026/05/07 17:09:52 - simulation time     650 (s) :                                                                             Mist=993812576800678600000 W,    209.973 dBW
2026/05/07 17:09:52 - simulation time     650 (s) :                                                                                 :(Average:3011553263032359400 W/edge device, 184.7879 dBW/edge device)
2026/05/07 17:09:52 - simulation time     650 (s) : SimLog- Dead edge devices due to battery drain                                  :              0 devices (Among 0 devices with batteries (NaN %))
2026/05/07 17:09:52 - simulation time     650 (s) : SimLog- Average remaining power (devices with batteries that are still alive)   :              0 Wh (Average: 0 %)
2026/05/07 17:09:52 - simulation time     650 (s) : SimulationManager- the Scenario Simulation overflow times :7

================== Simulation finished at time 685.20 ==================


SimLog- Iteration finished...

######################################################################################################################################################################
Starting CloudSim Plus 4.3.0

2026/05/07 17:09:52 - simulation time       0 (s) : ServersManager- Datacenters and devices were generated
2026/05/07 17:09:52 - simulation time       0 (s) : SimulationManager-  Orchestration algorithm= RANDOM_VM-  Architechitecture= ALL -  number of edge devices= 396
2026/05/07 17:09:52 - simulation time       0 (s) : SimulationManager- Simulation: 1  , iteration: 96
2026/05/07 17:09:58 - simulation time     650 (s) : 
2026/05/07 17:09:58 - simulation time     650 (s) : ------------------------------------------------------- OUTPUT -------------------------------------------------------
2026/05/07 17:09:58 - simulation time     650 (s) : 
2026/05/07 17:09:58 - simulation time     650 (s) : SimLog- Tasks not sent because device died (low energy)                         :               0 % (0 tasks)
2026/05/07 17:09:58 - simulation time     650 (s) : SimLog- Tasks sent from edge devices                                            :             100 % (5020 among 5020 generated tasks)
2026/05/07 17:09:58 - simulation time     650 (s) : -------------------------------------All values below are based on the sent tasks-------------------------------------
2026/05/07 17:09:58 - simulation time     650 (s) : SimLog- Tasks ETE delay                                                         :       17992.45 seconds
2026/05/07 17:09:58 - simulation time     650 (s) : SimLog- Average tasks ETE delay                                                 :         4.1804 seconds
2026/05/07 17:09:58 - simulation time     650 (s) : SimLog- Tasks execution delay                                                   :      3943.2808 seconds
2026/05/07 17:09:58 - simulation time     650 (s) : SimLog- Average tasks execution delay                                           :         0.8137 seconds
2026/05/07 17:09:58 - simulation time     650 (s) : SimLog- Tasks waiting time (from task submiting to the execution start)         :       218.7221 seconds
2026/05/07 17:09:58 - simulation time     650 (s) : SimLog- Average tasks waiting time (from task submiting to the execution start) :         0.0451 seconds
2026/05/07 17:09:58 - simulation time     650 (s) : SimLog- Tasks successfully executed                                             :        85.7371 % (4304 among 5020 sent tasks)
2026/05/07 17:09:58 - simulation time     650 (s) : SimLog- Tasks failures
2026/05/07 17:09:58 - simulation time     650 (s) :                                        Not executed due to resources unavailable:              0 % (0 tasks)
2026/05/07 17:09:58 - simulation time     650 (s) :                               Successfully executed but failed due to high delay:        13.1873 % (662 tasks from 5020 successfully sent tasks)
2026/05/07 17:09:58 - simulation time     650 (s) :                  Tasks execution results not returned because the device is dead:              0 % (0 tasks)
2026/05/07 17:09:58 - simulation time     650 (s) :                      Tasks execution results not returned due to device mobility:         1.0757 % (54 tasks)
2026/05/07 17:09:58 - simulation time     650 (s) : SimLog- Tasks executed on each level                                : Cloud=           1860 tasks (where 1599 were successfully executed)
2026/05/07 17:09:58 - simulation time     650 (s) :                                                                        Edge=            633 tasks (where 548 were successfully executed)
2026/05/07 17:09:58 - simulation time     650 (s) :                                                                        Mist=           2527 tasks (where 2157 were successfully executed)
2026/05/07 17:09:58 - simulation time     650 (s) : SimLog- Network usage                                                           :           9890 seconds (The total traffic: 29069.35 (MBytes))
2026/05/07 17:09:58 - simulation time     650 (s) :                                                                         Wan=           1904 seconds (19.2518 % of total usage, WAN used when downloading containers=0 % of WAN usage)
2026/05/07 17:09:58 - simulation time     650 (s) :                                                                         Lan=           9890 seconds (100 % of total usage, LAN used when downloading containers=0 % of LAN usage)
2026/05/07 17:09:58 - simulation time     650 (s) :                                                    Average bandwidth per transfer=       878.7656 Mbps  
2026/05/07 17:09:58 - simulation time     650 (s) : SimLog- Average vm CPU utilization                                              :         0.2703 %
2026/05/07 17:09:58 - simulation time     650 (s) : SimLog- Average vm CPU utilization per level                             : Cloud=          0.024 %
2026/05/07 17:09:58 - simulation time     650 (s) :                                                                             Edge=         0.0587 %
2026/05/07 17:09:58 - simulation time     650 (s) :                                                                             Mist=         0.2943 %
2026/05/07 17:09:58 - simulation time     650 (s) : SimLog- Energy consumption                                                      :2453902726051058400000 W,   213.8986 dBW
2026/05/07 17:09:58 - simulation time     650 (s) :                                                                                 :(Average:5602517639385977900 W/data center(or device), 187.4838 dBW/data center(or device))
2026/05/07 17:09:58 - simulation time     650 (s) :                                                                                 :(Average:494140701983700860 W/task, 176.9385 dBW/task)
2026/05/07 17:09:58 - simulation time     650 (s) : SimLog- Energy Consumption per level                                     : Cloud=598034181741497800000 W,   207.7673 dBW
2026/05/07 17:09:58 - simulation time     650 (s) :                                                                                 :(Average:33224121207860990000 W/data center, 195.2145 dBW/data center)
2026/05/07 17:09:58 - simulation time     650 (s) :                                                                             Edge=128340114134332470000 W,   201.0836 dBW
2026/05/07 17:09:58 - simulation time     650 (s) :                                                                                 :(Average:5347504755597186000 W/data center, 187.2815 dBW/data center)
2026/05/07 17:09:58 - simulation time     650 (s) :                                                                             Mist=1727528430175228300000 W,   212.3743 dBW
2026/05/07 17:09:58 - simulation time     650 (s) :                                                                                 :(Average:4362445530745525800 W/edge device, 186.3973 dBW/edge device)
2026/05/07 17:09:58 - simulation time     650 (s) : SimLog- Dead edge devices due to battery drain                                  :              0 devices (Among 0 devices with batteries (NaN %))
2026/05/07 17:09:58 - simulation time     650 (s) : SimLog- Average remaining power (devices with batteries that are still alive)   :              0 Wh (Average: 0 %)
2026/05/07 17:09:58 - simulation time     650 (s) : SimulationManager- the Scenario Simulation overflow times :7

================== Simulation finished at time 685.20 ==================


SimLog- Iteration finished...

######################################################################################################################################################################
Starting CloudSim Plus 4.3.0

2026/05/07 17:09:58 - simulation time       0 (s) : ServersManager- Datacenters and devices were generated
2026/05/07 17:09:58 - simulation time       0 (s) : SimulationManager-  Orchestration algorithm= RANDOM_VM-  Architechitecture= ALL -  number of edge devices= 462
2026/05/07 17:09:58 - simulation time       0 (s) : SimulationManager- Simulation: 1  , iteration: 97
2026/05/07 17:10:04 - simulation time     660 (s) : 
2026/05/07 17:10:04 - simulation time     660 (s) : ------------------------------------------------------- OUTPUT -------------------------------------------------------
2026/05/07 17:10:04 - simulation time     660 (s) : 
2026/05/07 17:10:04 - simulation time     660 (s) : SimLog- Tasks not sent because device died (low energy)                         :               0 % (0 tasks)
2026/05/07 17:10:04 - simulation time     660 (s) : SimLog- Tasks sent from edge devices                                            :             100 % (5858 among 5858 generated tasks)
2026/05/07 17:10:04 - simulation time     660 (s) : -------------------------------------All values below are based on the sent tasks-------------------------------------
2026/05/07 17:10:04 - simulation time     660 (s) : SimLog- Tasks ETE delay                                                         :     20486.6826 seconds
2026/05/07 17:10:04 - simulation time     660 (s) : SimLog- Average tasks ETE delay                                                 :         4.0982 seconds
2026/05/07 17:10:04 - simulation time     660 (s) : SimLog- Tasks execution delay                                                   :      4164.5173 seconds
2026/05/07 17:10:04 - simulation time     660 (s) : SimLog- Average tasks execution delay                                           :         0.7376 seconds
2026/05/07 17:10:04 - simulation time     660 (s) : SimLog- Tasks waiting time (from task submiting to the execution start)         :       250.8532 seconds
2026/05/07 17:10:04 - simulation time     660 (s) : SimLog- Average tasks waiting time (from task submiting to the execution start) :         0.0444 seconds
2026/05/07 17:10:04 - simulation time     660 (s) : SimLog- Tasks successfully executed                                             :        85.3363 % (4999 among 5858 sent tasks)
2026/05/07 17:10:04 - simulation time     660 (s) : SimLog- Tasks failures
2026/05/07 17:10:04 - simulation time     660 (s) :                                        Not executed due to resources unavailable:              0 % (0 tasks)
2026/05/07 17:10:04 - simulation time     660 (s) :                               Successfully executed but failed due to high delay:        13.5883 % (796 tasks from 5858 successfully sent tasks)
2026/05/07 17:10:04 - simulation time     660 (s) :                  Tasks execution results not returned because the device is dead:              0 % (0 tasks)
2026/05/07 17:10:04 - simulation time     660 (s) :                      Tasks execution results not returned due to device mobility:         1.0755 % (63 tasks)
2026/05/07 17:10:04 - simulation time     660 (s) : SimLog- Tasks executed on each level                                : Cloud=           1981 tasks (where 1732 were successfully executed)
2026/05/07 17:10:04 - simulation time     660 (s) :                                                                        Edge=            658 tasks (where 571 were successfully executed)
2026/05/07 17:10:04 - simulation time     660 (s) :                                                                        Mist=           3219 tasks (where 2696 were successfully executed)
2026/05/07 17:10:04 - simulation time     660 (s) : SimLog- Network usage                                                           :          11503 seconds (The total traffic: 25790.2 (MBytes))
2026/05/07 17:10:04 - simulation time     660 (s) :                                                                         Wan=           1998 seconds (17.3694 % of total usage, WAN used when downloading containers=0 % of WAN usage)
2026/05/07 17:10:04 - simulation time     660 (s) :                                                                         Lan=          11503 seconds (100 % of total usage, LAN used when downloading containers=0 % of LAN usage)
2026/05/07 17:10:04 - simulation time     660 (s) :                                                    Average bandwidth per transfer=        891.556 Mbps  
2026/05/07 17:10:04 - simulation time     660 (s) : SimLog- Average vm CPU utilization                                              :         0.2304 %
2026/05/07 17:10:04 - simulation time     660 (s) : SimLog- Average vm CPU utilization per level                             : Cloud=         0.0038 %
2026/05/07 17:10:04 - simulation time     660 (s) :                                                                             Edge=         0.0414 %
2026/05/07 17:10:04 - simulation time     660 (s) :                                                                             Mist=         0.2491 %
2026/05/07 17:10:04 - simulation time     660 (s) : SimLog- Energy consumption                                                      :2147990426542445200000 W,   213.3203 dBW
2026/05/07 17:10:04 - simulation time     660 (s) :                                                                                 :(Average:4261885766949296100 W/data center(or device), 186.296 dBW/data center(or device))
2026/05/07 17:10:04 - simulation time     660 (s) :                                                                                 :(Average:370662713812328770 W/task, 175.6898 dBW/task)
2026/05/07 17:10:04 - simulation time     660 (s) : SimLog- Energy Consumption per level                                     : Cloud=452845517332803350000 W,   206.5595 dBW
2026/05/07 17:10:04 - simulation time     660 (s) :                                                                                 :(Average:25158084296266854000 W/data center, 194.0068 dBW/data center)
2026/05/07 17:10:04 - simulation time     660 (s) :                                                                             Edge=92383165489434900000 W,   199.6559 dBW
2026/05/07 17:10:04 - simulation time     660 (s) :                                                                                 :(Average:3849298562059787800 W/data center, 185.8538 dBW/data center)
2026/05/07 17:10:04 - simulation time     660 (s) :                                                                             Mist=1602761743720206800000 W,   212.0487 dBW
2026/05/07 17:10:04 - simulation time     660 (s) :                                                                                 :(Average:3469181263463651300 W/edge device, 185.4023 dBW/edge device)
2026/05/07 17:10:04 - simulation time     660 (s) : SimLog- Dead edge devices due to battery drain                                  :              0 devices (Among 0 devices with batteries (NaN %))
2026/05/07 17:10:04 - simulation time     660 (s) : SimLog- Average remaining power (devices with batteries that are still alive)   :              0 Wh (Average: 0 %)
2026/05/07 17:10:04 - simulation time     660 (s) : SimulationManager- the Scenario Simulation overflow times :7

================== Simulation finished at time 691.50 ==================


SimLog- Iteration finished...

######################################################################################################################################################################
Starting CloudSim Plus 4.3.0

2026/05/07 17:10:04 - simulation time       0 (s) : ServersManager- Datacenters and devices were generated
2026/05/07 17:10:05 - simulation time       0 (s) : SimulationManager-  Orchestration algorithm= RANDOM_VM-  Architechitecture= ALL -  number of edge devices= 528
2026/05/07 17:10:05 - simulation time       0 (s) : SimulationManager- Simulation: 1  , iteration: 98
2026/05/07 17:10:13 - simulation time     650 (s) : 
2026/05/07 17:10:13 - simulation time     650 (s) : ------------------------------------------------------- OUTPUT -------------------------------------------------------
2026/05/07 17:10:13 - simulation time     650 (s) : 
2026/05/07 17:10:13 - simulation time     650 (s) : SimLog- Tasks not sent because device died (low energy)                         :               0 % (0 tasks)
2026/05/07 17:10:13 - simulation time     650 (s) : SimLog- Tasks sent from edge devices                                            :             100 % (6690 among 6690 generated tasks)
2026/05/07 17:10:13 - simulation time     650 (s) : -------------------------------------All values below are based on the sent tasks-------------------------------------
2026/05/07 17:10:13 - simulation time     650 (s) : SimLog- Tasks ETE delay                                                         :     24493.4617 seconds
2026/05/07 17:10:13 - simulation time     650 (s) : SimLog- Average tasks ETE delay                                                 :         4.2435 seconds
2026/05/07 17:10:13 - simulation time     650 (s) : SimLog- Tasks execution delay                                                   :      5342.4774 seconds
2026/05/07 17:10:13 - simulation time     650 (s) : SimLog- Average tasks execution delay                                           :         0.8309 seconds
2026/05/07 17:10:13 - simulation time     650 (s) : SimLog- Tasks waiting time (from task submiting to the execution start)         :       298.7713 seconds
2026/05/07 17:10:13 - simulation time     650 (s) : SimLog- Average tasks waiting time (from task submiting to the execution start) :         0.0465 seconds
2026/05/07 17:10:13 - simulation time     650 (s) : SimLog- Tasks successfully executed                                             :         86.278 % (5772 among 6690 sent tasks)
2026/05/07 17:10:13 - simulation time     650 (s) : SimLog- Tasks failures
2026/05/07 17:10:13 - simulation time     650 (s) :                                        Not executed due to resources unavailable:              0 % (0 tasks)
2026/05/07 17:10:13 - simulation time     650 (s) :                               Successfully executed but failed due to high delay:        12.3617 % (827 tasks from 6690 successfully sent tasks)
2026/05/07 17:10:13 - simulation time     650 (s) :                  Tasks execution results not returned because the device is dead:              0 % (0 tasks)
2026/05/07 17:10:13 - simulation time     650 (s) :                      Tasks execution results not returned due to device mobility:         1.3602 % (91 tasks)
2026/05/07 17:10:13 - simulation time     650 (s) : SimLog- Tasks executed on each level                                : Cloud=           2029 tasks (where 1801 were successfully executed)
2026/05/07 17:10:13 - simulation time     650 (s) :                                                                        Edge=            731 tasks (where 656 were successfully executed)
2026/05/07 17:10:13 - simulation time     650 (s) :                                                                        Mist=           3930 tasks (where 3315 were successfully executed)
2026/05/07 17:10:13 - simulation time     650 (s) : SimLog- Network usage                                                           :          13142 seconds (The total traffic: 37089.5 (MBytes))
2026/05/07 17:10:13 - simulation time     650 (s) :                                                                         Wan=           2071 seconds (15.7586 % of total usage, WAN used when downloading containers=0 % of WAN usage)
2026/05/07 17:10:13 - simulation time     650 (s) :                                                                         Lan=          13142 seconds (100 % of total usage, LAN used when downloading containers=0 % of LAN usage)
2026/05/07 17:10:13 - simulation time     650 (s) :                                                    Average bandwidth per transfer=       891.9748 Mbps  
2026/05/07 17:10:13 - simulation time     650 (s) : SimLog- Average vm CPU utilization                                              :         0.3145 %
2026/05/07 17:10:13 - simulation time     650 (s) : SimLog- Average vm CPU utilization per level                             : Cloud=         0.0045 %
2026/05/07 17:10:13 - simulation time     650 (s) :                                                                             Edge=         0.0737 %
2026/05/07 17:10:13 - simulation time     650 (s) :                                                                             Mist=          0.336 %
2026/05/07 17:10:13 - simulation time     650 (s) : SimLog- Energy consumption                                                      :3097918381185090700000 W,   214.9107 dBW
2026/05/07 17:10:13 - simulation time     650 (s) :                                                                                 :(Average:5434944528394896400 W/data center(or device), 187.352 dBW/data center(or device))
2026/05/07 17:10:13 - simulation time     650 (s) :                                                                                 :(Average:469452702104120450 W/task, 176.7159 dBW/task)
2026/05/07 17:10:13 - simulation time     650 (s) : SimLog- Energy Consumption per level                                     : Cloud=651143210353480600000 W,   208.1368 dBW
2026/05/07 17:10:13 - simulation time     650 (s) :                                                                                 :(Average:36174622797415588000 W/data center, 195.584 dBW/data center)
2026/05/07 17:10:13 - simulation time     650 (s) :                                                                             Edge=162695069935366240000 W,   202.1137 dBW
2026/05/07 17:10:13 - simulation time     650 (s) :                                                                                 :(Average:6778961247306927100 W/data center, 188.3116 dBW/data center)
2026/05/07 17:10:13 - simulation time     650 (s) :                                                                             Mist=2284080100896244200000 W,   213.5871 dBW
2026/05/07 17:10:13 - simulation time     650 (s) :                                                                                 :(Average:4325909282000462300 W/edge device, 186.3608 dBW/edge device)
2026/05/07 17:10:13 - simulation time     650 (s) : SimLog- Dead edge devices due to battery drain                                  :              0 devices (Among 0 devices with batteries (NaN %))
2026/05/07 17:10:13 - simulation time     650 (s) : SimLog- Average remaining power (devices with batteries that are still alive)   :              0 Wh (Average: 0 %)
2026/05/07 17:10:13 - simulation time     650 (s) : SimulationManager- the Scenario Simulation overflow times :7

================== Simulation finished at time 685.20 ==================


SimLog- Iteration finished...

######################################################################################################################################################################
Starting CloudSim Plus 4.3.0

2026/05/07 17:10:13 - simulation time       0 (s) : ServersManager- Datacenters and devices were generated
2026/05/07 17:10:13 - simulation time       0 (s) : SimulationManager-  Orchestration algorithm= RANDOM_VM-  Architechitecture= ALL -  number of edge devices= 594
2026/05/07 17:10:13 - simulation time       0 (s) : SimulationManager- Simulation: 1  , iteration: 99
2026/05/07 17:10:24 - simulation time     660 (s) : 
2026/05/07 17:10:24 - simulation time     660 (s) : ------------------------------------------------------- OUTPUT -------------------------------------------------------
2026/05/07 17:10:24 - simulation time     660 (s) : 
2026/05/07 17:10:24 - simulation time     660 (s) : SimLog- Tasks not sent because device died (low energy)                         :               0 % (0 tasks)
2026/05/07 17:10:24 - simulation time     660 (s) : SimLog- Tasks sent from edge devices                                            :             100 % (7532 among 7532 generated tasks)
2026/05/07 17:10:24 - simulation time     660 (s) : -------------------------------------All values below are based on the sent tasks-------------------------------------
2026/05/07 17:10:24 - simulation time     660 (s) : SimLog- Tasks ETE delay                                                         :     27473.3209 seconds
2026/05/07 17:10:24 - simulation time     660 (s) : SimLog- Average tasks ETE delay                                                 :         4.2456 seconds
2026/05/07 17:10:24 - simulation time     660 (s) : SimLog- Tasks execution delay                                                   :       6021.672 seconds
2026/05/07 17:10:24 - simulation time     660 (s) : SimLog- Average tasks execution delay                                           :         0.8351 seconds
2026/05/07 17:10:24 - simulation time     660 (s) : SimLog- Tasks waiting time (from task submiting to the execution start)         :       429.3584 seconds
2026/05/07 17:10:24 - simulation time     660 (s) : SimLog- Average tasks waiting time (from task submiting to the execution start) :         0.0595 seconds
2026/05/07 17:10:24 - simulation time     660 (s) : SimLog- Tasks successfully executed                                             :        85.9134 % (6471 among 7532 sent tasks)
2026/05/07 17:10:24 - simulation time     660 (s) : SimLog- Tasks failures
2026/05/07 17:10:24 - simulation time     660 (s) :                                        Not executed due to resources unavailable:              0 % (0 tasks)
2026/05/07 17:10:24 - simulation time     660 (s) :                               Successfully executed but failed due to high delay:        12.7191 % (958 tasks from 7532 successfully sent tasks)
2026/05/07 17:10:24 - simulation time     660 (s) :                  Tasks execution results not returned because the device is dead:              0 % (0 tasks)
2026/05/07 17:10:24 - simulation time     660 (s) :                      Tasks execution results not returned due to device mobility:         1.3675 % (103 tasks)
2026/05/07 17:10:24 - simulation time     660 (s) : SimLog- Tasks executed on each level                                : Cloud=           2208 tasks (where 1924 were successfully executed)
2026/05/07 17:10:24 - simulation time     660 (s) :                                                                        Edge=            697 tasks (where 629 were successfully executed)
2026/05/07 17:10:24 - simulation time     660 (s) :                                                                        Mist=           4627 tasks (where 3918 were successfully executed)
2026/05/07 17:10:24 - simulation time     660 (s) : SimLog- Network usage                                                           :          14791 seconds (The total traffic: 38449.95 (MBytes))
2026/05/07 17:10:24 - simulation time     660 (s) :                                                                         Wan=           2274 seconds (15.3742 % of total usage, WAN used when downloading containers=0 % of WAN usage)
2026/05/07 17:10:24 - simulation time     660 (s) :                                                                         Lan=          14791 seconds (100 % of total usage, LAN used when downloading containers=0 % of LAN usage)
2026/05/07 17:10:24 - simulation time     660 (s) :                                                    Average bandwidth per transfer=       892.5957 Mbps  
2026/05/07 17:10:24 - simulation time     660 (s) : SimLog- Average vm CPU utilization                                              :          0.304 %
2026/05/07 17:10:24 - simulation time     660 (s) : SimLog- Average vm CPU utilization per level                             : Cloud=         0.0127 %
2026/05/07 17:10:24 - simulation time     660 (s) :                                                                             Edge=         0.0613 %
2026/05/07 17:10:24 - simulation time     660 (s) :                                                                             Mist=         0.3226 %
2026/05/07 17:10:24 - simulation time     660 (s) : SimLog- Energy consumption                                                      :3108883642007101600000 W,    214.926 dBW
2026/05/07 17:10:24 - simulation time     660 (s) :                                                                                 :(Average:4888181827055191000 W/data center(or device), 186.8915 dBW/data center(or device))
2026/05/07 17:10:24 - simulation time     660 (s) :                                                                                 :(Average:418479424149562750 W/task, 176.2167 dBW/task)
2026/05/07 17:10:24 - simulation time     660 (s) : SimLog- Energy Consumption per level                                     : Cloud=638369819275619500000 W,   208.0507 dBW
2026/05/07 17:10:24 - simulation time     660 (s) :                                                                                 :(Average:35464989959756636000 W/data center, 195.498 dBW/data center)
2026/05/07 17:10:24 - simulation time     660 (s) :                                                                             Edge=132402557450511300000 W,    201.219 dBW
2026/05/07 17:10:24 - simulation time     660 (s) :                                                                                 :(Average:5516773227104638000 W/data center, 187.4169 dBW/data center)
2026/05/07 17:10:24 - simulation time     660 (s) :                                                                             Mist=2338111265280971000000 W,   213.6887 dBW
2026/05/07 17:10:24 - simulation time     660 (s) :                                                                                 :(Average:3936214251314765800 W/edge device, 185.9508 dBW/edge device)
2026/05/07 17:10:24 - simulation time     660 (s) : SimLog- Dead edge devices due to battery drain                                  :              0 devices (Among 0 devices with batteries (NaN %))
2026/05/07 17:10:24 - simulation time     660 (s) : SimLog- Average remaining power (devices with batteries that are still alive)   :              0 Wh (Average: 0 %)
2026/05/07 17:10:24 - simulation time     660 (s) : SimulationManager- the Scenario Simulation overflow times :7

================== Simulation finished at time 691.50 ==================


SimLog- Iteration finished...

######################################################################################################################################################################
Starting CloudSim Plus 4.3.0

2026/05/07 17:10:24 - simulation time       0 (s) : ServersManager- Datacenters and devices were generated
2026/05/07 17:10:25 - simulation time       0 (s) : SimulationManager-  Orchestration algorithm= RANDOM_VM-  Architechitecture= ALL -  number of edge devices= 660
2026/05/07 17:10:25 - simulation time       0 (s) : SimulationManager- Simulation: 1  , iteration: 100
2026/05/07 17:10:38 - simulation time     660 (s) : 
2026/05/07 17:10:38 - simulation time     660 (s) : ------------------------------------------------------- OUTPUT -------------------------------------------------------
2026/05/07 17:10:38 - simulation time     660 (s) : 
2026/05/07 17:10:38 - simulation time     660 (s) : SimLog- Tasks not sent because device died (low energy)                         :               0 % (0 tasks)
2026/05/07 17:10:38 - simulation time     660 (s) : SimLog- Tasks sent from edge devices                                            :             100 % (8348 among 8348 generated tasks)
2026/05/07 17:10:38 - simulation time     660 (s) : -------------------------------------All values below are based on the sent tasks-------------------------------------
2026/05/07 17:10:38 - simulation time     660 (s) : SimLog- Tasks ETE delay                                                         :     29914.3095 seconds
2026/05/07 17:10:38 - simulation time     660 (s) : SimLog- Average tasks ETE delay                                                 :         4.2414 seconds
2026/05/07 17:10:38 - simulation time     660 (s) : SimLog- Tasks execution delay                                                   :      5798.4862 seconds
2026/05/07 17:10:38 - simulation time     660 (s) : SimLog- Average tasks execution delay                                           :         0.7297 seconds
2026/05/07 17:10:38 - simulation time     660 (s) : SimLog- Tasks waiting time (from task submiting to the execution start)         :      1521.9218 seconds
2026/05/07 17:10:38 - simulation time     660 (s) : SimLog- Average tasks waiting time (from task submiting to the execution start) :         0.1915 seconds
2026/05/07 17:10:38 - simulation time     660 (s) : SimLog- Tasks successfully executed                                             :        84.4873 % (7053 among 8348 sent tasks)
2026/05/07 17:10:38 - simulation time     660 (s) : SimLog- Tasks failures
2026/05/07 17:10:38 - simulation time     660 (s) :                                        Not executed due to resources unavailable:              0 % (0 tasks)
2026/05/07 17:10:38 - simulation time     660 (s) :                               Successfully executed but failed due to high delay:        14.3507 % (1198 tasks from 8348 successfully sent tasks)
2026/05/07 17:10:38 - simulation time     660 (s) :                  Tasks execution results not returned because the device is dead:              0 % (0 tasks)
2026/05/07 17:10:38 - simulation time     660 (s) :                      Tasks execution results not returned due to device mobility:          1.162 % (97 tasks)
2026/05/07 17:10:38 - simulation time     660 (s) : SimLog- Tasks executed on each level                                : Cloud=           2228 tasks (where 1940 were successfully executed)
2026/05/07 17:10:38 - simulation time     660 (s) :                                                                        Edge=            767 tasks (where 660 were successfully executed)
2026/05/07 17:10:38 - simulation time     660 (s) :                                                                        Mist=           5353 tasks (where 4453 were successfully executed)
2026/05/07 17:10:38 - simulation time     660 (s) : SimLog- Network usage                                                           :          16287 seconds (The total traffic: 31176.1 (MBytes))
2026/05/07 17:10:38 - simulation time     660 (s) :                                                                         Wan=           2258 seconds (13.8638 % of total usage, WAN used when downloading containers=0 % of WAN usage)
2026/05/07 17:10:38 - simulation time     660 (s) :                                                                         Lan=          16287 seconds (100 % of total usage, LAN used when downloading containers=0 % of LAN usage)
2026/05/07 17:10:38 - simulation time     660 (s) :                                                    Average bandwidth per transfer=        901.461 Mbps  
2026/05/07 17:10:38 - simulation time     660 (s) : SimLog- Average vm CPU utilization                                              :         0.2245 %
2026/05/07 17:10:38 - simulation time     660 (s) : SimLog- Average vm CPU utilization per level                             : Cloud=         0.0101 %
2026/05/07 17:10:38 - simulation time     660 (s) :                                                                             Edge=          0.046 %
2026/05/07 17:10:38 - simulation time     660 (s) :                                                                             Mist=         0.2368 %
2026/05/07 17:10:38 - simulation time     660 (s) : SimLog- Energy consumption                                                      :2544836675749435000000 W,   214.0566 dBW
2026/05/07 17:10:38 - simulation time     660 (s) :                                                                                 :(Average:3625123469728539600 W/data center(or device), 185.5932 dBW/data center(or device))
2026/05/07 17:10:38 - simulation time     660 (s) :                                                                                 :(Average:308427666434303100 W/task, 174.8915 dBW/task)
2026/05/07 17:10:38 - simulation time     660 (s) : SimLog- Energy Consumption per level                                     : Cloud=478497353976377500000 W,   206.7988 dBW
2026/05/07 17:10:38 - simulation time     660 (s) :                                                                                 :(Average:26583186332020974000 W/data center, 194.2461 dBW/data center)
2026/05/07 17:10:38 - simulation time     660 (s) :                                                                             Edge=98890975286510450000 W,   199.9516 dBW
2026/05/07 17:10:38 - simulation time     660 (s) :                                                                                 :(Average:4120457303604602400 W/data center, 186.1495 dBW/data center)
2026/05/07 17:10:38 - simulation time     660 (s) :                                                                             Mist=1967448346486547000000 W,    212.939 dBW
2026/05/07 17:10:38 - simulation time     660 (s) :                                                                                 :(Average:2980982343161434600 W/edge device, 184.7436 dBW/edge device)
2026/05/07 17:10:38 - simulation time     660 (s) : SimLog- Dead edge devices due to battery drain                                  :              0 devices (Among 0 devices with batteries (NaN %))
2026/05/07 17:10:38 - simulation time     660 (s) : SimLog- Average remaining power (devices with batteries that are still alive)   :              0 Wh (Average: 0 %)
2026/05/07 17:10:38 - simulation time     660 (s) : SimulationManager- the Scenario Simulation overflow times :7

================== Simulation finished at time 691.50 ==================


SimLog- Iteration finished...

######################################################################################################################################################################
Starting CloudSim Plus 4.3.0

2026/05/07 17:10:38 - simulation time       0 (s) : ServersManager- Datacenters and devices were generated
2026/05/07 17:10:38 - simulation time       0 (s) : SimulationManager-  Orchestration algorithm= RANDOM_VM-  Architechitecture= ALL -  number of edge devices= 726
2026/05/07 17:10:38 - simulation time       0 (s) : SimulationManager- Simulation: 1  , iteration: 101
2026/05/07 17:10:52 - simulation time     660 (s) : 
2026/05/07 17:10:52 - simulation time     660 (s) : ------------------------------------------------------- OUTPUT -------------------------------------------------------
2026/05/07 17:10:52 - simulation time     660 (s) : 
2026/05/07 17:10:52 - simulation time     660 (s) : SimLog- Tasks not sent because device died (low energy)                         :               0 % (0 tasks)
2026/05/07 17:10:52 - simulation time     660 (s) : SimLog- Tasks sent from edge devices                                            :             100 % (9212 among 9212 generated tasks)
2026/05/07 17:10:52 - simulation time     660 (s) : -------------------------------------All values below are based on the sent tasks-------------------------------------
2026/05/07 17:10:52 - simulation time     660 (s) : SimLog- Tasks ETE delay                                                         :     35770.9949 seconds
2026/05/07 17:10:52 - simulation time     660 (s) : SimLog- Average tasks ETE delay                                                 :         4.6528 seconds
2026/05/07 17:10:52 - simulation time     660 (s) : SimLog- Tasks execution delay                                                   :      7161.5181 seconds
2026/05/07 17:10:52 - simulation time     660 (s) : SimLog- Average tasks execution delay                                           :         0.8292 seconds
2026/05/07 17:10:52 - simulation time     660 (s) : SimLog- Tasks waiting time (from task submiting to the execution start)         :      3675.8669 seconds
2026/05/07 17:10:52 - simulation time     660 (s) : SimLog- Average tasks waiting time (from task submiting to the execution start) :         0.4256 seconds
2026/05/07 17:10:52 - simulation time     660 (s) : SimLog- Tasks successfully executed                                             :        83.4564 % (7688 among 9212 sent tasks)
2026/05/07 17:10:52 - simulation time     660 (s) : SimLog- Tasks failures
2026/05/07 17:10:52 - simulation time     660 (s) :                                        Not executed due to resources unavailable:              0 % (0 tasks)
2026/05/07 17:10:52 - simulation time     660 (s) :                               Successfully executed but failed due to high delay:        15.1541 % (1396 tasks from 9212 successfully sent tasks)
2026/05/07 17:10:52 - simulation time     660 (s) :                  Tasks execution results not returned because the device is dead:              0 % (0 tasks)
2026/05/07 17:10:52 - simulation time     660 (s) :                      Tasks execution results not returned due to device mobility:         1.3895 % (128 tasks)
2026/05/07 17:10:52 - simulation time     660 (s) : SimLog- Tasks executed on each level                                : Cloud=           2311 tasks (where 1992 were successfully executed)
2026/05/07 17:10:52 - simulation time     660 (s) :                                                                        Edge=            802 tasks (where 659 were successfully executed)
2026/05/07 17:10:52 - simulation time     660 (s) :                                                                        Mist=           6099 tasks (where 5037 were successfully executed)
2026/05/07 17:10:52 - simulation time     660 (s) : SimLog- Network usage                                                           :          17880 seconds (The total traffic: 42858.65 (MBytes))
2026/05/07 17:10:52 - simulation time     660 (s) :                                                                         Wan=           2382 seconds (13.3221 % of total usage, WAN used when downloading containers=0 % of WAN usage)
2026/05/07 17:10:52 - simulation time     660 (s) :                                                                         Lan=          17880 seconds (100 % of total usage, LAN used when downloading containers=0 % of LAN usage)
2026/05/07 17:10:52 - simulation time     660 (s) :                                                    Average bandwidth per transfer=       901.4841 Mbps  
2026/05/07 17:10:52 - simulation time     660 (s) : SimLog- Average vm CPU utilization                                              :         0.3249 %
2026/05/07 17:10:52 - simulation time     660 (s) : SimLog- Average vm CPU utilization per level                             : Cloud=         0.0588 %
2026/05/07 17:10:52 - simulation time     660 (s) :                                                                             Edge=         0.0761 %
2026/05/07 17:10:52 - simulation time     660 (s) :                                                                             Mist=         0.3397 %
2026/05/07 17:10:52 - simulation time     660 (s) : SimLog- Energy consumption                                                      :3406249540120630000000 W,   215.3228 dBW
2026/05/07 17:10:52 - simulation time     660 (s) :                                                                                 :(Average:4435220755365403100 W/data center(or device), 186.4692 dBW/data center(or device))
2026/05/07 17:10:52 - simulation time     660 (s) :                                                                                 :(Average:374972428458898050 W/task, 175.74 dBW/task)
2026/05/07 17:10:52 - simulation time     660 (s) : SimLog- Energy Consumption per level                                     : Cloud=645548424827273600000 W,   208.0993 dBW
2026/05/07 17:10:52 - simulation time     660 (s) :                                                                                 :(Average:35863801379292980000 W/data center, 195.5466 dBW/data center)
2026/05/07 17:10:52 - simulation time     660 (s) :                                                                             Edge=135410012642360310000 W,   201.3165 dBW
2026/05/07 17:10:52 - simulation time     660 (s) :                                                                                 :(Average:5642083860098346000 W/data center, 187.5144 dBW/data center)
2026/05/07 17:10:52 - simulation time     660 (s) :                                                                             Mist=2625291102650995600000 W,   214.1918 dBW
2026/05/07 17:10:52 - simulation time     660 (s) :                                                                                 :(Average:3616103447177679900 W/edge device, 185.5824 dBW/edge device)
2026/05/07 17:10:52 - simulation time     660 (s) : SimLog- Dead edge devices due to battery drain                                  :              0 devices (Among 0 devices with batteries (NaN %))
2026/05/07 17:10:52 - simulation time     660 (s) : SimLog- Average remaining power (devices with batteries that are still alive)   :              0 Wh (Average: 0 %)
2026/05/07 17:10:52 - simulation time     660 (s) : SimulationManager- the Scenario Simulation overflow times :7

================== Simulation finished at time 691.50 ==================


SimLog- Iteration finished...

######################################################################################################################################################################
Starting CloudSim Plus 4.3.0

2026/05/07 17:10:52 - simulation time       0 (s) : ServersManager- Datacenters and devices were generated
2026/05/07 17:10:52 - simulation time       0 (s) : SimulationManager-  Orchestration algorithm= RANDOM_VM-  Architechitecture= ALL -  number of edge devices= 792
2026/05/07 17:10:52 - simulation time       0 (s) : SimulationManager- Simulation: 1  , iteration: 102
2026/05/07 17:11:11 - simulation time     660 (s) : 
2026/05/07 17:11:11 - simulation time     660 (s) : ------------------------------------------------------- OUTPUT -------------------------------------------------------
2026/05/07 17:11:11 - simulation time     660 (s) : 
2026/05/07 17:11:11 - simulation time     660 (s) : SimLog- Tasks not sent because device died (low energy)                         :               0 % (0 tasks)
2026/05/07 17:11:11 - simulation time     660 (s) : SimLog- Tasks sent from edge devices                                            :             100 % (10024 among 10024 generated tasks)
2026/05/07 17:11:11 - simulation time     660 (s) : -------------------------------------All values below are based on the sent tasks-------------------------------------
2026/05/07 17:11:11 - simulation time     660 (s) : SimLog- Tasks ETE delay                                                         :     44572.7198 seconds
2026/05/07 17:11:11 - simulation time     660 (s) : SimLog- Average tasks ETE delay                                                 :         5.3107 seconds
2026/05/07 17:11:11 - simulation time     660 (s) : SimLog- Tasks execution delay                                                   :      8614.0209 seconds
2026/05/07 17:11:11 - simulation time     660 (s) : SimLog- Average tasks execution delay                                           :         0.9306 seconds
2026/05/07 17:11:11 - simulation time     660 (s) : SimLog- Tasks waiting time (from task submiting to the execution start)         :      8422.2803 seconds
2026/05/07 17:11:11 - simulation time     660 (s) : SimLog- Average tasks waiting time (from task submiting to the execution start) :         0.9099 seconds
2026/05/07 17:11:11 - simulation time     660 (s) : SimLog- Tasks successfully executed                                             :         83.749 % (8395 among 10024 sent tasks)
2026/05/07 17:11:11 - simulation time     660 (s) : SimLog- Tasks failures
2026/05/07 17:11:11 - simulation time     660 (s) :                                        Not executed due to resources unavailable:              0 % (0 tasks)
2026/05/07 17:11:11 - simulation time     660 (s) :                               Successfully executed but failed due to high delay:        14.7247 % (1476 tasks from 10024 successfully sent tasks)
2026/05/07 17:11:11 - simulation time     660 (s) :                  Tasks execution results not returned because the device is dead:              0 % (0 tasks)
2026/05/07 17:11:11 - simulation time     660 (s) :                      Tasks execution results not returned due to device mobility:         1.5263 % (153 tasks)
2026/05/07 17:11:11 - simulation time     660 (s) : SimLog- Tasks executed on each level                                : Cloud=           2443 tasks (where 2087 were successfully executed)
2026/05/07 17:11:11 - simulation time     660 (s) :                                                                        Edge=            839 tasks (where 724 were successfully executed)
2026/05/07 17:11:11 - simulation time     660 (s) :                                                                        Mist=           6740 tasks (where 5582 were successfully executed)
2026/05/07 17:11:11 - simulation time     660 (s) : SimLog- Network usage                                                           :          19339 seconds (The total traffic: 53934 (MBytes))
2026/05/07 17:11:11 - simulation time     660 (s) :                                                                         Wan=           2529 seconds (13.0772 % of total usage, WAN used when downloading containers=0 % of WAN usage)
2026/05/07 17:11:11 - simulation time     660 (s) :                                                                         Lan=          19339 seconds (100 % of total usage, LAN used when downloading containers=0 % of LAN usage)
2026/05/07 17:11:11 - simulation time     660 (s) :                                                    Average bandwidth per transfer=       901.7159 Mbps  
2026/05/07 17:11:11 - simulation time     660 (s) : SimLog- Average vm CPU utilization                                              :         0.3865 %
2026/05/07 17:11:11 - simulation time     660 (s) : SimLog- Average vm CPU utilization per level                             : Cloud=         0.0372 %
2026/05/07 17:11:11 - simulation time     660 (s) :                                                                             Edge=         0.0821 %
2026/05/07 17:11:11 - simulation time     660 (s) :                                                                             Mist=         0.4036 %
2026/05/07 17:11:11 - simulation time     660 (s) : SimLog- Energy consumption                                                      :4066184438027224400000 W,   216.0919 dBW
2026/05/07 17:11:11 - simulation time     660 (s) :                                                                                 :(Average:4875520908905544700 W/data center(or device), 186.8802 dBW/data center(or device))
2026/05/07 17:11:11 - simulation time     660 (s) :                                                                                 :(Average:412015851456806590 W/task, 176.1491 dBW/task)
2026/05/07 17:11:11 - simulation time     660 (s) : SimLog- Energy Consumption per level                                     : Cloud=679353993321656100000 W,    208.321 dBW
2026/05/07 17:11:11 - simulation time     660 (s) :                                                                                 :(Average:37741888517869780000 W/data center, 195.7682 dBW/data center)
2026/05/07 17:11:11 - simulation time     660 (s) :                                                                             Edge=180111618967415360000 W,   202.5554 dBW
2026/05/07 17:11:11 - simulation time     660 (s) :                                                                                 :(Average:7504650790308973600 W/data center, 188.7533 dBW/data center)
2026/05/07 17:11:11 - simulation time     660 (s) :                                                                             Mist=3206718825738152700000 W,   215.0606 dBW
2026/05/07 17:11:11 - simulation time     660 (s) :                                                                                 :(Average:4048887406235041300 W/edge device, 186.0734 dBW/edge device)
2026/05/07 17:11:11 - simulation time     660 (s) : SimLog- Dead edge devices due to battery drain                                  :              0 devices (Among 0 devices with batteries (NaN %))
2026/05/07 17:11:11 - simulation time     660 (s) : SimLog- Average remaining power (devices with batteries that are still alive)   :              0 Wh (Average: 0 %)
2026/05/07 17:11:11 - simulation time     660 (s) : SimulationManager- the Scenario Simulation overflow times :8

================== Simulation finished at time 691.50 ==================


SimLog- Iteration finished...

######################################################################################################################################################################
Starting CloudSim Plus 4.3.0

2026/05/07 17:11:11 - simulation time       0 (s) : ServersManager- Datacenters and devices were generated
2026/05/07 17:11:11 - simulation time       0 (s) : SimulationManager-  Orchestration algorithm= RANDOM_VM-  Architechitecture= ALL -  number of edge devices= 858
2026/05/07 17:11:11 - simulation time       0 (s) : SimulationManager- Simulation: 1  , iteration: 103
2026/05/07 17:11:32 - simulation time     660 (s) : 
2026/05/07 17:11:32 - simulation time     660 (s) : ------------------------------------------------------- OUTPUT -------------------------------------------------------
2026/05/07 17:11:32 - simulation time     660 (s) : 
2026/05/07 17:11:32 - simulation time     660 (s) : SimLog- Tasks not sent because device died (low energy)                         :               0 % (0 tasks)
2026/05/07 17:11:32 - simulation time     660 (s) : SimLog- Tasks sent from edge devices                                            :             100 % (10880 among 10880 generated tasks)
2026/05/07 17:11:32 - simulation time     660 (s) : -------------------------------------All values below are based on the sent tasks-------------------------------------
2026/05/07 17:11:32 - simulation time     660 (s) : SimLog- Tasks ETE delay                                                         :     51009.2495 seconds
2026/05/07 17:11:32 - simulation time     660 (s) : SimLog- Average tasks ETE delay                                                 :         5.6943 seconds
2026/05/07 17:11:32 - simulation time     660 (s) : SimLog- Tasks execution delay                                                   :      8365.2797 seconds
2026/05/07 17:11:32 - simulation time     660 (s) : SimLog- Average tasks execution delay                                           :         0.8404 seconds
2026/05/07 17:11:32 - simulation time     660 (s) : SimLog- Tasks waiting time (from task submiting to the execution start)         :     13322.7016 seconds
2026/05/07 17:11:32 - simulation time     660 (s) : SimLog- Average tasks waiting time (from task submiting to the execution start) :         1.3384 seconds
2026/05/07 17:11:32 - simulation time     660 (s) : SimLog- Tasks successfully executed                                             :        82.3529 % (8960 among 10880 sent tasks)
2026/05/07 17:11:32 - simulation time     660 (s) : SimLog- Tasks failures
2026/05/07 17:11:32 - simulation time     660 (s) :                                        Not executed due to resources unavailable:              0 % (0 tasks)
2026/05/07 17:11:32 - simulation time     660 (s) :                               Successfully executed but failed due to high delay:         16.011 % (1742 tasks from 10880 successfully sent tasks)
2026/05/07 17:11:32 - simulation time     660 (s) :                  Tasks execution results not returned because the device is dead:              0 % (0 tasks)
2026/05/07 17:11:32 - simulation time     660 (s) :                      Tasks execution results not returned due to device mobility:          1.636 % (178 tasks)
2026/05/07 17:11:32 - simulation time     660 (s) : SimLog- Tasks executed on each level                                : Cloud=           2570 tasks (where 2172 were successfully executed)
2026/05/07 17:11:32 - simulation time     660 (s) :                                                                        Edge=            863 tasks (where 735 were successfully executed)
2026/05/07 17:11:32 - simulation time     660 (s) :                                                                        Mist=           7447 tasks (where 6053 were successfully executed)
2026/05/07 17:11:32 - simulation time     660 (s) : SimLog- Network usage                                                           :          20887 seconds (The total traffic: 49800.45 (MBytes))
2026/05/07 17:11:32 - simulation time     660 (s) :                                                                         Wan=           2649 seconds (12.6825 % of total usage, WAN used when downloading containers=0 % of WAN usage)
2026/05/07 17:11:32 - simulation time     660 (s) :                                                                         Lan=          20887 seconds (100 % of total usage, LAN used when downloading containers=0 % of LAN usage)
2026/05/07 17:11:32 - simulation time     660 (s) :                                                    Average bandwidth per transfer=       905.1708 Mbps  
2026/05/07 17:11:32 - simulation time     660 (s) : SimLog- Average vm CPU utilization                                              :         0.3636 %
2026/05/07 17:11:32 - simulation time     660 (s) : SimLog- Average vm CPU utilization per level                             : Cloud=         0.1237 %
2026/05/07 17:11:32 - simulation time     660 (s) :                                                                             Edge=          0.115 %
2026/05/07 17:11:32 - simulation time     660 (s) :                                                                             Mist=         0.3756 %
2026/05/07 17:11:32 - simulation time     660 (s) : SimLog- Energy consumption                                                      :3785178855093233000000 W,   215.7809 dBW
2026/05/07 17:11:32 - simulation time     660 (s) :                                                                                 :(Average:4205754283436925400 W/data center(or device), 186.2384 dBW/data center(or device))
2026/05/07 17:11:32 - simulation time     660 (s) :                                                                                 :(Average:353589804305766720 W/task, 175.485 dBW/task)
2026/05/07 17:11:32 - simulation time     660 (s) : SimLog- Energy Consumption per level                                     : Cloud=637296076120764700000 W,   208.0434 dBW
2026/05/07 17:11:32 - simulation time     660 (s) :                                                                                 :(Average:35405337562264707000 W/data center, 195.4907 dBW/data center)
2026/05/07 17:11:32 - simulation time     660 (s) :                                                                             Edge=148119727436961780000 W,   201.7061 dBW
2026/05/07 17:11:32 - simulation time     660 (s) :                                                                                 :(Average:6171655309873407000 W/data center, 187.904 dBW/data center)
2026/05/07 17:11:32 - simulation time     660 (s) :                                                                             Mist=2999763051535506300000 W,   214.7709 dBW
2026/05/07 17:11:32 - simulation time     660 (s) :                                                                                 :(Average:3496227332791965200 W/edge device, 185.436 dBW/edge device)
2026/05/07 17:11:32 - simulation time     660 (s) : SimLog- Dead edge devices due to battery drain                                  :              0 devices (Among 0 devices with batteries (NaN %))
2026/05/07 17:11:32 - simulation time     660 (s) : SimLog- Average remaining power (devices with batteries that are still alive)   :              0 Wh (Average: 0 %)
2026/05/07 17:11:32 - simulation time     660 (s) : SimulationManager- the Scenario Simulation overflow times :9

================== Simulation finished at time 691.50 ==================


SimLog- Iteration finished...

######################################################################################################################################################################
Starting CloudSim Plus 4.3.0

2026/05/07 17:11:32 - simulation time       0 (s) : ServersManager- Datacenters and devices were generated
2026/05/07 17:11:32 - simulation time       0 (s) : SimulationManager-  Orchestration algorithm= RANDOM_VM-  Architechitecture= ALL -  number of edge devices= 924
2026/05/07 17:11:32 - simulation time       0 (s) : SimulationManager- Simulation: 1  , iteration: 104
2026/05/07 17:11:56 - simulation time     660 (s) : 
2026/05/07 17:11:56 - simulation time     660 (s) : ------------------------------------------------------- OUTPUT -------------------------------------------------------
2026/05/07 17:11:56 - simulation time     660 (s) : 
2026/05/07 17:11:56 - simulation time     660 (s) : SimLog- Tasks not sent because device died (low energy)                         :               0 % (0 tasks)
2026/05/07 17:11:56 - simulation time     660 (s) : SimLog- Tasks sent from edge devices                                            :             100 % (11712 among 11712 generated tasks)
2026/05/07 17:11:56 - simulation time     660 (s) : -------------------------------------All values below are based on the sent tasks-------------------------------------
2026/05/07 17:11:56 - simulation time     660 (s) : SimLog- Tasks ETE delay                                                         :     60604.3286 seconds
2026/05/07 17:11:56 - simulation time     660 (s) : SimLog- Average tasks ETE delay                                                 :          6.264 seconds
2026/05/07 17:11:56 - simulation time     660 (s) : SimLog- Tasks execution delay                                                   :      9193.1649 seconds
2026/05/07 17:11:56 - simulation time     660 (s) : SimLog- Average tasks execution delay                                           :         0.8547 seconds
2026/05/07 17:11:56 - simulation time     660 (s) : SimLog- Tasks waiting time (from task submiting to the execution start)         :      19687.997 seconds
2026/05/07 17:11:56 - simulation time     660 (s) : SimLog- Average tasks waiting time (from task submiting to the execution start) :         1.8304 seconds
2026/05/07 17:11:56 - simulation time     660 (s) : SimLog- Tasks successfully executed                                             :        82.6076 % (9675 among 11712 sent tasks)
2026/05/07 17:11:56 - simulation time     660 (s) : SimLog- Tasks failures
2026/05/07 17:11:56 - simulation time     660 (s) :                                        Not executed due to resources unavailable:              0 % (0 tasks)
2026/05/07 17:11:56 - simulation time     660 (s) :                               Successfully executed but failed due to high delay:        15.6079 % (1828 tasks from 11712 successfully sent tasks)
2026/05/07 17:11:56 - simulation time     660 (s) :                  Tasks execution results not returned because the device is dead:              0 % (0 tasks)
2026/05/07 17:11:56 - simulation time     660 (s) :                      Tasks execution results not returned due to device mobility:         1.7845 % (209 tasks)
2026/05/07 17:11:56 - simulation time     660 (s) : SimLog- Tasks executed on each level                                : Cloud=           2572 tasks (where 2174 were successfully executed)
2026/05/07 17:11:56 - simulation time     660 (s) :                                                                        Edge=            904 tasks (where 776 were successfully executed)
2026/05/07 17:11:56 - simulation time     660 (s) :                                                                        Mist=           8236 tasks (where 6725 were successfully executed)
2026/05/07 17:11:56 - simulation time     660 (s) : SimLog- Network usage                                                           :          22534 seconds (The total traffic: 52823.15 (MBytes))
2026/05/07 17:11:56 - simulation time     660 (s) :                                                                         Wan=           2655 seconds (11.7822 % of total usage, WAN used when downloading containers=0 % of WAN usage)
2026/05/07 17:11:56 - simulation time     660 (s) :                                                                         Lan=          22534 seconds (100 % of total usage, LAN used when downloading containers=0 % of LAN usage)
2026/05/07 17:11:56 - simulation time     660 (s) :                                                    Average bandwidth per transfer=       909.9696 Mbps  
2026/05/07 17:11:56 - simulation time     660 (s) : SimLog- Average vm CPU utilization                                              :         0.3494 %
2026/05/07 17:11:56 - simulation time     660 (s) : SimLog- Average vm CPU utilization per level                             : Cloud=         0.0439 %
2026/05/07 17:11:56 - simulation time     660 (s) :                                                                             Edge=         0.0852 %
2026/05/07 17:11:56 - simulation time     660 (s) :                                                                             Mist=         0.3622 %
2026/05/07 17:11:56 - simulation time     660 (s) : SimLog- Energy consumption                                                      :3922899473995095000000 W,   215.9361 dBW
2026/05/07 17:11:56 - simulation time     660 (s) :                                                                                 :(Average:4060972540367593500 W/data center(or device), 186.0863 dBW/data center(or device))
2026/05/07 17:11:56 - simulation time     660 (s) :                                                                                 :(Average:340943809664096580 W/task, 175.3268 dBW/task)
2026/05/07 17:11:56 - simulation time     660 (s) : SimLog- Energy Consumption per level                                     : Cloud=590758297736096000000 W,   207.7141 dBW
2026/05/07 17:11:56 - simulation time     660 (s) :                                                                                 :(Average:32819905429783110000 W/data center, 195.1614 dBW/data center)
2026/05/07 17:11:56 - simulation time     660 (s) :                                                                             Edge=157372795001142050000 W,   201.9693 dBW
2026/05/07 17:11:56 - simulation time     660 (s) :                                                                                 :(Average:6557199791714251800 W/data center, 188.1672 dBW/data center)
2026/05/07 17:11:56 - simulation time     660 (s) :                                                                             Mist=3174768381257857000000 W,   215.0171 dBW
2026/05/07 17:11:56 - simulation time     660 (s) :                                                                                 :(Average:3435896516512832000 W/edge device, 185.3604 dBW/edge device)
2026/05/07 17:11:56 - simulation time     660 (s) : SimLog- Dead edge devices due to battery drain                                  :              0 devices (Among 0 devices with batteries (NaN %))
2026/05/07 17:11:56 - simulation time     660 (s) : SimLog- Average remaining power (devices with batteries that are still alive)   :              0 Wh (Average: 0 %)
2026/05/07 17:11:56 - simulation time     660 (s) : SimulationManager- the Scenario Simulation overflow times :9

================== Simulation finished at time 691.50 ==================


SimLog- Iteration finished...

######################################################################################################################################################################
Starting CloudSim Plus 4.3.0

2026/05/07 17:11:56 - simulation time       0 (s) : ServersManager- Datacenters and devices were generated
2026/05/07 17:11:56 - simulation time       0 (s) : SimulationManager-  Orchestration algorithm= RANDOM_VM-  Architechitecture= ALL -  number of edge devices= 990
2026/05/07 17:11:56 - simulation time       0 (s) : SimulationManager- Simulation: 1  , iteration: 105
2026/05/07 17:12:25 - simulation time     660 (s) : 
2026/05/07 17:12:25 - simulation time     660 (s) : ------------------------------------------------------- OUTPUT -------------------------------------------------------
2026/05/07 17:12:25 - simulation time     660 (s) : 
2026/05/07 17:12:25 - simulation time     660 (s) : SimLog- Tasks not sent because device died (low energy)                         :               0 % (0 tasks)
2026/05/07 17:12:25 - simulation time     660 (s) : SimLog- Tasks sent from edge devices                                            :             100 % (12530 among 12530 generated tasks)
2026/05/07 17:12:25 - simulation time     660 (s) : -------------------------------------All values below are based on the sent tasks-------------------------------------
2026/05/07 17:12:25 - simulation time     660 (s) : SimLog- Tasks ETE delay                                                         :     74287.2732 seconds
2026/05/07 17:12:25 - simulation time     660 (s) : SimLog- Average tasks ETE delay                                                 :         7.0208 seconds
2026/05/07 17:12:25 - simulation time     660 (s) : SimLog- Tasks execution delay                                                   :     10518.2612 seconds
2026/05/07 17:12:25 - simulation time     660 (s) : SimLog- Average tasks execution delay                                           :         0.9039 seconds
2026/05/07 17:12:25 - simulation time     660 (s) : SimLog- Tasks waiting time (from task submiting to the execution start)         :     28417.2615 seconds
2026/05/07 17:12:25 - simulation time     660 (s) : SimLog- Average tasks waiting time (from task submiting to the execution start) :          2.442 seconds
2026/05/07 17:12:25 - simulation time     660 (s) : SimLog- Tasks successfully executed                                             :        84.4453 % (10581 among 12530 sent tasks)
2026/05/07 17:12:25 - simulation time     660 (s) : SimLog- Tasks failures
2026/05/07 17:12:25 - simulation time     660 (s) :                                        Not executed due to resources unavailable:              0 % (0 tasks)
2026/05/07 17:12:25 - simulation time     660 (s) :                               Successfully executed but failed due to high delay:        13.8627 % (1737 tasks from 12530 successfully sent tasks)
2026/05/07 17:12:25 - simulation time     660 (s) :                  Tasks execution results not returned because the device is dead:              0 % (0 tasks)
2026/05/07 17:12:25 - simulation time     660 (s) :                      Tasks execution results not returned due to device mobility:         1.6919 % (212 tasks)
2026/05/07 17:12:25 - simulation time     660 (s) : SimLog- Tasks executed on each level                                : Cloud=           2538 tasks (where 2167 were successfully executed)
2026/05/07 17:12:25 - simulation time     660 (s) :                                                                        Edge=            871 tasks (where 756 were successfully executed)
2026/05/07 17:12:25 - simulation time     660 (s) :                                                                        Mist=           9121 tasks (where 7658 were successfully executed)
2026/05/07 17:12:25 - simulation time     660 (s) : SimLog- Network usage                                                           :          24251 seconds (The total traffic: 61674.15 (MBytes))
2026/05/07 17:12:25 - simulation time     660 (s) :                                                                         Wan=           2654 seconds (10.9439 % of total usage, WAN used when downloading containers=0 % of WAN usage)
2026/05/07 17:12:25 - simulation time     660 (s) :                                                                         Lan=          24251 seconds (100 % of total usage, LAN used when downloading containers=0 % of LAN usage)
2026/05/07 17:12:25 - simulation time     660 (s) :                                                    Average bandwidth per transfer=        913.845 Mbps  
2026/05/07 17:12:25 - simulation time     660 (s) : SimLog- Average vm CPU utilization                                              :         0.3679 %
2026/05/07 17:12:25 - simulation time     660 (s) : SimLog- Average vm CPU utilization per level                             : Cloud=         0.0556 %
2026/05/07 17:12:25 - simulation time     660 (s) :                                                                             Edge=         0.0818 %
2026/05/07 17:12:25 - simulation time     660 (s) :                                                                             Mist=         0.3805 %
2026/05/07 17:12:25 - simulation time     660 (s) : SimLog- Energy consumption                                                      :4529134517069392000000 W,   216.5602 dBW
2026/05/07 17:12:25 - simulation time     660 (s) :                                                                                 :(Average:4388696237470341100 W/data center(or device), 186.4234 dBW/data center(or device))
2026/05/07 17:12:25 - simulation time     660 (s) :                                                                                 :(Average:367564885332688830 W/task, 175.6533 dBW/task)
2026/05/07 17:12:25 - simulation time     660 (s) : SimLog- Energy Consumption per level                                     : Cloud=688393935966803600000 W,   208.3784 dBW
2026/05/07 17:12:25 - simulation time     660 (s) :                                                                                 :(Average:38244107553711310000 W/data center, 195.8256 dBW/data center)
2026/05/07 17:12:25 - simulation time     660 (s) :                                                                             Edge=165758114034782770000 W,   202.1947 dBW
2026/05/07 17:12:25 - simulation time     660 (s) :                                                                                 :(Average:6906588084782615600 W/data center, 188.3926 dBW/data center)
2026/05/07 17:12:25 - simulation time     660 (s) :                                                                             Mist=3674982467067805400000 W,   215.6526 dBW
2026/05/07 17:12:25 - simulation time     660 (s) :                                                                                 :(Average:3712103502088692200 W/edge device, 185.6962 dBW/edge device)
2026/05/07 17:12:25 - simulation time     660 (s) : SimLog- Dead edge devices due to battery drain                                  :              0 devices (Among 0 devices with batteries (NaN %))
2026/05/07 17:12:25 - simulation time     660 (s) : SimLog- Average remaining power (devices with batteries that are still alive)   :              0 Wh (Average: 0 %)
2026/05/07 17:12:25 - simulation time     660 (s) : SimulationManager- the Scenario Simulation overflow times :9

================== Simulation finished at time 691.50 ==================


SimLog- Iteration finished...

######################################################################################################################################################################
Main- Simulation Finished!
Main- Simulation took : 18 minutes, 52 seconds.
Main- results were saved to the folder: SatEdgeSim/output/chapter4/
[INFO] ------------------------------------------------------------------------
[INFO] BUILD SUCCESS
[INFO] ------------------------------------------------------------------------
[INFO] Total time:  18:55 min
[INFO] Finished at: 2026-05-07T17:12:25+08:00
[INFO] ------------------------------------------------------------------------
