[INFO] Scanning for projects...
[INFO] 
[INFO] ----------------< edu.weijunyong.satedgesim:SatEdgeSim >----------------
[INFO] Building SatEdgeSim 1.0.0
[INFO]   from pom.xml
[INFO] --------------------------------[ jar ]---------------------------------
[INFO] 
[INFO] --- exec:3.6.3:java (default-cli) @ SatEdgeSim ---
Main- Loading simulation files...
FilesParser- Checking file: SatEdgeSim/settings/locationflie/cloud/cloud Fixed Position.csv
FilesParser- Location file successfully Loaded!SatEdgeSim/settings/locationflie/cloud/cloud Fixed Position.csv
FilesParser- Checking file: SatEdgeSim/settings/locationflie/edge_datacenter/edge Fixed Position.csv
FilesParser- Location file successfully Loaded!SatEdgeSim/settings/locationflie/edge_datacenter/edge Fixed Position.csv
FilesParser- Checking file: SatEdgeSim/settings/locationflie/edge_devices/mist Fixed Position.csv
FilesParser- Location file successfully Loaded!SatEdgeSim/settings/locationflie/edge_devices/mist Fixed Position.csv
FilesParser- Checking simulation properties file
FilesParser- Properties file successfully Loaded propoerties file!
FilesParser- Checking file: SatEdgeSim/settings/edge_devices.xml
FilesParser- Edge devices XML file successfully Loaded!
FilesParser- Checking file: SatEdgeSim/settings/edge_datacenters.xml
FilesParser- EdgeDataCenters XML file successfully Loaded!
FilesParser- Checking file: SatEdgeSim/settings/cloud.xml
FilesParser- cloud  XML file successfully Loaded!
FilesParser- Checking applications file
FilesParser- Applications XML file successfully loaded!
Starting CloudSim Plus 4.3.0

2026/05/07 16:23:58 - simulation time       0 (s) : ServersManager- Datacenters and devices were generated
2026/05/07 16:23:58 - simulation time       0 (s) : SimulationManager-  Orchestration algorithm= TASK_CLF_Q_LEARNING-  Architechitecture= ALL -  number of edge devices= 100
2026/05/07 16:23:58 - simulation time       0 (s) : SimulationManager- Simulation: 1  , iteration: 1
2026/05/07 16:23:59 - simulation time     640 (s) : 
2026/05/07 16:23:59 - simulation time     640 (s) : ------------------------------------------------------- OUTPUT -------------------------------------------------------
2026/05/07 16:23:59 - simulation time     640 (s) : 
2026/05/07 16:23:59 - simulation time     640 (s) : SimLog- Tasks not sent because device died (low energy)                         :               0 % (0 tasks)
2026/05/07 16:23:59 - simulation time     640 (s) : SimLog- Tasks sent from edge devices                                            :             100 % (1686 among 1686 generated tasks)
2026/05/07 16:23:59 - simulation time     640 (s) : -------------------------------------All values below are based on the sent tasks-------------------------------------
2026/05/07 16:23:59 - simulation time     640 (s) : SimLog- Tasks ETE delay                                                         :       2537.396 seconds
2026/05/07 16:23:59 - simulation time     640 (s) : SimLog- Average tasks ETE delay                                                 :         1.5221 seconds
2026/05/07 16:23:59 - simulation time     640 (s) : SimLog- Tasks execution delay                                                   :      1917.4532 seconds
2026/05/07 16:23:59 - simulation time     640 (s) : SimLog- Average tasks execution delay                                           :         1.1454 seconds
2026/05/07 16:23:59 - simulation time     640 (s) : SimLog- Tasks waiting time (from task submiting to the execution start)         :       354.8068 seconds
2026/05/07 16:23:59 - simulation time     640 (s) : SimLog- Average tasks waiting time (from task submiting to the execution start) :          0.212 seconds
2026/05/07 16:23:59 - simulation time     640 (s) : SimLog- Tasks successfully executed                                             :        98.8731 % (1667 among 1686 sent tasks)
2026/05/07 16:23:59 - simulation time     640 (s) : SimLog- Tasks failures
2026/05/07 16:23:59 - simulation time     640 (s) :                                        Not executed due to resources unavailable:              0 % (0 tasks)
2026/05/07 16:23:59 - simulation time     640 (s) :                               Successfully executed but failed due to high delay:         0.4152 % (7 tasks from 1686 successfully sent tasks)
2026/05/07 16:23:59 - simulation time     640 (s) :                  Tasks execution results not returned because the device is dead:              0 % (0 tasks)
2026/05/07 16:23:59 - simulation time     640 (s) :                      Tasks execution results not returned due to device mobility:         0.7117 % (12 tasks)
2026/05/07 16:23:59 - simulation time     640 (s) : SimLog- Tasks executed on each level                                : Cloud=             72 tasks (where 72 were successfully executed)
2026/05/07 16:23:59 - simulation time     640 (s) :                                                                        Edge=              0 tasks (where 0 were successfully executed)
2026/05/07 16:23:59 - simulation time     640 (s) :                                                                        Mist=           1614 tasks (where 1595 were successfully executed)
2026/05/07 16:23:59 - simulation time     640 (s) : SimLog- Network usage                                                           :            260 seconds (The total traffic: 1466.6 (MBytes))
2026/05/07 16:23:59 - simulation time     640 (s) :                                                                         Wan=             72 seconds (27.6923 % of total usage, WAN used when downloading containers=0 % of WAN usage)
2026/05/07 16:23:59 - simulation time     640 (s) :                                                                         Lan=            260 seconds (100 % of total usage, LAN used when downloading containers=0 % of LAN usage)
2026/05/07 16:23:59 - simulation time     640 (s) :                                                    Average bandwidth per transfer=       967.9301 Mbps  
2026/05/07 16:23:59 - simulation time     640 (s) : SimLog- Average vm CPU utilization                                              :         0.7768 %
2026/05/07 16:23:59 - simulation time     640 (s) : SimLog- Average vm CPU utilization per level                             : Cloud=              0 %
2026/05/07 16:23:59 - simulation time     640 (s) :                                                                             Edge=              0 %
2026/05/07 16:23:59 - simulation time     640 (s) :                                                                             Mist=         1.1031 %
2026/05/07 16:23:59 - simulation time     640 (s) : SimLog- Energy consumption                                                      :94041618221456880000 W,   199.7332 dBW
2026/05/07 16:23:59 - simulation time     640 (s) :                                                                                 :(Average:662264917052513280 W/data center(or device), 178.2103 dBW/data center(or device))
2026/05/07 16:23:59 - simulation time     640 (s) :                                                                                 :(Average:56177788662757992 W/task, 167.4956 dBW/task)
2026/05/07 16:23:59 - simulation time     640 (s) : SimLog- Energy Consumption per level                                     : Cloud=46768846122051240000 W,   196.6996 dBW
2026/05/07 16:23:59 - simulation time     640 (s) :                                                                                 :(Average:2598269229002846700 W/data center, 184.1468 dBW/data center)
2026/05/07 16:23:59 - simulation time     640 (s) :                                                                             Edge=              0.0006 W,   -31.9382 dBW
2026/05/07 16:23:59 - simulation time     640 (s) :                                                                                 :(Average:0 W/data center, -45.7403 dBW/data center)
2026/05/07 16:23:59 - simulation time     640 (s) :                                                                             Mist=47272772099405650000 W,   196.7461 dBW
2026/05/07 16:24:00 - simulation time     640 (s) :                                                                                 :(Average:472727720994056510 W/edge device, 176.7461 dBW/edge device)
2026/05/07 16:24:00 - simulation time     640 (s) : SimLog- Dead edge devices due to battery drain                                  :              0 devices (Among 0 devices with batteries (NaN %))
2026/05/07 16:24:00 - simulation time     640 (s) : SimLog- Average remaining power (devices with batteries that are still alive)   :              0 Wh (Average: 0 %)
2026/05/07 16:24:00 - simulation time     640 (s) : SimulationManager- the Scenario Simulation overflow times :0

================== Simulation finished at time 672.60 ==================


SimLog- Iteration finished...

######################################################################################################################################################################
Starting CloudSim Plus 4.3.0

2026/05/07 16:24:00 - simulation time       0 (s) : ServersManager- Datacenters and devices were generated
2026/05/07 16:24:00 - simulation time       0 (s) : SimulationManager-  Orchestration algorithm= TASK_CLF_Q_LEARNING-  Architechitecture= ALL -  number of edge devices= 200
2026/05/07 16:24:00 - simulation time       0 (s) : SimulationManager- Simulation: 1  , iteration: 2
2026/05/07 16:24:02 - simulation time     650 (s) : 
2026/05/07 16:24:02 - simulation time     650 (s) : ------------------------------------------------------- OUTPUT -------------------------------------------------------
2026/05/07 16:24:02 - simulation time     650 (s) : 
2026/05/07 16:24:02 - simulation time     650 (s) : SimLog- Tasks not sent because device died (low energy)                         :               0 % (0 tasks)
2026/05/07 16:24:02 - simulation time     650 (s) : SimLog- Tasks sent from edge devices                                            :             100 % (3276 among 3276 generated tasks)
2026/05/07 16:24:02 - simulation time     650 (s) : -------------------------------------All values below are based on the sent tasks-------------------------------------
2026/05/07 16:24:02 - simulation time     650 (s) : SimLog- Tasks ETE delay                                                         :      5353.5161 seconds
2026/05/07 16:24:02 - simulation time     650 (s) : SimLog- Average tasks ETE delay                                                 :         1.6513 seconds
2026/05/07 16:24:02 - simulation time     650 (s) : SimLog- Tasks execution delay                                                   :      4143.3084 seconds
2026/05/07 16:24:02 - simulation time     650 (s) : SimLog- Average tasks execution delay                                           :         1.2749 seconds
2026/05/07 16:24:02 - simulation time     650 (s) : SimLog- Tasks waiting time (from task submiting to the execution start)         :       731.1321 seconds
2026/05/07 16:24:02 - simulation time     650 (s) : SimLog- Average tasks waiting time (from task submiting to the execution start) :          0.225 seconds
2026/05/07 16:24:02 - simulation time     650 (s) : SimLog- Tasks successfully executed                                             :        98.9621 % (3242 among 3276 sent tasks)
2026/05/07 16:24:02 - simulation time     650 (s) : SimLog- Tasks failures
2026/05/07 16:24:02 - simulation time     650 (s) :                                        Not executed due to resources unavailable:              0 % (0 tasks)
2026/05/07 16:24:02 - simulation time     650 (s) :                               Successfully executed but failed due to high delay:         0.2442 % (8 tasks from 3276 successfully sent tasks)
2026/05/07 16:24:02 - simulation time     650 (s) :                  Tasks execution results not returned because the device is dead:              0 % (0 tasks)
2026/05/07 16:24:02 - simulation time     650 (s) :                      Tasks execution results not returned due to device mobility:         0.7937 % (26 tasks)
2026/05/07 16:24:02 - simulation time     650 (s) : SimLog- Tasks executed on each level                                : Cloud=            103 tasks (where 103 were successfully executed)
2026/05/07 16:24:02 - simulation time     650 (s) :                                                                        Edge=              0 tasks (where 0 were successfully executed)
2026/05/07 16:24:02 - simulation time     650 (s) :                                                                        Mist=           3173 tasks (where 3139 were successfully executed)
2026/05/07 16:24:02 - simulation time     650 (s) : SimLog- Network usage                                                           :            430 seconds (The total traffic: 2115.75 (MBytes))
2026/05/07 16:24:02 - simulation time     650 (s) :                                                                         Wan=            103 seconds (23.9535 % of total usage, WAN used when downloading containers=0 % of WAN usage)
2026/05/07 16:24:02 - simulation time     650 (s) :                                                                         Lan=            430 seconds (100 % of total usage, LAN used when downloading containers=0 % of LAN usage)
2026/05/07 16:24:02 - simulation time     650 (s) :                                                    Average bandwidth per transfer=       969.3564 Mbps  
2026/05/07 16:24:02 - simulation time     650 (s) : SimLog- Average vm CPU utilization                                              :          0.955 %
2026/05/07 16:24:02 - simulation time     650 (s) : SimLog- Average vm CPU utilization per level                             : Cloud=              0 %
2026/05/07 16:24:02 - simulation time     650 (s) :                                                                             Edge=              0 %
2026/05/07 16:24:02 - simulation time     650 (s) :                                                                             Mist=         1.1556 %
2026/05/07 16:24:02 - simulation time     650 (s) : SimLog- Energy consumption                                                      :97494636698413370000 W,   199.8898 dBW
2026/05/07 16:24:02 - simulation time     650 (s) :                                                                                 :(Average:402870399580220540 W/data center(or device), 176.0517 dBW/data center(or device))
2026/05/07 16:24:02 - simulation time     650 (s) :                                                                                 :(Average:29998349753357960 W/task, 164.771 dBW/task)
2026/05/07 16:24:02 - simulation time     650 (s) : SimLog- Energy Consumption per level                                     : Cloud=48187883344710620000 W,   196.8294 dBW
2026/05/07 16:24:02 - simulation time     650 (s) :                                                                                 :(Average:2677104630261701100 W/data center, 184.2767 dBW/data center)
2026/05/07 16:24:02 - simulation time     650 (s) :                                                                             Edge=              0.0006 W,   -31.8709 dBW
2026/05/07 16:24:02 - simulation time     650 (s) :                                                                                 :(Average:0 W/data center, -45.673 dBW/data center)
2026/05/07 16:24:02 - simulation time     650 (s) :                                                                             Mist=49306753353702736000 W,   196.9291 dBW
2026/05/07 16:24:02 - simulation time     650 (s) :                                                                                 :(Average:246533766768513664 W/edge device, 173.9188 dBW/edge device)
2026/05/07 16:24:02 - simulation time     650 (s) : SimLog- Dead edge devices due to battery drain                                  :              0 devices (Among 0 devices with batteries (NaN %))
2026/05/07 16:24:02 - simulation time     650 (s) : SimLog- Average remaining power (devices with batteries that are still alive)   :              0 Wh (Average: 0 %)
2026/05/07 16:24:02 - simulation time     650 (s) : SimulationManager- the Scenario Simulation overflow times :0

================== Simulation finished at time 685.20 ==================


SimLog- Iteration finished...

######################################################################################################################################################################
Starting CloudSim Plus 4.3.0

2026/05/07 16:24:02 - simulation time       0 (s) : ServersManager- Datacenters and devices were generated
2026/05/07 16:24:02 - simulation time       0 (s) : SimulationManager-  Orchestration algorithm= TASK_CLF_Q_LEARNING-  Architechitecture= ALL -  number of edge devices= 300
2026/05/07 16:24:02 - simulation time       0 (s) : SimulationManager- Simulation: 1  , iteration: 3
2026/05/07 16:24:06 - simulation time     660 (s) : 
2026/05/07 16:24:06 - simulation time     660 (s) : ------------------------------------------------------- OUTPUT -------------------------------------------------------
2026/05/07 16:24:06 - simulation time     660 (s) : 
2026/05/07 16:24:06 - simulation time     660 (s) : SimLog- Tasks not sent because device died (low energy)                         :               0 % (0 tasks)
2026/05/07 16:24:06 - simulation time     660 (s) : SimLog- Tasks sent from edge devices                                            :             100 % (4936 among 4936 generated tasks)
2026/05/07 16:24:06 - simulation time     660 (s) : -------------------------------------All values below are based on the sent tasks-------------------------------------
2026/05/07 16:24:06 - simulation time     660 (s) : SimLog- Tasks ETE delay                                                         :      7863.1068 seconds
2026/05/07 16:24:06 - simulation time     660 (s) : SimLog- Average tasks ETE delay                                                 :         1.6169 seconds
2026/05/07 16:24:06 - simulation time     660 (s) : SimLog- Tasks execution delay                                                   :      6060.3718 seconds
2026/05/07 16:24:06 - simulation time     660 (s) : SimLog- Average tasks execution delay                                           :         1.2401 seconds
2026/05/07 16:24:06 - simulation time     660 (s) : SimLog- Tasks waiting time (from task submiting to the execution start)         :      1086.1213 seconds
2026/05/07 16:24:06 - simulation time     660 (s) : SimLog- Average tasks waiting time (from task submiting to the execution start) :         0.2222 seconds
2026/05/07 16:24:06 - simulation time     660 (s) : SimLog- Tasks successfully executed                                             :        98.5211 % (4863 among 4936 sent tasks)
2026/05/07 16:24:06 - simulation time     660 (s) : SimLog- Tasks failures
2026/05/07 16:24:06 - simulation time     660 (s) :                                        Not executed due to resources unavailable:              0 % (0 tasks)
2026/05/07 16:24:06 - simulation time     660 (s) :                               Successfully executed but failed due to high delay:         0.4862 % (24 tasks from 4936 successfully sent tasks)
2026/05/07 16:24:06 - simulation time     660 (s) :                  Tasks execution results not returned because the device is dead:              0 % (0 tasks)
2026/05/07 16:24:06 - simulation time     660 (s) :                      Tasks execution results not returned due to device mobility:         0.9927 % (49 tasks)
2026/05/07 16:24:06 - simulation time     660 (s) : SimLog- Tasks executed on each level                                : Cloud=            151 tasks (where 151 were successfully executed)
2026/05/07 16:24:06 - simulation time     660 (s) :                                                                        Edge=              0 tasks (where 0 were successfully executed)
2026/05/07 16:24:06 - simulation time     660 (s) :                                                                        Mist=           4785 tasks (where 4712 were successfully executed)
2026/05/07 16:24:06 - simulation time     660 (s) : SimLog- Network usage                                                           :            660 seconds (The total traffic: 3102.8 (MBytes))
2026/05/07 16:24:06 - simulation time     660 (s) :                                                                         Wan=            158 seconds (23.9394 % of total usage, WAN used when downloading containers=0 % of WAN usage)
2026/05/07 16:24:06 - simulation time     660 (s) :                                                                         Lan=            660 seconds (100 % of total usage, LAN used when downloading containers=0 % of LAN usage)
2026/05/07 16:24:06 - simulation time     660 (s) :                                                    Average bandwidth per transfer=       946.6407 Mbps  
2026/05/07 16:24:06 - simulation time     660 (s) : SimLog- Average vm CPU utilization                                              :         0.9839 %
2026/05/07 16:24:06 - simulation time     660 (s) : SimLog- Average vm CPU utilization per level                             : Cloud=              0 %
2026/05/07 16:24:06 - simulation time     660 (s) :                                                                             Edge=              0 %
2026/05/07 16:24:06 - simulation time     660 (s) :                                                                             Mist=         1.1217 %
2026/05/07 16:24:06 - simulation time     660 (s) : SimLog- Energy consumption                                                      :139204621985931790000 W,   201.4365 dBW
2026/05/07 16:24:06 - simulation time     660 (s) :                                                                                 :(Average:407031058438397060 W/data center(or device), 176.0963 dBW/data center(or device))
2026/05/07 16:24:06 - simulation time     660 (s) :                                                                                 :(Average:28484678122760752 W/task, 164.5461 dBW/task)
2026/05/07 16:24:06 - simulation time     660 (s) : SimLog- Energy Consumption per level                                     : Cloud=68912793243169410000 W,    198.383 dBW
2026/05/07 16:24:06 - simulation time     660 (s) :                                                                                 :(Average:3828488513509411300 W/data center, 185.8303 dBW/data center)
2026/05/07 16:24:06 - simulation time     660 (s) :                                                                             Edge=              0.0007 W,   -31.8046 dBW
2026/05/07 16:24:06 - simulation time     660 (s) :                                                                                 :(Average:0 W/data center, -45.6067 dBW/data center)
2026/05/07 16:24:06 - simulation time     660 (s) :                                                                             Mist=70291828742762390000 W,    198.469 dBW
2026/05/07 16:24:06 - simulation time     660 (s) :                                                                                 :(Average:234306095809207968 W/edge device, 173.6978 dBW/edge device)
2026/05/07 16:24:06 - simulation time     660 (s) : SimLog- Dead edge devices due to battery drain                                  :              0 devices (Among 0 devices with batteries (NaN %))
2026/05/07 16:24:06 - simulation time     660 (s) : SimLog- Average remaining power (devices with batteries that are still alive)   :              0 Wh (Average: 0 %)
2026/05/07 16:24:06 - simulation time     660 (s) : SimulationManager- the Scenario Simulation overflow times :0

================== Simulation finished at time 691.50 ==================


SimLog- Iteration finished...

######################################################################################################################################################################
Starting CloudSim Plus 4.3.0

2026/05/07 16:24:06 - simulation time       0 (s) : ServersManager- Datacenters and devices were generated
2026/05/07 16:24:06 - simulation time       0 (s) : SimulationManager-  Orchestration algorithm= TASK_CLF_Q_LEARNING-  Architechitecture= ALL -  number of edge devices= 400
2026/05/07 16:24:06 - simulation time       0 (s) : SimulationManager- Simulation: 1  , iteration: 4
2026/05/07 16:24:13 - simulation time     650 (s) : 
2026/05/07 16:24:13 - simulation time     650 (s) : ------------------------------------------------------- OUTPUT -------------------------------------------------------
2026/05/07 16:24:13 - simulation time     650 (s) : 
2026/05/07 16:24:13 - simulation time     650 (s) : SimLog- Tasks not sent because device died (low energy)                         :               0 % (0 tasks)
2026/05/07 16:24:13 - simulation time     650 (s) : SimLog- Tasks sent from edge devices                                            :             100 % (6534 among 6534 generated tasks)
2026/05/07 16:24:13 - simulation time     650 (s) : -------------------------------------All values below are based on the sent tasks-------------------------------------
2026/05/07 16:24:13 - simulation time     650 (s) : SimLog- Tasks ETE delay                                                         :     10428.0378 seconds
2026/05/07 16:24:13 - simulation time     650 (s) : SimLog- Average tasks ETE delay                                                 :         1.6576 seconds
2026/05/07 16:24:13 - simulation time     650 (s) : SimLog- Tasks execution delay                                                   :      7864.1694 seconds
2026/05/07 16:24:13 - simulation time     650 (s) : SimLog- Average tasks execution delay                                           :         1.2453 seconds
2026/05/07 16:24:13 - simulation time     650 (s) : SimLog- Tasks waiting time (from task submiting to the execution start)         :      1566.3768 seconds
2026/05/07 16:24:13 - simulation time     650 (s) : SimLog- Average tasks waiting time (from task submiting to the execution start) :          0.248 seconds
2026/05/07 16:24:13 - simulation time     650 (s) : SimLog- Tasks successfully executed                                             :         96.281 % (6291 among 6534 sent tasks)
2026/05/07 16:24:13 - simulation time     650 (s) : SimLog- Tasks failures
2026/05/07 16:24:13 - simulation time     650 (s) :                                        Not executed due to resources unavailable:              0 % (0 tasks)
2026/05/07 16:24:13 - simulation time     650 (s) :                               Successfully executed but failed due to high delay:         1.6529 % (108 tasks from 6534 successfully sent tasks)
2026/05/07 16:24:13 - simulation time     650 (s) :                  Tasks execution results not returned because the device is dead:              0 % (0 tasks)
2026/05/07 16:24:13 - simulation time     650 (s) :                      Tasks execution results not returned due to device mobility:         2.0661 % (135 tasks)
2026/05/07 16:24:13 - simulation time     650 (s) : SimLog- Tasks executed on each level                                : Cloud=            235 tasks (where 235 were successfully executed)
2026/05/07 16:24:13 - simulation time     650 (s) :                                                                        Edge=              0 tasks (where 0 were successfully executed)
2026/05/07 16:24:13 - simulation time     650 (s) :                                                                        Mist=           6299 tasks (where 6056 were successfully executed)
2026/05/07 16:24:13 - simulation time     650 (s) : SimLog- Network usage                                                           :            953 seconds (The total traffic: 4864.85 (MBytes))
2026/05/07 16:24:13 - simulation time     650 (s) :                                                                         Wan=            243 seconds (25.4984 % of total usage, WAN used when downloading containers=0 % of WAN usage)
2026/05/07 16:24:13 - simulation time     650 (s) :                                                                         Lan=            953 seconds (100 % of total usage, LAN used when downloading containers=0 % of LAN usage)
2026/05/07 16:24:13 - simulation time     650 (s) :                                                    Average bandwidth per transfer=       927.2451 Mbps  
2026/05/07 16:24:13 - simulation time     650 (s) : SimLog- Average vm CPU utilization                                              :         0.9532 %
2026/05/07 16:24:13 - simulation time     650 (s) : SimLog- Average vm CPU utilization per level                             : Cloud=              0 %
2026/05/07 16:24:13 - simulation time     650 (s) :                                                                             Edge=              0 %
2026/05/07 16:24:13 - simulation time     650 (s) :                                                                             Mist=         1.0533 %
2026/05/07 16:24:13 - simulation time     650 (s) : SimLog- Energy consumption                                                      :229520303255555540000 W,   203.6082 dBW
2026/05/07 16:24:13 - simulation time     650 (s) :                                                                                 :(Average:519276704198089470 W/data center(or device), 177.154 dBW/data center(or device))
2026/05/07 16:24:13 - simulation time     650 (s) :                                                                                 :(Average:35868151782396552 W/task, 165.5471 dBW/task)
2026/05/07 16:24:13 - simulation time     650 (s) : SimLog- Energy Consumption per level                                     : Cloud=113532391369125790000 W,   200.5512 dBW
2026/05/07 16:24:13 - simulation time     650 (s) :                                                                                 :(Average:6307355076062543900 W/data center, 187.9985 dBW/data center)
2026/05/07 16:24:13 - simulation time     650 (s) :                                                                             Edge=              0.0006 W,   -31.8709 dBW
2026/05/07 16:24:13 - simulation time     650 (s) :                                                                                 :(Average:0 W/data center, -45.673 dBW/data center)
2026/05/07 16:24:13 - simulation time     650 (s) :                                                                             Mist=115987911886429770000 W,   200.6441 dBW
2026/05/07 16:24:13 - simulation time     650 (s) :                                                                                 :(Average:289969779716074430 W/edge device, 174.6235 dBW/edge device)
2026/05/07 16:24:13 - simulation time     650 (s) : SimLog- Dead edge devices due to battery drain                                  :              0 devices (Among 0 devices with batteries (NaN %))
2026/05/07 16:24:13 - simulation time     650 (s) : SimLog- Average remaining power (devices with batteries that are still alive)   :              0 Wh (Average: 0 %)
2026/05/07 16:24:13 - simulation time     650 (s) : SimulationManager- the Scenario Simulation overflow times :0

================== Simulation finished at time 685.20 ==================


SimLog- Iteration finished...

######################################################################################################################################################################
Starting CloudSim Plus 4.3.0

2026/05/07 16:24:13 - simulation time       0 (s) : ServersManager- Datacenters and devices were generated
2026/05/07 16:24:13 - simulation time       0 (s) : SimulationManager-  Orchestration algorithm= TASK_CLF_Q_LEARNING-  Architechitecture= ALL -  number of edge devices= 500
2026/05/07 16:24:13 - simulation time       0 (s) : SimulationManager- Simulation: 1  , iteration: 5
2026/05/07 16:24:22 - simulation time     650 (s) : 
2026/05/07 16:24:22 - simulation time     650 (s) : ------------------------------------------------------- OUTPUT -------------------------------------------------------
2026/05/07 16:24:22 - simulation time     650 (s) : 
2026/05/07 16:24:22 - simulation time     650 (s) : SimLog- Tasks not sent because device died (low energy)                         :               0 % (0 tasks)
2026/05/07 16:24:22 - simulation time     650 (s) : SimLog- Tasks sent from edge devices                                            :             100 % (8088 among 8088 generated tasks)
2026/05/07 16:24:22 - simulation time     650 (s) : -------------------------------------All values below are based on the sent tasks-------------------------------------
2026/05/07 16:24:22 - simulation time     650 (s) : SimLog- Tasks ETE delay                                                         :     13465.4604 seconds
2026/05/07 16:24:22 - simulation time     650 (s) : SimLog- Average tasks ETE delay                                                 :         1.7397 seconds
2026/05/07 16:24:22 - simulation time     650 (s) : SimLog- Tasks execution delay                                                   :     10384.7318 seconds
2026/05/07 16:24:22 - simulation time     650 (s) : SimLog- Average tasks execution delay                                           :         1.3365 seconds
2026/05/07 16:24:22 - simulation time     650 (s) : SimLog- Tasks waiting time (from task submiting to the execution start)         :      1809.5002 seconds
2026/05/07 16:24:22 - simulation time     650 (s) : SimLog- Average tasks waiting time (from task submiting to the execution start) :         0.2329 seconds
2026/05/07 16:24:22 - simulation time     650 (s) : SimLog- Tasks successfully executed                                             :        95.6973 % (7740 among 8088 sent tasks)
2026/05/07 16:24:22 - simulation time     650 (s) : SimLog- Tasks failures
2026/05/07 16:24:22 - simulation time     650 (s) :                                        Not executed due to resources unavailable:              0 % (0 tasks)
2026/05/07 16:24:22 - simulation time     650 (s) :                               Successfully executed but failed due to high delay:         2.9674 % (240 tasks from 8088 successfully sent tasks)
2026/05/07 16:24:22 - simulation time     650 (s) :                  Tasks execution results not returned because the device is dead:              0 % (0 tasks)
2026/05/07 16:24:22 - simulation time     650 (s) :                      Tasks execution results not returned due to device mobility:         1.3353 % (108 tasks)
2026/05/07 16:24:22 - simulation time     650 (s) : SimLog- Tasks executed on each level                                : Cloud=            277 tasks (where 277 were successfully executed)
2026/05/07 16:24:22 - simulation time     650 (s) :                                                                        Edge=              0 tasks (where 0 were successfully executed)
2026/05/07 16:24:22 - simulation time     650 (s) :                                                                        Mist=           7811 tasks (where 7463 were successfully executed)
2026/05/07 16:24:22 - simulation time     650 (s) : SimLog- Network usage                                                           :           1131 seconds (The total traffic: 5756 (MBytes))
2026/05/07 16:24:22 - simulation time     650 (s) :                                                                         Wan=            323 seconds (28.5588 % of total usage, WAN used when downloading containers=0 % of WAN usage)
2026/05/07 16:24:22 - simulation time     650 (s) :                                                                         Lan=           1131 seconds (100 % of total usage, LAN used when downloading containers=0 % of LAN usage)
2026/05/07 16:24:22 - simulation time     650 (s) :                                                    Average bandwidth per transfer=       914.4854 Mbps  
2026/05/07 16:24:22 - simulation time     650 (s) : SimLog- Average vm CPU utilization                                              :         1.0697 %
2026/05/07 16:24:22 - simulation time     650 (s) : SimLog- Average vm CPU utilization per level                             : Cloud=         0.0127 %
2026/05/07 16:24:22 - simulation time     650 (s) :                                                                             Edge=              0 %
2026/05/07 16:24:22 - simulation time     650 (s) :                                                                             Mist=         1.1591 %
2026/05/07 16:24:22 - simulation time     650 (s) : SimLog- Energy consumption                                                      :241969246864404580000 W,   203.8376 dBW
2026/05/07 16:24:22 - simulation time     650 (s) :                                                                                 :(Average:446437724842074880 W/data center(or device), 176.4976 dBW/data center(or device))
2026/05/07 16:24:22 - simulation time     650 (s) :                                                                                 :(Average:30321960759950448 W/task, 164.8176 dBW/task)
2026/05/07 16:24:22 - simulation time     650 (s) : SimLog- Energy Consumption per level                                     : Cloud=119308392688129330000 W,   200.7667 dBW
2026/05/07 16:24:22 - simulation time     650 (s) :                                                                                 :(Average:6628244038229406700 W/data center, 188.214 dBW/data center)
2026/05/07 16:24:22 - simulation time     650 (s) :                                                                             Edge=              0.0006 W,   -31.8709 dBW
2026/05/07 16:24:22 - simulation time     650 (s) :                                                                                 :(Average:0 W/data center, -45.673 dBW/data center)
2026/05/07 16:24:22 - simulation time     650 (s) :                                                                             Mist=122660854176275270000 W,   200.8871 dBW
2026/05/07 16:24:22 - simulation time     650 (s) :                                                                                 :(Average:245321708352550528 W/edge device, 173.8974 dBW/edge device)
2026/05/07 16:24:22 - simulation time     650 (s) : SimLog- Dead edge devices due to battery drain                                  :              0 devices (Among 0 devices with batteries (NaN %))
2026/05/07 16:24:22 - simulation time     650 (s) : SimLog- Average remaining power (devices with batteries that are still alive)   :              0 Wh (Average: 0 %)
2026/05/07 16:24:22 - simulation time     650 (s) : SimulationManager- the Scenario Simulation overflow times :0

================== Simulation finished at time 685.20 ==================


SimLog- Iteration finished...

######################################################################################################################################################################
Starting CloudSim Plus 4.3.0

2026/05/07 16:24:22 - simulation time       0 (s) : ServersManager- Datacenters and devices were generated
2026/05/07 16:24:22 - simulation time       0 (s) : SimulationManager-  Orchestration algorithm= TASK_CLF_Q_LEARNING-  Architechitecture= ALL -  number of edge devices= 600
2026/05/07 16:24:22 - simulation time       0 (s) : SimulationManager- Simulation: 1  , iteration: 6
2026/05/07 16:24:35 - simulation time     660 (s) : 
2026/05/07 16:24:35 - simulation time     660 (s) : ------------------------------------------------------- OUTPUT -------------------------------------------------------
2026/05/07 16:24:35 - simulation time     660 (s) : 
2026/05/07 16:24:35 - simulation time     660 (s) : SimLog- Tasks not sent because device died (low energy)                         :               0 % (0 tasks)
2026/05/07 16:24:35 - simulation time     660 (s) : SimLog- Tasks sent from edge devices                                            :             100 % (9760 among 9760 generated tasks)
2026/05/07 16:24:35 - simulation time     660 (s) : -------------------------------------All values below are based on the sent tasks-------------------------------------
2026/05/07 16:24:35 - simulation time     660 (s) : SimLog- Tasks ETE delay                                                         :     15894.2083 seconds
2026/05/07 16:24:35 - simulation time     660 (s) : SimLog- Average tasks ETE delay                                                 :         1.7243 seconds
2026/05/07 16:24:35 - simulation time     660 (s) : SimLog- Tasks execution delay                                                   :     10853.2589 seconds
2026/05/07 16:24:35 - simulation time     660 (s) : SimLog- Average tasks execution delay                                           :         1.1717 seconds
2026/05/07 16:24:35 - simulation time     660 (s) : SimLog- Tasks waiting time (from task submiting to the execution start)         :      2940.8799 seconds
2026/05/07 16:24:35 - simulation time     660 (s) : SimLog- Average tasks waiting time (from task submiting to the execution start) :         0.3175 seconds
2026/05/07 16:24:35 - simulation time     660 (s) : SimLog- Tasks successfully executed                                             :        94.4467 % (9218 among 9760 sent tasks)
2026/05/07 16:24:35 - simulation time     660 (s) : SimLog- Tasks failures
2026/05/07 16:24:35 - simulation time     660 (s) :                                        Not executed due to resources unavailable:              0 % (0 tasks)
2026/05/07 16:24:35 - simulation time     660 (s) :                               Successfully executed but failed due to high delay:         3.5041 % (342 tasks from 9760 successfully sent tasks)
2026/05/07 16:24:35 - simulation time     660 (s) :                  Tasks execution results not returned because the device is dead:              0 % (0 tasks)
2026/05/07 16:24:35 - simulation time     660 (s) :                      Tasks execution results not returned due to device mobility:         2.0492 % (200 tasks)
2026/05/07 16:24:35 - simulation time     660 (s) : SimLog- Tasks executed on each level                                : Cloud=            473 tasks (where 473 were successfully executed)
2026/05/07 16:24:35 - simulation time     660 (s) :                                                                        Edge=              0 tasks (where 0 were successfully executed)
2026/05/07 16:24:35 - simulation time     660 (s) :                                                                        Mist=           9287 tasks (where 8745 were successfully executed)
2026/05/07 16:24:35 - simulation time     660 (s) : SimLog- Network usage                                                           :           1739 seconds (The total traffic: 9699.55 (MBytes))
2026/05/07 16:24:35 - simulation time     660 (s) :                                                                         Wan=            584 seconds (33.5825 % of total usage, WAN used when downloading containers=0 % of WAN usage)
2026/05/07 16:24:35 - simulation time     660 (s) :                                                                         Lan=           1739 seconds (100 % of total usage, LAN used when downloading containers=0 % of LAN usage)
2026/05/07 16:24:35 - simulation time     660 (s) :                                                    Average bandwidth per transfer=       815.3224 Mbps  
2026/05/07 16:24:35 - simulation time     660 (s) : SimLog- Average vm CPU utilization                                              :          0.924 %
2026/05/07 16:24:35 - simulation time     660 (s) : SimLog- Average vm CPU utilization per level                             : Cloud=         0.0898 %
2026/05/07 16:24:35 - simulation time     660 (s) :                                                                             Edge=              0 %
2026/05/07 16:24:35 - simulation time     660 (s) :                                                                             Mist=          0.986 %
2026/05/07 16:24:35 - simulation time     660 (s) : SimLog- Energy consumption                                                      :418792962358475200000 W,     206.22 dBW
2026/05/07 16:24:35 - simulation time     660 (s) :                                                                                 :(Average:652325486539681020 W/data center(or device), 178.1446 dBW/data center(or device))
2026/05/07 16:24:35 - simulation time     660 (s) :                                                                                 :(Average:43806795225781928 W/task, 166.4154 dBW/task)
2026/05/07 16:24:35 - simulation time     660 (s) : SimLog- Energy Consumption per level                                     : Cloud=207788938419821100000 W,   203.1762 dBW
2026/05/07 16:24:35 - simulation time     660 (s) :                                                                                 :(Average:11543829912212283000 W/data center, 190.6235 dBW/data center)
2026/05/07 16:24:35 - simulation time     660 (s) :                                                                             Edge=              0.0007 W,   -31.8046 dBW
2026/05/07 16:24:35 - simulation time     660 (s) :                                                                                 :(Average:0 W/data center, -45.6067 dBW/data center)
2026/05/07 16:24:35 - simulation time     660 (s) :                                                                             Mist=211004023938654100000 W,   203.2429 dBW
2026/05/07 16:24:35 - simulation time     660 (s) :                                                                                 :(Average:351673373231090180 W/edge device, 175.4614 dBW/edge device)
2026/05/07 16:24:35 - simulation time     660 (s) : SimLog- Dead edge devices due to battery drain                                  :              0 devices (Among 0 devices with batteries (NaN %))
2026/05/07 16:24:35 - simulation time     660 (s) : SimLog- Average remaining power (devices with batteries that are still alive)   :              0 Wh (Average: 0 %)
2026/05/07 16:24:35 - simulation time     660 (s) : SimulationManager- the Scenario Simulation overflow times :0

================== Simulation finished at time 691.50 ==================


SimLog- Iteration finished...

######################################################################################################################################################################
Starting CloudSim Plus 4.3.0

2026/05/07 16:24:35 - simulation time       0 (s) : ServersManager- Datacenters and devices were generated
2026/05/07 16:24:35 - simulation time       0 (s) : SimulationManager-  Orchestration algorithm= TASK_CLF_Q_LEARNING-  Architechitecture= ALL -  number of edge devices= 700
2026/05/07 16:24:35 - simulation time       0 (s) : SimulationManager- Simulation: 1  , iteration: 7
2026/05/07 16:24:50 - simulation time     660 (s) : 
2026/05/07 16:24:50 - simulation time     660 (s) : ------------------------------------------------------- OUTPUT -------------------------------------------------------
2026/05/07 16:24:50 - simulation time     660 (s) : 
2026/05/07 16:24:50 - simulation time     660 (s) : SimLog- Tasks not sent because device died (low energy)                         :               0 % (0 tasks)
2026/05/07 16:24:50 - simulation time     660 (s) : SimLog- Tasks sent from edge devices                                            :             100 % (11514 among 11514 generated tasks)
2026/05/07 16:24:50 - simulation time     660 (s) : -------------------------------------All values below are based on the sent tasks-------------------------------------
2026/05/07 16:24:50 - simulation time     660 (s) : SimLog- Tasks ETE delay                                                         :     21587.4422 seconds
2026/05/07 16:24:50 - simulation time     660 (s) : SimLog- Average tasks ETE delay                                                 :         2.0132 seconds
2026/05/07 16:24:50 - simulation time     660 (s) : SimLog- Tasks execution delay                                                   :     12922.6115 seconds
2026/05/07 16:24:50 - simulation time     660 (s) : SimLog- Average tasks execution delay                                           :         1.1989 seconds
2026/05/07 16:24:50 - simulation time     660 (s) : SimLog- Tasks waiting time (from task submiting to the execution start)         :      7225.4436 seconds
2026/05/07 16:24:50 - simulation time     660 (s) : SimLog- Average tasks waiting time (from task submiting to the execution start) :         0.6703 seconds
2026/05/07 16:24:50 - simulation time     660 (s) : SimLog- Tasks successfully executed                                             :        93.1301 % (10723 among 11514 sent tasks)
2026/05/07 16:24:50 - simulation time     660 (s) : SimLog- Tasks failures
2026/05/07 16:24:50 - simulation time     660 (s) :                                        Not executed due to resources unavailable:              0 % (0 tasks)
2026/05/07 16:24:50 - simulation time     660 (s) :                               Successfully executed but failed due to high delay:          4.881 % (562 tasks from 11514 successfully sent tasks)
2026/05/07 16:24:50 - simulation time     660 (s) :                  Tasks execution results not returned because the device is dead:              0 % (0 tasks)
2026/05/07 16:24:50 - simulation time     660 (s) :                      Tasks execution results not returned due to device mobility:         1.9889 % (229 tasks)
2026/05/07 16:24:50 - simulation time     660 (s) : SimLog- Tasks executed on each level                                : Cloud=            314 tasks (where 314 were successfully executed)
2026/05/07 16:24:50 - simulation time     660 (s) :                                                                        Edge=              0 tasks (where 0 were successfully executed)
2026/05/07 16:24:50 - simulation time     660 (s) :                                                                        Mist=          11200 tasks (where 10409 were successfully executed)
2026/05/07 16:24:50 - simulation time     660 (s) : SimLog- Network usage                                                           :           1415 seconds (The total traffic: 6512 (MBytes))
2026/05/07 16:24:50 - simulation time     660 (s) :                                                                         Wan=            330 seconds (23.3216 % of total usage, WAN used when downloading containers=0 % of WAN usage)
2026/05/07 16:24:50 - simulation time     660 (s) :                                                                         Lan=           1415 seconds (100 % of total usage, LAN used when downloading containers=0 % of LAN usage)
2026/05/07 16:24:50 - simulation time     660 (s) :                                                    Average bandwidth per transfer=       944.5947 Mbps  
2026/05/07 16:24:50 - simulation time     660 (s) : SimLog- Average vm CPU utilization                                              :         1.0289 %
2026/05/07 16:24:50 - simulation time     660 (s) : SimLog- Average vm CPU utilization per level                             : Cloud=          0.009 %
2026/05/07 16:24:50 - simulation time     660 (s) :                                                                             Edge=              0 %
2026/05/07 16:24:50 - simulation time     660 (s) :                                                                             Mist=         1.0904 %
2026/05/07 16:24:50 - simulation time     660 (s) : SimLog- Energy consumption                                                      :295270558337464400000 W,   204.7022 dBW
2026/05/07 16:24:50 - simulation time     660 (s) :                                                                                 :(Average:397938757867202690 W/data center(or device), 175.9982 dBW/data center(or device))
2026/05/07 16:24:50 - simulation time     660 (s) :                                                                                 :(Average:26164870034334460 W/task, 164.1772 dBW/task)
2026/05/07 16:24:50 - simulation time     660 (s) : SimLog- Energy Consumption per level                                     : Cloud=146014824917717550000 W,    201.644 dBW
2026/05/07 16:24:50 - simulation time     660 (s) :                                                                                 :(Average:8111934717650974700 W/data center, 189.0912 dBW/data center)
2026/05/07 16:24:50 - simulation time     660 (s) :                                                                             Edge=              0.0007 W,   -31.8046 dBW
2026/05/07 16:24:50 - simulation time     660 (s) :                                                                                 :(Average:0 W/data center, -45.6067 dBW/data center)
2026/05/07 16:24:50 - simulation time     660 (s) :                                                                             Mist=149255733419746820000 W,   201.7393 dBW
2026/05/07 16:24:50 - simulation time     660 (s) :                                                                                 :(Average:213222476313924032 W/edge device, 173.2883 dBW/edge device)
2026/05/07 16:24:50 - simulation time     660 (s) : SimLog- Dead edge devices due to battery drain                                  :              0 devices (Among 0 devices with batteries (NaN %))
2026/05/07 16:24:50 - simulation time     660 (s) : SimLog- Average remaining power (devices with batteries that are still alive)   :              0 Wh (Average: 0 %)
2026/05/07 16:24:50 - simulation time     660 (s) : SimulationManager- the Scenario Simulation overflow times :0

================== Simulation finished at time 691.50 ==================


SimLog- Iteration finished...

######################################################################################################################################################################
Starting CloudSim Plus 4.3.0

2026/05/07 16:24:50 - simulation time       0 (s) : ServersManager- Datacenters and devices were generated
2026/05/07 16:24:50 - simulation time       0 (s) : SimulationManager-  Orchestration algorithm= TASK_CLF_Q_LEARNING-  Architechitecture= ALL -  number of edge devices= 800
2026/05/07 16:24:50 - simulation time       0 (s) : SimulationManager- Simulation: 1  , iteration: 8
2026/05/07 16:25:11 - simulation time     650 (s) : 
2026/05/07 16:25:11 - simulation time     650 (s) : ------------------------------------------------------- OUTPUT -------------------------------------------------------
2026/05/07 16:25:11 - simulation time     650 (s) : 
2026/05/07 16:25:11 - simulation time     650 (s) : SimLog- Tasks not sent because device died (low energy)                         :               0 % (0 tasks)
2026/05/07 16:25:11 - simulation time     650 (s) : SimLog- Tasks sent from edge devices                                            :             100 % (13008 among 13008 generated tasks)
2026/05/07 16:25:11 - simulation time     650 (s) : -------------------------------------All values below are based on the sent tasks-------------------------------------
2026/05/07 16:25:11 - simulation time     650 (s) : SimLog- Tasks ETE delay                                                         :     30415.1383 seconds
2026/05/07 16:25:11 - simulation time     650 (s) : SimLog- Average tasks ETE delay                                                 :         2.5652 seconds
2026/05/07 16:25:11 - simulation time     650 (s) : SimLog- Tasks execution delay                                                   :     15526.1706 seconds
2026/05/07 16:25:11 - simulation time     650 (s) : SimLog- Average tasks execution delay                                           :         1.3019 seconds
2026/05/07 16:25:11 - simulation time     650 (s) : SimLog- Tasks waiting time (from task submiting to the execution start)         :     11752.4534 seconds
2026/05/07 16:25:11 - simulation time     650 (s) : SimLog- Average tasks waiting time (from task submiting to the execution start) :         0.9854 seconds
2026/05/07 16:25:11 - simulation time     650 (s) : SimLog- Tasks successfully executed                                             :        91.1516 % (11857 among 13008 sent tasks)
2026/05/07 16:25:11 - simulation time     650 (s) : SimLog- Tasks failures
2026/05/07 16:25:11 - simulation time     650 (s) :                                        Not executed due to resources unavailable:              0 % (0 tasks)
2026/05/07 16:25:11 - simulation time     650 (s) :                               Successfully executed but failed due to high delay:          6.988 % (909 tasks from 13008 successfully sent tasks)
2026/05/07 16:25:11 - simulation time     650 (s) :                  Tasks execution results not returned because the device is dead:              0 % (0 tasks)
2026/05/07 16:25:11 - simulation time     650 (s) :                      Tasks execution results not returned due to device mobility:         1.8604 % (242 tasks)
2026/05/07 16:25:11 - simulation time     650 (s) : SimLog- Tasks executed on each level                                : Cloud=            619 tasks (where 619 were successfully executed)
2026/05/07 16:25:11 - simulation time     650 (s) :                                                                        Edge=              0 tasks (where 0 were successfully executed)
2026/05/07 16:25:11 - simulation time     650 (s) :                                                                        Mist=          12389 tasks (where 11238 were successfully executed)
2026/05/07 16:25:11 - simulation time     650 (s) : SimLog- Network usage                                                           :           2510 seconds (The total traffic: 12620.05 (MBytes))
2026/05/07 16:25:11 - simulation time     650 (s) :                                                                         Wan=           1039 seconds (41.3944 % of total usage, WAN used when downloading containers=0 % of WAN usage)
2026/05/07 16:25:11 - simulation time     650 (s) :                                                                         Lan=           2510 seconds (100 % of total usage, LAN used when downloading containers=0 % of LAN usage)
2026/05/07 16:25:11 - simulation time     650 (s) :                                                    Average bandwidth per transfer=       735.9756 Mbps  
2026/05/07 16:25:11 - simulation time     650 (s) : SimLog- Average vm CPU utilization                                              :         1.0922 %
2026/05/07 16:25:11 - simulation time     650 (s) : SimLog- Average vm CPU utilization per level                             : Cloud=         0.2201 %
2026/05/07 16:25:11 - simulation time     650 (s) :                                                                             Edge=              0 %
2026/05/07 16:25:11 - simulation time     650 (s) :                                                                             Mist=         1.1446 %
2026/05/07 16:25:11 - simulation time     650 (s) : SimLog- Energy consumption                                                      :584282269658245040000 W,   207.6662 dBW
2026/05/07 16:25:11 - simulation time     650 (s) :                                                                                 :(Average:693921935461098620 W/data center(or device), 178.4131 dBW/data center(or device))
2026/05/07 16:25:11 - simulation time     650 (s) :                                                                                 :(Average:45768625227811768 W/task, 166.6057 dBW/task)
2026/05/07 16:25:11 - simulation time     650 (s) : SimLog- Energy Consumption per level                                     : Cloud=290273606706104470000 W,   204.6281 dBW
2026/05/07 16:25:11 - simulation time     650 (s) :                                                                                 :(Average:16126311483672470000 W/data center, 192.0754 dBW/data center)
2026/05/07 16:25:11 - simulation time     650 (s) :                                                                             Edge=              0.0006 W,   -31.8709 dBW
2026/05/07 16:25:11 - simulation time     650 (s) :                                                                                 :(Average:0 W/data center, -45.673 dBW/data center)
2026/05/07 16:25:11 - simulation time     650 (s) :                                                                             Mist=294008662952140570000 W,   204.6836 dBW
2026/05/07 16:25:11 - simulation time     650 (s) :                                                                                 :(Average:367510828690175740 W/edge device, 175.6527 dBW/edge device)
2026/05/07 16:25:11 - simulation time     650 (s) : SimLog- Dead edge devices due to battery drain                                  :              0 devices (Among 0 devices with batteries (NaN %))
2026/05/07 16:25:11 - simulation time     650 (s) : SimLog- Average remaining power (devices with batteries that are still alive)   :              0 Wh (Average: 0 %)
2026/05/07 16:25:11 - simulation time     650 (s) : SimulationManager- the Scenario Simulation overflow times :0

================== Simulation finished at time 685.20 ==================


SimLog- Iteration finished...

######################################################################################################################################################################
Starting CloudSim Plus 4.3.0

2026/05/07 16:25:11 - simulation time       0 (s) : ServersManager- Datacenters and devices were generated
2026/05/07 16:25:11 - simulation time       0 (s) : SimulationManager-  Orchestration algorithm= TASK_CLF_Q_LEARNING-  Architechitecture= ALL -  number of edge devices= 900
2026/05/07 16:25:11 - simulation time       0 (s) : SimulationManager- Simulation: 1  , iteration: 9
2026/05/07 16:25:39 - simulation time     650 (s) : 
2026/05/07 16:25:39 - simulation time     650 (s) : ------------------------------------------------------- OUTPUT -------------------------------------------------------
2026/05/07 16:25:39 - simulation time     650 (s) : 
2026/05/07 16:25:39 - simulation time     650 (s) : SimLog- Tasks not sent because device died (low energy)                         :               0 % (0 tasks)
2026/05/07 16:25:39 - simulation time     650 (s) : SimLog- Tasks sent from edge devices                                            :             100 % (14502 among 14502 generated tasks)
2026/05/07 16:25:39 - simulation time     650 (s) : -------------------------------------All values below are based on the sent tasks-------------------------------------
2026/05/07 16:25:39 - simulation time     650 (s) : SimLog- Tasks ETE delay                                                         :     36938.2815 seconds
2026/05/07 16:25:39 - simulation time     650 (s) : SimLog- Average tasks ETE delay                                                 :         2.8401 seconds
2026/05/07 16:25:39 - simulation time     650 (s) : SimLog- Tasks execution delay                                                   :     16837.2831 seconds
2026/05/07 16:25:39 - simulation time     650 (s) : SimLog- Average tasks execution delay                                           :         1.2883 seconds
2026/05/07 16:25:39 - simulation time     650 (s) : SimLog- Tasks waiting time (from task submiting to the execution start)         :      16428.825 seconds
2026/05/07 16:25:39 - simulation time     650 (s) : SimLog- Average tasks waiting time (from task submiting to the execution start) :         1.2571 seconds
2026/05/07 16:25:39 - simulation time     650 (s) : SimLog- Tasks successfully executed                                             :        89.6842 % (13006 among 14502 sent tasks)
2026/05/07 16:25:39 - simulation time     650 (s) : SimLog- Tasks failures
2026/05/07 16:25:39 - simulation time     650 (s) :                                        Not executed due to resources unavailable:              0 % (0 tasks)
2026/05/07 16:25:39 - simulation time     650 (s) :                               Successfully executed but failed due to high delay:         8.6816 % (1259 tasks from 14502 successfully sent tasks)
2026/05/07 16:25:39 - simulation time     650 (s) :                  Tasks execution results not returned because the device is dead:              0 % (0 tasks)
2026/05/07 16:25:39 - simulation time     650 (s) :                      Tasks execution results not returned due to device mobility:         1.6343 % (237 tasks)
2026/05/07 16:25:39 - simulation time     650 (s) : SimLog- Tasks executed on each level                                : Cloud=            722 tasks (where 722 were successfully executed)
2026/05/07 16:25:39 - simulation time     650 (s) :                                                                        Edge=              0 tasks (where 0 were successfully executed)
2026/05/07 16:25:39 - simulation time     650 (s) :                                                                        Mist=          13780 tasks (where 12284 were successfully executed)
2026/05/07 16:25:39 - simulation time     650 (s) : SimLog- Network usage                                                           :           2858 seconds (The total traffic: 14638.6 (MBytes))
2026/05/07 16:25:39 - simulation time     650 (s) :                                                                         Wan=           1232 seconds (43.1071 % of total usage, WAN used when downloading containers=0 % of WAN usage)
2026/05/07 16:25:39 - simulation time     650 (s) :                                                                         Lan=           2858 seconds (100 % of total usage, LAN used when downloading containers=0 % of LAN usage)
2026/05/07 16:25:39 - simulation time     650 (s) :                                                    Average bandwidth per transfer=       719.1047 Mbps  
2026/05/07 16:25:39 - simulation time     650 (s) : SimLog- Average vm CPU utilization                                              :         1.0962 %
2026/05/07 16:25:39 - simulation time     650 (s) : SimLog- Average vm CPU utilization per level                             : Cloud=         0.2434 %
2026/05/07 16:25:39 - simulation time     650 (s) :                                                                             Edge=              0 %
2026/05/07 16:25:39 - simulation time     650 (s) :                                                                             Mist=         1.1425 %
2026/05/07 16:25:39 - simulation time     650 (s) : SimLog- Energy consumption                                                      :661032630162385900000 W,   208.2022 dBW
2026/05/07 16:25:39 - simulation time     650 (s) :                                                                                 :(Average:701733153038626300 W/data center(or device), 178.4617 dBW/data center(or device))
2026/05/07 16:25:39 - simulation time     650 (s) :                                                                                 :(Average:46339476352077528 W/task, 166.6595 dBW/task)
2026/05/07 16:25:39 - simulation time     650 (s) : SimLog- Energy Consumption per level                                     : Cloud=328209521043028250000 W,   205.1615 dBW
2026/05/07 16:25:39 - simulation time     650 (s) :                                                                                 :(Average:18233862280168235000 W/data center, 192.6088 dBW/data center)
2026/05/07 16:25:39 - simulation time     650 (s) :                                                                             Edge=              0.0006 W,   -31.8709 dBW
2026/05/07 16:25:39 - simulation time     650 (s) :                                                                                 :(Average:0 W/data center, -45.673 dBW/data center)
2026/05/07 16:25:39 - simulation time     650 (s) :                                                                             Mist=332823109119357700000 W,   205.2221 dBW
2026/05/07 16:25:39 - simulation time     650 (s) :                                                                                 :(Average:369803454577064060 W/edge device, 175.6797 dBW/edge device)
2026/05/07 16:25:39 - simulation time     650 (s) : SimLog- Dead edge devices due to battery drain                                  :              0 devices (Among 0 devices with batteries (NaN %))
2026/05/07 16:25:39 - simulation time     650 (s) : SimLog- Average remaining power (devices with batteries that are still alive)   :              0 Wh (Average: 0 %)
2026/05/07 16:25:39 - simulation time     650 (s) : SimulationManager- the Scenario Simulation overflow times :0

================== Simulation finished at time 685.20 ==================


SimLog- Iteration finished...

######################################################################################################################################################################
Starting CloudSim Plus 4.3.0

2026/05/07 16:25:39 - simulation time       0 (s) : ServersManager- Datacenters and devices were generated
2026/05/07 16:25:39 - simulation time       0 (s) : SimulationManager-  Orchestration algorithm= TASK_CLF_Q_LEARNING-  Architechitecture= ALL -  number of edge devices= 1000
2026/05/07 16:25:39 - simulation time       0 (s) : SimulationManager- Simulation: 1  , iteration: 10
2026/05/07 16:26:12 - simulation time     650 (s) : 
2026/05/07 16:26:12 - simulation time     650 (s) : ------------------------------------------------------- OUTPUT -------------------------------------------------------
2026/05/07 16:26:12 - simulation time     650 (s) : 
2026/05/07 16:26:12 - simulation time     650 (s) : SimLog- Tasks not sent because device died (low energy)                         :               0 % (0 tasks)
2026/05/07 16:26:12 - simulation time     650 (s) : SimLog- Tasks sent from edge devices                                            :             100 % (16554 among 16554 generated tasks)
2026/05/07 16:26:12 - simulation time     650 (s) : -------------------------------------All values below are based on the sent tasks-------------------------------------
2026/05/07 16:26:12 - simulation time     650 (s) : SimLog- Tasks ETE delay                                                         :     44963.8226 seconds
2026/05/07 16:26:12 - simulation time     650 (s) : SimLog- Average tasks ETE delay                                                 :         3.0414 seconds
2026/05/07 16:26:12 - simulation time     650 (s) : SimLog- Tasks execution delay                                                   :     17847.0264 seconds
2026/05/07 16:26:12 - simulation time     650 (s) : SimLog- Average tasks execution delay                                           :         1.2008 seconds
2026/05/07 16:26:12 - simulation time     650 (s) : SimLog- Tasks waiting time (from task submiting to the execution start)         :     22717.2285 seconds
2026/05/07 16:26:12 - simulation time     650 (s) : SimLog- Average tasks waiting time (from task submiting to the execution start) :         1.5284 seconds
2026/05/07 16:26:12 - simulation time     650 (s) : SimLog- Tasks successfully executed                                             :        89.3077 % (14784 among 16554 sent tasks)
2026/05/07 16:26:12 - simulation time     650 (s) : SimLog- Tasks failures
2026/05/07 16:26:12 - simulation time     650 (s) :                                        Not executed due to resources unavailable:              0 % (0 tasks)
2026/05/07 16:26:12 - simulation time     650 (s) :                               Successfully executed but failed due to high delay:         8.8861 % (1471 tasks from 16554 successfully sent tasks)
2026/05/07 16:26:12 - simulation time     650 (s) :                  Tasks execution results not returned because the device is dead:              0 % (0 tasks)
2026/05/07 16:26:12 - simulation time     650 (s) :                      Tasks execution results not returned due to device mobility:         1.8062 % (299 tasks)
2026/05/07 16:26:12 - simulation time     650 (s) : SimLog- Tasks executed on each level                                : Cloud=            835 tasks (where 835 were successfully executed)
2026/05/07 16:26:12 - simulation time     650 (s) :                                                                        Edge=              0 tasks (where 0 were successfully executed)
2026/05/07 16:26:12 - simulation time     650 (s) :                                                                        Mist=          15719 tasks (where 13949 were successfully executed)
2026/05/07 16:26:12 - simulation time     650 (s) : SimLog- Network usage                                                           :           3528 seconds (The total traffic: 16979.6 (MBytes))
2026/05/07 16:26:12 - simulation time     650 (s) :                                                                         Wan=           1589 seconds (45.0397 % of total usage, WAN used when downloading containers=0 % of WAN usage)
2026/05/07 16:26:12 - simulation time     650 (s) :                                                                         Lan=           3528 seconds (100 % of total usage, LAN used when downloading containers=0 % of LAN usage)
2026/05/07 16:26:12 - simulation time     650 (s) :                                                    Average bandwidth per transfer=       714.9715 Mbps  
2026/05/07 16:26:12 - simulation time     650 (s) : SimLog- Average vm CPU utilization                                              :         1.1062 %
2026/05/07 16:26:12 - simulation time     650 (s) : SimLog- Average vm CPU utilization per level                             : Cloud=          0.279 %
2026/05/07 16:26:12 - simulation time     650 (s) :                                                                             Edge=              0 %
2026/05/07 16:26:12 - simulation time     650 (s) :                                                                             Mist=         1.1477 %
2026/05/07 16:26:12 - simulation time     650 (s) : SimLog- Energy consumption                                                      :759913118511003300000 W,   208.8076 dBW
2026/05/07 16:26:12 - simulation time     650 (s) :                                                                                 :(Average:729283223139158660 W/data center(or device), 178.629 dBW/data center(or device))
2026/05/07 16:26:12 - simulation time     650 (s) :                                                                                 :(Average:46749499754598792 W/task, 166.6978 dBW/task)
2026/05/07 16:26:12 - simulation time     650 (s) : SimLog- Energy Consumption per level                                     : Cloud=377552422636791800000 W,   205.7698 dBW
2026/05/07 16:26:12 - simulation time     650 (s) :                                                                                 :(Average:20975134590932877000 W/data center, 193.217 dBW/data center)
2026/05/07 16:26:12 - simulation time     650 (s) :                                                                             Edge=              0.0006 W,   -31.8709 dBW
2026/05/07 16:26:12 - simulation time     650 (s) :                                                                                 :(Average:0 W/data center, -45.673 dBW/data center)
2026/05/07 16:26:12 - simulation time     650 (s) :                                                                             Mist=382360695874211550000 W,   205.8247 dBW
2026/05/07 16:26:12 - simulation time     650 (s) :                                                                                 :(Average:382360695874211520 W/edge device, 175.8247 dBW/edge device)
2026/05/07 16:26:12 - simulation time     650 (s) : SimLog- Dead edge devices due to battery drain                                  :              0 devices (Among 0 devices with batteries (NaN %))
2026/05/07 16:26:12 - simulation time     650 (s) : SimLog- Average remaining power (devices with batteries that are still alive)   :              0 Wh (Average: 0 %)
2026/05/07 16:26:12 - simulation time     650 (s) : SimulationManager- the Scenario Simulation overflow times :0

================== Simulation finished at time 685.20 ==================


SimLog- Iteration finished...

######################################################################################################################################################################
Starting CloudSim Plus 4.3.0

2026/05/07 16:26:12 - simulation time       0 (s) : ServersManager- Datacenters and devices were generated
2026/05/07 16:26:12 - simulation time       0 (s) : SimulationManager-  Orchestration algorithm= WEIGHT_GREEDY-  Architechitecture= ALL -  number of edge devices= 100
2026/05/07 16:26:12 - simulation time       0 (s) : SimulationManager- Simulation: 1  , iteration: 11
2026/05/07 16:26:13 - simulation time     660 (s) : 
2026/05/07 16:26:13 - simulation time     660 (s) : ------------------------------------------------------- OUTPUT -------------------------------------------------------
2026/05/07 16:26:13 - simulation time     660 (s) : 
2026/05/07 16:26:13 - simulation time     660 (s) : SimLog- Tasks not sent because device died (low energy)                         :               0 % (0 tasks)
2026/05/07 16:26:13 - simulation time     660 (s) : SimLog- Tasks sent from edge devices                                            :             100 % (1618 among 1618 generated tasks)
2026/05/07 16:26:13 - simulation time     660 (s) : -------------------------------------All values below are based on the sent tasks-------------------------------------
2026/05/07 16:26:13 - simulation time     660 (s) : SimLog- Tasks ETE delay                                                         :      3713.7497 seconds
2026/05/07 16:26:13 - simulation time     660 (s) : SimLog- Average tasks ETE delay                                                 :         2.8092 seconds
2026/05/07 16:26:13 - simulation time     660 (s) : SimLog- Tasks execution delay                                                   :       853.3403 seconds
2026/05/07 16:26:13 - simulation time     660 (s) : SimLog- Average tasks execution delay                                           :         0.5337 seconds
2026/05/07 16:26:13 - simulation time     660 (s) : SimLog- Tasks waiting time (from task submiting to the execution start)         :        70.0156 seconds
2026/05/07 16:26:13 - simulation time     660 (s) : SimLog- Average tasks waiting time (from task submiting to the execution start) :         0.0438 seconds
2026/05/07 16:26:13 - simulation time     660 (s) : SimLog- Tasks successfully executed                                             :        81.7058 % (1322 among 1618 sent tasks)
2026/05/07 16:26:13 - simulation time     660 (s) : SimLog- Tasks failures
2026/05/07 16:26:13 - simulation time     660 (s) :                                        Not executed due to resources unavailable:              0 % (0 tasks)
2026/05/07 16:26:13 - simulation time     660 (s) :                               Successfully executed but failed due to high delay:        17.7998 % (288 tasks from 1618 successfully sent tasks)
2026/05/07 16:26:13 - simulation time     660 (s) :                  Tasks execution results not returned because the device is dead:              0 % (0 tasks)
2026/05/07 16:26:13 - simulation time     660 (s) :                      Tasks execution results not returned due to device mobility:         0.4944 % (8 tasks)
2026/05/07 16:26:13 - simulation time     660 (s) : SimLog- Tasks executed on each level                                : Cloud=            850 tasks (where 671 were successfully executed)
2026/05/07 16:26:13 - simulation time     660 (s) :                                                                        Edge=            364 tasks (where 274 were successfully executed)
2026/05/07 16:26:13 - simulation time     660 (s) :                                                                        Mist=            404 tasks (where 377 were successfully executed)
2026/05/07 16:26:13 - simulation time     660 (s) : SimLog- Network usage                                                           :           2572 seconds (The total traffic: 7892.95 (MBytes))
2026/05/07 16:26:13 - simulation time     660 (s) :                                                                         Wan=            851 seconds (33.0871 % of total usage, WAN used when downloading containers=0 % of WAN usage)
2026/05/07 16:26:13 - simulation time     660 (s) :                                                                         Lan=           2572 seconds (100 % of total usage, LAN used when downloading containers=0 % of LAN usage)
2026/05/07 16:26:13 - simulation time     660 (s) :                                                    Average bandwidth per transfer=       882.1758 Mbps  
2026/05/07 16:26:13 - simulation time     660 (s) : SimLog- Average vm CPU utilization                                              :         0.1404 %
2026/05/07 16:26:13 - simulation time     660 (s) : SimLog- Average vm CPU utilization per level                             : Cloud=         0.0132 %
2026/05/07 16:26:13 - simulation time     660 (s) :                                                                             Edge=         0.0264 %
2026/05/07 16:26:13 - simulation time     660 (s) :                                                                             Mist=         0.1907 %
2026/05/07 16:26:13 - simulation time     660 (s) : SimLog- Energy consumption                                                      :286622856690621480000 W,   204.5731 dBW
2026/05/07 16:26:13 - simulation time     660 (s) :                                                                                 :(Average:2018470821764940030 W/data center(or device), 183.0502 dBW/data center(or device))
2026/05/07 16:26:13 - simulation time     660 (s) :                                                                                 :(Average:178026619062497824 W/task, 172.5048 dBW/task)
2026/05/07 16:26:13 - simulation time     660 (s) : SimLog- Energy Consumption per level                                     : Cloud=112665219691921390000 W,   200.5179 dBW
2026/05/07 16:26:13 - simulation time     660 (s) :                                                                                 :(Average:6259178871773410300 W/data center, 187.9652 dBW/data center)
2026/05/07 16:26:13 - simulation time     660 (s) :                                                                             Edge=18436641686664872000 W,   192.6568 dBW
2026/05/07 16:26:13 - simulation time     660 (s) :                                                                                 :(Average:768193403611036290 W/data center, 178.8547 dBW/data center)
2026/05/07 16:26:13 - simulation time     660 (s) :                                                                             Mist=155520995312035230000 W,   201.9179 dBW
2026/05/07 16:26:13 - simulation time     660 (s) :                                                                                 :(Average:1555209953120352260 W/edge device, 181.9179 dBW/edge device)
2026/05/07 16:26:13 - simulation time     660 (s) : SimLog- Dead edge devices due to battery drain                                  :              0 devices (Among 0 devices with batteries (NaN %))
2026/05/07 16:26:13 - simulation time     660 (s) : SimLog- Average remaining power (devices with batteries that are still alive)   :              0 Wh (Average: 0 %)
2026/05/07 16:26:13 - simulation time     660 (s) : SimulationManager- the Scenario Simulation overflow times :0

================== Simulation finished at time 691.50 ==================


SimLog- Iteration finished...

######################################################################################################################################################################
Starting CloudSim Plus 4.3.0

2026/05/07 16:26:13 - simulation time       0 (s) : ServersManager- Datacenters and devices were generated
2026/05/07 16:26:13 - simulation time       0 (s) : SimulationManager-  Orchestration algorithm= WEIGHT_GREEDY-  Architechitecture= ALL -  number of edge devices= 200
2026/05/07 16:26:13 - simulation time       0 (s) : SimulationManager- Simulation: 1  , iteration: 12
2026/05/07 16:26:15 - simulation time     650 (s) : 
2026/05/07 16:26:15 - simulation time     650 (s) : ------------------------------------------------------- OUTPUT -------------------------------------------------------
2026/05/07 16:26:15 - simulation time     650 (s) : 
2026/05/07 16:26:15 - simulation time     650 (s) : SimLog- Tasks not sent because device died (low energy)                         :               0 % (0 tasks)
2026/05/07 16:26:15 - simulation time     650 (s) : SimLog- Tasks sent from edge devices                                            :             100 % (3282 among 3282 generated tasks)
2026/05/07 16:26:15 - simulation time     650 (s) : -------------------------------------All values below are based on the sent tasks-------------------------------------
2026/05/07 16:26:15 - simulation time     650 (s) : SimLog- Tasks ETE delay                                                         :      6862.3078 seconds
2026/05/07 16:26:15 - simulation time     650 (s) : SimLog- Average tasks ETE delay                                                 :         2.4783 seconds
2026/05/07 16:26:15 - simulation time     650 (s) : SimLog- Tasks execution delay                                                   :      2102.5451 seconds
2026/05/07 16:26:15 - simulation time     650 (s) : SimLog- Average tasks execution delay                                           :         0.6599 seconds
2026/05/07 16:26:15 - simulation time     650 (s) : SimLog- Tasks waiting time (from task submiting to the execution start)         :       322.0839 seconds
2026/05/07 16:26:15 - simulation time     650 (s) : SimLog- Average tasks waiting time (from task submiting to the execution start) :         0.1011 seconds
2026/05/07 16:26:15 - simulation time     650 (s) : SimLog- Tasks successfully executed                                             :        84.3693 % (2769 among 3282 sent tasks)
2026/05/07 16:26:15 - simulation time     650 (s) : SimLog- Tasks failures
2026/05/07 16:26:15 - simulation time     650 (s) :                                        Not executed due to resources unavailable:              0 % (0 tasks)
2026/05/07 16:26:15 - simulation time     650 (s) :                               Successfully executed but failed due to high delay:        14.0158 % (460 tasks from 3282 successfully sent tasks)
2026/05/07 16:26:15 - simulation time     650 (s) :                  Tasks execution results not returned because the device is dead:              0 % (0 tasks)
2026/05/07 16:26:15 - simulation time     650 (s) :                      Tasks execution results not returned due to device mobility:         1.6149 % (53 tasks)
2026/05/07 16:26:15 - simulation time     650 (s) : SimLog- Tasks executed on each level                                : Cloud=           1241 tasks (where 952 were successfully executed)
2026/05/07 16:26:15 - simulation time     650 (s) :                                                                        Edge=            562 tasks (where 425 were successfully executed)
2026/05/07 16:26:15 - simulation time     650 (s) :                                                                        Mist=           1479 tasks (where 1392 were successfully executed)
2026/05/07 16:26:15 - simulation time     650 (s) : SimLog- Network usage                                                           :           4022 seconds (The total traffic: 12188.55 (MBytes))
2026/05/07 16:26:15 - simulation time     650 (s) :                                                                         Wan=           1249 seconds (31.0542 % of total usage, WAN used when downloading containers=0 % of WAN usage)
2026/05/07 16:26:15 - simulation time     650 (s) :                                                                         Lan=           4022 seconds (100 % of total usage, LAN used when downloading containers=0 % of LAN usage)
2026/05/07 16:26:15 - simulation time     650 (s) :                                                    Average bandwidth per transfer=       873.6492 Mbps  
2026/05/07 16:26:15 - simulation time     650 (s) : SimLog- Average vm CPU utilization                                              :         0.4491 %
2026/05/07 16:26:15 - simulation time     650 (s) : SimLog- Average vm CPU utilization per level                             : Cloud=              0 %
2026/05/07 16:26:15 - simulation time     650 (s) :                                                                             Edge=         0.0533 %
2026/05/07 16:26:15 - simulation time     650 (s) :                                                                             Mist=          0.537 %
2026/05/07 16:26:15 - simulation time     650 (s) : SimLog- Energy consumption                                                      :383859791736421550000 W,   205.8417 dBW
2026/05/07 16:26:15 - simulation time     650 (s) :                                                                                 :(Average:1586197486514138620 W/data center(or device), 182.0036 dBW/data center(or device))
2026/05/07 16:26:15 - simulation time     650 (s) :                                                                                 :(Average:118842040785269824 W/task, 170.7497 dBW/task)
2026/05/07 16:26:15 - simulation time     650 (s) : SimLog- Energy Consumption per level                                     : Cloud=130492150456256120000 W,   201.1558 dBW
2026/05/07 16:26:15 - simulation time     650 (s) :                                                                                 :(Average:7249563914236450800 W/data center, 188.6031 dBW/data center)
2026/05/07 16:26:15 - simulation time     650 (s) :                                                                             Edge=34371212845904070000 W,   195.3619 dBW
2026/05/07 16:26:15 - simulation time     650 (s) :                                                                                 :(Average:1432133868579336190 W/data center, 181.5598 dBW/data center)
2026/05/07 16:26:15 - simulation time     650 (s) :                                                                             Mist=218996428434261340000 W,   203.4044 dBW
2026/05/07 16:26:15 - simulation time     650 (s) :                                                                                 :(Average:1094982142171306750 W/edge device, 180.3941 dBW/edge device)
2026/05/07 16:26:15 - simulation time     650 (s) : SimLog- Dead edge devices due to battery drain                                  :              0 devices (Among 0 devices with batteries (NaN %))
2026/05/07 16:26:15 - simulation time     650 (s) : SimLog- Average remaining power (devices with batteries that are still alive)   :              0 Wh (Average: 0 %)
2026/05/07 16:26:15 - simulation time     650 (s) : SimulationManager- the Scenario Simulation overflow times :0

================== Simulation finished at time 685.20 ==================


SimLog- Iteration finished...

######################################################################################################################################################################
Starting CloudSim Plus 4.3.0

2026/05/07 16:26:15 - simulation time       0 (s) : ServersManager- Datacenters and devices were generated
2026/05/07 16:26:15 - simulation time       0 (s) : SimulationManager-  Orchestration algorithm= WEIGHT_GREEDY-  Architechitecture= ALL -  number of edge devices= 300
2026/05/07 16:26:15 - simulation time       0 (s) : SimulationManager- Simulation: 1  , iteration: 13
2026/05/07 16:26:19 - simulation time     650 (s) : 
2026/05/07 16:26:19 - simulation time     650 (s) : ------------------------------------------------------- OUTPUT -------------------------------------------------------
2026/05/07 16:26:19 - simulation time     650 (s) : 
2026/05/07 16:26:19 - simulation time     650 (s) : SimLog- Tasks not sent because device died (low energy)                         :               0 % (0 tasks)
2026/05/07 16:26:19 - simulation time     650 (s) : SimLog- Tasks sent from edge devices                                            :             100 % (4806 among 4806 generated tasks)
2026/05/07 16:26:19 - simulation time     650 (s) : -------------------------------------All values below are based on the sent tasks-------------------------------------
2026/05/07 16:26:19 - simulation time     650 (s) : SimLog- Tasks ETE delay                                                         :      10188.203 seconds
2026/05/07 16:26:19 - simulation time     650 (s) : SimLog- Average tasks ETE delay                                                 :         2.4485 seconds
2026/05/07 16:26:19 - simulation time     650 (s) : SimLog- Tasks execution delay                                                   :      3511.4749 seconds
2026/05/07 16:26:19 - simulation time     650 (s) : SimLog- Average tasks execution delay                                           :          0.761 seconds
2026/05/07 16:26:19 - simulation time     650 (s) : SimLog- Tasks waiting time (from task submiting to the execution start)         :       714.5322 seconds
2026/05/07 16:26:19 - simulation time     650 (s) : SimLog- Average tasks waiting time (from task submiting to the execution start) :         0.1549 seconds
2026/05/07 16:26:19 - simulation time     650 (s) : SimLog- Tasks successfully executed                                             :        86.5793 % (4161 among 4806 sent tasks)
2026/05/07 16:26:19 - simulation time     650 (s) : SimLog- Tasks failures
2026/05/07 16:26:19 - simulation time     650 (s) :                                        Not executed due to resources unavailable:              0 % (0 tasks)
2026/05/07 16:26:19 - simulation time     650 (s) :                               Successfully executed but failed due to high delay:        11.0903 % (533 tasks from 4806 successfully sent tasks)
2026/05/07 16:26:19 - simulation time     650 (s) :                  Tasks execution results not returned because the device is dead:              0 % (0 tasks)
2026/05/07 16:26:19 - simulation time     650 (s) :                      Tasks execution results not returned due to device mobility:         2.3304 % (112 tasks)
2026/05/07 16:26:19 - simulation time     650 (s) : SimLog- Tasks executed on each level                                : Cloud=           1518 tasks (where 1206 were successfully executed)
2026/05/07 16:26:19 - simulation time     650 (s) :                                                                        Edge=            679 tasks (where 524 were successfully executed)
2026/05/07 16:26:19 - simulation time     650 (s) :                                                                        Mist=           2609 tasks (where 2431 were successfully executed)
2026/05/07 16:26:19 - simulation time     650 (s) : SimLog- Network usage                                                           :           5170 seconds (The total traffic: 18181.65 (MBytes))
2026/05/07 16:26:19 - simulation time     650 (s) :                                                                         Wan=           1558 seconds (30.1354 % of total usage, WAN used when downloading containers=0 % of WAN usage)
2026/05/07 16:26:19 - simulation time     650 (s) :                                                                         Lan=           5170 seconds (100 % of total usage, LAN used when downloading containers=0 % of LAN usage)
2026/05/07 16:26:19 - simulation time     650 (s) :                                                    Average bandwidth per transfer=       849.1751 Mbps  
2026/05/07 16:26:19 - simulation time     650 (s) : SimLog- Average vm CPU utilization                                              :         0.6525 %
2026/05/07 16:26:19 - simulation time     650 (s) : SimLog- Average vm CPU utilization per level                             : Cloud=         0.0688 %
2026/05/07 16:26:19 - simulation time     650 (s) :                                                                             Edge=         0.0791 %
2026/05/07 16:26:19 - simulation time     650 (s) :                                                                             Mist=         0.7334 %
2026/05/07 16:26:19 - simulation time     650 (s) : SimLog- Energy consumption                                                      :525405386162203900000 W,   207.2049 dBW
2026/05/07 16:26:19 - simulation time     650 (s) :                                                                                 :(Average:1536273058953812740 W/data center(or device), 181.8647 dBW/data center(or device))
2026/05/07 16:26:19 - simulation time     650 (s) :                                                                                 :(Average:111931271018790784 W/task, 170.4895 dBW/task)
2026/05/07 16:26:19 - simulation time     650 (s) : SimLog- Energy Consumption per level                                     : Cloud=176729616844226560000 W,   202.4731 dBW
2026/05/07 16:26:19 - simulation time     650 (s) :                                                                                 :(Average:9818312046901475000 W/data center, 189.9204 dBW/data center)
2026/05/07 16:26:19 - simulation time     650 (s) :                                                                             Edge=46871893260443010000 W,   196.7091 dBW
2026/05/07 16:26:19 - simulation time     650 (s) :                                                                                 :(Average:1952995552518458620 W/data center, 182.907 dBW/data center)
2026/05/07 16:26:19 - simulation time     650 (s) :                                                                             Mist=301803876057534370000 W,   204.7972 dBW
2026/05/07 16:26:19 - simulation time     650 (s) :                                                                                 :(Average:1006012920191781250 W/edge device, 180.026 dBW/edge device)
2026/05/07 16:26:19 - simulation time     650 (s) : SimLog- Dead edge devices due to battery drain                                  :              0 devices (Among 0 devices with batteries (NaN %))
2026/05/07 16:26:19 - simulation time     650 (s) : SimLog- Average remaining power (devices with batteries that are still alive)   :              0 Wh (Average: 0 %)
2026/05/07 16:26:19 - simulation time     650 (s) : SimulationManager- the Scenario Simulation overflow times :0

================== Simulation finished at time 685.20 ==================


SimLog- Iteration finished...

######################################################################################################################################################################
Starting CloudSim Plus 4.3.0

2026/05/07 16:26:19 - simulation time       0 (s) : ServersManager- Datacenters and devices were generated
2026/05/07 16:26:19 - simulation time       0 (s) : SimulationManager-  Orchestration algorithm= WEIGHT_GREEDY-  Architechitecture= ALL -  number of edge devices= 400
2026/05/07 16:26:19 - simulation time       0 (s) : SimulationManager- Simulation: 1  , iteration: 14
2026/05/07 16:26:25 - simulation time     660 (s) : 
2026/05/07 16:26:25 - simulation time     660 (s) : ------------------------------------------------------- OUTPUT -------------------------------------------------------
2026/05/07 16:26:25 - simulation time     660 (s) : 
2026/05/07 16:26:25 - simulation time     660 (s) : SimLog- Tasks not sent because device died (low energy)                         :               0 % (0 tasks)
2026/05/07 16:26:25 - simulation time     660 (s) : SimLog- Tasks sent from edge devices                                            :             100 % (6470 among 6470 generated tasks)
2026/05/07 16:26:25 - simulation time     660 (s) : -------------------------------------All values below are based on the sent tasks-------------------------------------
2026/05/07 16:26:25 - simulation time     660 (s) : SimLog- Tasks ETE delay                                                         :     12430.7839 seconds
2026/05/07 16:26:25 - simulation time     660 (s) : SimLog- Average tasks ETE delay                                                 :          2.275 seconds
2026/05/07 16:26:25 - simulation time     660 (s) : SimLog- Tasks execution delay                                                   :      4503.6473 seconds
2026/05/07 16:26:25 - simulation time     660 (s) : SimLog- Average tasks execution delay                                           :          0.747 seconds
2026/05/07 16:26:25 - simulation time     660 (s) : SimLog- Tasks waiting time (from task submiting to the execution start)         :      1166.5758 seconds
2026/05/07 16:26:25 - simulation time     660 (s) : SimLog- Average tasks waiting time (from task submiting to the execution start) :         0.1935 seconds
2026/05/07 16:26:25 - simulation time     660 (s) : SimLog- Tasks successfully executed                                             :        84.4513 % (5464 among 6470 sent tasks)
2026/05/07 16:26:25 - simulation time     660 (s) : SimLog- Tasks failures
2026/05/07 16:26:25 - simulation time     660 (s) :                                        Not executed due to resources unavailable:              0 % (0 tasks)
2026/05/07 16:26:25 - simulation time     660 (s) :                               Successfully executed but failed due to high delay:        12.1947 % (789 tasks from 6470 successfully sent tasks)
2026/05/07 16:26:25 - simulation time     660 (s) :                  Tasks execution results not returned because the device is dead:              0 % (0 tasks)
2026/05/07 16:26:25 - simulation time     660 (s) :                      Tasks execution results not returned due to device mobility:         3.3539 % (217 tasks)
2026/05/07 16:26:25 - simulation time     660 (s) : SimLog- Tasks executed on each level                                : Cloud=           1845 tasks (where 1416 were successfully executed)
2026/05/07 16:26:25 - simulation time     660 (s) :                                                                        Edge=            785 tasks (where 547 were successfully executed)
2026/05/07 16:26:25 - simulation time     660 (s) :                                                                        Mist=           3840 tasks (where 3501 were successfully executed)
2026/05/07 16:26:25 - simulation time     660 (s) : SimLog- Network usage                                                           :           6250 seconds (The total traffic: 19534.75 (MBytes))
2026/05/07 16:26:25 - simulation time     660 (s) :                                                                         Wan=           1865 seconds (29.84 % of total usage, WAN used when downloading containers=0 % of WAN usage)
2026/05/07 16:26:25 - simulation time     660 (s) :                                                                         Lan=           6250 seconds (100 % of total usage, LAN used when downloading containers=0 % of LAN usage)
2026/05/07 16:26:25 - simulation time     660 (s) :                                                    Average bandwidth per transfer=       837.2479 Mbps  
2026/05/07 16:26:25 - simulation time     660 (s) : SimLog- Average vm CPU utilization                                              :         0.6742 %
2026/05/07 16:26:25 - simulation time     660 (s) : SimLog- Average vm CPU utilization per level                             : Cloud=         0.0011 %
2026/05/07 16:26:25 - simulation time     660 (s) :                                                                             Edge=         0.0647 %
2026/05/07 16:26:25 - simulation time     660 (s) :                                                                             Mist=          0.741 %
2026/05/07 16:26:25 - simulation time     660 (s) : SimLog- Energy consumption                                                      :522000925080145600000 W,   207.1767 dBW
2026/05/07 16:26:25 - simulation time     660 (s) :                                                                                 :(Average:1180997568054628100 W/data center(or device), 180.7225 dBW/data center(or device))
2026/05/07 16:26:25 - simulation time     660 (s) :                                                                                 :(Average:83480077575587024 W/task, 169.2158 dBW/task)
2026/05/07 16:26:25 - simulation time     660 (s) : SimLog- Energy Consumption per level                                     : Cloud=181675647299525570000 W,    202.593 dBW
2026/05/07 16:26:25 - simulation time     660 (s) :                                                                                 :(Average:10093091516640310000 W/data center, 190.0402 dBW/data center)
2026/05/07 16:26:25 - simulation time     660 (s) :                                                                             Edge=33991625177999860000 W,   195.3137 dBW
2026/05/07 16:26:25 - simulation time     660 (s) :                                                                                 :(Average:1416317715749994240 W/data center, 181.5116 dBW/data center)
2026/05/07 16:26:25 - simulation time     660 (s) :                                                                             Mist=306333652602620150000 W,   204.8619 dBW
2026/05/07 16:26:25 - simulation time     660 (s) :                                                                                 :(Average:765834131506550400 W/edge device, 178.8413 dBW/edge device)
2026/05/07 16:26:25 - simulation time     660 (s) : SimLog- Dead edge devices due to battery drain                                  :              0 devices (Among 0 devices with batteries (NaN %))
2026/05/07 16:26:25 - simulation time     660 (s) : SimLog- Average remaining power (devices with batteries that are still alive)   :              0 Wh (Average: 0 %)
2026/05/07 16:26:25 - simulation time     660 (s) : SimulationManager- the Scenario Simulation overflow times :0

================== Simulation finished at time 691.50 ==================


SimLog- Iteration finished...

######################################################################################################################################################################
Starting CloudSim Plus 4.3.0

2026/05/07 16:26:25 - simulation time       0 (s) : ServersManager- Datacenters and devices were generated
2026/05/07 16:26:25 - simulation time       0 (s) : SimulationManager-  Orchestration algorithm= WEIGHT_GREEDY-  Architechitecture= ALL -  number of edge devices= 500
2026/05/07 16:26:25 - simulation time       0 (s) : SimulationManager- Simulation: 1  , iteration: 15
2026/05/07 16:26:34 - simulation time     660 (s) : 
2026/05/07 16:26:34 - simulation time     660 (s) : ------------------------------------------------------- OUTPUT -------------------------------------------------------
2026/05/07 16:26:34 - simulation time     660 (s) : 
2026/05/07 16:26:34 - simulation time     660 (s) : SimLog- Tasks not sent because device died (low energy)                         :               0 % (0 tasks)
2026/05/07 16:26:34 - simulation time     660 (s) : SimLog- Tasks sent from edge devices                                            :             100 % (8186 among 8186 generated tasks)
2026/05/07 16:26:34 - simulation time     660 (s) : -------------------------------------All values below are based on the sent tasks-------------------------------------
2026/05/07 16:26:34 - simulation time     660 (s) : SimLog- Tasks ETE delay                                                         :     14447.7326 seconds
2026/05/07 16:26:34 - simulation time     660 (s) : SimLog- Average tasks ETE delay                                                 :         2.1658 seconds
2026/05/07 16:26:34 - simulation time     660 (s) : SimLog- Tasks execution delay                                                   :       5700.982 seconds
2026/05/07 16:26:34 - simulation time     660 (s) : SimLog- Average tasks execution delay                                           :          0.785 seconds
2026/05/07 16:26:34 - simulation time     660 (s) : SimLog- Tasks waiting time (from task submiting to the execution start)         :      1404.4728 seconds
2026/05/07 16:26:34 - simulation time     660 (s) : SimLog- Average tasks waiting time (from task submiting to the execution start) :         0.1934 seconds
2026/05/07 16:26:34 - simulation time     660 (s) : SimLog- Tasks successfully executed                                             :        81.4928 % (6671 among 8186 sent tasks)
2026/05/07 16:26:34 - simulation time     660 (s) : SimLog- Tasks failures
2026/05/07 16:26:34 - simulation time     660 (s) :                                        Not executed due to resources unavailable:              0 % (0 tasks)
2026/05/07 16:26:34 - simulation time     660 (s) :                               Successfully executed but failed due to high delay:        12.0938 % (990 tasks from 8186 successfully sent tasks)
2026/05/07 16:26:34 - simulation time     660 (s) :                  Tasks execution results not returned because the device is dead:              0 % (0 tasks)
2026/05/07 16:26:34 - simulation time     660 (s) :                      Tasks execution results not returned due to device mobility:         6.4134 % (525 tasks)
2026/05/07 16:26:34 - simulation time     660 (s) : SimLog- Tasks executed on each level                                : Cloud=           2105 tasks (where 1589 were successfully executed)
2026/05/07 16:26:34 - simulation time     660 (s) :                                                                        Edge=            870 tasks (where 595 were successfully executed)
2026/05/07 16:26:34 - simulation time     660 (s) :                                                                        Mist=           5211 tasks (where 4487 were successfully executed)
2026/05/07 16:26:34 - simulation time     660 (s) : SimLog- Network usage                                                           :           7140 seconds (The total traffic: 21336.5 (MBytes))
2026/05/07 16:26:34 - simulation time     660 (s) :                                                                         Wan=           2134 seconds (29.888 % of total usage, WAN used when downloading containers=0 % of WAN usage)
2026/05/07 16:26:34 - simulation time     660 (s) :                                                                         Lan=           7140 seconds (100 % of total usage, LAN used when downloading containers=0 % of LAN usage)
2026/05/07 16:26:34 - simulation time     660 (s) :                                                    Average bandwidth per transfer=       828.6773 Mbps  
2026/05/07 16:26:34 - simulation time     660 (s) : SimLog- Average vm CPU utilization                                              :         0.7488 %
2026/05/07 16:26:34 - simulation time     660 (s) : SimLog- Average vm CPU utilization per level                             : Cloud=         0.0213 %
2026/05/07 16:26:34 - simulation time     660 (s) :                                                                             Edge=         0.0783 %
2026/05/07 16:26:34 - simulation time     660 (s) :                                                                             Mist=         0.8072 %
2026/05/07 16:26:34 - simulation time     660 (s) : SimLog- Energy consumption                                                      :560498768497981700000 W,   207.4857 dBW
2026/05/07 16:26:34 - simulation time     660 (s) :                                                                                 :(Average:1034130569184468100 W/data center(or device), 180.1458 dBW/data center(or device))
2026/05/07 16:26:34 - simulation time     660 (s) :                                                                                 :(Average:73162611734497024 W/task, 168.6429 dBW/task)
2026/05/07 16:26:34 - simulation time     660 (s) : SimLog- Energy Consumption per level                                     : Cloud=198767962184159040000 W,   202.9835 dBW
2026/05/07 16:26:34 - simulation time     660 (s) :                                                                                 :(Average:11042664565786614000 W/data center, 190.4307 dBW/data center)
2026/05/07 16:26:34 - simulation time     660 (s) :                                                                             Edge=40201425782876310000 W,   196.0424 dBW
2026/05/07 16:26:34 - simulation time     660 (s) :                                                                                 :(Average:1675059407619846140 W/data center, 182.2403 dBW/data center)
2026/05/07 16:26:34 - simulation time     660 (s) :                                                                             Mist=321529380530946400000 W,   205.0722 dBW
2026/05/07 16:26:34 - simulation time     660 (s) :                                                                                 :(Average:643058761061892740 W/edge device, 178.0825 dBW/edge device)
2026/05/07 16:26:34 - simulation time     660 (s) : SimLog- Dead edge devices due to battery drain                                  :              0 devices (Among 0 devices with batteries (NaN %))
2026/05/07 16:26:34 - simulation time     660 (s) : SimLog- Average remaining power (devices with batteries that are still alive)   :              0 Wh (Average: 0 %)
2026/05/07 16:26:34 - simulation time     660 (s) : SimulationManager- the Scenario Simulation overflow times :0

================== Simulation finished at time 691.50 ==================


SimLog- Iteration finished...

######################################################################################################################################################################
Starting CloudSim Plus 4.3.0

2026/05/07 16:26:34 - simulation time       0 (s) : ServersManager- Datacenters and devices were generated
2026/05/07 16:26:34 - simulation time       0 (s) : SimulationManager-  Orchestration algorithm= WEIGHT_GREEDY-  Architechitecture= ALL -  number of edge devices= 600
2026/05/07 16:26:34 - simulation time       0 (s) : SimulationManager- Simulation: 1  , iteration: 16
2026/05/07 16:26:47 - simulation time     650 (s) : 
2026/05/07 16:26:47 - simulation time     650 (s) : ------------------------------------------------------- OUTPUT -------------------------------------------------------
2026/05/07 16:26:47 - simulation time     650 (s) : 
2026/05/07 16:26:47 - simulation time     650 (s) : SimLog- Tasks not sent because device died (low energy)                         :               0 % (0 tasks)
2026/05/07 16:26:47 - simulation time     650 (s) : SimLog- Tasks sent from edge devices                                            :             100 % (9864 among 9864 generated tasks)
2026/05/07 16:26:47 - simulation time     650 (s) : -------------------------------------All values below are based on the sent tasks-------------------------------------
2026/05/07 16:26:47 - simulation time     650 (s) : SimLog- Tasks ETE delay                                                         :     18523.9424 seconds
2026/05/07 16:26:47 - simulation time     650 (s) : SimLog- Average tasks ETE delay                                                 :         2.2656 seconds
2026/05/07 16:26:47 - simulation time     650 (s) : SimLog- Tasks execution delay                                                   :       7164.889 seconds
2026/05/07 16:26:47 - simulation time     650 (s) : SimLog- Average tasks execution delay                                           :         0.8133 seconds
2026/05/07 16:26:47 - simulation time     650 (s) : SimLog- Tasks waiting time (from task submiting to the execution start)         :      2643.4578 seconds
2026/05/07 16:26:47 - simulation time     650 (s) : SimLog- Average tasks waiting time (from task submiting to the execution start) :         0.3001 seconds
2026/05/07 16:26:47 - simulation time     650 (s) : SimLog- Tasks successfully executed                                             :        82.8873 % (8176 among 9864 sent tasks)
2026/05/07 16:26:47 - simulation time     650 (s) : SimLog- Tasks failures
2026/05/07 16:26:47 - simulation time     650 (s) :                                        Not executed due to resources unavailable:              0 % (0 tasks)
2026/05/07 16:26:47 - simulation time     650 (s) :                               Successfully executed but failed due to high delay:        11.7599 % (1160 tasks from 9864 successfully sent tasks)
2026/05/07 16:26:47 - simulation time     650 (s) :                  Tasks execution results not returned because the device is dead:              0 % (0 tasks)
2026/05/07 16:26:47 - simulation time     650 (s) :                      Tasks execution results not returned due to device mobility:         5.3528 % (528 tasks)
2026/05/07 16:26:47 - simulation time     650 (s) : SimLog- Tasks executed on each level                                : Cloud=           2358 tasks (where 1783 were successfully executed)
2026/05/07 16:26:47 - simulation time     650 (s) :                                                                        Edge=            974 tasks (where 662 were successfully executed)
2026/05/07 16:26:47 - simulation time     650 (s) :                                                                        Mist=           6532 tasks (where 5731 were successfully executed)
2026/05/07 16:26:47 - simulation time     650 (s) : SimLog- Network usage                                                           :           8241 seconds (The total traffic: 23717.4 (MBytes))
2026/05/07 16:26:47 - simulation time     650 (s) :                                                                         Wan=           2396 seconds (29.0741 % of total usage, WAN used when downloading containers=0 % of WAN usage)
2026/05/07 16:26:47 - simulation time     650 (s) :                                                                         Lan=           8241 seconds (100 % of total usage, LAN used when downloading containers=0 % of LAN usage)
2026/05/07 16:26:47 - simulation time     650 (s) :                                                    Average bandwidth per transfer=       822.0427 Mbps  
2026/05/07 16:26:47 - simulation time     650 (s) : SimLog- Average vm CPU utilization                                              :         0.8222 %
2026/05/07 16:26:47 - simulation time     650 (s) : SimLog- Average vm CPU utilization per level                             : Cloud=         0.0451 %
2026/05/07 16:26:47 - simulation time     650 (s) :                                                                             Edge=         0.0682 %
2026/05/07 16:26:47 - simulation time     650 (s) :                                                                             Mist=         0.8757 %
2026/05/07 16:26:47 - simulation time     650 (s) : SimLog- Energy consumption                                                      :630401505977971600000 W,   207.9962 dBW
2026/05/07 16:26:47 - simulation time     650 (s) :                                                                                 :(Average:981933809934535300 W/data center(or device), 179.9208 dBW/data center(or device))
2026/05/07 16:26:47 - simulation time     650 (s) :                                                                                 :(Average:67523726004495680 W/task, 168.2946 dBW/task)
2026/05/07 16:26:47 - simulation time     650 (s) : SimLog- Energy Consumption per level                                     : Cloud=236537428082762320000 W,    203.739 dBW
2026/05/07 16:26:47 - simulation time     650 (s) :                                                                                 :(Average:13140968226820129000 W/data center, 191.1863 dBW/data center)
2026/05/07 16:26:47 - simulation time     650 (s) :                                                                             Edge=34175956482504094000 W,   195.3372 dBW
2026/05/07 16:26:47 - simulation time     650 (s) :                                                                                 :(Average:1423998186771003900 W/data center, 181.5351 dBW/data center)
2026/05/07 16:26:47 - simulation time     650 (s) :                                                                             Mist=359688121412705200000 W,   205.5593 dBW
2026/05/07 16:26:47 - simulation time     650 (s) :                                                                                 :(Average:599480202354508670 W/edge device, 177.7777 dBW/edge device)
2026/05/07 16:26:47 - simulation time     650 (s) : SimLog- Dead edge devices due to battery drain                                  :              0 devices (Among 0 devices with batteries (NaN %))
2026/05/07 16:26:47 - simulation time     650 (s) : SimLog- Average remaining power (devices with batteries that are still alive)   :              0 Wh (Average: 0 %)
2026/05/07 16:26:47 - simulation time     650 (s) : SimulationManager- the Scenario Simulation overflow times :0

================== Simulation finished at time 685.20 ==================


SimLog- Iteration finished...

######################################################################################################################################################################
Starting CloudSim Plus 4.3.0

2026/05/07 16:26:47 - simulation time       0 (s) : ServersManager- Datacenters and devices were generated
2026/05/07 16:26:47 - simulation time       0 (s) : SimulationManager-  Orchestration algorithm= WEIGHT_GREEDY-  Architechitecture= ALL -  number of edge devices= 700
2026/05/07 16:26:47 - simulation time       0 (s) : SimulationManager- Simulation: 1  , iteration: 17
2026/05/07 16:27:04 - simulation time     650 (s) : 
2026/05/07 16:27:04 - simulation time     650 (s) : ------------------------------------------------------- OUTPUT -------------------------------------------------------
2026/05/07 16:27:04 - simulation time     650 (s) : 
2026/05/07 16:27:04 - simulation time     650 (s) : SimLog- Tasks not sent because device died (low energy)                         :               0 % (0 tasks)
2026/05/07 16:27:04 - simulation time     650 (s) : SimLog- Tasks sent from edge devices                                            :             100 % (11386 among 11386 generated tasks)
2026/05/07 16:27:04 - simulation time     650 (s) : -------------------------------------All values below are based on the sent tasks-------------------------------------
2026/05/07 16:27:04 - simulation time     650 (s) : SimLog- Tasks ETE delay                                                         :      23637.531 seconds
2026/05/07 16:27:04 - simulation time     650 (s) : SimLog- Average tasks ETE delay                                                 :         2.5482 seconds
2026/05/07 16:27:04 - simulation time     650 (s) : SimLog- Tasks execution delay                                                   :      8548.1693 seconds
2026/05/07 16:27:04 - simulation time     650 (s) : SimLog- Average tasks execution delay                                           :         0.8538 seconds
2026/05/07 16:27:04 - simulation time     650 (s) : SimLog- Tasks waiting time (from task submiting to the execution start)         :      6215.6305 seconds
2026/05/07 16:27:04 - simulation time     650 (s) : SimLog- Average tasks waiting time (from task submiting to the execution start) :         0.6208 seconds
2026/05/07 16:27:04 - simulation time     650 (s) : SimLog- Tasks successfully executed                                             :        81.4685 % (9276 among 11386 sent tasks)
2026/05/07 16:27:04 - simulation time     650 (s) : SimLog- Tasks failures
2026/05/07 16:27:04 - simulation time     650 (s) :                                        Not executed due to resources unavailable:              0 % (0 tasks)
2026/05/07 16:27:04 - simulation time     650 (s) :                               Successfully executed but failed due to high delay:        12.3924 % (1411 tasks from 11386 successfully sent tasks)
2026/05/07 16:27:04 - simulation time     650 (s) :                  Tasks execution results not returned because the device is dead:              0 % (0 tasks)
2026/05/07 16:27:04 - simulation time     650 (s) :                      Tasks execution results not returned due to device mobility:         6.1391 % (699 tasks)
2026/05/07 16:27:04 - simulation time     650 (s) : SimLog- Tasks executed on each level                                : Cloud=           2447 tasks (where 1759 were successfully executed)
2026/05/07 16:27:04 - simulation time     650 (s) :                                                                        Edge=           1008 tasks (where 675 were successfully executed)
2026/05/07 16:27:04 - simulation time     650 (s) :                                                                        Mist=           7931 tasks (where 6842 were successfully executed)
2026/05/07 16:27:04 - simulation time     650 (s) : SimLog- Network usage                                                           :           8856 seconds (The total traffic: 25100.55 (MBytes))
2026/05/07 16:27:04 - simulation time     650 (s) :                                                                         Wan=           2529 seconds (28.5569 % of total usage, WAN used when downloading containers=0 % of WAN usage)
2026/05/07 16:27:04 - simulation time     650 (s) :                                                                         Lan=           8856 seconds (100 % of total usage, LAN used when downloading containers=0 % of LAN usage)
2026/05/07 16:27:04 - simulation time     650 (s) :                                                    Average bandwidth per transfer=       816.5045 Mbps  
2026/05/07 16:27:04 - simulation time     650 (s) : SimLog- Average vm CPU utilization                                              :         0.9459 %
2026/05/07 16:27:04 - simulation time     650 (s) : SimLog- Average vm CPU utilization per level                             : Cloud=          0.083 %
2026/05/07 16:27:04 - simulation time     650 (s) :                                                                             Edge=         0.0852 %
2026/05/07 16:27:04 - simulation time     650 (s) :                                                                             Mist=         0.9976 %
2026/05/07 16:27:04 - simulation time     650 (s) : SimLog- Energy consumption                                                      :625692556228070000000 W,   207.9636 dBW
2026/05/07 16:27:04 - simulation time     650 (s) :                                                                                 :(Average:843251423487964930 W/data center(or device), 179.2596 dBW/data center(or device))
2026/05/07 16:27:04 - simulation time     650 (s) :                                                                                 :(Average:58541593958464632 W/task, 167.6746 dBW/task)
2026/05/07 16:27:04 - simulation time     650 (s) : SimLog- Energy Consumption per level                                     : Cloud=216654675002979450000 W,   203.3577 dBW
2026/05/07 16:27:04 - simulation time     650 (s) :                                                                                 :(Average:12036370833498857000 W/data center, 190.805 dBW/data center)
2026/05/07 16:27:04 - simulation time     650 (s) :                                                                             Edge=43386452598185050000 W,   196.3735 dBW
2026/05/07 16:27:04 - simulation time     650 (s) :                                                                                 :(Average:1807768858257710340 W/data center, 182.5714 dBW/data center)
2026/05/07 16:27:04 - simulation time     650 (s) :                                                                             Mist=365651428626905400000 W,   205.6307 dBW
2026/05/07 16:27:04 - simulation time     650 (s) :                                                                                 :(Average:522359183752722050 W/edge device, 177.1797 dBW/edge device)
2026/05/07 16:27:04 - simulation time     650 (s) : SimLog- Dead edge devices due to battery drain                                  :              0 devices (Among 0 devices with batteries (NaN %))
2026/05/07 16:27:04 - simulation time     650 (s) : SimLog- Average remaining power (devices with batteries that are still alive)   :              0 Wh (Average: 0 %)
2026/05/07 16:27:04 - simulation time     650 (s) : SimulationManager- the Scenario Simulation overflow times :0

================== Simulation finished at time 685.20 ==================


SimLog- Iteration finished...

######################################################################################################################################################################
Starting CloudSim Plus 4.3.0

2026/05/07 16:27:04 - simulation time       0 (s) : ServersManager- Datacenters and devices were generated
2026/05/07 16:27:04 - simulation time       0 (s) : SimulationManager-  Orchestration algorithm= WEIGHT_GREEDY-  Architechitecture= ALL -  number of edge devices= 800
2026/05/07 16:27:04 - simulation time       0 (s) : SimulationManager- Simulation: 1  , iteration: 18
2026/05/07 16:27:25 - simulation time     650 (s) : 
2026/05/07 16:27:25 - simulation time     650 (s) : ------------------------------------------------------- OUTPUT -------------------------------------------------------
2026/05/07 16:27:25 - simulation time     650 (s) : 
2026/05/07 16:27:25 - simulation time     650 (s) : SimLog- Tasks not sent because device died (low energy)                         :               0 % (0 tasks)
2026/05/07 16:27:25 - simulation time     650 (s) : SimLog- Tasks sent from edge devices                                            :             100 % (13192 among 13192 generated tasks)
2026/05/07 16:27:25 - simulation time     650 (s) : -------------------------------------All values below are based on the sent tasks-------------------------------------
2026/05/07 16:27:25 - simulation time     650 (s) : SimLog- Tasks ETE delay                                                         :     29133.7646 seconds
2026/05/07 16:27:25 - simulation time     650 (s) : SimLog- Average tasks ETE delay                                                 :         2.7869 seconds
2026/05/07 16:27:25 - simulation time     650 (s) : SimLog- Tasks execution delay                                                   :      9842.7113 seconds
2026/05/07 16:27:25 - simulation time     650 (s) : SimLog- Average tasks execution delay                                           :         0.8768 seconds
2026/05/07 16:27:25 - simulation time     650 (s) : SimLog- Tasks waiting time (from task submiting to the execution start)         :     10045.5966 seconds
2026/05/07 16:27:25 - simulation time     650 (s) : SimLog- Average tasks waiting time (from task submiting to the execution start) :         0.8949 seconds
2026/05/07 16:27:25 - simulation time     650 (s) : SimLog- Tasks successfully executed                                             :         79.245 % (10454 among 13192 sent tasks)
2026/05/07 16:27:25 - simulation time     650 (s) : SimLog- Tasks failures
2026/05/07 16:27:25 - simulation time     650 (s) :                                        Not executed due to resources unavailable:              0 % (0 tasks)
2026/05/07 16:27:25 - simulation time     650 (s) :                               Successfully executed but failed due to high delay:        13.6977 % (1807 tasks from 13192 successfully sent tasks)
2026/05/07 16:27:25 - simulation time     650 (s) :                  Tasks execution results not returned because the device is dead:              0 % (0 tasks)
2026/05/07 16:27:25 - simulation time     650 (s) :                      Tasks execution results not returned due to device mobility:         7.0573 % (931 tasks)
2026/05/07 16:27:25 - simulation time     650 (s) : SimLog- Tasks executed on each level                                : Cloud=           2607 tasks (where 1829 were successfully executed)
2026/05/07 16:27:25 - simulation time     650 (s) :                                                                        Edge=           1057 tasks (where 664 were successfully executed)
2026/05/07 16:27:25 - simulation time     650 (s) :                                                                        Mist=           9528 tasks (where 7961 were successfully executed)
2026/05/07 16:27:25 - simulation time     650 (s) : SimLog- Network usage                                                           :           9576 seconds (The total traffic: 26866 (MBytes))
2026/05/07 16:27:25 - simulation time     650 (s) :                                                                         Wan=           2673 seconds (27.9135 % of total usage, WAN used when downloading containers=0 % of WAN usage)
2026/05/07 16:27:25 - simulation time     650 (s) :                                                                         Lan=           9576 seconds (100 % of total usage, LAN used when downloading containers=0 % of LAN usage)
2026/05/07 16:27:25 - simulation time     650 (s) :                                                    Average bandwidth per transfer=       813.6392 Mbps  
2026/05/07 16:27:25 - simulation time     650 (s) : SimLog- Average vm CPU utilization                                              :         1.0117 %
2026/05/07 16:27:25 - simulation time     650 (s) : SimLog- Average vm CPU utilization per level                             : Cloud=         0.0903 %
2026/05/07 16:27:25 - simulation time     650 (s) :                                                                             Edge=         0.0836 %
2026/05/07 16:27:25 - simulation time     650 (s) :                                                                             Mist=         1.0602 %
2026/05/07 16:27:25 - simulation time     650 (s) : SimLog- Energy consumption                                                      :627830749152198800000 W,   207.9784 dBW
2026/05/07 16:27:25 - simulation time     650 (s) :                                                                                 :(Average:745642219895723010 W/data center(or device), 178.7253 dBW/data center(or device))
2026/05/07 16:27:25 - simulation time     650 (s) :                                                                                 :(Average:51172120723139520 W/task, 167.0903 dBW/task)
2026/05/07 16:27:25 - simulation time     650 (s) : SimLog- Energy Consumption per level                                     : Cloud=202066708232193670000 W,   203.0549 dBW
2026/05/07 16:27:25 - simulation time     650 (s) :                                                                                 :(Average:11225928235121870000 W/data center, 190.5022 dBW/data center)
2026/05/07 16:27:25 - simulation time     650 (s) :                                                                             Edge=41238711788543570000 W,   196.1531 dBW
2026/05/07 16:27:25 - simulation time     650 (s) :                                                                                 :(Average:1718279657855982340 W/data center, 182.3509 dBW/data center)
2026/05/07 16:27:25 - simulation time     650 (s) :                                                                             Mist=384525329131461600000 W,   205.8492 dBW
2026/05/07 16:27:25 - simulation time     650 (s) :                                                                                 :(Average:480656661414327040 W/edge device, 176.8183 dBW/edge device)
2026/05/07 16:27:25 - simulation time     650 (s) : SimLog- Dead edge devices due to battery drain                                  :              0 devices (Among 0 devices with batteries (NaN %))
2026/05/07 16:27:25 - simulation time     650 (s) : SimLog- Average remaining power (devices with batteries that are still alive)   :              0 Wh (Average: 0 %)
2026/05/07 16:27:25 - simulation time     650 (s) : SimulationManager- the Scenario Simulation overflow times :0

================== Simulation finished at time 685.20 ==================


SimLog- Iteration finished...

######################################################################################################################################################################
Starting CloudSim Plus 4.3.0

2026/05/07 16:27:25 - simulation time       0 (s) : ServersManager- Datacenters and devices were generated
2026/05/07 16:27:25 - simulation time       0 (s) : SimulationManager-  Orchestration algorithm= WEIGHT_GREEDY-  Architechitecture= ALL -  number of edge devices= 900
2026/05/07 16:27:25 - simulation time       0 (s) : SimulationManager- Simulation: 1  , iteration: 19
2026/05/07 16:27:50 - simulation time     650 (s) : 
2026/05/07 16:27:50 - simulation time     650 (s) : ------------------------------------------------------- OUTPUT -------------------------------------------------------
2026/05/07 16:27:50 - simulation time     650 (s) : 
2026/05/07 16:27:50 - simulation time     650 (s) : SimLog- Tasks not sent because device died (low energy)                         :               0 % (0 tasks)
2026/05/07 16:27:50 - simulation time     650 (s) : SimLog- Tasks sent from edge devices                                            :             100 % (14846 among 14846 generated tasks)
2026/05/07 16:27:50 - simulation time     650 (s) : -------------------------------------All values below are based on the sent tasks-------------------------------------
2026/05/07 16:27:50 - simulation time     650 (s) : SimLog- Tasks ETE delay                                                         :     34468.8805 seconds
2026/05/07 16:27:50 - simulation time     650 (s) : SimLog- Average tasks ETE delay                                                 :          3.002 seconds
2026/05/07 16:27:50 - simulation time     650 (s) : SimLog- Tasks execution delay                                                   :     11093.2554 seconds
2026/05/07 16:27:50 - simulation time     650 (s) : SimLog- Average tasks execution delay                                           :          0.906 seconds
2026/05/07 16:27:50 - simulation time     650 (s) : SimLog- Tasks waiting time (from task submiting to the execution start)         :     13986.5178 seconds
2026/05/07 16:27:50 - simulation time     650 (s) : SimLog- Average tasks waiting time (from task submiting to the execution start) :         1.1423 seconds
2026/05/07 16:27:50 - simulation time     650 (s) : SimLog- Tasks successfully executed                                             :        77.3407 % (11482 among 14846 sent tasks)
2026/05/07 16:27:50 - simulation time     650 (s) : SimLog- Tasks failures
2026/05/07 16:27:50 - simulation time     650 (s) :                                        Not executed due to resources unavailable:              0 % (0 tasks)
2026/05/07 16:27:50 - simulation time     650 (s) :                               Successfully executed but failed due to high delay:        14.2934 % (2122 tasks from 14846 successfully sent tasks)
2026/05/07 16:27:50 - simulation time     650 (s) :                  Tasks execution results not returned because the device is dead:              0 % (0 tasks)
2026/05/07 16:27:50 - simulation time     650 (s) :                      Tasks execution results not returned due to device mobility:         8.3659 % (1242 tasks)
2026/05/07 16:27:50 - simulation time     650 (s) : SimLog- Tasks executed on each level                                : Cloud=           2760 tasks (where 1809 were successfully executed)
2026/05/07 16:27:50 - simulation time     650 (s) :                                                                        Edge=           1101 tasks (where 708 were successfully executed)
2026/05/07 16:27:50 - simulation time     650 (s) :                                                                        Mist=          10985 tasks (where 8965 were successfully executed)
2026/05/07 16:27:50 - simulation time     650 (s) : SimLog- Network usage                                                           :          10137 seconds (The total traffic: 28843.7 (MBytes))
2026/05/07 16:27:50 - simulation time     650 (s) :                                                                         Wan=           2793 seconds (27.5525 % of total usage, WAN used when downloading containers=0 % of WAN usage)
2026/05/07 16:27:50 - simulation time     650 (s) :                                                                         Lan=          10137 seconds (100 % of total usage, LAN used when downloading containers=0 % of LAN usage)
2026/05/07 16:27:50 - simulation time     650 (s) :                                                    Average bandwidth per transfer=       818.4018 Mbps  
2026/05/07 16:27:50 - simulation time     650 (s) : SimLog- Average vm CPU utilization                                              :          1.025 %
2026/05/07 16:27:50 - simulation time     650 (s) : SimLog- Average vm CPU utilization per level                             : Cloud=         0.0782 %
2026/05/07 16:27:50 - simulation time     650 (s) :                                                                             Edge=         0.0978 %
2026/05/07 16:27:50 - simulation time     650 (s) :                                                                             Mist=         1.0687 %
2026/05/07 16:27:50 - simulation time     650 (s) : SimLog- Energy consumption                                                      :651845802961083300000 W,   208.1414 dBW
2026/05/07 16:27:50 - simulation time     650 (s) :                                                                                 :(Average:691980682548920700 W/data center(or device), 178.4009 dBW/data center(or device))
2026/05/07 16:27:50 - simulation time     650 (s) :                                                                                 :(Average:47887584701813352 W/task, 166.8022 dBW/task)
2026/05/07 16:27:50 - simulation time     650 (s) : SimLog- Energy Consumption per level                                     : Cloud=194800323176601420000 W,   202.8959 dBW
2026/05/07 16:27:50 - simulation time     650 (s) :                                                                                 :(Average:10822240176477856000 W/data center, 190.3432 dBW/data center)
2026/05/07 16:27:50 - simulation time     650 (s) :                                                                             Edge=46340491824873490000 W,   196.6596 dBW
2026/05/07 16:27:50 - simulation time     650 (s) :                                                                                 :(Average:1930853826036395260 W/data center, 182.8575 dBW/data center)
2026/05/07 16:27:50 - simulation time     650 (s) :                                                                             Mist=410704987959608500000 W,   206.1353 dBW
2026/05/07 16:27:50 - simulation time     650 (s) :                                                                                 :(Average:456338875510676100 W/edge device, 176.5929 dBW/edge device)
2026/05/07 16:27:50 - simulation time     650 (s) : SimLog- Dead edge devices due to battery drain                                  :              0 devices (Among 0 devices with batteries (NaN %))
2026/05/07 16:27:50 - simulation time     650 (s) : SimLog- Average remaining power (devices with batteries that are still alive)   :              0 Wh (Average: 0 %)
2026/05/07 16:27:50 - simulation time     650 (s) : SimulationManager- the Scenario Simulation overflow times :0

================== Simulation finished at time 685.20 ==================


SimLog- Iteration finished...

######################################################################################################################################################################
Starting CloudSim Plus 4.3.0

2026/05/07 16:27:50 - simulation time       0 (s) : ServersManager- Datacenters and devices were generated
2026/05/07 16:27:50 - simulation time       0 (s) : SimulationManager-  Orchestration algorithm= WEIGHT_GREEDY-  Architechitecture= ALL -  number of edge devices= 1000
2026/05/07 16:27:50 - simulation time       0 (s) : SimulationManager- Simulation: 1  , iteration: 20
2026/05/07 16:28:22 - simulation time     650 (s) : 
2026/05/07 16:28:22 - simulation time     650 (s) : ------------------------------------------------------- OUTPUT -------------------------------------------------------
2026/05/07 16:28:22 - simulation time     650 (s) : 
2026/05/07 16:28:22 - simulation time     650 (s) : SimLog- Tasks not sent because device died (low energy)                         :               0 % (0 tasks)
2026/05/07 16:28:22 - simulation time     650 (s) : SimLog- Tasks sent from edge devices                                            :             100 % (16346 among 16346 generated tasks)
2026/05/07 16:28:22 - simulation time     650 (s) : -------------------------------------All values below are based on the sent tasks-------------------------------------
2026/05/07 16:28:22 - simulation time     650 (s) : SimLog- Tasks ETE delay                                                         :     43414.9978 seconds
2026/05/07 16:28:22 - simulation time     650 (s) : SimLog- Average tasks ETE delay                                                 :         3.4312 seconds
2026/05/07 16:28:22 - simulation time     650 (s) : SimLog- Tasks execution delay                                                   :     13135.6077 seconds
2026/05/07 16:28:22 - simulation time     650 (s) : SimLog- Average tasks execution delay                                           :         0.9786 seconds
2026/05/07 16:28:22 - simulation time     650 (s) : SimLog- Tasks waiting time (from task submiting to the execution start)         :     20485.8658 seconds
2026/05/07 16:28:22 - simulation time     650 (s) : SimLog- Average tasks waiting time (from task submiting to the execution start) :         1.5262 seconds
2026/05/07 16:28:22 - simulation time     650 (s) : SimLog- Tasks successfully executed                                             :        77.4073 % (12653 among 16346 sent tasks)
2026/05/07 16:28:22 - simulation time     650 (s) : SimLog- Tasks failures
2026/05/07 16:28:22 - simulation time     650 (s) :                                        Not executed due to resources unavailable:              0 % (0 tasks)
2026/05/07 16:28:22 - simulation time     650 (s) :                               Successfully executed but failed due to high delay:        13.5507 % (2215 tasks from 16346 successfully sent tasks)
2026/05/07 16:28:22 - simulation time     650 (s) :                  Tasks execution results not returned because the device is dead:              0 % (0 tasks)
2026/05/07 16:28:22 - simulation time     650 (s) :                      Tasks execution results not returned due to device mobility:          9.042 % (1478 tasks)
2026/05/07 16:28:22 - simulation time     650 (s) : SimLog- Tasks executed on each level                                : Cloud=           2831 tasks (where 1838 were successfully executed)
2026/05/07 16:28:22 - simulation time     650 (s) :                                                                        Edge=           1121 tasks (where 725 were successfully executed)
2026/05/07 16:28:22 - simulation time     650 (s) :                                                                        Mist=          12394 tasks (where 10090 were successfully executed)
2026/05/07 16:28:22 - simulation time     650 (s) : SimLog- Network usage                                                           :          10700 seconds (The total traffic: 32190.5 (MBytes))
2026/05/07 16:28:22 - simulation time     650 (s) :                                                                         Wan=           2871 seconds (26.8318 % of total usage, WAN used when downloading containers=0 % of WAN usage)
2026/05/07 16:28:22 - simulation time     650 (s) :                                                                         Lan=          10700 seconds (100 % of total usage, LAN used when downloading containers=0 % of LAN usage)
2026/05/07 16:28:22 - simulation time     650 (s) :                                                    Average bandwidth per transfer=       819.0577 Mbps  
2026/05/07 16:28:22 - simulation time     650 (s) : SimLog- Average vm CPU utilization                                              :         1.1731 %
2026/05/07 16:28:22 - simulation time     650 (s) : SimLog- Average vm CPU utilization per level                             : Cloud=         0.0524 %
2026/05/07 16:28:22 - simulation time     650 (s) :                                                                             Edge=         0.0959 %
2026/05/07 16:28:22 - simulation time     650 (s) :                                                                             Mist=         1.2191 %
2026/05/07 16:28:22 - simulation time     650 (s) : SimLog- Energy consumption                                                      :710497112429788300000 W,   208.5156 dBW
2026/05/07 16:28:22 - simulation time     650 (s) :                                                                                 :(Average:681859033042023300 W/data center(or device), 178.3369 dBW/data center(or device))
2026/05/07 16:28:22 - simulation time     650 (s) :                                                                                 :(Average:47729216205144984 W/task, 166.7878 dBW/task)
2026/05/07 16:28:22 - simulation time     650 (s) : SimLog- Energy Consumption per level                                     : Cloud=209605890185812930000 W,    203.214 dBW
2026/05/07 16:28:22 - simulation time     650 (s) :                                                                                 :(Average:11644771676989608000 W/data center, 190.6613 dBW/data center)
2026/05/07 16:28:22 - simulation time     650 (s) :                                                                             Edge=45882207399998770000 W,   196.6164 dBW
2026/05/07 16:28:22 - simulation time     650 (s) :                                                                                 :(Average:1911758641666615300 W/data center, 182.8143 dBW/data center)
2026/05/07 16:28:22 - simulation time     650 (s) :                                                                             Mist=455009014843976600000 W,   206.5802 dBW
2026/05/07 16:28:22 - simulation time     650 (s) :                                                                                 :(Average:455009014843976580 W/edge device, 176.5802 dBW/edge device)
2026/05/07 16:28:22 - simulation time     650 (s) : SimLog- Dead edge devices due to battery drain                                  :              0 devices (Among 0 devices with batteries (NaN %))
2026/05/07 16:28:22 - simulation time     650 (s) : SimLog- Average remaining power (devices with batteries that are still alive)   :              0 Wh (Average: 0 %)
2026/05/07 16:28:22 - simulation time     650 (s) : SimulationManager- the Scenario Simulation overflow times :0

================== Simulation finished at time 685.20 ==================


SimLog- Iteration finished...

######################################################################################################################################################################
Starting CloudSim Plus 4.3.0

2026/05/07 16:28:22 - simulation time       0 (s) : ServersManager- Datacenters and devices were generated
2026/05/07 16:28:22 - simulation time       0 (s) : SimulationManager-  Orchestration algorithm= ROUND_ROBIN-  Architechitecture= ALL -  number of edge devices= 100
2026/05/07 16:28:22 - simulation time       0 (s) : SimulationManager- Simulation: 1  , iteration: 21
2026/05/07 16:28:23 - simulation time     650 (s) : 
2026/05/07 16:28:23 - simulation time     650 (s) : ------------------------------------------------------- OUTPUT -------------------------------------------------------
2026/05/07 16:28:23 - simulation time     650 (s) : 
2026/05/07 16:28:23 - simulation time     650 (s) : SimLog- Tasks not sent because device died (low energy)                         :               0 % (0 tasks)
2026/05/07 16:28:23 - simulation time     650 (s) : SimLog- Tasks sent from edge devices                                            :             100 % (1722 among 1722 generated tasks)
2026/05/07 16:28:23 - simulation time     650 (s) : -------------------------------------All values below are based on the sent tasks-------------------------------------
2026/05/07 16:28:23 - simulation time     650 (s) : SimLog- Tasks ETE delay                                                         :      4590.6854 seconds
2026/05/07 16:28:23 - simulation time     650 (s) : SimLog- Average tasks ETE delay                                                 :         3.4884 seconds
2026/05/07 16:28:23 - simulation time     650 (s) : SimLog- Tasks execution delay                                                   :        859.584 seconds
2026/05/07 16:28:23 - simulation time     650 (s) : SimLog- Average tasks execution delay                                           :         0.5095 seconds
2026/05/07 16:28:23 - simulation time     650 (s) : SimLog- Tasks waiting time (from task submiting to the execution start)         :        74.5924 seconds
2026/05/07 16:28:23 - simulation time     650 (s) : SimLog- Average tasks waiting time (from task submiting to the execution start) :         0.0442 seconds
2026/05/07 16:28:23 - simulation time     650 (s) : SimLog- Tasks successfully executed                                             :        76.4228 % (1316 among 1722 sent tasks)
2026/05/07 16:28:23 - simulation time     650 (s) : SimLog- Tasks failures
2026/05/07 16:28:23 - simulation time     650 (s) :                                        Not executed due to resources unavailable:              0 % (0 tasks)
2026/05/07 16:28:23 - simulation time     650 (s) :                               Successfully executed but failed due to high delay:        23.2869 % (401 tasks from 1722 successfully sent tasks)
2026/05/07 16:28:23 - simulation time     650 (s) :                  Tasks execution results not returned because the device is dead:              0 % (0 tasks)
2026/05/07 16:28:23 - simulation time     650 (s) :                      Tasks execution results not returned due to device mobility:         0.2904 % (5 tasks)
2026/05/07 16:28:23 - simulation time     650 (s) : SimLog- Tasks executed on each level                                : Cloud=            938 tasks (where 712 were successfully executed)
2026/05/07 16:28:23 - simulation time     650 (s) :                                                                        Edge=            384 tasks (where 304 were successfully executed)
2026/05/07 16:28:23 - simulation time     650 (s) :                                                                        Mist=            400 tasks (where 300 were successfully executed)
2026/05/07 16:28:23 - simulation time     650 (s) : SimLog- Network usage                                                           :           3396 seconds (The total traffic: 9689.9 (MBytes))
2026/05/07 16:28:23 - simulation time     650 (s) :                                                                         Wan=            941 seconds (27.7091 % of total usage, WAN used when downloading containers=0 % of WAN usage)
2026/05/07 16:28:23 - simulation time     650 (s) :                                                                         Lan=           3396 seconds (100 % of total usage, LAN used when downloading containers=0 % of LAN usage)
2026/05/07 16:28:23 - simulation time     650 (s) :                                                    Average bandwidth per transfer=       761.1293 Mbps  
2026/05/07 16:28:23 - simulation time     650 (s) : SimLog- Average vm CPU utilization                                              :         0.1496 %
2026/05/07 16:28:23 - simulation time     650 (s) : SimLog- Average vm CPU utilization per level                             : Cloud=         0.0043 %
2026/05/07 16:28:23 - simulation time     650 (s) :                                                                             Edge=         0.0401 %
2026/05/07 16:28:23 - simulation time     650 (s) :                                                                             Mist=         0.2021 %
2026/05/07 16:28:23 - simulation time     650 (s) : SimLog- Energy consumption                                                      :976090277502301200000 W,   209.8949 dBW
2026/05/07 16:28:23 - simulation time     650 (s) :                                                                                 :(Average:6873875193678177300 W/data center(or device), 188.372 dBW/data center(or device))
2026/05/07 16:28:23 - simulation time     650 (s) :                                                                                 :(Average:568485892546477120 W/task, 177.5472 dBW/task)
2026/05/07 16:28:23 - simulation time     650 (s) : SimLog- Energy Consumption per level                                     : Cloud=324563531952341840000 W,    205.113 dBW
2026/05/07 16:28:23 - simulation time     650 (s) :                                                                                 :(Average:18031307330685657000 W/data center, 192.5603 dBW/data center)
2026/05/07 16:28:23 - simulation time     650 (s) :                                                                             Edge=84186833059189500000 W,   199.2524 dBW
2026/05/07 16:28:23 - simulation time     650 (s) :                                                                                 :(Average:3507784710799562800 W/data center, 185.4503 dBW/data center)
2026/05/07 16:28:23 - simulation time     650 (s) :                                                                             Mist=567339912490770000000 W,   207.5384 dBW
2026/05/07 16:28:23 - simulation time     650 (s) :                                                                                 :(Average:5673399124907700200 W/edge device, 187.5384 dBW/edge device)
2026/05/07 16:28:23 - simulation time     650 (s) : SimLog- Dead edge devices due to battery drain                                  :              0 devices (Among 0 devices with batteries (NaN %))
2026/05/07 16:28:23 - simulation time     650 (s) : SimLog- Average remaining power (devices with batteries that are still alive)   :              0 Wh (Average: 0 %)
2026/05/07 16:28:23 - simulation time     650 (s) : SimulationManager- the Scenario Simulation overflow times :0

================== Simulation finished at time 685.20 ==================


SimLog- Iteration finished...

######################################################################################################################################################################
Starting CloudSim Plus 4.3.0

2026/05/07 16:28:23 - simulation time       0 (s) : ServersManager- Datacenters and devices were generated
2026/05/07 16:28:23 - simulation time       0 (s) : SimulationManager-  Orchestration algorithm= ROUND_ROBIN-  Architechitecture= ALL -  number of edge devices= 200
2026/05/07 16:28:23 - simulation time       0 (s) : SimulationManager- Simulation: 1  , iteration: 22
2026/05/07 16:28:25 - simulation time     660 (s) : 
2026/05/07 16:28:25 - simulation time     660 (s) : ------------------------------------------------------- OUTPUT -------------------------------------------------------
2026/05/07 16:28:25 - simulation time     660 (s) : 
2026/05/07 16:28:25 - simulation time     660 (s) : SimLog- Tasks not sent because device died (low energy)                         :               0 % (0 tasks)
2026/05/07 16:28:25 - simulation time     660 (s) : SimLog- Tasks sent from edge devices                                            :             100 % (3318 among 3318 generated tasks)
2026/05/07 16:28:25 - simulation time     660 (s) : -------------------------------------All values below are based on the sent tasks-------------------------------------
2026/05/07 16:28:25 - simulation time     660 (s) : SimLog- Tasks ETE delay                                                         :      9864.6474 seconds
2026/05/07 16:28:25 - simulation time     660 (s) : SimLog- Average tasks ETE delay                                                 :         3.8294 seconds
2026/05/07 16:28:25 - simulation time     660 (s) : SimLog- Tasks execution delay                                                   :      2235.0025 seconds
2026/05/07 16:28:25 - simulation time     660 (s) : SimLog- Average tasks execution delay                                           :         0.7118 seconds
2026/05/07 16:28:25 - simulation time     660 (s) : SimLog- Tasks waiting time (from task submiting to the execution start)         :       135.4822 seconds
2026/05/07 16:28:25 - simulation time     660 (s) : SimLog- Average tasks waiting time (from task submiting to the execution start) :         0.0431 seconds
2026/05/07 16:28:25 - simulation time     660 (s) : SimLog- Tasks successfully executed                                             :        77.6974 % (2578 among 3318 sent tasks)
2026/05/07 16:28:25 - simulation time     660 (s) : SimLog- Tasks failures
2026/05/07 16:28:25 - simulation time     660 (s) :                                        Not executed due to resources unavailable:              0 % (0 tasks)
2026/05/07 16:28:25 - simulation time     660 (s) :                               Successfully executed but failed due to high delay:        21.6395 % (718 tasks from 3318 successfully sent tasks)
2026/05/07 16:28:25 - simulation time     660 (s) :                  Tasks execution results not returned because the device is dead:              0 % (0 tasks)
2026/05/07 16:28:25 - simulation time     660 (s) :                      Tasks execution results not returned due to device mobility:         0.6631 % (22 tasks)
2026/05/07 16:28:25 - simulation time     660 (s) : SimLog- Tasks executed on each level                                : Cloud=           1542 tasks (where 1219 were successfully executed)
2026/05/07 16:28:25 - simulation time     660 (s) :                                                                        Edge=            576 tasks (where 447 were successfully executed)
2026/05/07 16:28:25 - simulation time     660 (s) :                                                                        Mist=           1200 tasks (where 912 were successfully executed)
2026/05/07 16:28:25 - simulation time     660 (s) : SimLog- Network usage                                                           :           6504 seconds (The total traffic: 21805.55 (MBytes))
2026/05/07 16:28:25 - simulation time     660 (s) :                                                                         Wan=           1606 seconds (24.6925 % of total usage, WAN used when downloading containers=0 % of WAN usage)
2026/05/07 16:28:25 - simulation time     660 (s) :                                                                         Lan=           6504 seconds (100 % of total usage, LAN used when downloading containers=0 % of LAN usage)
2026/05/07 16:28:25 - simulation time     660 (s) :                                                    Average bandwidth per transfer=       744.5677 Mbps  
2026/05/07 16:28:25 - simulation time     660 (s) : SimLog- Average vm CPU utilization                                              :         0.2903 %
2026/05/07 16:28:25 - simulation time     660 (s) : SimLog- Average vm CPU utilization per level                             : Cloud=         0.0684 %
2026/05/07 16:28:25 - simulation time     660 (s) :                                                                             Edge=          0.075 %
2026/05/07 16:28:25 - simulation time     660 (s) :                                                                             Mist=         0.3361 %
2026/05/07 16:28:25 - simulation time     660 (s) : SimLog- Energy consumption                                                      :2057652112992153400000 W,   213.1337 dBW
2026/05/07 16:28:25 - simulation time     660 (s) :                                                                                 :(Average:8502694681785757700 W/data center(or device), 189.2956 dBW/data center(or device))
2026/05/07 16:28:25 - simulation time     660 (s) :                                                                                 :(Average:624666700969081220 W/task, 177.9565 dBW/task)
2026/05/07 16:28:25 - simulation time     660 (s) : SimLog- Energy Consumption per level                                     : Cloud=596675209134380500000 W,   207.7574 dBW
2026/05/07 16:28:25 - simulation time     660 (s) :                                                                                 :(Average:33148622729687810000 W/data center, 195.2047 dBW/data center)
2026/05/07 16:28:25 - simulation time     660 (s) :                                                                             Edge=171393955579754800000 W,     202.34 dBW
2026/05/07 16:28:25 - simulation time     660 (s) :                                                                                 :(Average:7141414815823117300 W/data center, 188.5378 dBW/data center)
2026/05/07 16:28:25 - simulation time     660 (s) :                                                                             Mist=1289582948278018000000 W,   211.1045 dBW
2026/05/07 16:28:25 - simulation time     660 (s) :                                                                                 :(Average:6447914741390090200 W/edge device, 188.0942 dBW/edge device)
2026/05/07 16:28:25 - simulation time     660 (s) : SimLog- Dead edge devices due to battery drain                                  :              0 devices (Among 0 devices with batteries (NaN %))
2026/05/07 16:28:25 - simulation time     660 (s) : SimLog- Average remaining power (devices with batteries that are still alive)   :              0 Wh (Average: 0 %)
2026/05/07 16:28:25 - simulation time     660 (s) : SimulationManager- the Scenario Simulation overflow times :1

================== Simulation finished at time 691.50 ==================


SimLog- Iteration finished...

######################################################################################################################################################################
Starting CloudSim Plus 4.3.0

2026/05/07 16:28:25 - simulation time       0 (s) : ServersManager- Datacenters and devices were generated
2026/05/07 16:28:25 - simulation time       0 (s) : SimulationManager-  Orchestration algorithm= ROUND_ROBIN-  Architechitecture= ALL -  number of edge devices= 300
2026/05/07 16:28:25 - simulation time       0 (s) : SimulationManager- Simulation: 1  , iteration: 23
2026/05/07 16:28:29 - simulation time     650 (s) : 
2026/05/07 16:28:29 - simulation time     650 (s) : ------------------------------------------------------- OUTPUT -------------------------------------------------------
2026/05/07 16:28:29 - simulation time     650 (s) : 
2026/05/07 16:28:29 - simulation time     650 (s) : SimLog- Tasks not sent because device died (low energy)                         :               0 % (0 tasks)
2026/05/07 16:28:29 - simulation time     650 (s) : SimLog- Tasks sent from edge devices                                            :             100 % (4878 among 4878 generated tasks)
2026/05/07 16:28:29 - simulation time     650 (s) : -------------------------------------All values below are based on the sent tasks-------------------------------------
2026/05/07 16:28:29 - simulation time     650 (s) : SimLog- Tasks ETE delay                                                         :     14478.5797 seconds
2026/05/07 16:28:29 - simulation time     650 (s) : SimLog- Average tasks ETE delay                                                 :         3.9152 seconds
2026/05/07 16:28:29 - simulation time     650 (s) : SimLog- Tasks execution delay                                                   :      3710.7561 seconds
2026/05/07 16:28:29 - simulation time     650 (s) : SimLog- Average tasks execution delay                                           :         0.8091 seconds
2026/05/07 16:28:29 - simulation time     650 (s) : SimLog- Tasks waiting time (from task submiting to the execution start)         :       196.8326 seconds
2026/05/07 16:28:29 - simulation time     650 (s) : SimLog- Average tasks waiting time (from task submiting to the execution start) :         0.0429 seconds
2026/05/07 16:28:29 - simulation time     650 (s) : SimLog- Tasks successfully executed                                             :        75.8098 % (3698 among 4878 sent tasks)
2026/05/07 16:28:29 - simulation time     650 (s) : SimLog- Tasks failures
2026/05/07 16:28:29 - simulation time     650 (s) :                                        Not executed due to resources unavailable:              0 % (0 tasks)
2026/05/07 16:28:29 - simulation time     650 (s) :                               Successfully executed but failed due to high delay:        22.8987 % (1117 tasks from 4878 successfully sent tasks)
2026/05/07 16:28:29 - simulation time     650 (s) :                  Tasks execution results not returned because the device is dead:              0 % (0 tasks)
2026/05/07 16:28:29 - simulation time     650 (s) :                      Tasks execution results not returned due to device mobility:         1.2915 % (63 tasks)
2026/05/07 16:28:29 - simulation time     650 (s) : SimLog- Tasks executed on each level                                : Cloud=           1954 tasks (where 1505 were successfully executed)
2026/05/07 16:28:29 - simulation time     650 (s) :                                                                        Edge=            672 tasks (where 517 were successfully executed)
2026/05/07 16:28:29 - simulation time     650 (s) :                                                                        Mist=           2252 tasks (where 1676 were successfully executed)
2026/05/07 16:28:29 - simulation time     650 (s) : SimLog- Network usage                                                           :           9557 seconds (The total traffic: 30041.9 (MBytes))
2026/05/07 16:28:29 - simulation time     650 (s) :                                                                         Wan=           2080 seconds (21.7642 % of total usage, WAN used when downloading containers=0 % of WAN usage)
2026/05/07 16:28:29 - simulation time     650 (s) :                                                                         Lan=           9557 seconds (100 % of total usage, LAN used when downloading containers=0 % of LAN usage)
2026/05/07 16:28:29 - simulation time     650 (s) :                                                    Average bandwidth per transfer=       757.7055 Mbps  
2026/05/07 16:28:29 - simulation time     650 (s) : SimLog- Average vm CPU utilization                                              :         0.3373 %
2026/05/07 16:28:29 - simulation time     650 (s) : SimLog- Average vm CPU utilization per level                             : Cloud=         0.1452 %
2026/05/07 16:28:29 - simulation time     650 (s) :                                                                             Edge=         0.0723 %
2026/05/07 16:28:29 - simulation time     650 (s) :                                                                             Mist=         0.3701 %
2026/05/07 16:28:29 - simulation time     650 (s) : SimLog- Energy consumption                                                      :2639843348970827400000 W,   214.2158 dBW
2026/05/07 16:28:29 - simulation time     650 (s) :                                                                                 :(Average:7718840201669086200 W/data center(or device), 188.8755 dBW/data center(or device))
2026/05/07 16:28:29 - simulation time     650 (s) :                                                                                 :(Average:548254070398925760 W/task, 177.3898 dBW/task)
2026/05/07 16:28:29 - simulation time     650 (s) : SimLog- Energy Consumption per level                                     : Cloud=688417816596518400000 W,   208.3785 dBW
2026/05/07 16:28:29 - simulation time     650 (s) :                                                                                 :(Average:38245434255362130000 W/data center, 195.8258 dBW/data center)
2026/05/07 16:28:29 - simulation time     650 (s) :                                                                             Edge=146082472635710310000 W,    201.646 dBW
2026/05/07 16:28:29 - simulation time     650 (s) :                                                                                 :(Average:6086769693154595800 W/data center, 187.8439 dBW/data center)
2026/05/07 16:28:29 - simulation time     650 (s) :                                                                             Mist=1805343059738598800000 W,   212.5656 dBW
2026/05/07 16:28:29 - simulation time     650 (s) :                                                                                 :(Average:6017810199128663000 W/edge device, 187.7944 dBW/edge device)
2026/05/07 16:28:29 - simulation time     650 (s) : SimLog- Dead edge devices due to battery drain                                  :              0 devices (Among 0 devices with batteries (NaN %))
2026/05/07 16:28:29 - simulation time     650 (s) : SimLog- Average remaining power (devices with batteries that are still alive)   :              0 Wh (Average: 0 %)
2026/05/07 16:28:29 - simulation time     650 (s) : SimulationManager- the Scenario Simulation overflow times :1

================== Simulation finished at time 685.20 ==================


SimLog- Iteration finished...

######################################################################################################################################################################
Starting CloudSim Plus 4.3.0

2026/05/07 16:28:29 - simulation time       0 (s) : ServersManager- Datacenters and devices were generated
2026/05/07 16:28:29 - simulation time       0 (s) : SimulationManager-  Orchestration algorithm= ROUND_ROBIN-  Architechitecture= ALL -  number of edge devices= 400
2026/05/07 16:28:29 - simulation time       0 (s) : SimulationManager- Simulation: 1  , iteration: 24
2026/05/07 16:28:35 - simulation time     660 (s) : 
2026/05/07 16:28:35 - simulation time     660 (s) : ------------------------------------------------------- OUTPUT -------------------------------------------------------
2026/05/07 16:28:35 - simulation time     660 (s) : 
2026/05/07 16:28:35 - simulation time     660 (s) : SimLog- Tasks not sent because device died (low energy)                         :               0 % (0 tasks)
2026/05/07 16:28:35 - simulation time     660 (s) : SimLog- Tasks sent from edge devices                                            :             100 % (6488 among 6488 generated tasks)
2026/05/07 16:28:35 - simulation time     660 (s) : -------------------------------------All values below are based on the sent tasks-------------------------------------
2026/05/07 16:28:35 - simulation time     660 (s) : SimLog- Tasks ETE delay                                                         :     19638.3442 seconds
2026/05/07 16:28:35 - simulation time     660 (s) : SimLog- Average tasks ETE delay                                                 :         4.0375 seconds
2026/05/07 16:28:35 - simulation time     660 (s) : SimLog- Tasks execution delay                                                   :      5275.9293 seconds
2026/05/07 16:28:35 - simulation time     660 (s) : SimLog- Average tasks execution delay                                           :         0.8725 seconds
2026/05/07 16:28:35 - simulation time     660 (s) : SimLog- Tasks waiting time (from task submiting to the execution start)         :       350.5234 seconds
2026/05/07 16:28:35 - simulation time     660 (s) : SimLog- Average tasks waiting time (from task submiting to the execution start) :          0.058 seconds
2026/05/07 16:28:35 - simulation time     660 (s) : SimLog- Tasks successfully executed                                             :             75 % (4866 among 6488 sent tasks)
2026/05/07 16:28:35 - simulation time     660 (s) : SimLog- Tasks failures
2026/05/07 16:28:35 - simulation time     660 (s) :                                        Not executed due to resources unavailable:              0 % (0 tasks)
2026/05/07 16:28:35 - simulation time     660 (s) :                               Successfully executed but failed due to high delay:        23.8132 % (1545 tasks from 6488 successfully sent tasks)
2026/05/07 16:28:35 - simulation time     660 (s) :                  Tasks execution results not returned because the device is dead:              0 % (0 tasks)
2026/05/07 16:28:35 - simulation time     660 (s) :                      Tasks execution results not returned due to device mobility:         1.1868 % (77 tasks)
2026/05/07 16:28:35 - simulation time     660 (s) : SimLog- Tasks executed on each level                                : Cloud=           2236 tasks (where 1768 were successfully executed)
2026/05/07 16:28:35 - simulation time     660 (s) :                                                                        Edge=            768 tasks (where 566 were successfully executed)
2026/05/07 16:28:35 - simulation time     660 (s) :                                                                        Mist=           3484 tasks (where 2532 were successfully executed)
2026/05/07 16:28:35 - simulation time     660 (s) : SimLog- Network usage                                                           :          12786 seconds (The total traffic: 40934.9 (MBytes))
2026/05/07 16:28:35 - simulation time     660 (s) :                                                                         Wan=           2510 seconds (19.6308 % of total usage, WAN used when downloading containers=0 % of WAN usage)
2026/05/07 16:28:35 - simulation time     660 (s) :                                                                         Lan=          12786 seconds (100 % of total usage, LAN used when downloading containers=0 % of LAN usage)
2026/05/07 16:28:35 - simulation time     660 (s) :                                                    Average bandwidth per transfer=       784.5216 Mbps  
2026/05/07 16:28:35 - simulation time     660 (s) : SimLog- Average vm CPU utilization                                              :          0.395 %
2026/05/07 16:28:35 - simulation time     660 (s) : SimLog- Average vm CPU utilization per level                             : Cloud=         0.1268 %
2026/05/07 16:28:35 - simulation time     660 (s) :                                                                             Edge=         0.0647 %
2026/05/07 16:28:35 - simulation time     660 (s) :                                                                             Mist=         0.4269 %
2026/05/07 16:28:35 - simulation time     660 (s) : SimLog- Energy consumption                                                      :3556183284347966600000 W,   215.5098 dBW
2026/05/07 16:28:35 - simulation time     660 (s) :                                                                                 :(Average:8045663539248793600 W/data center(or device), 189.0556 dBW/data center(or device))
2026/05/07 16:28:35 - simulation time     660 (s) :                                                                                 :(Average:554873347534399550 W/task, 177.4419 dBW/task)
2026/05/07 16:28:35 - simulation time     660 (s) : SimLog- Energy Consumption per level                                     : Cloud=905600972044649900000 W,   209.5694 dBW
2026/05/07 16:28:35 - simulation time     660 (s) :                                                                                 :(Average:50311165113591660000 W/data center, 197.0166 dBW/data center)
2026/05/07 16:28:35 - simulation time     660 (s) :                                                                             Edge=149615973148591460000 W,   201.7498 dBW
2026/05/07 16:28:35 - simulation time     660 (s) :                                                                                 :(Average:6233998881191310300 W/data center, 187.9477 dBW/data center)
2026/05/07 16:28:35 - simulation time     660 (s) :                                                                             Mist=2500966339154725600000 W,   213.9811 dBW
2026/05/07 16:28:35 - simulation time     660 (s) :                                                                                 :(Average:6252415847886814200 W/edge device, 187.9605 dBW/edge device)
2026/05/07 16:28:35 - simulation time     660 (s) : SimLog- Dead edge devices due to battery drain                                  :              0 devices (Among 0 devices with batteries (NaN %))
2026/05/07 16:28:35 - simulation time     660 (s) : SimLog- Average remaining power (devices with batteries that are still alive)   :              0 Wh (Average: 0 %)
2026/05/07 16:28:35 - simulation time     660 (s) : SimulationManager- the Scenario Simulation overflow times :2

================== Simulation finished at time 691.50 ==================


SimLog- Iteration finished...

######################################################################################################################################################################
Starting CloudSim Plus 4.3.0

2026/05/07 16:28:35 - simulation time       0 (s) : ServersManager- Datacenters and devices were generated
2026/05/07 16:28:35 - simulation time       0 (s) : SimulationManager-  Orchestration algorithm= ROUND_ROBIN-  Architechitecture= ALL -  number of edge devices= 500
2026/05/07 16:28:35 - simulation time       0 (s) : SimulationManager- Simulation: 1  , iteration: 25
2026/05/07 16:28:45 - simulation time     650 (s) : 
2026/05/07 16:28:45 - simulation time     650 (s) : ------------------------------------------------------- OUTPUT -------------------------------------------------------
2026/05/07 16:28:45 - simulation time     650 (s) : 
2026/05/07 16:28:45 - simulation time     650 (s) : SimLog- Tasks not sent because device died (low energy)                         :               0 % (0 tasks)
2026/05/07 16:28:45 - simulation time     650 (s) : SimLog- Tasks sent from edge devices                                            :             100 % (8134 among 8134 generated tasks)
2026/05/07 16:28:45 - simulation time     650 (s) : -------------------------------------All values below are based on the sent tasks-------------------------------------
2026/05/07 16:28:45 - simulation time     650 (s) : SimLog- Tasks ETE delay                                                         :     25239.7833 seconds
2026/05/07 16:28:45 - simulation time     650 (s) : SimLog- Average tasks ETE delay                                                 :          4.194 seconds
2026/05/07 16:28:45 - simulation time     650 (s) : SimLog- Tasks execution delay                                                   :      7136.9683 seconds
2026/05/07 16:28:45 - simulation time     650 (s) : SimLog- Average tasks execution delay                                           :         0.9603 seconds
2026/05/07 16:28:45 - simulation time     650 (s) : SimLog- Tasks waiting time (from task submiting to the execution start)         :       326.9826 seconds
2026/05/07 16:28:45 - simulation time     650 (s) : SimLog- Average tasks waiting time (from task submiting to the execution start) :          0.044 seconds
2026/05/07 16:28:45 - simulation time     650 (s) : SimLog- Tasks successfully executed                                             :        73.9857 % (6018 among 8134 sent tasks)
2026/05/07 16:28:45 - simulation time     650 (s) : SimLog- Tasks failures
2026/05/07 16:28:45 - simulation time     650 (s) :                                        Not executed due to resources unavailable:              0 % (0 tasks)
2026/05/07 16:28:45 - simulation time     650 (s) :                               Successfully executed but failed due to high delay:        24.5267 % (1995 tasks from 8134 successfully sent tasks)
2026/05/07 16:28:45 - simulation time     650 (s) :                  Tasks execution results not returned because the device is dead:              0 % (0 tasks)
2026/05/07 16:28:45 - simulation time     650 (s) :                      Tasks execution results not returned due to device mobility:         1.4876 % (121 tasks)
2026/05/07 16:28:45 - simulation time     650 (s) : SimLog- Tasks executed on each level                                : Cloud=           2498 tasks (where 1884 were successfully executed)
2026/05/07 16:28:45 - simulation time     650 (s) :                                                                        Edge=            864 tasks (where 657 were successfully executed)
2026/05/07 16:28:45 - simulation time     650 (s) :                                                                        Mist=           4772 tasks (where 3477 were successfully executed)
2026/05/07 16:28:45 - simulation time     650 (s) : SimLog- Network usage                                                           :          15888 seconds (The total traffic: 50544.45 (MBytes))
2026/05/07 16:28:45 - simulation time     650 (s) :                                                                         Wan=           2847 seconds (17.9192 % of total usage, WAN used when downloading containers=0 % of WAN usage)
2026/05/07 16:28:45 - simulation time     650 (s) :                                                                         Lan=          15888 seconds (100 % of total usage, LAN used when downloading containers=0 % of LAN usage)
2026/05/07 16:28:45 - simulation time     650 (s) :                                                    Average bandwidth per transfer=       798.8572 Mbps  
2026/05/07 16:28:45 - simulation time     650 (s) : SimLog- Average vm CPU utilization                                              :         0.4736 %
2026/05/07 16:28:45 - simulation time     650 (s) : SimLog- Average vm CPU utilization per level                             : Cloud=         0.0033 %
2026/05/07 16:28:45 - simulation time     650 (s) :                                                                             Edge=         0.0887 %
2026/05/07 16:28:45 - simulation time     650 (s) :                                                                             Mist=          0.509 %
2026/05/07 16:28:45 - simulation time     650 (s) : SimLog- Energy consumption                                                      :3919923715285255700000 W,   215.9328 dBW
2026/05/07 16:28:45 - simulation time     650 (s) :                                                                                 :(Average:7232331578017077200 W/data center(or device), 188.5928 dBW/data center(or device))
2026/05/07 16:28:45 - simulation time     650 (s) :                                                                                 :(Average:489195521687914110 W/task, 176.8948 dBW/task)
2026/05/07 16:28:45 - simulation time     650 (s) : SimLog- Energy Consumption per level                                     : Cloud=670863230566282000000 W,   208.2663 dBW
2026/05/07 16:28:45 - simulation time     650 (s) :                                                                                 :(Average:37270179475904560000 W/data center, 195.7136 dBW/data center)
2026/05/07 16:28:45 - simulation time     650 (s) :                                                                             Edge=193538246171886420000 W,   202.8677 dBW
2026/05/07 16:28:45 - simulation time     650 (s) :                                                                                 :(Average:8064093590495267800 W/data center, 189.0656 dBW/data center)
2026/05/07 16:28:45 - simulation time     650 (s) :                                                                             Mist=3055522238547087000000 W,   214.8509 dBW
2026/05/07 16:28:45 - simulation time     650 (s) :                                                                                 :(Average:6111044477094173700 W/edge device, 187.8612 dBW/edge device)
2026/05/07 16:28:45 - simulation time     650 (s) : SimLog- Dead edge devices due to battery drain                                  :              0 devices (Among 0 devices with batteries (NaN %))
2026/05/07 16:28:45 - simulation time     650 (s) : SimLog- Average remaining power (devices with batteries that are still alive)   :              0 Wh (Average: 0 %)
2026/05/07 16:28:45 - simulation time     650 (s) : SimulationManager- the Scenario Simulation overflow times :2

================== Simulation finished at time 685.20 ==================


SimLog- Iteration finished...

######################################################################################################################################################################
Starting CloudSim Plus 4.3.0

2026/05/07 16:28:45 - simulation time       0 (s) : ServersManager- Datacenters and devices were generated
2026/05/07 16:28:45 - simulation time       0 (s) : SimulationManager-  Orchestration algorithm= ROUND_ROBIN-  Architechitecture= ALL -  number of edge devices= 600
2026/05/07 16:28:45 - simulation time       0 (s) : SimulationManager- Simulation: 1  , iteration: 26
2026/05/07 16:28:57 - simulation time     660 (s) : 
2026/05/07 16:28:57 - simulation time     660 (s) : ------------------------------------------------------- OUTPUT -------------------------------------------------------
2026/05/07 16:28:57 - simulation time     660 (s) : 
2026/05/07 16:28:57 - simulation time     660 (s) : SimLog- Tasks not sent because device died (low energy)                         :               0 % (0 tasks)
2026/05/07 16:28:57 - simulation time     660 (s) : SimLog- Tasks sent from edge devices                                            :             100 % (9818 among 9818 generated tasks)
2026/05/07 16:28:57 - simulation time     660 (s) : -------------------------------------All values below are based on the sent tasks-------------------------------------
2026/05/07 16:28:57 - simulation time     660 (s) : SimLog- Tasks ETE delay                                                         :     30790.3775 seconds
2026/05/07 16:28:57 - simulation time     660 (s) : SimLog- Average tasks ETE delay                                                 :         4.2687 seconds
2026/05/07 16:28:57 - simulation time     660 (s) : SimLog- Tasks execution delay                                                   :       8326.995 seconds
2026/05/07 16:28:57 - simulation time     660 (s) : SimLog- Average tasks execution delay                                           :         0.9308 seconds
2026/05/07 16:28:57 - simulation time     660 (s) : SimLog- Tasks waiting time (from task submiting to the execution start)         :       1325.231 seconds
2026/05/07 16:28:57 - simulation time     660 (s) : SimLog- Average tasks waiting time (from task submiting to the execution start) :         0.1481 seconds
2026/05/07 16:28:57 - simulation time     660 (s) : SimLog- Tasks successfully executed                                             :        73.4671 % (7213 among 9818 sent tasks)
2026/05/07 16:28:57 - simulation time     660 (s) : SimLog- Tasks failures
2026/05/07 16:28:57 - simulation time     660 (s) :                                        Not executed due to resources unavailable:              0 % (0 tasks)
2026/05/07 16:28:57 - simulation time     660 (s) :                               Successfully executed but failed due to high delay:        24.9949 % (2454 tasks from 9818 successfully sent tasks)
2026/05/07 16:28:57 - simulation time     660 (s) :                  Tasks execution results not returned because the device is dead:              0 % (0 tasks)
2026/05/07 16:28:57 - simulation time     660 (s) :                      Tasks execution results not returned due to device mobility:          1.538 % (151 tasks)
2026/05/07 16:28:57 - simulation time     660 (s) : SimLog- Tasks executed on each level                                : Cloud=           2838 tasks (where 2120 were successfully executed)
2026/05/07 16:28:57 - simulation time     660 (s) :                                                                        Edge=            960 tasks (where 739 were successfully executed)
2026/05/07 16:28:57 - simulation time     660 (s) :                                                                        Mist=           6020 tasks (where 4354 were successfully executed)
2026/05/07 16:28:57 - simulation time     660 (s) : SimLog- Network usage                                                           :          18997 seconds (The total traffic: 60047.05 (MBytes))
2026/05/07 16:28:57 - simulation time     660 (s) :                                                                         Wan=           3095 seconds (16.292 % of total usage, WAN used when downloading containers=0 % of WAN usage)
2026/05/07 16:28:57 - simulation time     660 (s) :                                                                         Lan=          18997 seconds (100 % of total usage, LAN used when downloading containers=0 % of LAN usage)
2026/05/07 16:28:57 - simulation time     660 (s) :                                                    Average bandwidth per transfer=        806.023 Mbps  
2026/05/07 16:28:57 - simulation time     660 (s) : SimLog- Average vm CPU utilization                                              :         0.5959 %
2026/05/07 16:28:57 - simulation time     660 (s) : SimLog- Average vm CPU utilization per level                             : Cloud=         0.0033 %
2026/05/07 16:28:57 - simulation time     660 (s) :                                                                             Edge=         0.1032 %
2026/05/07 16:28:57 - simulation time     660 (s) :                                                                             Mist=         0.6333 %
2026/05/07 16:28:57 - simulation time     660 (s) : SimLog- Energy consumption                                                      :4494808208831171000000 W,   216.5271 dBW
2026/05/07 16:28:57 - simulation time     660 (s) :                                                                                 :(Average:7001258892260390900 W/data center(or device), 188.4518 dBW/data center(or device))
2026/05/07 16:28:57 - simulation time     660 (s) :                                                                                 :(Average:464964126288524990 W/task, 176.6742 dBW/task)
2026/05/07 16:28:57 - simulation time     660 (s) : SimLog- Energy Consumption per level                                     : Cloud=643828269908147000000 W,   208.0877 dBW
2026/05/07 16:28:57 - simulation time     660 (s) :                                                                                 :(Average:35768237217119280000 W/data center, 195.535 dBW/data center)
2026/05/07 16:28:57 - simulation time     660 (s) :                                                                             Edge=235610351405091980000 W,   203.7219 dBW
2026/05/07 16:28:57 - simulation time     660 (s) :                                                                                 :(Average:9817097975212165000 W/data center, 189.9198 dBW/data center)
2026/05/07 16:28:57 - simulation time     660 (s) :                                                                             Mist=3615369587517931700000 W,   215.5815 dBW
2026/05/07 16:28:57 - simulation time     660 (s) :                                                                                 :(Average:6025615979196553200 W/edge device, 187.8 dBW/edge device)
2026/05/07 16:28:57 - simulation time     660 (s) : SimLog- Dead edge devices due to battery drain                                  :              0 devices (Among 0 devices with batteries (NaN %))
2026/05/07 16:28:57 - simulation time     660 (s) : SimLog- Average remaining power (devices with batteries that are still alive)   :              0 Wh (Average: 0 %)
2026/05/07 16:28:57 - simulation time     660 (s) : SimulationManager- the Scenario Simulation overflow times :2

================== Simulation finished at time 691.50 ==================


SimLog- Iteration finished...

######################################################################################################################################################################
Starting CloudSim Plus 4.3.0

2026/05/07 16:28:57 - simulation time       0 (s) : ServersManager- Datacenters and devices were generated
2026/05/07 16:28:57 - simulation time       0 (s) : SimulationManager-  Orchestration algorithm= ROUND_ROBIN-  Architechitecture= ALL -  number of edge devices= 700
2026/05/07 16:28:57 - simulation time       0 (s) : SimulationManager- Simulation: 1  , iteration: 27
2026/05/07 16:29:15 - simulation time     660 (s) : 
2026/05/07 16:29:15 - simulation time     660 (s) : ------------------------------------------------------- OUTPUT -------------------------------------------------------
2026/05/07 16:29:15 - simulation time     660 (s) : 
2026/05/07 16:29:15 - simulation time     660 (s) : SimLog- Tasks not sent because device died (low energy)                         :               0 % (0 tasks)
2026/05/07 16:29:15 - simulation time     660 (s) : SimLog- Tasks sent from edge devices                                            :             100 % (11444 among 11444 generated tasks)
2026/05/07 16:29:15 - simulation time     660 (s) : -------------------------------------All values below are based on the sent tasks-------------------------------------
2026/05/07 16:29:15 - simulation time     660 (s) : SimLog- Tasks ETE delay                                                         :      39043.888 seconds
2026/05/07 16:29:15 - simulation time     660 (s) : SimLog- Average tasks ETE delay                                                 :         4.6692 seconds
2026/05/07 16:29:15 - simulation time     660 (s) : SimLog- Tasks execution delay                                                   :      9258.9805 seconds
2026/05/07 16:29:15 - simulation time     660 (s) : SimLog- Average tasks execution delay                                           :         0.8994 seconds
2026/05/07 16:29:15 - simulation time     660 (s) : SimLog- Tasks waiting time (from task submiting to the execution start)         :      4618.8394 seconds
2026/05/07 16:29:15 - simulation time     660 (s) : SimLog- Average tasks waiting time (from task submiting to the execution start) :         0.4486 seconds
2026/05/07 16:29:15 - simulation time     660 (s) : SimLog- Tasks successfully executed                                             :        73.0689 % (8362 among 11444 sent tasks)
2026/05/07 16:29:15 - simulation time     660 (s) : SimLog- Tasks failures
2026/05/07 16:29:15 - simulation time     660 (s) :                                        Not executed due to resources unavailable:              0 % (0 tasks)
2026/05/07 16:29:15 - simulation time     660 (s) :                               Successfully executed but failed due to high delay:         25.367 % (2903 tasks from 11444 successfully sent tasks)
2026/05/07 16:29:15 - simulation time     660 (s) :                  Tasks execution results not returned because the device is dead:              0 % (0 tasks)
2026/05/07 16:29:15 - simulation time     660 (s) :                      Tasks execution results not returned due to device mobility:         1.5641 % (179 tasks)
2026/05/07 16:29:15 - simulation time     660 (s) : SimLog- Tasks executed on each level                                : Cloud=           2830 tasks (where 2228 were successfully executed)
2026/05/07 16:29:15 - simulation time     660 (s) :                                                                        Edge=            960 tasks (where 759 were successfully executed)
2026/05/07 16:29:15 - simulation time     660 (s) :                                                                        Mist=           7654 tasks (where 5375 were successfully executed)
2026/05/07 16:29:15 - simulation time     660 (s) : SimLog- Network usage                                                           :          22564 seconds (The total traffic: 75141.55 (MBytes))
2026/05/07 16:29:15 - simulation time     660 (s) :                                                                         Wan=           3667 seconds (16.2516 % of total usage, WAN used when downloading containers=0 % of WAN usage)
2026/05/07 16:29:15 - simulation time     660 (s) :                                                                         Lan=          22564 seconds (100 % of total usage, LAN used when downloading containers=0 % of LAN usage)
2026/05/07 16:29:15 - simulation time     660 (s) :                                                    Average bandwidth per transfer=       833.4462 Mbps  
2026/05/07 16:29:15 - simulation time     660 (s) : SimLog- Average vm CPU utilization                                              :         0.6648 %
2026/05/07 16:29:15 - simulation time     660 (s) : SimLog- Average vm CPU utilization per level                             : Cloud=         0.0428 %
2026/05/07 16:29:15 - simulation time     660 (s) :                                                                             Edge=         0.1862 %
2026/05/07 16:29:15 - simulation time     660 (s) :                                                                             Mist=         0.6972 %
2026/05/07 16:29:15 - simulation time     660 (s) : SimLog- Energy consumption                                                      :5995929767170254000000 W,   217.7786 dBW
2026/05/07 16:29:15 - simulation time     660 (s) :                                                                                 :(Average:8080767880283361300 W/data center(or device), 189.0745 dBW/data center(or device))
2026/05/07 16:29:15 - simulation time     660 (s) :                                                                                 :(Average:532261852389725180 W/task, 177.2613 dBW/task)
2026/05/07 16:29:15 - simulation time     660 (s) : SimLog- Energy Consumption per level                                     : Cloud=1077597961663747200000 W,   210.3246 dBW
2026/05/07 16:29:15 - simulation time     660 (s) :                                                                                 :(Average:59866553425763730000 W/data center, 197.7718 dBW/data center)
2026/05/07 16:29:15 - simulation time     660 (s) :                                                                             Edge=422907960645297300000 W,   206.2625 dBW
2026/05/07 16:29:15 - simulation time     660 (s) :                                                                                 :(Average:17621165026887387000 W/data center, 192.4603 dBW/data center)
2026/05/07 16:29:15 - simulation time     660 (s) :                                                                             Mist=4495423844861209500000 W,   216.5277 dBW
2026/05/07 16:29:15 - simulation time     660 (s) :                                                                                 :(Average:6422034064087442400 W/edge device, 188.0767 dBW/edge device)
2026/05/07 16:29:15 - simulation time     660 (s) : SimLog- Dead edge devices due to battery drain                                  :              0 devices (Among 0 devices with batteries (NaN %))
2026/05/07 16:29:15 - simulation time     660 (s) : SimLog- Average remaining power (devices with batteries that are still alive)   :              0 Wh (Average: 0 %)
2026/05/07 16:29:15 - simulation time     660 (s) : SimulationManager- the Scenario Simulation overflow times :2

================== Simulation finished at time 691.50 ==================


SimLog- Iteration finished...

######################################################################################################################################################################
Starting CloudSim Plus 4.3.0

2026/05/07 16:29:15 - simulation time       0 (s) : ServersManager- Datacenters and devices were generated
2026/05/07 16:29:15 - simulation time       0 (s) : SimulationManager-  Orchestration algorithm= ROUND_ROBIN-  Architechitecture= ALL -  number of edge devices= 800
2026/05/07 16:29:15 - simulation time       0 (s) : SimulationManager- Simulation: 1  , iteration: 28
2026/05/07 16:29:36 - simulation time     660 (s) : 
2026/05/07 16:29:36 - simulation time     660 (s) : ------------------------------------------------------- OUTPUT -------------------------------------------------------
2026/05/07 16:29:36 - simulation time     660 (s) : 
2026/05/07 16:29:36 - simulation time     660 (s) : SimLog- Tasks not sent because device died (low energy)                         :               0 % (0 tasks)
2026/05/07 16:29:36 - simulation time     660 (s) : SimLog- Tasks sent from edge devices                                            :             100 % (12990 among 12990 generated tasks)
2026/05/07 16:29:36 - simulation time     660 (s) : -------------------------------------All values below are based on the sent tasks-------------------------------------
2026/05/07 16:29:36 - simulation time     660 (s) : SimLog- Tasks ETE delay                                                         :     45731.2695 seconds
2026/05/07 16:29:36 - simulation time     660 (s) : SimLog- Average tasks ETE delay                                                 :         5.0007 seconds
2026/05/07 16:29:36 - simulation time     660 (s) : SimLog- Tasks execution delay                                                   :     10575.0132 seconds
2026/05/07 16:29:36 - simulation time     660 (s) : SimLog- Average tasks execution delay                                           :         0.9332 seconds
2026/05/07 16:29:36 - simulation time     660 (s) : SimLog- Tasks waiting time (from task submiting to the execution start)         :      8090.3741 seconds
2026/05/07 16:29:36 - simulation time     660 (s) : SimLog- Average tasks waiting time (from task submiting to the execution start) :         0.7139 seconds
2026/05/07 16:29:36 - simulation time     660 (s) : SimLog- Tasks successfully executed                                             :        70.4003 % (9145 among 12990 sent tasks)
2026/05/07 16:29:36 - simulation time     660 (s) : SimLog- Tasks failures
2026/05/07 16:29:36 - simulation time     660 (s) :                                        Not executed due to resources unavailable:              0 % (0 tasks)
2026/05/07 16:29:36 - simulation time     660 (s) :                               Successfully executed but failed due to high delay:        28.0293 % (3641 tasks from 12990 successfully sent tasks)
2026/05/07 16:29:36 - simulation time     660 (s) :                  Tasks execution results not returned because the device is dead:              0 % (0 tasks)
2026/05/07 16:29:36 - simulation time     660 (s) :                      Tasks execution results not returned due to device mobility:         1.5704 % (204 tasks)
2026/05/07 16:29:36 - simulation time     660 (s) : SimLog- Tasks executed on each level                                : Cloud=           3104 tasks (where 2314 were successfully executed)
2026/05/07 16:29:36 - simulation time     660 (s) :                                                                        Edge=           1056 tasks (where 796 were successfully executed)
2026/05/07 16:29:36 - simulation time     660 (s) :                                                                        Mist=           8830 tasks (where 6035 were successfully executed)
2026/05/07 16:29:36 - simulation time     660 (s) : SimLog- Network usage                                                           :          25299 seconds (The total traffic: 79754.9 (MBytes))
2026/05/07 16:29:36 - simulation time     660 (s) :                                                                         Wan=           4121 seconds (16.2892 % of total usage, WAN used when downloading containers=0 % of WAN usage)
2026/05/07 16:29:36 - simulation time     660 (s) :                                                                         Lan=          25299 seconds (100 % of total usage, LAN used when downloading containers=0 % of LAN usage)
2026/05/07 16:29:36 - simulation time     660 (s) :                                                    Average bandwidth per transfer=       840.3887 Mbps  
2026/05/07 16:29:36 - simulation time     660 (s) : SimLog- Average vm CPU utilization                                              :          0.534 %
2026/05/07 16:29:36 - simulation time     660 (s) : SimLog- Average vm CPU utilization per level                             : Cloud=         0.0767 %
2026/05/07 16:29:36 - simulation time     660 (s) :                                                                             Edge=         0.1567 %
2026/05/07 16:29:36 - simulation time     660 (s) :                                                                             Mist=         0.5556 %
2026/05/07 16:29:36 - simulation time     660 (s) : SimLog- Energy consumption                                                      :6352986065837315000000 W,   218.0298 dBW
2026/05/07 16:29:36 - simulation time     660 (s) :                                                                                 :(Average:7545114092443367400 W/data center(or device), 188.7767 dBW/data center(or device))
2026/05/07 16:29:36 - simulation time     660 (s) :                                                                                 :(Average:496715095061557060 W/task, 176.9611 dBW/task)
2026/05/07 16:29:36 - simulation time     660 (s) : SimLog- Energy Consumption per level                                     : Cloud=1292582897374357600000 W,   211.1146 dBW
2026/05/07 16:29:36 - simulation time     660 (s) :                                                                                 :(Average:71810160965242090000 W/data center, 198.5619 dBW/data center)
2026/05/07 16:29:36 - simulation time     660 (s) :                                                                             Edge=320211987227527100000 W,   205.0544 dBW
2026/05/07 16:29:36 - simulation time     660 (s) :                                                                                 :(Average:13342166134480296000 W/data center, 191.2523 dBW/data center)
2026/05/07 16:29:36 - simulation time     660 (s) :                                                                             Mist=4740191181235431000000 W,    216.758 dBW
2026/05/07 16:29:36 - simulation time     660 (s) :                                                                                 :(Average:5925238976544288800 W/edge device, 187.7271 dBW/edge device)
2026/05/07 16:29:36 - simulation time     660 (s) : SimLog- Dead edge devices due to battery drain                                  :              0 devices (Among 0 devices with batteries (NaN %))
2026/05/07 16:29:36 - simulation time     660 (s) : SimLog- Average remaining power (devices with batteries that are still alive)   :              0 Wh (Average: 0 %)
2026/05/07 16:29:36 - simulation time     660 (s) : SimulationManager- the Scenario Simulation overflow times :2

================== Simulation finished at time 691.50 ==================


SimLog- Iteration finished...

######################################################################################################################################################################
Starting CloudSim Plus 4.3.0

2026/05/07 16:29:36 - simulation time       0 (s) : ServersManager- Datacenters and devices were generated
2026/05/07 16:29:36 - simulation time       0 (s) : SimulationManager-  Orchestration algorithm= ROUND_ROBIN-  Architechitecture= ALL -  number of edge devices= 900
2026/05/07 16:29:36 - simulation time       0 (s) : SimulationManager- Simulation: 1  , iteration: 29
2026/05/07 16:30:04 - simulation time     660 (s) : 
2026/05/07 16:30:04 - simulation time     660 (s) : ------------------------------------------------------- OUTPUT -------------------------------------------------------
2026/05/07 16:30:04 - simulation time     660 (s) : 
2026/05/07 16:30:04 - simulation time     660 (s) : SimLog- Tasks not sent because device died (low energy)                         :               0 % (0 tasks)
2026/05/07 16:30:04 - simulation time     660 (s) : SimLog- Tasks sent from edge devices                                            :             100 % (14766 among 14766 generated tasks)
2026/05/07 16:30:04 - simulation time     660 (s) : -------------------------------------All values below are based on the sent tasks-------------------------------------
2026/05/07 16:30:04 - simulation time     660 (s) : SimLog- Tasks ETE delay                                                         :      55808.781 seconds
2026/05/07 16:30:04 - simulation time     660 (s) : SimLog- Average tasks ETE delay                                                 :         5.4693 seconds
2026/05/07 16:30:04 - simulation time     660 (s) : SimLog- Tasks execution delay                                                   :     12613.0163 seconds
2026/05/07 16:30:04 - simulation time     660 (s) : SimLog- Average tasks execution delay                                           :         0.9982 seconds
2026/05/07 16:30:04 - simulation time     660 (s) : SimLog- Tasks waiting time (from task submiting to the execution start)         :     12742.0055 seconds
2026/05/07 16:30:04 - simulation time     660 (s) : SimLog- Average tasks waiting time (from task submiting to the execution start) :         1.0084 seconds
2026/05/07 16:30:04 - simulation time     660 (s) : SimLog- Tasks successfully executed                                             :        69.1047 % (10204 among 14766 sent tasks)
2026/05/07 16:30:04 - simulation time     660 (s) : SimLog- Tasks failures
2026/05/07 16:30:04 - simulation time     660 (s) :                                        Not executed due to resources unavailable:              0 % (0 tasks)
2026/05/07 16:30:04 - simulation time     660 (s) :                               Successfully executed but failed due to high delay:        29.3377 % (4332 tasks from 14766 successfully sent tasks)
2026/05/07 16:30:04 - simulation time     660 (s) :                  Tasks execution results not returned because the device is dead:              0 % (0 tasks)
2026/05/07 16:30:04 - simulation time     660 (s) :                      Tasks execution results not returned due to device mobility:         1.5576 % (230 tasks)
2026/05/07 16:30:04 - simulation time     660 (s) : SimLog- Tasks executed on each level                                : Cloud=           3122 tasks (where 2280 were successfully executed)
2026/05/07 16:30:04 - simulation time     660 (s) :                                                                        Edge=           1056 tasks (where 774 were successfully executed)
2026/05/07 16:30:04 - simulation time     660 (s) :                                                                        Mist=          10588 tasks (where 7150 were successfully executed)
2026/05/07 16:30:04 - simulation time     660 (s) : SimLog- Network usage                                                           :          28422 seconds (The total traffic: 88669 (MBytes))
2026/05/07 16:30:04 - simulation time     660 (s) :                                                                         Wan=           4188 seconds (14.7351 % of total usage, WAN used when downloading containers=0 % of WAN usage)
2026/05/07 16:30:04 - simulation time     660 (s) :                                                                         Lan=          28422 seconds (100 % of total usage, LAN used when downloading containers=0 % of LAN usage)
2026/05/07 16:30:04 - simulation time     660 (s) :                                                    Average bandwidth per transfer=       856.4584 Mbps  
2026/05/07 16:30:04 - simulation time     660 (s) : SimLog- Average vm CPU utilization                                              :         0.5643 %
2026/05/07 16:30:04 - simulation time     660 (s) : SimLog- Average vm CPU utilization per level                             : Cloud=         0.0449 %
2026/05/07 16:30:04 - simulation time     660 (s) :                                                                             Edge=         0.1497 %
2026/05/07 16:30:04 - simulation time     660 (s) :                                                                             Mist=         0.5858 %
2026/05/07 16:30:04 - simulation time     660 (s) : SimLog- Energy consumption                                                      :6623517859428941000000 W,   218.2109 dBW
2026/05/07 16:30:04 - simulation time     660 (s) :                                                                                 :(Average:7031335307249407000 W/data center(or device), 188.4704 dBW/data center(or device))
2026/05/07 16:30:04 - simulation time     660 (s) :                                                                                 :(Average:455569011584630400 W/task, 176.5855 dBW/task)
2026/05/07 16:30:04 - simulation time     660 (s) : SimLog- Energy Consumption per level                                     : Cloud=1071302564867985000000 W,   210.2991 dBW
2026/05/07 16:30:04 - simulation time     660 (s) :                                                                                 :(Average:59516809159332495000 W/data center, 197.7464 dBW/data center)
2026/05/07 16:30:04 - simulation time     660 (s) :                                                                             Edge=303008939127808260000 W,   204.8146 dBW
2026/05/07 16:30:04 - simulation time     660 (s) :                                                                                 :(Average:12625372463658678000 W/data center, 191.0124 dBW/data center)
2026/05/07 16:30:04 - simulation time     660 (s) :                                                                             Mist=5249206355433148000000 W,   217.2009 dBW
2026/05/07 16:30:04 - simulation time     660 (s) :                                                                                 :(Average:5832451506036830200 W/edge device, 187.6585 dBW/edge device)
2026/05/07 16:30:04 - simulation time     660 (s) : SimLog- Dead edge devices due to battery drain                                  :              0 devices (Among 0 devices with batteries (NaN %))
2026/05/07 16:30:04 - simulation time     660 (s) : SimLog- Average remaining power (devices with batteries that are still alive)   :              0 Wh (Average: 0 %)
2026/05/07 16:30:04 - simulation time     660 (s) : SimulationManager- the Scenario Simulation overflow times :2

================== Simulation finished at time 691.50 ==================


SimLog- Iteration finished...

######################################################################################################################################################################
Starting CloudSim Plus 4.3.0

2026/05/07 16:30:04 - simulation time       0 (s) : ServersManager- Datacenters and devices were generated
2026/05/07 16:30:04 - simulation time       0 (s) : SimulationManager-  Orchestration algorithm= ROUND_ROBIN-  Architechitecture= ALL -  number of edge devices= 1000
2026/05/07 16:30:04 - simulation time       0 (s) : SimulationManager- Simulation: 1  , iteration: 30
2026/05/07 16:30:42 - simulation time     660 (s) : 
2026/05/07 16:30:42 - simulation time     660 (s) : ------------------------------------------------------- OUTPUT -------------------------------------------------------
2026/05/07 16:30:42 - simulation time     660 (s) : 
2026/05/07 16:30:42 - simulation time     660 (s) : SimLog- Tasks not sent because device died (low energy)                         :               0 % (0 tasks)
2026/05/07 16:30:42 - simulation time     660 (s) : SimLog- Tasks sent from edge devices                                            :             100 % (16570 among 16570 generated tasks)
2026/05/07 16:30:42 - simulation time     660 (s) : -------------------------------------All values below are based on the sent tasks-------------------------------------
2026/05/07 16:30:42 - simulation time     660 (s) : SimLog- Tasks ETE delay                                                         :      66796.437 seconds
2026/05/07 16:30:42 - simulation time     660 (s) : SimLog- Average tasks ETE delay                                                 :         5.8114 seconds
2026/05/07 16:30:42 - simulation time     660 (s) : SimLog- Tasks execution delay                                                   :     13733.7826 seconds
2026/05/07 16:30:42 - simulation time     660 (s) : SimLog- Average tasks execution delay                                           :         0.9714 seconds
2026/05/07 16:30:42 - simulation time     660 (s) : SimLog- Tasks waiting time (from task submiting to the execution start)         :     18347.6569 seconds
2026/05/07 16:30:42 - simulation time     660 (s) : SimLog- Average tasks waiting time (from task submiting to the execution start) :         1.2978 seconds
2026/05/07 16:30:42 - simulation time     660 (s) : SimLog- Tasks successfully executed                                             :        69.3663 % (11494 among 16570 sent tasks)
2026/05/07 16:30:42 - simulation time     660 (s) : SimLog- Tasks failures
2026/05/07 16:30:42 - simulation time     660 (s) :                                        Not executed due to resources unavailable:              0 % (0 tasks)
2026/05/07 16:30:42 - simulation time     660 (s) :                               Successfully executed but failed due to high delay:        28.8413 % (4779 tasks from 16570 successfully sent tasks)
2026/05/07 16:30:42 - simulation time     660 (s) :                  Tasks execution results not returned because the device is dead:              0 % (0 tasks)
2026/05/07 16:30:42 - simulation time     660 (s) :                      Tasks execution results not returned due to device mobility:         1.7924 % (297 tasks)
2026/05/07 16:30:42 - simulation time     660 (s) : SimLog- Tasks executed on each level                                : Cloud=           3400 tasks (where 2595 were successfully executed)
2026/05/07 16:30:42 - simulation time     660 (s) :                                                                        Edge=           1152 tasks (where 869 were successfully executed)
2026/05/07 16:30:42 - simulation time     660 (s) :                                                                        Mist=          12018 tasks (where 8030 were successfully executed)
2026/05/07 16:30:42 - simulation time     660 (s) : SimLog- Network usage                                                           :          32361 seconds (The total traffic: 98563.55 (MBytes))
2026/05/07 16:30:42 - simulation time     660 (s) :                                                                         Wan=           5096 seconds (15.7474 % of total usage, WAN used when downloading containers=0 % of WAN usage)
2026/05/07 16:30:42 - simulation time     660 (s) :                                                                         Lan=          32361 seconds (100 % of total usage, LAN used when downloading containers=0 % of LAN usage)
2026/05/07 16:30:42 - simulation time     660 (s) :                                                    Average bandwidth per transfer=       859.9879 Mbps  
2026/05/07 16:30:42 - simulation time     660 (s) : SimLog- Average vm CPU utilization                                              :         0.5353 %
2026/05/07 16:30:42 - simulation time     660 (s) : SimLog- Average vm CPU utilization per level                             : Cloud=         0.0166 %
2026/05/07 16:30:42 - simulation time     660 (s) :                                                                             Edge=         0.1554 %
2026/05/07 16:30:42 - simulation time     660 (s) :                                                                             Mist=         0.5537 %
2026/05/07 16:30:42 - simulation time     660 (s) : SimLog- Energy consumption                                                      :7717094591807522000000 W,   218.8745 dBW
2026/05/07 16:30:42 - simulation time     660 (s) :                                                                                 :(Average:7406040875055203300 W/data center(or device), 188.6959 dBW/data center(or device))
2026/05/07 16:30:42 - simulation time     660 (s) :                                                                                 :(Average:474168638513518980 W/task, 176.7593 dBW/task)
2026/05/07 16:30:42 - simulation time     660 (s) : SimLog- Energy Consumption per level                                     : Cloud=1493767499450411400000 W,   211.7428 dBW
2026/05/07 16:30:42 - simulation time     660 (s) :                                                                                 :(Average:82987083302800640000 W/data center, 199.1901 dBW/data center)
2026/05/07 16:30:42 - simulation time     660 (s) :                                                                             Edge=333107321469730550000 W,   205.2258 dBW
2026/05/07 16:30:42 - simulation time     660 (s) :                                                                                 :(Average:13879471727905440000 W/data center, 191.4237 dBW/data center)
2026/05/07 16:30:42 - simulation time     660 (s) :                                                                             Mist=5890219770887379000000 W,   217.7013 dBW
2026/05/07 16:30:42 - simulation time     660 (s) :                                                                                 :(Average:5890219770887378900 W/edge device, 187.7013 dBW/edge device)
2026/05/07 16:30:42 - simulation time     660 (s) : SimLog- Dead edge devices due to battery drain                                  :              0 devices (Among 0 devices with batteries (NaN %))
2026/05/07 16:30:42 - simulation time     660 (s) : SimLog- Average remaining power (devices with batteries that are still alive)   :              0 Wh (Average: 0 %)
2026/05/07 16:30:42 - simulation time     660 (s) : SimulationManager- the Scenario Simulation overflow times :2

================== Simulation finished at time 691.50 ==================


SimLog- Iteration finished...

######################################################################################################################################################################
Starting CloudSim Plus 4.3.0

2026/05/07 16:30:42 - simulation time       0 (s) : ServersManager- Datacenters and devices were generated
2026/05/07 16:30:42 - simulation time       0 (s) : SimulationManager-  Orchestration algorithm= TRADE_OFF-  Architechitecture= ALL -  number of edge devices= 100
2026/05/07 16:30:42 - simulation time       0 (s) : SimulationManager- Simulation: 1  , iteration: 31
2026/05/07 16:30:43 - simulation time     650 (s) : 
2026/05/07 16:30:43 - simulation time     650 (s) : ------------------------------------------------------- OUTPUT -------------------------------------------------------
2026/05/07 16:30:43 - simulation time     650 (s) : 
2026/05/07 16:30:43 - simulation time     650 (s) : SimLog- Tasks not sent because device died (low energy)                         :               0 % (0 tasks)
2026/05/07 16:30:43 - simulation time     650 (s) : SimLog- Tasks sent from edge devices                                            :             100 % (1578 among 1578 generated tasks)
2026/05/07 16:30:43 - simulation time     650 (s) : -------------------------------------All values below are based on the sent tasks-------------------------------------
2026/05/07 16:30:43 - simulation time     650 (s) : SimLog- Tasks ETE delay                                                         :      4289.1361 seconds
2026/05/07 16:30:43 - simulation time     650 (s) : SimLog- Average tasks ETE delay                                                 :         3.4871 seconds
2026/05/07 16:30:43 - simulation time     650 (s) : SimLog- Tasks execution delay                                                   :       715.7728 seconds
2026/05/07 16:30:43 - simulation time     650 (s) : SimLog- Average tasks execution delay                                           :         0.4568 seconds
2026/05/07 16:30:43 - simulation time     650 (s) : SimLog- Tasks waiting time (from task submiting to the execution start)         :         70.269 seconds
2026/05/07 16:30:43 - simulation time     650 (s) : SimLog- Average tasks waiting time (from task submiting to the execution start) :         0.0448 seconds
2026/05/07 16:30:43 - simulation time     650 (s) : SimLog- Tasks successfully executed                                             :        77.9468 % (1230 among 1578 sent tasks)
2026/05/07 16:30:43 - simulation time     650 (s) : SimLog- Tasks failures
2026/05/07 16:30:43 - simulation time     650 (s) :                                        Not executed due to resources unavailable:              0 % (0 tasks)
2026/05/07 16:30:43 - simulation time     650 (s) :                               Successfully executed but failed due to high delay:        21.8631 % (345 tasks from 1578 successfully sent tasks)
2026/05/07 16:30:43 - simulation time     650 (s) :                  Tasks execution results not returned because the device is dead:              0 % (0 tasks)
2026/05/07 16:30:43 - simulation time     650 (s) :                      Tasks execution results not returned due to device mobility:         0.1901 % (3 tasks)
2026/05/07 16:30:43 - simulation time     650 (s) : SimLog- Tasks executed on each level                                : Cloud=            978 tasks (where 758 were successfully executed)
2026/05/07 16:30:43 - simulation time     650 (s) :                                                                        Edge=            480 tasks (where 372 were successfully executed)
2026/05/07 16:30:43 - simulation time     650 (s) :                                                                        Mist=            120 tasks (where 100 were successfully executed)
2026/05/07 16:30:43 - simulation time     650 (s) : SimLog- Network usage                                                           :           3144 seconds (The total traffic: 10302.85 (MBytes))
2026/05/07 16:30:43 - simulation time     650 (s) :                                                                         Wan=            978 seconds (31.1069 % of total usage, WAN used when downloading containers=0 % of WAN usage)
2026/05/07 16:30:43 - simulation time     650 (s) :                                                                         Lan=           3144 seconds (100 % of total usage, LAN used when downloading containers=0 % of LAN usage)
2026/05/07 16:30:43 - simulation time     650 (s) :                                                    Average bandwidth per transfer=       736.3013 Mbps  
2026/05/07 16:30:43 - simulation time     650 (s) : SimLog- Average vm CPU utilization                                              :         0.1073 %
2026/05/07 16:30:43 - simulation time     650 (s) : SimLog- Average vm CPU utilization per level                             : Cloud=         0.1715 %
2026/05/07 16:30:43 - simulation time     650 (s) :                                                                             Edge=         0.0529 %
2026/05/07 16:30:43 - simulation time     650 (s) :                                                                             Mist=         0.1088 %
2026/05/07 16:30:43 - simulation time     650 (s) : SimLog- Energy consumption                                                      :1081516761302459000000 W,   210.3403 dBW
2026/05/07 16:30:43 - simulation time     650 (s) :                                                                                 :(Average:7616315220439852000 W/data center(or device), 188.8174 dBW/data center(or device))
2026/05/07 16:30:43 - simulation time     650 (s) :                                                                                 :(Average:686677308763465980 W/task, 178.3675 dBW/task)
2026/05/07 16:30:43 - simulation time     650 (s) : SimLog- Energy Consumption per level                                     : Cloud=342017244191709500000 W,   205.3405 dBW
2026/05/07 16:30:43 - simulation time     650 (s) :                                                                                 :(Average:19000958010650530000 W/data center, 192.7878 dBW/data center)
2026/05/07 16:30:43 - simulation time     650 (s) :                                                                             Edge=131849765592955220000 W,   201.2008 dBW
2026/05/07 16:30:43 - simulation time     650 (s) :                                                                                 :(Average:5493740233039801300 W/data center, 187.3987 dBW/data center)
2026/05/07 16:30:43 - simulation time     650 (s) :                                                                             Mist=607649751517794300000 W,   207.8365 dBW
2026/05/07 16:30:43 - simulation time     650 (s) :                                                                                 :(Average:6076497515177943000 W/edge device, 187.8365 dBW/edge device)
2026/05/07 16:30:43 - simulation time     650 (s) : SimLog- Dead edge devices due to battery drain                                  :              0 devices (Among 0 devices with batteries (NaN %))
2026/05/07 16:30:43 - simulation time     650 (s) : SimLog- Average remaining power (devices with batteries that are still alive)   :              0 Wh (Average: 0 %)
2026/05/07 16:30:43 - simulation time     650 (s) : SimulationManager- the Scenario Simulation overflow times :2

================== Simulation finished at time 685.20 ==================


SimLog- Iteration finished...

######################################################################################################################################################################
Starting CloudSim Plus 4.3.0

2026/05/07 16:30:43 - simulation time       0 (s) : ServersManager- Datacenters and devices were generated
2026/05/07 16:30:43 - simulation time       0 (s) : SimulationManager-  Orchestration algorithm= TRADE_OFF-  Architechitecture= ALL -  number of edge devices= 200
2026/05/07 16:30:43 - simulation time       0 (s) : SimulationManager- Simulation: 1  , iteration: 32
2026/05/07 16:30:45 - simulation time     650 (s) : 
2026/05/07 16:30:45 - simulation time     650 (s) : ------------------------------------------------------- OUTPUT -------------------------------------------------------
2026/05/07 16:30:45 - simulation time     650 (s) : 
2026/05/07 16:30:45 - simulation time     650 (s) : SimLog- Tasks not sent because device died (low energy)                         :               0 % (0 tasks)
2026/05/07 16:30:45 - simulation time     650 (s) : SimLog- Tasks sent from edge devices                                            :             100 % (3294 among 3294 generated tasks)
2026/05/07 16:30:45 - simulation time     650 (s) : -------------------------------------All values below are based on the sent tasks-------------------------------------
2026/05/07 16:30:45 - simulation time     650 (s) : SimLog- Tasks ETE delay                                                         :      9636.6684 seconds
2026/05/07 16:30:45 - simulation time     650 (s) : SimLog- Average tasks ETE delay                                                 :         3.6697 seconds
2026/05/07 16:30:45 - simulation time     650 (s) : SimLog- Tasks execution delay                                                   :      1632.8659 seconds
2026/05/07 16:30:45 - simulation time     650 (s) : SimLog- Average tasks execution delay                                           :         0.5194 seconds
2026/05/07 16:30:45 - simulation time     650 (s) : SimLog- Tasks waiting time (from task submiting to the execution start)         :       138.8402 seconds
2026/05/07 16:30:45 - simulation time     650 (s) : SimLog- Average tasks waiting time (from task submiting to the execution start) :         0.0442 seconds
2026/05/07 16:30:45 - simulation time     650 (s) : SimLog- Tasks successfully executed                                             :        79.7207 % (2626 among 3294 sent tasks)
2026/05/07 16:30:45 - simulation time     650 (s) : SimLog- Tasks failures
2026/05/07 16:30:45 - simulation time     650 (s) :                                        Not executed due to resources unavailable:              0 % (0 tasks)
2026/05/07 16:30:45 - simulation time     650 (s) :                               Successfully executed but failed due to high delay:        19.7328 % (650 tasks from 3294 successfully sent tasks)
2026/05/07 16:30:45 - simulation time     650 (s) :                  Tasks execution results not returned because the device is dead:              0 % (0 tasks)
2026/05/07 16:30:45 - simulation time     650 (s) :                      Tasks execution results not returned due to device mobility:         0.5464 % (18 tasks)
2026/05/07 16:30:45 - simulation time     650 (s) : SimLog- Tasks executed on each level                                : Cloud=           1940 tasks (where 1562 were successfully executed)
2026/05/07 16:30:45 - simulation time     650 (s) :                                                                        Edge=            874 tasks (where 702 were successfully executed)
2026/05/07 16:30:45 - simulation time     650 (s) :                                                                        Mist=            480 tasks (where 362 were successfully executed)
2026/05/07 16:30:45 - simulation time     650 (s) : SimLog- Network usage                                                           :           6515 seconds (The total traffic: 24044.2 (MBytes))
2026/05/07 16:30:45 - simulation time     650 (s) :                                                                         Wan=           2025 seconds (31.0821 % of total usage, WAN used when downloading containers=0 % of WAN usage)
2026/05/07 16:30:45 - simulation time     650 (s) :                                                                         Lan=           6515 seconds (100 % of total usage, LAN used when downloading containers=0 % of LAN usage)
2026/05/07 16:30:45 - simulation time     650 (s) :                                                    Average bandwidth per transfer=       669.1856 Mbps  
2026/05/07 16:30:45 - simulation time     650 (s) : SimLog- Average vm CPU utilization                                              :         0.1246 %
2026/05/07 16:30:45 - simulation time     650 (s) : SimLog- Average vm CPU utilization per level                             : Cloud=         0.0497 %
2026/05/07 16:30:45 - simulation time     650 (s) :                                                                             Edge=         0.1226 %
2026/05/07 16:30:45 - simulation time     650 (s) :                                                                             Mist=         0.1315 %
2026/05/07 16:30:45 - simulation time     650 (s) : SimLog- Energy consumption                                                      :2522741502579612600000 W,   214.0187 dBW
2026/05/07 16:30:45 - simulation time     650 (s) :                                                                                 :(Average:10424551663552119000 W/data center(or device), 190.1806 dBW/data center(or device))
2026/05/07 16:30:45 - simulation time     650 (s) :                                                                                 :(Average:770067613730040450 W/task, 178.8653 dBW/task)
2026/05/07 16:30:45 - simulation time     650 (s) : SimLog- Energy Consumption per level                                     : Cloud=853021378038881600000 W,   209.3096 dBW
2026/05/07 16:30:45 - simulation time     650 (s) :                                                                                 :(Average:47390076557715644000 W/data center, 196.7569 dBW/data center)
2026/05/07 16:30:45 - simulation time     650 (s) :                                                                             Edge=264129185139979120000 W,   204.2182 dBW
2026/05/07 16:30:45 - simulation time     650 (s) :                                                                                 :(Average:11005382714165797000 W/data center, 190.4161 dBW/data center)
2026/05/07 16:30:45 - simulation time     650 (s) :                                                                             Mist=1405590939400751800000 W,   211.4786 dBW
2026/05/07 16:30:45 - simulation time     650 (s) :                                                                                 :(Average:7027954697003758600 W/edge device, 188.4683 dBW/edge device)
2026/05/07 16:30:45 - simulation time     650 (s) : SimLog- Dead edge devices due to battery drain                                  :              0 devices (Among 0 devices with batteries (NaN %))
2026/05/07 16:30:45 - simulation time     650 (s) : SimLog- Average remaining power (devices with batteries that are still alive)   :              0 Wh (Average: 0 %)
2026/05/07 16:30:45 - simulation time     650 (s) : SimulationManager- the Scenario Simulation overflow times :2

================== Simulation finished at time 685.20 ==================


SimLog- Iteration finished...

######################################################################################################################################################################
Starting CloudSim Plus 4.3.0

2026/05/07 16:30:45 - simulation time       0 (s) : ServersManager- Datacenters and devices were generated
2026/05/07 16:30:45 - simulation time       0 (s) : SimulationManager-  Orchestration algorithm= TRADE_OFF-  Architechitecture= ALL -  number of edge devices= 300
2026/05/07 16:30:45 - simulation time       0 (s) : SimulationManager- Simulation: 1  , iteration: 33
2026/05/07 16:30:48 - simulation time     660 (s) : 
2026/05/07 16:30:48 - simulation time     660 (s) : ------------------------------------------------------- OUTPUT -------------------------------------------------------
2026/05/07 16:30:48 - simulation time     660 (s) : 
2026/05/07 16:30:48 - simulation time     660 (s) : SimLog- Tasks not sent because device died (low energy)                         :               0 % (0 tasks)
2026/05/07 16:30:48 - simulation time     660 (s) : SimLog- Tasks sent from edge devices                                            :             100 % (4902 among 4902 generated tasks)
2026/05/07 16:30:48 - simulation time     660 (s) : -------------------------------------All values below are based on the sent tasks-------------------------------------
2026/05/07 16:30:48 - simulation time     660 (s) : SimLog- Tasks ETE delay                                                         :     14523.7053 seconds
2026/05/07 16:30:48 - simulation time     660 (s) : SimLog- Average tasks ETE delay                                                 :         3.7558 seconds
2026/05/07 16:30:48 - simulation time     660 (s) : SimLog- Tasks execution delay                                                   :      2661.6141 seconds
2026/05/07 16:30:48 - simulation time     660 (s) : SimLog- Average tasks execution delay                                           :         0.5709 seconds
2026/05/07 16:30:48 - simulation time     660 (s) : SimLog- Tasks waiting time (from task submiting to the execution start)         :       205.1592 seconds
2026/05/07 16:30:48 - simulation time     660 (s) : SimLog- Average tasks waiting time (from task submiting to the execution start) :          0.044 seconds
2026/05/07 16:30:48 - simulation time     660 (s) : SimLog- Tasks successfully executed                                             :        78.8862 % (3867 among 4902 sent tasks)
2026/05/07 16:30:48 - simulation time     660 (s) : SimLog- Tasks failures
2026/05/07 16:30:48 - simulation time     660 (s) :                                        Not executed due to resources unavailable:              0 % (0 tasks)
2026/05/07 16:30:48 - simulation time     660 (s) :                               Successfully executed but failed due to high delay:         20.767 % (1018 tasks from 4902 successfully sent tasks)
2026/05/07 16:30:48 - simulation time     660 (s) :                  Tasks execution results not returned because the device is dead:              0 % (0 tasks)
2026/05/07 16:30:48 - simulation time     660 (s) :                      Tasks execution results not returned due to device mobility:         0.3468 % (17 tasks)
2026/05/07 16:30:48 - simulation time     660 (s) : SimLog- Tasks executed on each level                                : Cloud=           2592 tasks (where 2065 were successfully executed)
2026/05/07 16:30:48 - simulation time     660 (s) :                                                                        Edge=           1256 tasks (where 983 were successfully executed)
2026/05/07 16:30:48 - simulation time     660 (s) :                                                                        Mist=           1054 tasks (where 819 were successfully executed)
2026/05/07 16:30:48 - simulation time     660 (s) : SimLog- Network usage                                                           :           9819 seconds (The total traffic: 33588.4 (MBytes))
2026/05/07 16:30:48 - simulation time     660 (s) :                                                                         Wan=           2850 seconds (29.0254 % of total usage, WAN used when downloading containers=0 % of WAN usage)
2026/05/07 16:30:48 - simulation time     660 (s) :                                                                         Lan=           9819 seconds (100 % of total usage, LAN used when downloading containers=0 % of LAN usage)
2026/05/07 16:30:48 - simulation time     660 (s) :                                                    Average bandwidth per transfer=       678.3688 Mbps  
2026/05/07 16:30:48 - simulation time     660 (s) : SimLog- Average vm CPU utilization                                              :          0.198 %
2026/05/07 16:30:48 - simulation time     660 (s) : SimLog- Average vm CPU utilization per level                             : Cloud=         0.0312 %
2026/05/07 16:30:48 - simulation time     660 (s) :                                                                             Edge=         0.1464 %
2026/05/07 16:30:48 - simulation time     660 (s) :                                                                             Mist=         0.2122 %
2026/05/07 16:30:48 - simulation time     660 (s) : SimLog- Energy consumption                                                      :3368414252130152500000 W,   215.2743 dBW
2026/05/07 16:30:48 - simulation time     660 (s) :                                                                                 :(Average:9849164479912727000 W/data center(or device), 189.934 dBW/data center(or device))
2026/05/07 16:30:48 - simulation time     660 (s) :                                                                                 :(Average:689542323875159170 W/task, 178.3856 dBW/task)
2026/05/07 16:30:48 - simulation time     660 (s) : SimLog- Energy Consumption per level                                     : Cloud=1041571816818005100000 W,   210.1769 dBW
2026/05/07 16:30:48 - simulation time     660 (s) :                                                                                 :(Average:57865100934333620000 W/data center, 197.6242 dBW/data center)
2026/05/07 16:30:48 - simulation time     660 (s) :                                                                             Edge=328632058275673870000 W,   205.1671 dBW
2026/05/07 16:30:48 - simulation time     660 (s) :                                                                                 :(Average:13693002428153078000 W/data center, 191.365 dBW/data center)
2026/05/07 16:30:48 - simulation time     660 (s) :                                                                             Mist=1998210377036473600000 W,   213.0064 dBW
2026/05/07 16:30:48 - simulation time     660 (s) :                                                                                 :(Average:6660701256788245500 W/edge device, 188.2352 dBW/edge device)
2026/05/07 16:30:48 - simulation time     660 (s) : SimLog- Dead edge devices due to battery drain                                  :              0 devices (Among 0 devices with batteries (NaN %))
2026/05/07 16:30:48 - simulation time     660 (s) : SimLog- Average remaining power (devices with batteries that are still alive)   :              0 Wh (Average: 0 %)
2026/05/07 16:30:48 - simulation time     660 (s) : SimulationManager- the Scenario Simulation overflow times :2

================== Simulation finished at time 691.50 ==================


SimLog- Iteration finished...

######################################################################################################################################################################
Starting CloudSim Plus 4.3.0

2026/05/07 16:30:48 - simulation time       0 (s) : ServersManager- Datacenters and devices were generated
2026/05/07 16:30:48 - simulation time       0 (s) : SimulationManager-  Orchestration algorithm= TRADE_OFF-  Architechitecture= ALL -  number of edge devices= 400
2026/05/07 16:30:48 - simulation time       0 (s) : SimulationManager- Simulation: 1  , iteration: 34
2026/05/07 16:30:55 - simulation time     650 (s) : 
2026/05/07 16:30:55 - simulation time     650 (s) : ------------------------------------------------------- OUTPUT -------------------------------------------------------
2026/05/07 16:30:55 - simulation time     650 (s) : 
2026/05/07 16:30:55 - simulation time     650 (s) : SimLog- Tasks not sent because device died (low energy)                         :               0 % (0 tasks)
2026/05/07 16:30:55 - simulation time     650 (s) : SimLog- Tasks sent from edge devices                                            :             100 % (6516 among 6516 generated tasks)
2026/05/07 16:30:55 - simulation time     650 (s) : -------------------------------------All values below are based on the sent tasks-------------------------------------
2026/05/07 16:30:55 - simulation time     650 (s) : SimLog- Tasks ETE delay                                                         :      18247.617 seconds
2026/05/07 16:30:55 - simulation time     650 (s) : SimLog- Average tasks ETE delay                                                 :         3.7141 seconds
2026/05/07 16:30:55 - simulation time     650 (s) : SimLog- Tasks execution delay                                                   :      3429.9238 seconds
2026/05/07 16:30:55 - simulation time     650 (s) : SimLog- Average tasks execution delay                                           :         0.5588 seconds
2026/05/07 16:30:55 - simulation time     650 (s) : SimLog- Tasks waiting time (from task submiting to the execution start)         :       418.3168 seconds
2026/05/07 16:30:55 - simulation time     650 (s) : SimLog- Average tasks waiting time (from task submiting to the execution start) :         0.0682 seconds
2026/05/07 16:30:55 - simulation time     650 (s) : SimLog- Tasks successfully executed                                             :         75.399 % (4913 among 6516 sent tasks)
2026/05/07 16:30:55 - simulation time     650 (s) : SimLog- Tasks failures
2026/05/07 16:30:55 - simulation time     650 (s) :                                        Not executed due to resources unavailable:              0 % (0 tasks)
2026/05/07 16:30:55 - simulation time     650 (s) :                               Successfully executed but failed due to high delay:        24.0178 % (1565 tasks from 6516 successfully sent tasks)
2026/05/07 16:30:55 - simulation time     650 (s) :                  Tasks execution results not returned because the device is dead:              0 % (0 tasks)
2026/05/07 16:30:55 - simulation time     650 (s) :                      Tasks execution results not returned due to device mobility:         0.5832 % (38 tasks)
2026/05/07 16:30:55 - simulation time     650 (s) : SimLog- Tasks executed on each level                                : Cloud=           3168 tasks (where 2428 were successfully executed)
2026/05/07 16:30:55 - simulation time     650 (s) :                                                                        Edge=           1546 tasks (where 1129 were successfully executed)
2026/05/07 16:30:55 - simulation time     650 (s) :                                                                        Mist=           1802 tasks (where 1356 were successfully executed)
2026/05/07 16:30:55 - simulation time     650 (s) : SimLog- Network usage                                                           :          13009 seconds (The total traffic: 38833.85 (MBytes))
2026/05/07 16:30:55 - simulation time     650 (s) :                                                                         Wan=           3532 seconds (27.1504 % of total usage, WAN used when downloading containers=0 % of WAN usage)
2026/05/07 16:30:55 - simulation time     650 (s) :                                                                         Lan=          13009 seconds (100 % of total usage, LAN used when downloading containers=0 % of LAN usage)
2026/05/07 16:30:55 - simulation time     650 (s) :                                                    Average bandwidth per transfer=       688.2609 Mbps  
2026/05/07 16:30:55 - simulation time     650 (s) : SimLog- Average vm CPU utilization                                              :         0.1724 %
2026/05/07 16:30:55 - simulation time     650 (s) : SimLog- Average vm CPU utilization per level                             : Cloud=         0.0497 %
2026/05/07 16:30:55 - simulation time     650 (s) :                                                                             Edge=         0.1848 %
2026/05/07 16:30:55 - simulation time     650 (s) :                                                                             Mist=         0.1772 %
2026/05/07 16:30:55 - simulation time     650 (s) : SimLog- Energy consumption                                                      :3807397313696427400000 W,   215.8063 dBW
2026/05/07 16:30:55 - simulation time     650 (s) :                                                                                 :(Average:8614021071711374300 W/data center(or device), 189.3521 dBW/data center(or device))
2026/05/07 16:30:55 - simulation time     650 (s) :                                                                                 :(Average:587742715914854530 W/task, 177.6919 dBW/task)
2026/05/07 16:30:55 - simulation time     650 (s) : SimLog- Energy Consumption per level                                     : Cloud=1055010948716989900000 W,   210.2326 dBW
2026/05/07 16:30:55 - simulation time     650 (s) :                                                                                 :(Average:58611719373166110000 W/data center, 197.6798 dBW/data center)
2026/05/07 16:30:55 - simulation time     650 (s) :                                                                             Edge=435659289189261200000 W,   206.3915 dBW
2026/05/07 16:30:55 - simulation time     650 (s) :                                                                                 :(Average:18152470382885882000 W/data center, 192.5894 dBW/data center)
2026/05/07 16:30:55 - simulation time     650 (s) :                                                                             Mist=2316727075790176000000 W,   213.6487 dBW
2026/05/07 16:30:55 - simulation time     650 (s) :                                                                                 :(Average:5791817689475440600 W/edge device, 187.6281 dBW/edge device)
2026/05/07 16:30:55 - simulation time     650 (s) : SimLog- Dead edge devices due to battery drain                                  :              0 devices (Among 0 devices with batteries (NaN %))
2026/05/07 16:30:55 - simulation time     650 (s) : SimLog- Average remaining power (devices with batteries that are still alive)   :              0 Wh (Average: 0 %)
2026/05/07 16:30:55 - simulation time     650 (s) : SimulationManager- the Scenario Simulation overflow times :2

================== Simulation finished at time 685.20 ==================


SimLog- Iteration finished...

######################################################################################################################################################################
Starting CloudSim Plus 4.3.0

2026/05/07 16:30:55 - simulation time       0 (s) : ServersManager- Datacenters and devices were generated
2026/05/07 16:30:55 - simulation time       0 (s) : SimulationManager-  Orchestration algorithm= TRADE_OFF-  Architechitecture= ALL -  number of edge devices= 500
2026/05/07 16:30:55 - simulation time       0 (s) : SimulationManager- Simulation: 1  , iteration: 35
2026/05/07 16:31:04 - simulation time     650 (s) : 
2026/05/07 16:31:04 - simulation time     650 (s) : ------------------------------------------------------- OUTPUT -------------------------------------------------------
2026/05/07 16:31:04 - simulation time     650 (s) : 
2026/05/07 16:31:04 - simulation time     650 (s) : SimLog- Tasks not sent because device died (low energy)                         :               0 % (0 tasks)
2026/05/07 16:31:04 - simulation time     650 (s) : SimLog- Tasks sent from edge devices                                            :             100 % (8398 among 8398 generated tasks)
2026/05/07 16:31:04 - simulation time     650 (s) : -------------------------------------All values below are based on the sent tasks-------------------------------------
2026/05/07 16:31:04 - simulation time     650 (s) : SimLog- Tasks ETE delay                                                         :     24070.1812 seconds
2026/05/07 16:31:04 - simulation time     650 (s) : SimLog- Average tasks ETE delay                                                 :         3.8146 seconds
2026/05/07 16:31:04 - simulation time     650 (s) : SimLog- Tasks execution delay                                                   :      4537.2154 seconds
2026/05/07 16:31:04 - simulation time     650 (s) : SimLog- Average tasks execution delay                                           :         0.5861 seconds
2026/05/07 16:31:04 - simulation time     650 (s) : SimLog- Tasks waiting time (from task submiting to the execution start)         :       407.2529 seconds
2026/05/07 16:31:04 - simulation time     650 (s) : SimLog- Average tasks waiting time (from task submiting to the execution start) :         0.0526 seconds
2026/05/07 16:31:04 - simulation time     650 (s) : SimLog- Tasks successfully executed                                             :        75.1369 % (6310 among 8398 sent tasks)
2026/05/07 16:31:04 - simulation time     650 (s) : SimLog- Tasks failures
2026/05/07 16:31:04 - simulation time     650 (s) :                                        Not executed due to resources unavailable:              0 % (0 tasks)
2026/05/07 16:31:04 - simulation time     650 (s) :                               Successfully executed but failed due to high delay:        23.8271 % (2001 tasks from 8398 successfully sent tasks)
2026/05/07 16:31:04 - simulation time     650 (s) :                  Tasks execution results not returned because the device is dead:              0 % (0 tasks)
2026/05/07 16:31:04 - simulation time     650 (s) :                      Tasks execution results not returned due to device mobility:          1.036 % (87 tasks)
2026/05/07 16:31:04 - simulation time     650 (s) : SimLog- Tasks executed on each level                                : Cloud=           3744 tasks (where 2845 were successfully executed)
2026/05/07 16:31:04 - simulation time     650 (s) :                                                                        Edge=           1834 tasks (where 1357 were successfully executed)
2026/05/07 16:31:04 - simulation time     650 (s) :                                                                        Mist=           2820 tasks (where 2108 were successfully executed)
2026/05/07 16:31:04 - simulation time     650 (s) : SimLog- Network usage                                                           :          16732 seconds (The total traffic: 51463.35 (MBytes))
2026/05/07 16:31:04 - simulation time     650 (s) :                                                                         Wan=           4356 seconds (26.0339 % of total usage, WAN used when downloading containers=0 % of WAN usage)
2026/05/07 16:31:04 - simulation time     650 (s) :                                                                         Lan=          16732 seconds (100 % of total usage, LAN used when downloading containers=0 % of LAN usage)
2026/05/07 16:31:04 - simulation time     650 (s) :                                                    Average bandwidth per transfer=       704.1989 Mbps  
2026/05/07 16:31:04 - simulation time     650 (s) : SimLog- Average vm CPU utilization                                              :         0.2428 %
2026/05/07 16:31:04 - simulation time     650 (s) : SimLog- Average vm CPU utilization per level                             : Cloud=         0.0555 %
2026/05/07 16:31:04 - simulation time     650 (s) :                                                                             Edge=         0.2197 %
2026/05/07 16:31:04 - simulation time     650 (s) :                                                                             Mist=         0.2507 %
2026/05/07 16:31:04 - simulation time     650 (s) : SimLog- Energy consumption                                                      :4844665342314739000000 W,   216.8526 dBW
2026/05/07 16:31:04 - simulation time     650 (s) :                                                                                 :(Average:8938496941540109300 W/data center(or device), 189.5126 dBW/data center(or device))
2026/05/07 16:31:04 - simulation time     650 (s) :                                                                                 :(Average:582851942049415170 W/task, 177.6556 dBW/task)
2026/05/07 16:31:04 - simulation time     650 (s) : SimLog- Energy Consumption per level                                     : Cloud=1366126956523413300000 W,   211.3549 dBW
2026/05/07 16:31:04 - simulation time     650 (s) :                                                                                 :(Average:75895942029078510000 W/data center, 198.8022 dBW/data center)
2026/05/07 16:31:04 - simulation time     650 (s) :                                                                             Edge=489703825147724000000 W,   206.8993 dBW
2026/05/07 16:31:04 - simulation time     650 (s) :                                                                                 :(Average:20404326047821832000 W/data center, 193.0972 dBW/data center)
2026/05/07 16:31:04 - simulation time     650 (s) :                                                                             Mist=2988834560643602300000 W,    214.755 dBW
2026/05/07 16:31:04 - simulation time     650 (s) :                                                                                 :(Average:5977669121287204900 W/edge device, 187.7653 dBW/edge device)
2026/05/07 16:31:04 - simulation time     650 (s) : SimLog- Dead edge devices due to battery drain                                  :              0 devices (Among 0 devices with batteries (NaN %))
2026/05/07 16:31:04 - simulation time     650 (s) : SimLog- Average remaining power (devices with batteries that are still alive)   :              0 Wh (Average: 0 %)
2026/05/07 16:31:04 - simulation time     650 (s) : SimulationManager- the Scenario Simulation overflow times :2

================== Simulation finished at time 685.20 ==================


SimLog- Iteration finished...

######################################################################################################################################################################
Starting CloudSim Plus 4.3.0

2026/05/07 16:31:04 - simulation time       0 (s) : ServersManager- Datacenters and devices were generated
2026/05/07 16:31:04 - simulation time       0 (s) : SimulationManager-  Orchestration algorithm= TRADE_OFF-  Architechitecture= ALL -  number of edge devices= 600
2026/05/07 16:31:04 - simulation time       0 (s) : SimulationManager- Simulation: 1  , iteration: 36
2026/05/07 16:31:16 - simulation time     660 (s) : 
2026/05/07 16:31:16 - simulation time     660 (s) : ------------------------------------------------------- OUTPUT -------------------------------------------------------
2026/05/07 16:31:16 - simulation time     660 (s) : 
2026/05/07 16:31:16 - simulation time     660 (s) : SimLog- Tasks not sent because device died (low energy)                         :               0 % (0 tasks)
2026/05/07 16:31:16 - simulation time     660 (s) : SimLog- Tasks sent from edge devices                                            :             100 % (9794 among 9794 generated tasks)
2026/05/07 16:31:16 - simulation time     660 (s) : -------------------------------------All values below are based on the sent tasks-------------------------------------
2026/05/07 16:31:16 - simulation time     660 (s) : SimLog- Tasks ETE delay                                                         :     30242.1338 seconds
2026/05/07 16:31:16 - simulation time     660 (s) : SimLog- Average tasks ETE delay                                                 :         4.0774 seconds
2026/05/07 16:31:16 - simulation time     660 (s) : SimLog- Tasks execution delay                                                   :      6140.7304 seconds
2026/05/07 16:31:16 - simulation time     660 (s) : SimLog- Average tasks execution delay                                           :         0.6808 seconds
2026/05/07 16:31:16 - simulation time     660 (s) : SimLog- Tasks waiting time (from task submiting to the execution start)         :      1362.1861 seconds
2026/05/07 16:31:16 - simulation time     660 (s) : SimLog- Average tasks waiting time (from task submiting to the execution start) :          0.151 seconds
2026/05/07 16:31:16 - simulation time     660 (s) : SimLog- Tasks successfully executed                                             :        75.7402 % (7418 among 9794 sent tasks)
2026/05/07 16:31:16 - simulation time     660 (s) : SimLog- Tasks failures
2026/05/07 16:31:16 - simulation time     660 (s) :                                        Not executed due to resources unavailable:              0 % (0 tasks)
2026/05/07 16:31:16 - simulation time     660 (s) :                               Successfully executed but failed due to high delay:        23.3306 % (2285 tasks from 9794 successfully sent tasks)
2026/05/07 16:31:16 - simulation time     660 (s) :                  Tasks execution results not returned because the device is dead:              0 % (0 tasks)
2026/05/07 16:31:16 - simulation time     660 (s) :                      Tasks execution results not returned due to device mobility:         0.9291 % (91 tasks)
2026/05/07 16:31:16 - simulation time     660 (s) : SimLog- Tasks executed on each level                                : Cloud=           4228 tasks (where 3163 were successfully executed)
2026/05/07 16:31:16 - simulation time     660 (s) :                                                                        Edge=           2026 tasks (where 1520 were successfully executed)
2026/05/07 16:31:16 - simulation time     660 (s) :                                                                        Mist=           3540 tasks (where 2735 were successfully executed)
2026/05/07 16:31:16 - simulation time     660 (s) : SimLog- Network usage                                                           :          19553 seconds (The total traffic: 62673.7 (MBytes))
2026/05/07 16:31:16 - simulation time     660 (s) :                                                                         Wan=           4989 seconds (25.5153 % of total usage, WAN used when downloading containers=0 % of WAN usage)
2026/05/07 16:31:16 - simulation time     660 (s) :                                                                         Lan=          19553 seconds (100 % of total usage, LAN used when downloading containers=0 % of LAN usage)
2026/05/07 16:31:16 - simulation time     660 (s) :                                                    Average bandwidth per transfer=       710.7422 Mbps  
2026/05/07 16:31:16 - simulation time     660 (s) : SimLog- Average vm CPU utilization                                              :         0.2953 %
2026/05/07 16:31:16 - simulation time     660 (s) : SimLog- Average vm CPU utilization per level                             : Cloud=         0.1093 %
2026/05/07 16:31:16 - simulation time     660 (s) :                                                                             Edge=           0.24 %
2026/05/07 16:31:16 - simulation time     660 (s) :                                                                             Mist=         0.3031 %
2026/05/07 16:31:16 - simulation time     660 (s) : SimLog- Energy consumption                                                      :5451629606931391000000 W,   217.3653 dBW
2026/05/07 16:31:16 - simulation time     660 (s) :                                                                                 :(Average:8491634901762291700 W/data center(or device), 189.2899 dBW/data center(or device))
2026/05/07 16:31:16 - simulation time     660 (s) :                                                                                 :(Average:561907813536527680 W/task, 177.4967 dBW/task)
2026/05/07 16:31:16 - simulation time     660 (s) : SimLog- Energy Consumption per level                                     : Cloud=1331310361385713000000 W,   211.2428 dBW
2026/05/07 16:31:16 - simulation time     660 (s) :                                                                                 :(Average:73961686743650730000 W/data center, 198.6901 dBW/data center)
2026/05/07 16:31:16 - simulation time     660 (s) :                                                                             Edge=490210370269931200000 W,   206.9038 dBW
2026/05/07 16:31:16 - simulation time     660 (s) :                                                                                 :(Average:20425432094580466000 W/data center, 193.1017 dBW/data center)
2026/05/07 16:31:16 - simulation time     660 (s) :                                                                             Mist=3630108875275747500000 W,   215.5992 dBW
2026/05/07 16:31:16 - simulation time     660 (s) :                                                                                 :(Average:6050181458792912900 W/edge device, 187.8177 dBW/edge device)
2026/05/07 16:31:16 - simulation time     660 (s) : SimLog- Dead edge devices due to battery drain                                  :              0 devices (Among 0 devices with batteries (NaN %))
2026/05/07 16:31:16 - simulation time     660 (s) : SimLog- Average remaining power (devices with batteries that are still alive)   :              0 Wh (Average: 0 %)
2026/05/07 16:31:16 - simulation time     660 (s) : SimulationManager- the Scenario Simulation overflow times :3

================== Simulation finished at time 691.50 ==================


SimLog- Iteration finished...

######################################################################################################################################################################
Starting CloudSim Plus 4.3.0

2026/05/07 16:31:16 - simulation time       0 (s) : ServersManager- Datacenters and devices were generated
2026/05/07 16:31:16 - simulation time       0 (s) : SimulationManager-  Orchestration algorithm= TRADE_OFF-  Architechitecture= ALL -  number of edge devices= 700
2026/05/07 16:31:16 - simulation time       0 (s) : SimulationManager- Simulation: 1  , iteration: 37
2026/05/07 16:31:34 - simulation time     660 (s) : 
2026/05/07 16:31:34 - simulation time     660 (s) : ------------------------------------------------------- OUTPUT -------------------------------------------------------
2026/05/07 16:31:34 - simulation time     660 (s) : 
2026/05/07 16:31:34 - simulation time     660 (s) : SimLog- Tasks not sent because device died (low energy)                         :               0 % (0 tasks)
2026/05/07 16:31:34 - simulation time     660 (s) : SimLog- Tasks sent from edge devices                                            :             100 % (11466 among 11466 generated tasks)
2026/05/07 16:31:34 - simulation time     660 (s) : -------------------------------------All values below are based on the sent tasks-------------------------------------
2026/05/07 16:31:34 - simulation time     660 (s) : SimLog- Tasks ETE delay                                                         :     37063.6679 seconds
2026/05/07 16:31:34 - simulation time     660 (s) : SimLog- Average tasks ETE delay                                                 :         4.3977 seconds
2026/05/07 16:31:34 - simulation time     660 (s) : SimLog- Tasks execution delay                                                   :       6999.027 seconds
2026/05/07 16:31:34 - simulation time     660 (s) : SimLog- Average tasks execution delay                                           :         0.6732 seconds
2026/05/07 16:31:34 - simulation time     660 (s) : SimLog- Tasks waiting time (from task submiting to the execution start)         :      4246.0939 seconds
2026/05/07 16:31:34 - simulation time     660 (s) : SimLog- Average tasks waiting time (from task submiting to the execution start) :         0.4084 seconds
2026/05/07 16:31:34 - simulation time     660 (s) : SimLog- Tasks successfully executed                                             :        73.5043 % (8428 among 11466 sent tasks)
2026/05/07 16:31:34 - simulation time     660 (s) : SimLog- Tasks failures
2026/05/07 16:31:34 - simulation time     660 (s) :                                        Not executed due to resources unavailable:              0 % (0 tasks)
2026/05/07 16:31:34 - simulation time     660 (s) :                               Successfully executed but failed due to high delay:        25.4143 % (2914 tasks from 11466 successfully sent tasks)
2026/05/07 16:31:34 - simulation time     660 (s) :                  Tasks execution results not returned because the device is dead:              0 % (0 tasks)
2026/05/07 16:31:34 - simulation time     660 (s) :                      Tasks execution results not returned due to device mobility:         1.0815 % (124 tasks)
2026/05/07 16:31:34 - simulation time     660 (s) : SimLog- Tasks executed on each level                                : Cloud=           4608 tasks (where 3370 were successfully executed)
2026/05/07 16:31:34 - simulation time     660 (s) :                                                                        Edge=           2228 tasks (where 1676 were successfully executed)
2026/05/07 16:31:34 - simulation time     660 (s) :                                                                        Mist=           4630 tasks (where 3382 were successfully executed)
2026/05/07 16:31:34 - simulation time     660 (s) : SimLog- Network usage                                                           :          23046 seconds (The total traffic: 69500.1 (MBytes))
2026/05/07 16:31:34 - simulation time     660 (s) :                                                                         Wan=           5801 seconds (25.1714 % of total usage, WAN used when downloading containers=0 % of WAN usage)
2026/05/07 16:31:34 - simulation time     660 (s) :                                                                         Lan=          23046 seconds (100 % of total usage, LAN used when downloading containers=0 % of LAN usage)
2026/05/07 16:31:34 - simulation time     660 (s) :                                                    Average bandwidth per transfer=       723.0026 Mbps  
2026/05/07 16:31:34 - simulation time     660 (s) : SimLog- Average vm CPU utilization                                              :         0.3664 %
2026/05/07 16:31:34 - simulation time     660 (s) : SimLog- Average vm CPU utilization per level                             : Cloud=         0.0322 %
2026/05/07 16:31:34 - simulation time     660 (s) :                                                                             Edge=         0.3029 %
2026/05/07 16:31:34 - simulation time     660 (s) :                                                                             Mist=         0.3772 %
2026/05/07 16:31:34 - simulation time     660 (s) : SimLog- Energy consumption                                                      :6137725734736306000000 W,   217.8801 dBW
2026/05/07 16:31:34 - simulation time     660 (s) :                                                                                 :(Average:8271867567030062100 W/data center(or device), 189.176 dBW/data center(or device))
2026/05/07 16:31:34 - simulation time     660 (s) :                                                                                 :(Average:541150214665518080 W/task, 177.3332 dBW/task)
2026/05/07 16:31:34 - simulation time     660 (s) : SimLog- Energy Consumption per level                                     : Cloud=1354763236329011300000 W,   211.3186 dBW
2026/05/07 16:31:34 - simulation time     660 (s) :                                                                                 :(Average:75264624240500620000 W/data center, 198.7659 dBW/data center)
2026/05/07 16:31:34 - simulation time     660 (s) :                                                                             Edge=670574189484538900000 W,   208.2645 dBW
2026/05/07 16:31:34 - simulation time     660 (s) :                                                                                 :(Average:27940591228522450000 W/data center, 194.4624 dBW/data center)
2026/05/07 16:31:34 - simulation time     660 (s) :                                                                             Mist=4112388308922755700000 W,   216.1409 dBW
2026/05/07 16:31:34 - simulation time     660 (s) :                                                                                 :(Average:5874840441318222800 W/edge device, 187.69 dBW/edge device)
2026/05/07 16:31:34 - simulation time     660 (s) : SimLog- Dead edge devices due to battery drain                                  :              0 devices (Among 0 devices with batteries (NaN %))
2026/05/07 16:31:34 - simulation time     660 (s) : SimLog- Average remaining power (devices with batteries that are still alive)   :              0 Wh (Average: 0 %)
2026/05/07 16:31:34 - simulation time     660 (s) : SimulationManager- the Scenario Simulation overflow times :3

================== Simulation finished at time 691.50 ==================


SimLog- Iteration finished...

######################################################################################################################################################################
Starting CloudSim Plus 4.3.0

2026/05/07 16:31:34 - simulation time       0 (s) : ServersManager- Datacenters and devices were generated
2026/05/07 16:31:34 - simulation time       0 (s) : SimulationManager-  Orchestration algorithm= TRADE_OFF-  Architechitecture= ALL -  number of edge devices= 800
2026/05/07 16:31:34 - simulation time       0 (s) : SimulationManager- Simulation: 1  , iteration: 38
2026/05/07 16:31:57 - simulation time     660 (s) : 
2026/05/07 16:31:57 - simulation time     660 (s) : ------------------------------------------------------- OUTPUT -------------------------------------------------------
2026/05/07 16:31:57 - simulation time     660 (s) : 
2026/05/07 16:31:57 - simulation time     660 (s) : SimLog- Tasks not sent because device died (low energy)                         :               0 % (0 tasks)
2026/05/07 16:31:57 - simulation time     660 (s) : SimLog- Tasks sent from edge devices                                            :             100 % (12978 among 12978 generated tasks)
2026/05/07 16:31:57 - simulation time     660 (s) : -------------------------------------All values below are based on the sent tasks-------------------------------------
2026/05/07 16:31:57 - simulation time     660 (s) : SimLog- Tasks ETE delay                                                         :     46759.5335 seconds
2026/05/07 16:31:57 - simulation time     660 (s) : SimLog- Average tasks ETE delay                                                 :         4.9565 seconds
2026/05/07 16:31:57 - simulation time     660 (s) : SimLog- Tasks execution delay                                                   :      8261.8886 seconds
2026/05/07 16:31:57 - simulation time     660 (s) : SimLog- Average tasks execution delay                                           :         0.7184 seconds
2026/05/07 16:31:57 - simulation time     660 (s) : SimLog- Tasks waiting time (from task submiting to the execution start)         :      9088.1078 seconds
2026/05/07 16:31:57 - simulation time     660 (s) : SimLog- Average tasks waiting time (from task submiting to the execution start) :         0.7903 seconds
2026/05/07 16:31:57 - simulation time     660 (s) : SimLog- Tasks successfully executed                                             :           72.7 % (9435 among 12978 sent tasks)
2026/05/07 16:31:57 - simulation time     660 (s) : SimLog- Tasks failures
2026/05/07 16:31:57 - simulation time     660 (s) :                                        Not executed due to resources unavailable:              0 % (0 tasks)
2026/05/07 16:31:57 - simulation time     660 (s) :                               Successfully executed but failed due to high delay:        26.0672 % (3383 tasks from 12978 successfully sent tasks)
2026/05/07 16:31:57 - simulation time     660 (s) :                  Tasks execution results not returned because the device is dead:              0 % (0 tasks)
2026/05/07 16:31:57 - simulation time     660 (s) :                      Tasks execution results not returned due to device mobility:         1.2329 % (160 tasks)
2026/05/07 16:31:57 - simulation time     660 (s) : SimLog- Tasks executed on each level                                : Cloud=           4896 tasks (where 3500 were successfully executed)
2026/05/07 16:31:57 - simulation time     660 (s) :                                                                        Edge=           2402 tasks (where 1831 were successfully executed)
2026/05/07 16:31:57 - simulation time     660 (s) :                                                                        Mist=           5680 tasks (where 4104 were successfully executed)
2026/05/07 16:31:57 - simulation time     660 (s) : SimLog- Network usage                                                           :          26033 seconds (The total traffic: 86039.2 (MBytes))
2026/05/07 16:31:57 - simulation time     660 (s) :                                                                         Wan=           6471 seconds (24.8569 % of total usage, WAN used when downloading containers=0 % of WAN usage)
2026/05/07 16:31:57 - simulation time     660 (s) :                                                                         Lan=          26033 seconds (100 % of total usage, LAN used when downloading containers=0 % of LAN usage)
2026/05/07 16:31:57 - simulation time     660 (s) :                                                    Average bandwidth per transfer=       740.0641 Mbps  
2026/05/07 16:31:57 - simulation time     660 (s) : SimLog- Average vm CPU utilization                                              :         0.3387 %
2026/05/07 16:31:57 - simulation time     660 (s) : SimLog- Average vm CPU utilization per level                             : Cloud=         0.1019 %
2026/05/07 16:31:57 - simulation time     660 (s) :                                                                             Edge=         0.3609 %
2026/05/07 16:31:57 - simulation time     660 (s) :                                                                             Mist=         0.3434 %
2026/05/07 16:31:57 - simulation time     660 (s) : SimLog- Energy consumption                                                      :7651427143455171000000 W,   218.8374 dBW
2026/05/07 16:31:57 - simulation time     660 (s) :                                                                                 :(Average:9087205633557210100 W/data center(or device), 189.5843 dBW/data center(or device))
2026/05/07 16:31:57 - simulation time     660 (s) :                                                                                 :(Average:596881749235913090 W/task, 177.7589 dBW/task)
2026/05/07 16:31:57 - simulation time     660 (s) : SimLog- Energy Consumption per level                                     : Cloud=1841283311678104300000 W,   212.6512 dBW
2026/05/07 16:31:57 - simulation time     660 (s) :                                                                                 :(Average:102293517315450240000 W/data center, 200.0985 dBW/data center)
2026/05/07 16:31:57 - simulation time     660 (s) :                                                                             Edge=775584683527573500000 W,   208.8963 dBW
2026/05/07 16:31:57 - simulation time     660 (s) :                                                                                 :(Average:32316028480315560000 W/data center, 195.0942 dBW/data center)
2026/05/07 16:31:57 - simulation time     660 (s) :                                                                             Mist=5034559148249492000000 W,   217.0196 dBW
2026/05/07 16:31:57 - simulation time     660 (s) :                                                                                 :(Average:6293198935311865900 W/edge device, 187.9887 dBW/edge device)
2026/05/07 16:31:57 - simulation time     660 (s) : SimLog- Dead edge devices due to battery drain                                  :              0 devices (Among 0 devices with batteries (NaN %))
2026/05/07 16:31:57 - simulation time     660 (s) : SimLog- Average remaining power (devices with batteries that are still alive)   :              0 Wh (Average: 0 %)
2026/05/07 16:31:57 - simulation time     660 (s) : SimulationManager- the Scenario Simulation overflow times :4

================== Simulation finished at time 691.50 ==================


SimLog- Iteration finished...

######################################################################################################################################################################
Starting CloudSim Plus 4.3.0

2026/05/07 16:31:57 - simulation time       0 (s) : ServersManager- Datacenters and devices were generated
2026/05/07 16:31:57 - simulation time       0 (s) : SimulationManager-  Orchestration algorithm= TRADE_OFF-  Architechitecture= ALL -  number of edge devices= 900
2026/05/07 16:31:57 - simulation time       0 (s) : SimulationManager- Simulation: 1  , iteration: 39
2026/05/07 16:32:28 - simulation time     650 (s) : 
2026/05/07 16:32:28 - simulation time     650 (s) : ------------------------------------------------------- OUTPUT -------------------------------------------------------
2026/05/07 16:32:28 - simulation time     650 (s) : 
2026/05/07 16:32:28 - simulation time     650 (s) : SimLog- Tasks not sent because device died (low energy)                         :               0 % (0 tasks)
2026/05/07 16:32:28 - simulation time     650 (s) : SimLog- Tasks sent from edge devices                                            :             100 % (14752 among 14752 generated tasks)
2026/05/07 16:32:28 - simulation time     650 (s) : -------------------------------------All values below are based on the sent tasks-------------------------------------
2026/05/07 16:32:28 - simulation time     650 (s) : SimLog- Tasks ETE delay                                                         :     55977.8051 seconds
2026/05/07 16:32:28 - simulation time     650 (s) : SimLog- Average tasks ETE delay                                                 :          5.348 seconds
2026/05/07 16:32:28 - simulation time     650 (s) : SimLog- Tasks execution delay                                                   :      9408.3026 seconds
2026/05/07 16:32:28 - simulation time     650 (s) : SimLog- Average tasks execution delay                                           :         0.7374 seconds
2026/05/07 16:32:28 - simulation time     650 (s) : SimLog- Tasks waiting time (from task submiting to the execution start)         :     13710.6052 seconds
2026/05/07 16:32:28 - simulation time     650 (s) : SimLog- Average tasks waiting time (from task submiting to the execution start) :         1.0747 seconds
2026/05/07 16:32:28 - simulation time     650 (s) : SimLog- Tasks successfully executed                                             :        70.9531 % (10467 among 14752 sent tasks)
2026/05/07 16:32:28 - simulation time     650 (s) : SimLog- Tasks failures
2026/05/07 16:32:28 - simulation time     650 (s) :                                        Not executed due to resources unavailable:              0 % (0 tasks)
2026/05/07 16:32:28 - simulation time     650 (s) :                               Successfully executed but failed due to high delay:        27.6098 % (4073 tasks from 14752 successfully sent tasks)
2026/05/07 16:32:28 - simulation time     650 (s) :                  Tasks execution results not returned because the device is dead:              0 % (0 tasks)
2026/05/07 16:32:28 - simulation time     650 (s) :                      Tasks execution results not returned due to device mobility:         1.4371 % (212 tasks)
2026/05/07 16:32:28 - simulation time     650 (s) : SimLog- Tasks executed on each level                                : Cloud=           5306 tasks (where 3814 were successfully executed)
2026/05/07 16:32:28 - simulation time     650 (s) :                                                                        Edge=           2516 tasks (where 1775 were successfully executed)
2026/05/07 16:32:28 - simulation time     650 (s) :                                                                        Mist=           6930 tasks (where 4878 were successfully executed)
2026/05/07 16:32:28 - simulation time     650 (s) : SimLog- Network usage                                                           :          29494 seconds (The total traffic: 94020.2 (MBytes))
2026/05/07 16:32:28 - simulation time     650 (s) :                                                                         Wan=           7300 seconds (24.7508 % of total usage, WAN used when downloading containers=0 % of WAN usage)
2026/05/07 16:32:28 - simulation time     650 (s) :                                                                         Lan=          29494 seconds (100 % of total usage, LAN used when downloading containers=0 % of LAN usage)
2026/05/07 16:32:28 - simulation time     650 (s) :                                                    Average bandwidth per transfer=       750.7623 Mbps  
2026/05/07 16:32:28 - simulation time     650 (s) : SimLog- Average vm CPU utilization                                              :         0.3948 %
2026/05/07 16:32:28 - simulation time     650 (s) : SimLog- Average vm CPU utilization per level                             : Cloud=         0.0882 %
2026/05/07 16:32:28 - simulation time     650 (s) :                                                                             Edge=         0.3413 %
2026/05/07 16:32:28 - simulation time     650 (s) :                                                                             Mist=         0.4023 %
2026/05/07 16:32:28 - simulation time     650 (s) : SimLog- Energy consumption                                                      :8018197141377310000000 W,   219.0408 dBW
2026/05/07 16:32:28 - simulation time     650 (s) :                                                                                 :(Average:8511886561971666900 W/data center(or device), 189.3003 dBW/data center(or device))
2026/05/07 16:32:28 - simulation time     650 (s) :                                                                                 :(Average:551230382330352700 W/task, 177.4133 dBW/task)
2026/05/07 16:32:28 - simulation time     650 (s) : SimLog- Energy Consumption per level                                     : Cloud=1922004260581051500000 W,   212.8375 dBW
2026/05/07 16:32:28 - simulation time     650 (s) :                                                                                 :(Average:106778014476725080000 W/data center, 200.2848 dBW/data center)
2026/05/07 16:32:28 - simulation time     650 (s) :                                                                             Edge=711411721980300400000 W,   208.5212 dBW
2026/05/07 16:32:28 - simulation time     650 (s) :                                                                                 :(Average:29642155082512515000 W/data center, 194.7191 dBW/data center)
2026/05/07 16:32:28 - simulation time     650 (s) :                                                                             Mist=5384781158815958000000 W,   217.3117 dBW
2026/05/07 16:32:28 - simulation time     650 (s) :                                                                                 :(Average:5983090176462175200 W/edge device, 187.7693 dBW/edge device)
2026/05/07 16:32:28 - simulation time     650 (s) : SimLog- Dead edge devices due to battery drain                                  :              0 devices (Among 0 devices with batteries (NaN %))
2026/05/07 16:32:28 - simulation time     650 (s) : SimLog- Average remaining power (devices with batteries that are still alive)   :              0 Wh (Average: 0 %)
2026/05/07 16:32:28 - simulation time     650 (s) : SimulationManager- the Scenario Simulation overflow times :4

================== Simulation finished at time 685.20 ==================


SimLog- Iteration finished...

######################################################################################################################################################################
Starting CloudSim Plus 4.3.0

2026/05/07 16:32:28 - simulation time       0 (s) : ServersManager- Datacenters and devices were generated
2026/05/07 16:32:28 - simulation time       0 (s) : SimulationManager-  Orchestration algorithm= TRADE_OFF-  Architechitecture= ALL -  number of edge devices= 1000
2026/05/07 16:32:28 - simulation time       0 (s) : SimulationManager- Simulation: 1  , iteration: 40
2026/05/07 16:33:03 - simulation time     660 (s) : 
2026/05/07 16:33:03 - simulation time     660 (s) : ------------------------------------------------------- OUTPUT -------------------------------------------------------
2026/05/07 16:33:03 - simulation time     660 (s) : 
2026/05/07 16:33:03 - simulation time     660 (s) : SimLog- Tasks not sent because device died (low energy)                         :               0 % (0 tasks)
2026/05/07 16:33:03 - simulation time     660 (s) : SimLog- Tasks sent from edge devices                                            :             100 % (16088 among 16088 generated tasks)
2026/05/07 16:33:03 - simulation time     660 (s) : -------------------------------------All values below are based on the sent tasks-------------------------------------
2026/05/07 16:33:03 - simulation time     660 (s) : SimLog- Tasks ETE delay                                                         :     67047.1679 seconds
2026/05/07 16:33:03 - simulation time     660 (s) : SimLog- Average tasks ETE delay                                                 :         5.8572 seconds
2026/05/07 16:33:03 - simulation time     660 (s) : SimLog- Tasks execution delay                                                   :     10917.1351 seconds
2026/05/07 16:33:03 - simulation time     660 (s) : SimLog- Average tasks execution delay                                           :         0.7856 seconds
2026/05/07 16:33:03 - simulation time     660 (s) : SimLog- Tasks waiting time (from task submiting to the execution start)         :     19954.7289 seconds
2026/05/07 16:33:03 - simulation time     660 (s) : SimLog- Average tasks waiting time (from task submiting to the execution start) :          1.436 seconds
2026/05/07 16:33:03 - simulation time     660 (s) : SimLog- Tasks successfully executed                                             :        71.1524 % (11447 among 16088 sent tasks)
2026/05/07 16:33:03 - simulation time     660 (s) : SimLog- Tasks failures
2026/05/07 16:33:03 - simulation time     660 (s) :                                        Not executed due to resources unavailable:              0 % (0 tasks)
2026/05/07 16:33:03 - simulation time     660 (s) :                               Successfully executed but failed due to high delay:        27.1818 % (4373 tasks from 16088 successfully sent tasks)
2026/05/07 16:33:03 - simulation time     660 (s) :                  Tasks execution results not returned because the device is dead:              0 % (0 tasks)
2026/05/07 16:33:03 - simulation time     660 (s) :                      Tasks execution results not returned due to device mobility:         1.6658 % (268 tasks)
2026/05/07 16:33:03 - simulation time     660 (s) : SimLog- Tasks executed on each level                                : Cloud=           5472 tasks (where 3891 were successfully executed)
2026/05/07 16:33:03 - simulation time     660 (s) :                                                                        Edge=           2612 tasks (where 1848 were successfully executed)
2026/05/07 16:33:03 - simulation time     660 (s) :                                                                        Mist=           8004 tasks (where 5708 were successfully executed)
2026/05/07 16:33:03 - simulation time     660 (s) : SimLog- Network usage                                                           :          32160 seconds (The total traffic: 107259.85 (MBytes))
2026/05/07 16:33:03 - simulation time     660 (s) :                                                                         Wan=           7672 seconds (23.8557 % of total usage, WAN used when downloading containers=0 % of WAN usage)
2026/05/07 16:33:03 - simulation time     660 (s) :                                                                         Lan=          32160 seconds (100 % of total usage, LAN used when downloading containers=0 % of LAN usage)
2026/05/07 16:33:03 - simulation time     660 (s) :                                                    Average bandwidth per transfer=       759.0144 Mbps  
2026/05/07 16:33:03 - simulation time     660 (s) : SimLog- Average vm CPU utilization                                              :         0.4497 %
2026/05/07 16:33:03 - simulation time     660 (s) : SimLog- Average vm CPU utilization per level                             : Cloud=         0.0249 %
2026/05/07 16:33:03 - simulation time     660 (s) :                                                                             Edge=         0.3537 %
2026/05/07 16:33:03 - simulation time     660 (s) :                                                                             Mist=         0.4596 %
2026/05/07 16:33:03 - simulation time     660 (s) : SimLog- Energy consumption                                                      :8922634471773907000000 W,   219.5049 dBW
2026/05/07 16:33:03 - simulation time     660 (s) :                                                                                 :(Average:8562988936443288600 W/data center(or device), 189.3263 dBW/data center(or device))
2026/05/07 16:33:03 - simulation time     660 (s) :                                                                                 :(Average:563974114896271230 W/task, 177.5126 dBW/task)
2026/05/07 16:33:03 - simulation time     660 (s) : SimLog- Energy Consumption per level                                     : Cloud=1971253654095837800000 W,   212.9474 dBW
2026/05/07 16:33:03 - simulation time     660 (s) :                                                                                 :(Average:109514091894213210000 W/data center, 200.3947 dBW/data center)
2026/05/07 16:33:03 - simulation time     660 (s) :                                                                             Edge=715159519913649000000 W,    208.544 dBW
2026/05/07 16:33:03 - simulation time     660 (s) :                                                                                 :(Average:29798313329735373000 W/data center, 194.7419 dBW/data center)
2026/05/07 16:33:03 - simulation time     660 (s) :                                                                             Mist=6236221297764421000000 W,   217.9492 dBW
2026/05/07 16:33:03 - simulation time     660 (s) :                                                                                 :(Average:6236221297764420600 W/edge device, 187.9492 dBW/edge device)
2026/05/07 16:33:03 - simulation time     660 (s) : SimLog- Dead edge devices due to battery drain                                  :              0 devices (Among 0 devices with batteries (NaN %))
2026/05/07 16:33:03 - simulation time     660 (s) : SimLog- Average remaining power (devices with batteries that are still alive)   :              0 Wh (Average: 0 %)
2026/05/07 16:33:03 - simulation time     660 (s) : SimulationManager- the Scenario Simulation overflow times :4

================== Simulation finished at time 691.50 ==================


SimLog- Iteration finished...

######################################################################################################################################################################
Starting CloudSim Plus 4.3.0

2026/05/07 16:33:03 - simulation time       0 (s) : ServersManager- Datacenters and devices were generated
2026/05/07 16:33:03 - simulation time       0 (s) : SimulationManager-  Orchestration algorithm= TRADI_POLLING-  Architechitecture= ALL -  number of edge devices= 100
2026/05/07 16:33:03 - simulation time       0 (s) : SimulationManager- Simulation: 1  , iteration: 41
2026/05/07 16:33:04 - simulation time     640 (s) : 
2026/05/07 16:33:04 - simulation time     640 (s) : ------------------------------------------------------- OUTPUT -------------------------------------------------------
2026/05/07 16:33:04 - simulation time     640 (s) : 
2026/05/07 16:33:04 - simulation time     640 (s) : SimLog- Tasks not sent because device died (low energy)                         :               0 % (0 tasks)
2026/05/07 16:33:04 - simulation time     640 (s) : SimLog- Tasks sent from edge devices                                            :             100 % (1672 among 1672 generated tasks)
2026/05/07 16:33:04 - simulation time     640 (s) : -------------------------------------All values below are based on the sent tasks-------------------------------------
2026/05/07 16:33:04 - simulation time     640 (s) : SimLog- Tasks ETE delay                                                         :       4948.734 seconds
2026/05/07 16:33:04 - simulation time     640 (s) : SimLog- Average tasks ETE delay                                                 :         3.8185 seconds
2026/05/07 16:33:04 - simulation time     640 (s) : SimLog- Tasks execution delay                                                   :      1138.2218 seconds
2026/05/07 16:33:04 - simulation time     640 (s) : SimLog- Average tasks execution delay                                           :         0.7013 seconds
2026/05/07 16:33:04 - simulation time     640 (s) : SimLog- Tasks waiting time (from task submiting to the execution start)         :        69.1788 seconds
2026/05/07 16:33:04 - simulation time     640 (s) : SimLog- Average tasks waiting time (from task submiting to the execution start) :         0.0426 seconds
2026/05/07 16:33:04 - simulation time     640 (s) : SimLog- Tasks successfully executed                                             :         77.512 % (1296 among 1672 sent tasks)
2026/05/07 16:33:04 - simulation time     640 (s) : SimLog- Tasks failures
2026/05/07 16:33:04 - simulation time     640 (s) :                                        Not executed due to resources unavailable:              0 % (0 tasks)
2026/05/07 16:33:04 - simulation time     640 (s) :                               Successfully executed but failed due to high delay:        20.9928 % (351 tasks from 1672 successfully sent tasks)
2026/05/07 16:33:04 - simulation time     640 (s) :                  Tasks execution results not returned because the device is dead:              0 % (0 tasks)
2026/05/07 16:33:04 - simulation time     640 (s) :                      Tasks execution results not returned due to device mobility:         1.4952 % (25 tasks)
2026/05/07 16:33:04 - simulation time     640 (s) : SimLog- Tasks executed on each level                                : Cloud=            544 tasks (where 421 were successfully executed)
2026/05/07 16:33:04 - simulation time     640 (s) :                                                                        Edge=            515 tasks (where 421 were successfully executed)
2026/05/07 16:33:04 - simulation time     640 (s) :                                                                        Mist=            613 tasks (where 454 were successfully executed)
2026/05/07 16:33:04 - simulation time     640 (s) : SimLog- Network usage                                                           :           3287 seconds (The total traffic: 10465.95 (MBytes))
2026/05/07 16:33:04 - simulation time     640 (s) :                                                                         Wan=            544 seconds (16.55 % of total usage, WAN used when downloading containers=0 % of WAN usage)
2026/05/07 16:33:04 - simulation time     640 (s) :                                                                         Lan=           3287 seconds (100 % of total usage, LAN used when downloading containers=0 % of LAN usage)
2026/05/07 16:33:04 - simulation time     640 (s) :                                                    Average bandwidth per transfer=       864.1771 Mbps  
2026/05/07 16:33:04 - simulation time     640 (s) : SimLog- Average vm CPU utilization                                              :         0.2205 %
2026/05/07 16:33:04 - simulation time     640 (s) : SimLog- Average vm CPU utilization per level                             : Cloud=         0.0011 %
2026/05/07 16:33:04 - simulation time     640 (s) :                                                                             Edge=         0.0602 %
2026/05/07 16:33:04 - simulation time     640 (s) :                                                                             Mist=         0.2984 %
2026/05/07 16:33:04 - simulation time     640 (s) : SimLog- Energy consumption                                                      :973382410957617000000 W,   209.8828 dBW
2026/05/07 16:33:04 - simulation time     640 (s) :                                                                                 :(Average:6854805710969134100 W/data center(or device), 188.36 dBW/data center(or device))
2026/05/07 16:33:04 - simulation time     640 (s) :                                                                                 :(Average:591003285341601020 W/task, 177.7159 dBW/task)
2026/05/07 16:33:04 - simulation time     640 (s) : SimLog- Energy Consumption per level                                     : Cloud=225915236945554570000 W,   203.5395 dBW
2026/05/07 16:33:04 - simulation time     640 (s) :                                                                                 :(Average:12550846496975254000 W/data center, 190.9867 dBW/data center)
2026/05/07 16:33:04 - simulation time     640 (s) :                                                                             Edge=138987009245663440000 W,   201.4297 dBW
2026/05/07 16:33:04 - simulation time     640 (s) :                                                                                 :(Average:5791125385235977200 W/data center, 187.6276 dBW/data center)
2026/05/07 16:33:04 - simulation time     640 (s) :                                                                             Mist=608480164766399000000 W,   207.8425 dBW
2026/05/07 16:33:04 - simulation time     640 (s) :                                                                                 :(Average:6084801647663989800 W/edge device, 187.8425 dBW/edge device)
2026/05/07 16:33:04 - simulation time     640 (s) : SimLog- Dead edge devices due to battery drain                                  :              0 devices (Among 0 devices with batteries (NaN %))
2026/05/07 16:33:04 - simulation time     640 (s) : SimLog- Average remaining power (devices with batteries that are still alive)   :              0 Wh (Average: 0 %)
2026/05/07 16:33:04 - simulation time     640 (s) : SimulationManager- the Scenario Simulation overflow times :4

================== Simulation finished at time 672.60 ==================


SimLog- Iteration finished...

######################################################################################################################################################################
Starting CloudSim Plus 4.3.0

2026/05/07 16:33:04 - simulation time       0 (s) : ServersManager- Datacenters and devices were generated
2026/05/07 16:33:04 - simulation time       0 (s) : SimulationManager-  Orchestration algorithm= TRADI_POLLING-  Architechitecture= ALL -  number of edge devices= 200
2026/05/07 16:33:04 - simulation time       0 (s) : SimulationManager- Simulation: 1  , iteration: 42
2026/05/07 16:33:06 - simulation time     650 (s) : 
2026/05/07 16:33:06 - simulation time     650 (s) : ------------------------------------------------------- OUTPUT -------------------------------------------------------
2026/05/07 16:33:06 - simulation time     650 (s) : 
2026/05/07 16:33:06 - simulation time     650 (s) : SimLog- Tasks not sent because device died (low energy)                         :               0 % (0 tasks)
2026/05/07 16:33:06 - simulation time     650 (s) : SimLog- Tasks sent from edge devices                                            :             100 % (3286 among 3286 generated tasks)
2026/05/07 16:33:06 - simulation time     650 (s) : -------------------------------------All values below are based on the sent tasks-------------------------------------
2026/05/07 16:33:06 - simulation time     650 (s) : SimLog- Tasks ETE delay                                                         :     10012.8918 seconds
2026/05/07 16:33:06 - simulation time     650 (s) : SimLog- Average tasks ETE delay                                                 :         3.9608 seconds
2026/05/07 16:33:06 - simulation time     650 (s) : SimLog- Tasks execution delay                                                   :       2577.862 seconds
2026/05/07 16:33:06 - simulation time     650 (s) : SimLog- Average tasks execution delay                                           :           0.83 seconds
2026/05/07 16:33:06 - simulation time     650 (s) : SimLog- Tasks waiting time (from task submiting to the execution start)         :       128.7628 seconds
2026/05/07 16:33:06 - simulation time     650 (s) : SimLog- Average tasks waiting time (from task submiting to the execution start) :         0.0415 seconds
2026/05/07 16:33:06 - simulation time     650 (s) : SimLog- Tasks successfully executed                                             :        76.9324 % (2528 among 3286 sent tasks)
2026/05/07 16:33:06 - simulation time     650 (s) : SimLog- Tasks failures
2026/05/07 16:33:06 - simulation time     650 (s) :                                        Not executed due to resources unavailable:              0 % (0 tasks)
2026/05/07 16:33:06 - simulation time     650 (s) :                               Successfully executed but failed due to high delay:        21.7894 % (716 tasks from 3286 successfully sent tasks)
2026/05/07 16:33:06 - simulation time     650 (s) :                  Tasks execution results not returned because the device is dead:              0 % (0 tasks)
2026/05/07 16:33:06 - simulation time     650 (s) :                      Tasks execution results not returned due to device mobility:         1.2781 % (42 tasks)
2026/05/07 16:33:06 - simulation time     650 (s) : SimLog- Tasks executed on each level                                : Cloud=            894 tasks (where 725 were successfully executed)
2026/05/07 16:33:06 - simulation time     650 (s) :                                                                        Edge=            765 tasks (where 587 were successfully executed)
2026/05/07 16:33:06 - simulation time     650 (s) :                                                                        Mist=           1627 tasks (where 1216 were successfully executed)
2026/05/07 16:33:06 - simulation time     650 (s) : SimLog- Network usage                                                           :           6406 seconds (The total traffic: 20666.7 (MBytes))
2026/05/07 16:33:06 - simulation time     650 (s) :                                                                         Wan=            933 seconds (14.5645 % of total usage, WAN used when downloading containers=0 % of WAN usage)
2026/05/07 16:33:06 - simulation time     650 (s) :                                                                         Lan=           6406 seconds (100 % of total usage, LAN used when downloading containers=0 % of LAN usage)
2026/05/07 16:33:06 - simulation time     650 (s) :                                                    Average bandwidth per transfer=       855.3985 Mbps  
2026/05/07 16:33:06 - simulation time     650 (s) : SimLog- Average vm CPU utilization                                              :         0.3278 %
2026/05/07 16:33:06 - simulation time     650 (s) : SimLog- Average vm CPU utilization per level                             : Cloud=         0.0011 %
2026/05/07 16:33:06 - simulation time     650 (s) :                                                                             Edge=         0.0817 %
2026/05/07 16:33:06 - simulation time     650 (s) :                                                                             Mist=         0.3867 %
2026/05/07 16:33:06 - simulation time     650 (s) : SimLog- Energy consumption                                                      :1739771741355296200000 W,   212.4049 dBW
2026/05/07 16:33:06 - simulation time     650 (s) :                                                                                 :(Average:7189139427088001000 W/data center(or device), 188.5668 dBW/data center(or device))
2026/05/07 16:33:06 - simulation time     650 (s) :                                                                                 :(Average:536304482538624000 W/task, 177.2941 dBW/task)
2026/05/07 16:33:06 - simulation time     650 (s) : SimLog- Energy Consumption per level                                     : Cloud=376849381339594200000 W,   205.7617 dBW
2026/05/07 16:33:06 - simulation time     650 (s) :                                                                                 :(Average:20936076741088567000 W/data center, 193.209 dBW/data center)
2026/05/07 16:33:06 - simulation time     650 (s) :                                                                             Edge=183701229850279350000 W,   202.6411 dBW
2026/05/07 16:33:06 - simulation time     650 (s) :                                                                                 :(Average:7654217910428306400 W/data center, 188.839 dBW/data center)
2026/05/07 16:33:06 - simulation time     650 (s) :                                                                             Mist=1179221130165422500000 W,    210.716 dBW
2026/05/07 16:33:06 - simulation time     650 (s) :                                                                                 :(Average:5896105650827112400 W/edge device, 187.7057 dBW/edge device)
2026/05/07 16:33:06 - simulation time     650 (s) : SimLog- Dead edge devices due to battery drain                                  :              0 devices (Among 0 devices with batteries (NaN %))
2026/05/07 16:33:06 - simulation time     650 (s) : SimLog- Average remaining power (devices with batteries that are still alive)   :              0 Wh (Average: 0 %)
2026/05/07 16:33:06 - simulation time     650 (s) : SimulationManager- the Scenario Simulation overflow times :4

================== Simulation finished at time 685.20 ==================


SimLog- Iteration finished...

######################################################################################################################################################################
Starting CloudSim Plus 4.3.0

2026/05/07 16:33:06 - simulation time       0 (s) : ServersManager- Datacenters and devices were generated
2026/05/07 16:33:06 - simulation time       0 (s) : SimulationManager-  Orchestration algorithm= TRADI_POLLING-  Architechitecture= ALL -  number of edge devices= 300
2026/05/07 16:33:06 - simulation time       0 (s) : SimulationManager- Simulation: 1  , iteration: 43
2026/05/07 16:33:10 - simulation time     660 (s) : 
2026/05/07 16:33:10 - simulation time     660 (s) : ------------------------------------------------------- OUTPUT -------------------------------------------------------
2026/05/07 16:33:10 - simulation time     660 (s) : 
2026/05/07 16:33:10 - simulation time     660 (s) : SimLog- Tasks not sent because device died (low energy)                         :               0 % (0 tasks)
2026/05/07 16:33:10 - simulation time     660 (s) : SimLog- Tasks sent from edge devices                                            :             100 % (5032 among 5032 generated tasks)
2026/05/07 16:33:10 - simulation time     660 (s) : -------------------------------------All values below are based on the sent tasks-------------------------------------
2026/05/07 16:33:10 - simulation time     660 (s) : SimLog- Tasks ETE delay                                                         :     15000.2294 seconds
2026/05/07 16:33:10 - simulation time     660 (s) : SimLog- Average tasks ETE delay                                                 :         3.9631 seconds
2026/05/07 16:33:10 - simulation time     660 (s) : SimLog- Tasks execution delay                                                   :      3924.1416 seconds
2026/05/07 16:33:10 - simulation time     660 (s) : SimLog- Average tasks execution delay                                           :         0.8317 seconds
2026/05/07 16:33:10 - simulation time     660 (s) : SimLog- Tasks waiting time (from task submiting to the execution start)         :       193.6575 seconds
2026/05/07 16:33:10 - simulation time     660 (s) : SimLog- Average tasks waiting time (from task submiting to the execution start) :          0.041 seconds
2026/05/07 16:33:10 - simulation time     660 (s) : SimLog- Tasks successfully executed                                             :        75.2186 % (3785 among 5032 sent tasks)
2026/05/07 16:33:10 - simulation time     660 (s) : SimLog- Tasks failures
2026/05/07 16:33:10 - simulation time     660 (s) :                                        Not executed due to resources unavailable:              0 % (0 tasks)
2026/05/07 16:33:10 - simulation time     660 (s) :                               Successfully executed but failed due to high delay:        23.4698 % (1181 tasks from 5032 successfully sent tasks)
2026/05/07 16:33:10 - simulation time     660 (s) :                  Tasks execution results not returned because the device is dead:              0 % (0 tasks)
2026/05/07 16:33:10 - simulation time     660 (s) :                      Tasks execution results not returned due to device mobility:         1.3116 % (66 tasks)
2026/05/07 16:33:10 - simulation time     660 (s) : SimLog- Tasks executed on each level                                : Cloud=           1108 tasks (where 853 were successfully executed)
2026/05/07 16:33:10 - simulation time     660 (s) :                                                                        Edge=            871 tasks (where 706 were successfully executed)
2026/05/07 16:33:10 - simulation time     660 (s) :                                                                        Mist=           3053 tasks (where 2226 were successfully executed)
2026/05/07 16:33:10 - simulation time     660 (s) : SimLog- Network usage                                                           :           9789 seconds (The total traffic: 29339.7 (MBytes))
2026/05/07 16:33:10 - simulation time     660 (s) :                                                                         Wan=           1175 seconds (12.0033 % of total usage, WAN used when downloading containers=0 % of WAN usage)
2026/05/07 16:33:10 - simulation time     660 (s) :                                                                         Lan=           9789 seconds (100 % of total usage, LAN used when downloading containers=0 % of LAN usage)
2026/05/07 16:33:10 - simulation time     660 (s) :                                                    Average bandwidth per transfer=       881.2983 Mbps  
2026/05/07 16:33:10 - simulation time     660 (s) : SimLog- Average vm CPU utilization                                              :         0.4514 %
2026/05/07 16:33:10 - simulation time     660 (s) : SimLog- Average vm CPU utilization per level                             : Cloud=         0.0106 %
2026/05/07 16:33:10 - simulation time     660 (s) :                                                                             Edge=         0.1199 %
2026/05/07 16:33:10 - simulation time     660 (s) :                                                                             Mist=         0.5044 %
2026/05/07 16:33:10 - simulation time     660 (s) : SimLog- Energy consumption                                                      :2280430984754060600000 W,   213.5802 dBW
2026/05/07 16:33:10 - simulation time     660 (s) :                                                                                 :(Average:6667926856006025200 W/data center(or device), 188.2399 dBW/data center(or device))
2026/05/07 16:33:10 - simulation time     660 (s) :                                                                                 :(Average:459116364959545090 W/task, 176.6192 dBW/task)
2026/05/07 16:33:10 - simulation time     660 (s) : SimLog- Energy Consumption per level                                     : Cloud=328524987214035500000 W,   205.1657 dBW
2026/05/07 16:33:10 - simulation time     660 (s) :                                                                                 :(Average:18251388178557526000 W/data center, 192.613 dBW/data center)
2026/05/07 16:33:10 - simulation time     660 (s) :                                                                             Edge=258958726711379430000 W,   204.1323 dBW
2026/05/07 16:33:10 - simulation time     660 (s) :                                                                                 :(Average:10789946946307475000 W/data center, 190.3302 dBW/data center)
2026/05/07 16:33:10 - simulation time     660 (s) :                                                                             Mist=1692947270828645700000 W,   212.2864 dBW
2026/05/07 16:33:10 - simulation time     660 (s) :                                                                                 :(Average:5643157569428818900 W/edge device, 187.5152 dBW/edge device)
2026/05/07 16:33:10 - simulation time     660 (s) : SimLog- Dead edge devices due to battery drain                                  :              0 devices (Among 0 devices with batteries (NaN %))
2026/05/07 16:33:10 - simulation time     660 (s) : SimLog- Average remaining power (devices with batteries that are still alive)   :              0 Wh (Average: 0 %)
2026/05/07 16:33:10 - simulation time     660 (s) : SimulationManager- the Scenario Simulation overflow times :4

================== Simulation finished at time 691.50 ==================


SimLog- Iteration finished...

######################################################################################################################################################################
Starting CloudSim Plus 4.3.0

2026/05/07 16:33:10 - simulation time       0 (s) : ServersManager- Datacenters and devices were generated
2026/05/07 16:33:10 - simulation time       0 (s) : SimulationManager-  Orchestration algorithm= TRADI_POLLING-  Architechitecture= ALL -  number of edge devices= 400
2026/05/07 16:33:10 - simulation time       0 (s) : SimulationManager- Simulation: 1  , iteration: 44
2026/05/07 16:33:16 - simulation time     650 (s) : 
2026/05/07 16:33:16 - simulation time     650 (s) : ------------------------------------------------------- OUTPUT -------------------------------------------------------
2026/05/07 16:33:16 - simulation time     650 (s) : 
2026/05/07 16:33:16 - simulation time     650 (s) : SimLog- Tasks not sent because device died (low energy)                         :               0 % (0 tasks)
2026/05/07 16:33:16 - simulation time     650 (s) : SimLog- Tasks sent from edge devices                                            :             100 % (6554 among 6554 generated tasks)
2026/05/07 16:33:16 - simulation time     650 (s) : -------------------------------------All values below are based on the sent tasks-------------------------------------
2026/05/07 16:33:16 - simulation time     650 (s) : SimLog- Tasks ETE delay                                                         :     20298.3418 seconds
2026/05/07 16:33:16 - simulation time     650 (s) : SimLog- Average tasks ETE delay                                                 :         4.1484 seconds
2026/05/07 16:33:16 - simulation time     650 (s) : SimLog- Tasks execution delay                                                   :      6002.0575 seconds
2026/05/07 16:33:16 - simulation time     650 (s) : SimLog- Average tasks execution delay                                           :          0.989 seconds
2026/05/07 16:33:16 - simulation time     650 (s) : SimLog- Tasks waiting time (from task submiting to the execution start)         :       332.6975 seconds
2026/05/07 16:33:16 - simulation time     650 (s) : SimLog- Average tasks waiting time (from task submiting to the execution start) :         0.0548 seconds
2026/05/07 16:33:16 - simulation time     650 (s) : SimLog- Tasks successfully executed                                             :        74.6567 % (4893 among 6554 sent tasks)
2026/05/07 16:33:16 - simulation time     650 (s) : SimLog- Tasks failures
2026/05/07 16:33:16 - simulation time     650 (s) :                                        Not executed due to resources unavailable:              0 % (0 tasks)
2026/05/07 16:33:16 - simulation time     650 (s) :                               Successfully executed but failed due to high delay:        23.9548 % (1570 tasks from 6554 successfully sent tasks)
2026/05/07 16:33:16 - simulation time     650 (s) :                  Tasks execution results not returned because the device is dead:              0 % (0 tasks)
2026/05/07 16:33:16 - simulation time     650 (s) :                      Tasks execution results not returned due to device mobility:         1.3885 % (91 tasks)
2026/05/07 16:33:16 - simulation time     650 (s) : SimLog- Tasks executed on each level                                : Cloud=           1136 tasks (where 922 were successfully executed)
2026/05/07 16:33:16 - simulation time     650 (s) :                                                                        Edge=            966 tasks (where 758 were successfully executed)
2026/05/07 16:33:16 - simulation time     650 (s) :                                                                        Mist=           4452 tasks (where 3213 were successfully executed)
2026/05/07 16:33:16 - simulation time     650 (s) : SimLog- Network usage                                                           :          12675 seconds (The total traffic: 40649.35 (MBytes))
2026/05/07 16:33:16 - simulation time     650 (s) :                                                                         Wan=           1230 seconds (9.7041 % of total usage, WAN used when downloading containers=0 % of WAN usage)
2026/05/07 16:33:16 - simulation time     650 (s) :                                                                         Lan=          12675 seconds (100 % of total usage, LAN used when downloading containers=0 % of LAN usage)
2026/05/07 16:33:16 - simulation time     650 (s) :                                                    Average bandwidth per transfer=       902.9489 Mbps  
2026/05/07 16:33:16 - simulation time     650 (s) : SimLog- Average vm CPU utilization                                              :         0.4571 %
2026/05/07 16:33:16 - simulation time     650 (s) : SimLog- Average vm CPU utilization per level                             : Cloud=         0.0038 %
2026/05/07 16:33:16 - simulation time     650 (s) :                                                                             Edge=         0.1187 %
2026/05/07 16:33:16 - simulation time     650 (s) :                                                                             Mist=         0.4978 %
2026/05/07 16:33:16 - simulation time     650 (s) : SimLog- Energy consumption                                                      :3135089965439414000000 W,   214.9625 dBW
2026/05/07 16:33:16 - simulation time     650 (s) :                                                                                 :(Average:7092963722713606100 W/data center(or device), 188.5083 dBW/data center(or device))
2026/05/07 16:33:16 - simulation time     650 (s) :                                                                                 :(Average:485082773547797310 W/task, 176.8582 dBW/task)
2026/05/07 16:33:16 - simulation time     650 (s) : SimLog- Energy Consumption per level                                     : Cloud=510124911642211400000 W,   207.0768 dBW
2026/05/07 16:33:16 - simulation time     650 (s) :                                                                                 :(Average:28340272869011743000 W/data center, 194.524 dBW/data center)
2026/05/07 16:33:16 - simulation time     650 (s) :                                                                             Edge=247423150637327160000 W,   203.9344 dBW
2026/05/07 16:33:16 - simulation time     650 (s) :                                                                                 :(Average:10309297943221965000 W/data center, 190.1323 dBW/data center)
2026/05/07 16:33:16 - simulation time     650 (s) :                                                                             Mist=2377541903159875000000 W,   213.7613 dBW
2026/05/07 16:33:16 - simulation time     650 (s) :                                                                                 :(Average:5943854757899687900 W/edge device, 187.7407 dBW/edge device)
2026/05/07 16:33:16 - simulation time     650 (s) : SimLog- Dead edge devices due to battery drain                                  :              0 devices (Among 0 devices with batteries (NaN %))
2026/05/07 16:33:16 - simulation time     650 (s) : SimLog- Average remaining power (devices with batteries that are still alive)   :              0 Wh (Average: 0 %)
2026/05/07 16:33:16 - simulation time     650 (s) : SimulationManager- the Scenario Simulation overflow times :4

================== Simulation finished at time 685.20 ==================


SimLog- Iteration finished...

######################################################################################################################################################################
Starting CloudSim Plus 4.3.0

2026/05/07 16:33:16 - simulation time       0 (s) : ServersManager- Datacenters and devices were generated
2026/05/07 16:33:16 - simulation time       0 (s) : SimulationManager-  Orchestration algorithm= TRADI_POLLING-  Architechitecture= ALL -  number of edge devices= 500
2026/05/07 16:33:16 - simulation time       0 (s) : SimulationManager- Simulation: 1  , iteration: 45
2026/05/07 16:33:25 - simulation time     660 (s) : 
2026/05/07 16:33:25 - simulation time     660 (s) : ------------------------------------------------------- OUTPUT -------------------------------------------------------
2026/05/07 16:33:25 - simulation time     660 (s) : 
2026/05/07 16:33:25 - simulation time     660 (s) : SimLog- Tasks not sent because device died (low energy)                         :               0 % (0 tasks)
2026/05/07 16:33:25 - simulation time     660 (s) : SimLog- Tasks sent from edge devices                                            :             100 % (8198 among 8198 generated tasks)
2026/05/07 16:33:25 - simulation time     660 (s) : -------------------------------------All values below are based on the sent tasks-------------------------------------
2026/05/07 16:33:25 - simulation time     660 (s) : SimLog- Tasks ETE delay                                                         :     26104.6793 seconds
2026/05/07 16:33:25 - simulation time     660 (s) : SimLog- Average tasks ETE delay                                                 :         4.2879 seconds
2026/05/07 16:33:25 - simulation time     660 (s) : SimLog- Tasks execution delay                                                   :      7913.5346 seconds
2026/05/07 16:33:25 - simulation time     660 (s) : SimLog- Average tasks execution delay                                           :         1.0591 seconds
2026/05/07 16:33:25 - simulation time     660 (s) : SimLog- Tasks waiting time (from task submiting to the execution start)         :       348.6621 seconds
2026/05/07 16:33:25 - simulation time     660 (s) : SimLog- Average tasks waiting time (from task submiting to the execution start) :         0.0467 seconds
2026/05/07 16:33:25 - simulation time     660 (s) : SimLog- Tasks successfully executed                                             :         74.262 % (6088 among 8198 sent tasks)
2026/05/07 16:33:25 - simulation time     660 (s) : SimLog- Tasks failures
2026/05/07 16:33:25 - simulation time     660 (s) :                                        Not executed due to resources unavailable:              0 % (0 tasks)
2026/05/07 16:33:25 - simulation time     660 (s) :                               Successfully executed but failed due to high delay:         24.201 % (1984 tasks from 8198 successfully sent tasks)
2026/05/07 16:33:25 - simulation time     660 (s) :                  Tasks execution results not returned because the device is dead:              0 % (0 tasks)
2026/05/07 16:33:25 - simulation time     660 (s) :                      Tasks execution results not returned due to device mobility:          1.537 % (126 tasks)
2026/05/07 16:33:25 - simulation time     660 (s) : SimLog- Tasks executed on each level                                : Cloud=           1288 tasks (where 1038 were successfully executed)
2026/05/07 16:33:25 - simulation time     660 (s) :                                                                        Edge=           1010 tasks (where 804 were successfully executed)
2026/05/07 16:33:25 - simulation time     660 (s) :                                                                        Mist=           5900 tasks (where 4246 were successfully executed)
2026/05/07 16:33:25 - simulation time     660 (s) : SimLog- Network usage                                                           :          15773 seconds (The total traffic: 53486.85 (MBytes))
2026/05/07 16:33:25 - simulation time     660 (s) :                                                                         Wan=           1427 seconds (9.0471 % of total usage, WAN used when downloading containers=0 % of WAN usage)
2026/05/07 16:33:25 - simulation time     660 (s) :                                                                         Lan=          15773 seconds (100 % of total usage, LAN used when downloading containers=0 % of LAN usage)
2026/05/07 16:33:25 - simulation time     660 (s) :                                                    Average bandwidth per transfer=       909.4887 Mbps  
2026/05/07 16:33:25 - simulation time     660 (s) : SimLog- Average vm CPU utilization                                              :         0.5899 %
2026/05/07 16:33:25 - simulation time     660 (s) : SimLog- Average vm CPU utilization per level                             : Cloud=         0.0022 %
2026/05/07 16:33:25 - simulation time     660 (s) :                                                                             Edge=         0.1412 %
2026/05/07 16:33:25 - simulation time     660 (s) :                                                                             Mist=         0.6325 %
2026/05/07 16:33:25 - simulation time     660 (s) : SimLog- Energy consumption                                                      :3983329895821472700000 W,   216.0025 dBW
2026/05/07 16:33:25 - simulation time     660 (s) :                                                                                 :(Average:7349317150962126800 W/data center(or device), 188.6625 dBW/data center(or device))
2026/05/07 16:33:25 - simulation time     660 (s) :                                                                                 :(Average:493413835726678140 W/task, 176.9321 dBW/task)
2026/05/07 16:33:25 - simulation time     660 (s) : SimLog- Energy Consumption per level                                     : Cloud=488533074575746500000 W,   206.8889 dBW
2026/05/07 16:33:25 - simulation time     660 (s) :                                                                                 :(Average:27140726365319250000 W/data center, 194.3362 dBW/data center)
2026/05/07 16:33:25 - simulation time     660 (s) :                                                                             Edge=313698860746866500000 W,   204.9651 dBW
2026/05/07 16:33:25 - simulation time     660 (s) :                                                                                 :(Average:13070785864452770000 W/data center, 191.163 dBW/data center)
2026/05/07 16:33:25 - simulation time     660 (s) :                                                                             Mist=3181097960498859600000 W,   215.0258 dBW
2026/05/07 16:33:25 - simulation time     660 (s) :                                                                                 :(Average:6362195920997719000 W/edge device, 188.0361 dBW/edge device)
2026/05/07 16:33:25 - simulation time     660 (s) : SimLog- Dead edge devices due to battery drain                                  :              0 devices (Among 0 devices with batteries (NaN %))
2026/05/07 16:33:25 - simulation time     660 (s) : SimLog- Average remaining power (devices with batteries that are still alive)   :              0 Wh (Average: 0 %)
2026/05/07 16:33:25 - simulation time     660 (s) : SimulationManager- the Scenario Simulation overflow times :4

================== Simulation finished at time 691.50 ==================


SimLog- Iteration finished...

######################################################################################################################################################################
Starting CloudSim Plus 4.3.0

2026/05/07 16:33:25 - simulation time       0 (s) : ServersManager- Datacenters and devices were generated
2026/05/07 16:33:25 - simulation time       0 (s) : SimulationManager-  Orchestration algorithm= TRADI_POLLING-  Architechitecture= ALL -  number of edge devices= 600
2026/05/07 16:33:25 - simulation time       0 (s) : SimulationManager- Simulation: 1  , iteration: 46
2026/05/07 16:33:37 - simulation time     650 (s) : 
2026/05/07 16:33:37 - simulation time     650 (s) : ------------------------------------------------------- OUTPUT -------------------------------------------------------
2026/05/07 16:33:37 - simulation time     650 (s) : 
2026/05/07 16:33:37 - simulation time     650 (s) : SimLog- Tasks not sent because device died (low energy)                         :               0 % (0 tasks)
2026/05/07 16:33:37 - simulation time     650 (s) : SimLog- Tasks sent from edge devices                                            :             100 % (9824 among 9824 generated tasks)
2026/05/07 16:33:37 - simulation time     650 (s) : -------------------------------------All values below are based on the sent tasks-------------------------------------
2026/05/07 16:33:37 - simulation time     650 (s) : SimLog- Tasks ETE delay                                                         :     33816.0041 seconds
2026/05/07 16:33:37 - simulation time     650 (s) : SimLog- Average tasks ETE delay                                                 :         4.6046 seconds
2026/05/07 16:33:37 - simulation time     650 (s) : SimLog- Tasks execution delay                                                   :     10514.5165 seconds
2026/05/07 16:33:37 - simulation time     650 (s) : SimLog- Average tasks execution delay                                           :         1.1705 seconds
2026/05/07 16:33:37 - simulation time     650 (s) : SimLog- Tasks waiting time (from task submiting to the execution start)         :      1561.4688 seconds
2026/05/07 16:33:37 - simulation time     650 (s) : SimLog- Average tasks waiting time (from task submiting to the execution start) :         0.1738 seconds
2026/05/07 16:33:37 - simulation time     650 (s) : SimLog- Tasks successfully executed                                             :        74.7557 % (7344 among 9824 sent tasks)
2026/05/07 16:33:37 - simulation time     650 (s) : SimLog- Tasks failures
2026/05/07 16:33:37 - simulation time     650 (s) :                                        Not executed due to resources unavailable:              0 % (0 tasks)
2026/05/07 16:33:37 - simulation time     650 (s) :                               Successfully executed but failed due to high delay:        23.7072 % (2329 tasks from 9824 successfully sent tasks)
2026/05/07 16:33:37 - simulation time     650 (s) :                  Tasks execution results not returned because the device is dead:              0 % (0 tasks)
2026/05/07 16:33:37 - simulation time     650 (s) :                      Tasks execution results not returned due to device mobility:         1.5371 % (151 tasks)
2026/05/07 16:33:37 - simulation time     650 (s) : SimLog- Tasks executed on each level                                : Cloud=           1336 tasks (where 1071 were successfully executed)
2026/05/07 16:33:37 - simulation time     650 (s) :                                                                        Edge=           1033 tasks (where 832 were successfully executed)
2026/05/07 16:33:37 - simulation time     650 (s) :                                                                        Mist=           7455 tasks (where 5441 were successfully executed)
2026/05/07 16:33:37 - simulation time     650 (s) : SimLog- Network usage                                                           :          19014 seconds (The total traffic: 71240.55 (MBytes))
2026/05/07 16:33:37 - simulation time     650 (s) :                                                                         Wan=           1584 seconds (8.3307 % of total usage, WAN used when downloading containers=0 % of WAN usage)
2026/05/07 16:33:37 - simulation time     650 (s) :                                                                         Lan=          19014 seconds (100 % of total usage, LAN used when downloading containers=0 % of LAN usage)
2026/05/07 16:33:37 - simulation time     650 (s) :                                                    Average bandwidth per transfer=       921.1284 Mbps  
2026/05/07 16:33:37 - simulation time     650 (s) : SimLog- Average vm CPU utilization                                              :         0.7019 %
2026/05/07 16:33:37 - simulation time     650 (s) : SimLog- Average vm CPU utilization per level                             : Cloud=         0.0085 %
2026/05/07 16:33:37 - simulation time     650 (s) :                                                                             Edge=         0.1698 %
2026/05/07 16:33:37 - simulation time     650 (s) :                                                                             Mist=          0.744 %
2026/05/07 16:33:37 - simulation time     650 (s) : SimLog- Energy consumption                                                      :5140149951993956000000 W,   217.1098 dBW
2026/05/07 16:33:37 - simulation time     650 (s) :                                                                                 :(Average:8006464099679060000 W/data center(or device), 189.0344 dBW/data center(or device))
2026/05/07 16:33:37 - simulation time     650 (s) :                                                                                 :(Average:531391497156410240 W/task, 177.2541 dBW/task)
2026/05/07 16:33:37 - simulation time     650 (s) : SimLog- Energy Consumption per level                                     : Cloud=594870741584862400000 W,   207.7442 dBW
2026/05/07 16:33:37 - simulation time     650 (s) :                                                                                 :(Average:33048374532492354000 W/data center, 195.1915 dBW/data center)
2026/05/07 16:33:37 - simulation time     650 (s) :                                                                             Edge=372535265805038200000 W,   205.7117 dBW
2026/05/07 16:33:37 - simulation time     650 (s) :                                                                                 :(Average:15522302741876590000 W/data center, 191.9096 dBW/data center)
2026/05/07 16:33:37 - simulation time     650 (s) :                                                                             Mist=4172743944604056000000 W,   216.2042 dBW
2026/05/07 16:33:37 - simulation time     650 (s) :                                                                                 :(Average:6954573241006759900 W/edge device, 188.4227 dBW/edge device)
2026/05/07 16:33:37 - simulation time     650 (s) : SimLog- Dead edge devices due to battery drain                                  :              0 devices (Among 0 devices with batteries (NaN %))
2026/05/07 16:33:37 - simulation time     650 (s) : SimLog- Average remaining power (devices with batteries that are still alive)   :              0 Wh (Average: 0 %)
2026/05/07 16:33:37 - simulation time     650 (s) : SimulationManager- the Scenario Simulation overflow times :4

================== Simulation finished at time 685.20 ==================


SimLog- Iteration finished...

######################################################################################################################################################################
Starting CloudSim Plus 4.3.0

2026/05/07 16:33:37 - simulation time       0 (s) : ServersManager- Datacenters and devices were generated
2026/05/07 16:33:37 - simulation time       0 (s) : SimulationManager-  Orchestration algorithm= TRADI_POLLING-  Architechitecture= ALL -  number of edge devices= 700
2026/05/07 16:33:37 - simulation time       0 (s) : SimulationManager- Simulation: 1  , iteration: 47
2026/05/07 16:33:56 - simulation time     660 (s) : 
2026/05/07 16:33:56 - simulation time     660 (s) : ------------------------------------------------------- OUTPUT -------------------------------------------------------
2026/05/07 16:33:56 - simulation time     660 (s) : 
2026/05/07 16:33:56 - simulation time     660 (s) : SimLog- Tasks not sent because device died (low energy)                         :               0 % (0 tasks)
2026/05/07 16:33:56 - simulation time     660 (s) : SimLog- Tasks sent from edge devices                                            :             100 % (11562 among 11562 generated tasks)
2026/05/07 16:33:56 - simulation time     660 (s) : -------------------------------------All values below are based on the sent tasks-------------------------------------
2026/05/07 16:33:56 - simulation time     660 (s) : SimLog- Tasks ETE delay                                                         :     39389.4468 seconds
2026/05/07 16:33:56 - simulation time     660 (s) : SimLog- Average tasks ETE delay                                                 :         4.7572 seconds
2026/05/07 16:33:56 - simulation time     660 (s) : SimLog- Tasks execution delay                                                   :     11390.2401 seconds
2026/05/07 16:33:56 - simulation time     660 (s) : SimLog- Average tasks execution delay                                           :         1.1034 seconds
2026/05/07 16:33:56 - simulation time     660 (s) : SimLog- Tasks waiting time (from task submiting to the execution start)         :      4017.7231 seconds
2026/05/07 16:33:56 - simulation time     660 (s) : SimLog- Average tasks waiting time (from task submiting to the execution start) :         0.3892 seconds
2026/05/07 16:33:56 - simulation time     660 (s) : SimLog- Tasks successfully executed                                             :        71.6139 % (8280 among 11562 sent tasks)
2026/05/07 16:33:56 - simulation time     660 (s) : SimLog- Tasks failures
2026/05/07 16:33:56 - simulation time     660 (s) :                                        Not executed due to resources unavailable:              0 % (0 tasks)
2026/05/07 16:33:56 - simulation time     660 (s) :                               Successfully executed but failed due to high delay:        26.7168 % (3089 tasks from 11562 successfully sent tasks)
2026/05/07 16:33:56 - simulation time     660 (s) :                  Tasks execution results not returned because the device is dead:              0 % (0 tasks)
2026/05/07 16:33:56 - simulation time     660 (s) :                      Tasks execution results not returned due to device mobility:         1.6693 % (193 tasks)
2026/05/07 16:33:56 - simulation time     660 (s) : SimLog- Tasks executed on each level                                : Cloud=           1602 tasks (where 1216 were successfully executed)
2026/05/07 16:33:56 - simulation time     660 (s) :                                                                        Edge=           1058 tasks (where 808 were successfully executed)
2026/05/07 16:33:56 - simulation time     660 (s) :                                                                        Mist=           8902 tasks (where 6256 were successfully executed)
2026/05/07 16:33:56 - simulation time     660 (s) : SimLog- Network usage                                                           :          22199 seconds (The total traffic: 68858.9 (MBytes))
2026/05/07 16:33:56 - simulation time     660 (s) :                                                                         Wan=           1952 seconds (8.7932 % of total usage, WAN used when downloading containers=0 % of WAN usage)
2026/05/07 16:33:56 - simulation time     660 (s) :                                                                         Lan=          22199 seconds (100 % of total usage, LAN used when downloading containers=0 % of LAN usage)
2026/05/07 16:33:56 - simulation time     660 (s) :                                                    Average bandwidth per transfer=       917.2115 Mbps  
2026/05/07 16:33:56 - simulation time     660 (s) : SimLog- Average vm CPU utilization                                              :         0.5831 %
2026/05/07 16:33:56 - simulation time     660 (s) : SimLog- Average vm CPU utilization per level                             : Cloud=         0.0609 %
2026/05/07 16:33:56 - simulation time     660 (s) :                                                                             Edge=         0.1129 %
2026/05/07 16:33:56 - simulation time     660 (s) :                                                                             Mist=         0.6126 %
2026/05/07 16:33:56 - simulation time     660 (s) : SimLog- Energy consumption                                                      :4846347656869171000000 W,   216.8541 dBW
2026/05/07 16:33:56 - simulation time     660 (s) :                                                                                 :(Average:6531465844837157900 W/data center(or device), 188.1501 dBW/data center(or device))
2026/05/07 16:33:56 - simulation time     660 (s) :                                                                                 :(Average:426277390875993600 W/task, 176.2969 dBW/task)
2026/05/07 16:33:56 - simulation time     660 (s) : SimLog- Energy Consumption per level                                     : Cloud=537580326907053200000 W,   207.3044 dBW
2026/05/07 16:33:56 - simulation time     660 (s) :                                                                                 :(Average:29865573717058510000 W/data center, 194.7517 dBW/data center)
2026/05/07 16:33:56 - simulation time     660 (s) :                                                                             Edge=237135814835598820000 W,     203.75 dBW
2026/05/07 16:33:56 - simulation time     660 (s) :                                                                                 :(Average:9880658951483283000 W/data center, 189.9479 dBW/data center)
2026/05/07 16:33:56 - simulation time     660 (s) :                                                                             Mist=4071631515126519000000 W,   216.0977 dBW
2026/05/07 16:33:56 - simulation time     660 (s) :                                                                                 :(Average:5816616450180741100 W/edge device, 187.6467 dBW/edge device)
2026/05/07 16:33:56 - simulation time     660 (s) : SimLog- Dead edge devices due to battery drain                                  :              0 devices (Among 0 devices with batteries (NaN %))
2026/05/07 16:33:56 - simulation time     660 (s) : SimLog- Average remaining power (devices with batteries that are still alive)   :              0 Wh (Average: 0 %)
2026/05/07 16:33:56 - simulation time     660 (s) : SimulationManager- the Scenario Simulation overflow times :4

================== Simulation finished at time 691.50 ==================


SimLog- Iteration finished...

######################################################################################################################################################################
Starting CloudSim Plus 4.3.0

2026/05/07 16:33:56 - simulation time       0 (s) : ServersManager- Datacenters and devices were generated
2026/05/07 16:33:56 - simulation time       0 (s) : SimulationManager-  Orchestration algorithm= TRADI_POLLING-  Architechitecture= ALL -  number of edge devices= 800
2026/05/07 16:33:56 - simulation time       0 (s) : SimulationManager- Simulation: 1  , iteration: 48
2026/05/07 16:34:20 - simulation time     660 (s) : 
2026/05/07 16:34:20 - simulation time     660 (s) : ------------------------------------------------------- OUTPUT -------------------------------------------------------
2026/05/07 16:34:20 - simulation time     660 (s) : 
2026/05/07 16:34:20 - simulation time     660 (s) : SimLog- Tasks not sent because device died (low energy)                         :               0 % (0 tasks)
2026/05/07 16:34:20 - simulation time     660 (s) : SimLog- Tasks sent from edge devices                                            :             100 % (13318 among 13318 generated tasks)
2026/05/07 16:34:20 - simulation time     660 (s) : -------------------------------------All values below are based on the sent tasks-------------------------------------
2026/05/07 16:34:20 - simulation time     660 (s) : SimLog- Tasks ETE delay                                                         :     49232.5702 seconds
2026/05/07 16:34:20 - simulation time     660 (s) : SimLog- Average tasks ETE delay                                                 :         5.2593 seconds
2026/05/07 16:34:20 - simulation time     660 (s) : SimLog- Tasks execution delay                                                   :     12927.4966 seconds
2026/05/07 16:34:20 - simulation time     660 (s) : SimLog- Average tasks execution delay                                           :         1.1105 seconds
2026/05/07 16:34:20 - simulation time     660 (s) : SimLog- Tasks waiting time (from task submiting to the execution start)         :      9031.4558 seconds
2026/05/07 16:34:20 - simulation time     660 (s) : SimLog- Average tasks waiting time (from task submiting to the execution start) :         0.7758 seconds
2026/05/07 16:34:20 - simulation time     660 (s) : SimLog- Tasks successfully executed                                             :        70.2883 % (9361 among 13318 sent tasks)
2026/05/07 16:34:20 - simulation time     660 (s) : SimLog- Tasks failures
2026/05/07 16:34:20 - simulation time     660 (s) :                                        Not executed due to resources unavailable:              0 % (0 tasks)
2026/05/07 16:34:20 - simulation time     660 (s) :                               Successfully executed but failed due to high delay:        27.8645 % (3711 tasks from 13318 successfully sent tasks)
2026/05/07 16:34:20 - simulation time     660 (s) :                  Tasks execution results not returned because the device is dead:              0 % (0 tasks)
2026/05/07 16:34:20 - simulation time     660 (s) :                      Tasks execution results not returned due to device mobility:         1.8471 % (246 tasks)
2026/05/07 16:34:20 - simulation time     660 (s) : SimLog- Tasks executed on each level                                : Cloud=           1500 tasks (where 1133 were successfully executed)
2026/05/07 16:34:20 - simulation time     660 (s) :                                                                        Edge=           1070 tasks (where 792 were successfully executed)
2026/05/07 16:34:20 - simulation time     660 (s) :                                                                        Mist=          10748 tasks (where 7436 were successfully executed)
2026/05/07 16:34:20 - simulation time     660 (s) : SimLog- Network usage                                                           :          25266 seconds (The total traffic: 83305.75 (MBytes))
2026/05/07 16:34:20 - simulation time     660 (s) :                                                                         Wan=           1842 seconds (7.2904 % of total usage, WAN used when downloading containers=0 % of WAN usage)
2026/05/07 16:34:20 - simulation time     660 (s) :                                                                         Lan=          25266 seconds (100 % of total usage, LAN used when downloading containers=0 % of LAN usage)
2026/05/07 16:34:20 - simulation time     660 (s) :                                                    Average bandwidth per transfer=       931.4788 Mbps  
2026/05/07 16:34:20 - simulation time     660 (s) : SimLog- Average vm CPU utilization                                              :         0.6784 %
2026/05/07 16:34:20 - simulation time     660 (s) : SimLog- Average vm CPU utilization per level                             : Cloud=         0.0986 %
2026/05/07 16:34:20 - simulation time     660 (s) :                                                                             Edge=         0.1417 %
2026/05/07 16:34:20 - simulation time     660 (s) :                                                                             Mist=         0.7076 %
2026/05/07 16:34:20 - simulation time     660 (s) : SimLog- Energy consumption                                                      :5760695781702370000000 W,   217.6047 dBW
2026/05/07 16:34:20 - simulation time     660 (s) :                                                                                 :(Average:6841681450952933400 W/data center(or device), 188.3516 dBW/data center(or device))
2026/05/07 16:34:20 - simulation time     660 (s) :                                                                                 :(Average:440689701782617090 W/task, 176.4413 dBW/task)
2026/05/07 16:34:20 - simulation time     660 (s) : SimLog- Energy Consumption per level                                     : Cloud=592408661219739400000 W,   207.7262 dBW
2026/05/07 16:34:20 - simulation time     660 (s) :                                                                                 :(Average:32911592289985524000 W/data center, 195.1735 dBW/data center)
2026/05/07 16:34:20 - simulation time     660 (s) :                                                                             Edge=281233739970312600000 W,   204.4907 dBW
2026/05/07 16:34:20 - simulation time     660 (s) :                                                                                 :(Average:11718072498763024000 W/data center, 190.6886 dBW/data center)
2026/05/07 16:34:20 - simulation time     660 (s) :                                                                             Mist=4887053380512318000000 W,   216.8905 dBW
2026/05/07 16:34:20 - simulation time     660 (s) :                                                                                 :(Average:6108816725640397800 W/edge device, 187.8596 dBW/edge device)
2026/05/07 16:34:20 - simulation time     660 (s) : SimLog- Dead edge devices due to battery drain                                  :              0 devices (Among 0 devices with batteries (NaN %))
2026/05/07 16:34:20 - simulation time     660 (s) : SimLog- Average remaining power (devices with batteries that are still alive)   :              0 Wh (Average: 0 %)
2026/05/07 16:34:20 - simulation time     660 (s) : SimulationManager- the Scenario Simulation overflow times :4

================== Simulation finished at time 691.50 ==================


SimLog- Iteration finished...

######################################################################################################################################################################
Starting CloudSim Plus 4.3.0

2026/05/07 16:34:20 - simulation time       0 (s) : ServersManager- Datacenters and devices were generated
2026/05/07 16:34:20 - simulation time       0 (s) : SimulationManager-  Orchestration algorithm= TRADI_POLLING-  Architechitecture= ALL -  number of edge devices= 900
2026/05/07 16:34:20 - simulation time       0 (s) : SimulationManager- Simulation: 1  , iteration: 49
2026/05/07 16:34:49 - simulation time     660 (s) : 
2026/05/07 16:34:49 - simulation time     660 (s) : ------------------------------------------------------- OUTPUT -------------------------------------------------------
2026/05/07 16:34:49 - simulation time     660 (s) : 
2026/05/07 16:34:49 - simulation time     660 (s) : SimLog- Tasks not sent because device died (low energy)                         :               0 % (0 tasks)
2026/05/07 16:34:49 - simulation time     660 (s) : SimLog- Tasks sent from edge devices                                            :             100 % (14502 among 14502 generated tasks)
2026/05/07 16:34:49 - simulation time     660 (s) : -------------------------------------All values below are based on the sent tasks-------------------------------------
2026/05/07 16:34:49 - simulation time     660 (s) : SimLog- Tasks ETE delay                                                         :     55177.1091 seconds
2026/05/07 16:34:49 - simulation time     660 (s) : SimLog- Average tasks ETE delay                                                 :         5.5701 seconds
2026/05/07 16:34:49 - simulation time     660 (s) : SimLog- Tasks execution delay                                                   :     14010.0412 seconds
2026/05/07 16:34:49 - simulation time     660 (s) : SimLog- Average tasks execution delay                                           :         1.1345 seconds
2026/05/07 16:34:49 - simulation time     660 (s) : SimLog- Tasks waiting time (from task submiting to the execution start)         :     12561.6196 seconds
2026/05/07 16:34:49 - simulation time     660 (s) : SimLog- Average tasks waiting time (from task submiting to the execution start) :         1.0172 seconds
2026/05/07 16:34:49 - simulation time     660 (s) : SimLog- Tasks successfully executed                                             :        68.3147 % (9907 among 14502 sent tasks)
2026/05/07 16:34:49 - simulation time     660 (s) : SimLog- Tasks failures
2026/05/07 16:34:49 - simulation time     660 (s) :                                        Not executed due to resources unavailable:              0 % (0 tasks)
2026/05/07 16:34:49 - simulation time     660 (s) :                               Successfully executed but failed due to high delay:        29.6925 % (4306 tasks from 14502 successfully sent tasks)
2026/05/07 16:34:49 - simulation time     660 (s) :                  Tasks execution results not returned because the device is dead:              0 % (0 tasks)
2026/05/07 16:34:49 - simulation time     660 (s) :                      Tasks execution results not returned due to device mobility:         1.9928 % (289 tasks)
2026/05/07 16:34:49 - simulation time     660 (s) : SimLog- Tasks executed on each level                                : Cloud=           1538 tasks (where 1152 were successfully executed)
2026/05/07 16:34:49 - simulation time     660 (s) :                                                                        Edge=           1140 tasks (where 847 were successfully executed)
2026/05/07 16:34:49 - simulation time     660 (s) :                                                                        Mist=          11824 tasks (where 7908 were successfully executed)
2026/05/07 16:34:49 - simulation time     660 (s) : SimLog- Network usage                                                           :          27139 seconds (The total traffic: 87495.9 (MBytes))
2026/05/07 16:34:49 - simulation time     660 (s) :                                                                         Wan=           1894 seconds (6.9789 % of total usage, WAN used when downloading containers=0 % of WAN usage)
2026/05/07 16:34:49 - simulation time     660 (s) :                                                                         Lan=          27139 seconds (100 % of total usage, LAN used when downloading containers=0 % of LAN usage)
2026/05/07 16:34:49 - simulation time     660 (s) :                                                    Average bandwidth per transfer=        937.426 Mbps  
2026/05/07 16:34:49 - simulation time     660 (s) : SimLog- Average vm CPU utilization                                              :         0.6612 %
2026/05/07 16:34:49 - simulation time     660 (s) : SimLog- Average vm CPU utilization per level                             : Cloud=          0.121 %
2026/05/07 16:34:49 - simulation time     660 (s) :                                                                             Edge=         0.1523 %
2026/05/07 16:34:49 - simulation time     660 (s) :                                                                             Mist=         0.6856 %
2026/05/07 16:34:49 - simulation time     660 (s) : SimLog- Energy consumption                                                      :5993002819578345000000 W,   217.7764 dBW
2026/05/07 16:34:49 - simulation time     660 (s) :                                                                                 :(Average:6361998746898455600 W/data center(or device), 188.0359 dBW/data center(or device))
2026/05/07 16:34:49 - simulation time     660 (s) :                                                                                 :(Average:421656428592017540 W/task, 176.2496 dBW/task)
2026/05/07 16:34:49 - simulation time     660 (s) : SimLog- Energy Consumption per level                                     : Cloud=552155361071856350000 W,   207.4206 dBW
2026/05/07 16:34:49 - simulation time     660 (s) :                                                                                 :(Average:30675297837325353000 W/data center, 194.8679 dBW/data center)
2026/05/07 16:34:49 - simulation time     660 (s) :                                                                             Edge=334632555221381000000 W,   205.2457 dBW
2026/05/07 16:34:49 - simulation time     660 (s) :                                                                                 :(Average:13943023134224210000 W/data center, 191.4436 dBW/data center)
2026/05/07 16:34:49 - simulation time     660 (s) :                                                                             Mist=5106214903285108000000 W,    217.081 dBW
2026/05/07 16:34:49 - simulation time     660 (s) :                                                                                 :(Average:5673572114761230300 W/edge device, 187.5386 dBW/edge device)
2026/05/07 16:34:49 - simulation time     660 (s) : SimLog- Dead edge devices due to battery drain                                  :              0 devices (Among 0 devices with batteries (NaN %))
2026/05/07 16:34:49 - simulation time     660 (s) : SimLog- Average remaining power (devices with batteries that are still alive)   :              0 Wh (Average: 0 %)
2026/05/07 16:34:49 - simulation time     660 (s) : SimulationManager- the Scenario Simulation overflow times :5

================== Simulation finished at time 691.50 ==================


SimLog- Iteration finished...

######################################################################################################################################################################
Starting CloudSim Plus 4.3.0

2026/05/07 16:34:49 - simulation time       0 (s) : ServersManager- Datacenters and devices were generated
2026/05/07 16:34:49 - simulation time       0 (s) : SimulationManager-  Orchestration algorithm= TRADI_POLLING-  Architechitecture= ALL -  number of edge devices= 1000
2026/05/07 16:34:49 - simulation time       0 (s) : SimulationManager- Simulation: 1  , iteration: 50
2026/05/07 16:35:26 - simulation time     660 (s) : 
2026/05/07 16:35:26 - simulation time     660 (s) : ------------------------------------------------------- OUTPUT -------------------------------------------------------
2026/05/07 16:35:26 - simulation time     660 (s) : 
2026/05/07 16:35:26 - simulation time     660 (s) : SimLog- Tasks not sent because device died (low energy)                         :               0 % (0 tasks)
2026/05/07 16:35:26 - simulation time     660 (s) : SimLog- Tasks sent from edge devices                                            :             100 % (16314 among 16314 generated tasks)
2026/05/07 16:35:26 - simulation time     660 (s) : -------------------------------------All values below are based on the sent tasks-------------------------------------
2026/05/07 16:35:26 - simulation time     660 (s) : SimLog- Tasks ETE delay                                                         :     66832.8224 seconds
2026/05/07 16:35:26 - simulation time     660 (s) : SimLog- Average tasks ETE delay                                                 :         5.9763 seconds
2026/05/07 16:35:26 - simulation time     660 (s) : SimLog- Tasks execution delay                                                   :     16135.6128 seconds
2026/05/07 16:35:26 - simulation time     660 (s) : SimLog- Average tasks execution delay                                           :         1.1623 seconds
2026/05/07 16:35:26 - simulation time     660 (s) : SimLog- Tasks waiting time (from task submiting to the execution start)         :     18262.3467 seconds
2026/05/07 16:35:26 - simulation time     660 (s) : SimLog- Average tasks waiting time (from task submiting to the execution start) :         1.3154 seconds
2026/05/07 16:35:26 - simulation time     660 (s) : SimLog- Tasks successfully executed                                             :        68.5485 % (11183 among 16314 sent tasks)
2026/05/07 16:35:26 - simulation time     660 (s) : SimLog- Tasks failures
2026/05/07 16:35:26 - simulation time     660 (s) :                                        Not executed due to resources unavailable:              0 % (0 tasks)
2026/05/07 16:35:26 - simulation time     660 (s) :                               Successfully executed but failed due to high delay:        29.5697 % (4824 tasks from 16314 successfully sent tasks)
2026/05/07 16:35:26 - simulation time     660 (s) :                  Tasks execution results not returned because the device is dead:              0 % (0 tasks)
2026/05/07 16:35:26 - simulation time     660 (s) :                      Tasks execution results not returned due to device mobility:         1.8818 % (307 tasks)
2026/05/07 16:35:26 - simulation time     660 (s) : SimLog- Tasks executed on each level                                : Cloud=           1600 tasks (where 1213 were successfully executed)
2026/05/07 16:35:26 - simulation time     660 (s) :                                                                        Edge=           1201 tasks (where 898 were successfully executed)
2026/05/07 16:35:26 - simulation time     660 (s) :                                                                        Mist=          13513 tasks (where 9072 were successfully executed)
2026/05/07 16:35:26 - simulation time     660 (s) : SimLog- Network usage                                                           :          30631 seconds (The total traffic: 98227.15 (MBytes))
2026/05/07 16:35:26 - simulation time     660 (s) :                                                                         Wan=           2058 seconds (6.7187 % of total usage, WAN used when downloading containers=0 % of WAN usage)
2026/05/07 16:35:26 - simulation time     660 (s) :                                                                         Lan=          30631 seconds (100 % of total usage, LAN used when downloading containers=0 % of LAN usage)
2026/05/07 16:35:26 - simulation time     660 (s) :                                                    Average bandwidth per transfer=       939.9383 Mbps  
2026/05/07 16:35:26 - simulation time     660 (s) : SimLog- Average vm CPU utilization                                              :          0.611 %
2026/05/07 16:35:26 - simulation time     660 (s) : SimLog- Average vm CPU utilization per level                             : Cloud=         0.0308 %
2026/05/07 16:35:26 - simulation time     660 (s) :                                                                             Edge=         0.1713 %
2026/05/07 16:35:26 - simulation time     660 (s) :                                                                             Mist=          0.632 %
2026/05/07 16:35:26 - simulation time     660 (s) : SimLog- Energy consumption                                                      :6827734788774503000000 W,   218.3428 dBW
2026/05/07 16:35:26 - simulation time     660 (s) :                                                                                 :(Average:6552528588075338800 W/data center(or device), 188.1641 dBW/data center(or device))
2026/05/07 16:35:26 - simulation time     660 (s) :                                                                                 :(Average:426520164216298300 W/task, 176.2994 dBW/task)
2026/05/07 16:35:26 - simulation time     660 (s) : SimLog- Energy Consumption per level                                     : Cloud=675390256510292600000 W,   208.2955 dBW
2026/05/07 16:35:26 - simulation time     660 (s) :                                                                                 :(Average:37521680917238480000 W/data center, 195.7428 dBW/data center)
2026/05/07 16:35:26 - simulation time     660 (s) :                                                                             Edge=339091057066423550000 W,   205.3032 dBW
2026/05/07 16:35:26 - simulation time     660 (s) :                                                                                 :(Average:14128794044434315000 W/data center, 191.5011 dBW/data center)
2026/05/07 16:35:26 - simulation time     660 (s) :                                                                             Mist=5813253475197787000000 W,   217.6442 dBW
2026/05/07 16:35:26 - simulation time     660 (s) :                                                                                 :(Average:5813253475197787100 W/edge device, 187.6442 dBW/edge device)
2026/05/07 16:35:26 - simulation time     660 (s) : SimLog- Dead edge devices due to battery drain                                  :              0 devices (Among 0 devices with batteries (NaN %))
2026/05/07 16:35:26 - simulation time     660 (s) : SimLog- Average remaining power (devices with batteries that are still alive)   :              0 Wh (Average: 0 %)
2026/05/07 16:35:26 - simulation time     660 (s) : SimulationManager- the Scenario Simulation overflow times :5

================== Simulation finished at time 691.50 ==================


SimLog- Iteration finished...

######################################################################################################################################################################
Starting CloudSim Plus 4.3.0

2026/05/07 16:35:26 - simulation time       0 (s) : ServersManager- Datacenters and devices were generated
2026/05/07 16:35:26 - simulation time       0 (s) : SimulationManager-  Orchestration algorithm= RANDOM_VM-  Architechitecture= ALL -  number of edge devices= 100
2026/05/07 16:35:26 - simulation time       0 (s) : SimulationManager- Simulation: 1  , iteration: 51
2026/05/07 16:35:27 - simulation time     650 (s) : 
2026/05/07 16:35:27 - simulation time     650 (s) : ------------------------------------------------------- OUTPUT -------------------------------------------------------
2026/05/07 16:35:27 - simulation time     650 (s) : 
2026/05/07 16:35:27 - simulation time     650 (s) : SimLog- Tasks not sent because device died (low energy)                         :               0 % (0 tasks)
2026/05/07 16:35:27 - simulation time     650 (s) : SimLog- Tasks sent from edge devices                                            :             100 % (1566 among 1566 generated tasks)
2026/05/07 16:35:27 - simulation time     650 (s) : -------------------------------------All values below are based on the sent tasks-------------------------------------
2026/05/07 16:35:27 - simulation time     650 (s) : SimLog- Tasks ETE delay                                                         :      4540.7877 seconds
2026/05/07 16:35:27 - simulation time     650 (s) : SimLog- Average tasks ETE delay                                                 :         3.6678 seconds
2026/05/07 16:35:27 - simulation time     650 (s) : SimLog- Tasks execution delay                                                   :       934.3093 seconds
2026/05/07 16:35:27 - simulation time     650 (s) : SimLog- Average tasks execution delay                                           :          0.602 seconds
2026/05/07 16:35:27 - simulation time     650 (s) : SimLog- Tasks waiting time (from task submiting to the execution start)         :        71.1399 seconds
2026/05/07 16:35:27 - simulation time     650 (s) : SimLog- Average tasks waiting time (from task submiting to the execution start) :         0.0458 seconds
2026/05/07 16:35:27 - simulation time     650 (s) : SimLog- Tasks successfully executed                                             :        79.0549 % (1238 among 1566 sent tasks)
2026/05/07 16:35:27 - simulation time     650 (s) : SimLog- Tasks failures
2026/05/07 16:35:27 - simulation time     650 (s) :                                        Not executed due to resources unavailable:              0 % (0 tasks)
2026/05/07 16:35:27 - simulation time     650 (s) :                               Successfully executed but failed due to high delay:        20.6258 % (323 tasks from 1566 successfully sent tasks)
2026/05/07 16:35:27 - simulation time     650 (s) :                  Tasks execution results not returned because the device is dead:              0 % (0 tasks)
2026/05/07 16:35:27 - simulation time     650 (s) :                      Tasks execution results not returned due to device mobility:         0.3193 % (5 tasks)
2026/05/07 16:35:27 - simulation time     650 (s) : SimLog- Tasks executed on each level                                : Cloud=            916 tasks (where 717 were successfully executed)
2026/05/07 16:35:27 - simulation time     650 (s) :                                                                        Edge=            322 tasks (where 273 were successfully executed)
2026/05/07 16:35:27 - simulation time     650 (s) :                                                                        Mist=            328 tasks (where 248 were successfully executed)
2026/05/07 16:35:27 - simulation time     650 (s) : SimLog- Network usage                                                           :           3112 seconds (The total traffic: 11300.3 (MBytes))
2026/05/07 16:35:27 - simulation time     650 (s) :                                                                         Wan=            916 seconds (29.4344 % of total usage, WAN used when downloading containers=0 % of WAN usage)
2026/05/07 16:35:27 - simulation time     650 (s) :                                                                         Lan=           3112 seconds (100 % of total usage, LAN used when downloading containers=0 % of LAN usage)
2026/05/07 16:35:27 - simulation time     650 (s) :                                                    Average bandwidth per transfer=       919.3456 Mbps  
2026/05/07 16:35:27 - simulation time     650 (s) : SimLog- Average vm CPU utilization                                              :         0.1389 %
2026/05/07 16:35:27 - simulation time     650 (s) : SimLog- Average vm CPU utilization per level                             : Cloud=         0.0005 %
2026/05/07 16:35:27 - simulation time     650 (s) :                                                                             Edge=         0.0457 %
2026/05/07 16:35:27 - simulation time     650 (s) :                                                                             Mist=         0.1862 %
2026/05/07 16:35:27 - simulation time     650 (s) : SimLog- Energy consumption                                                      :1216201102803077200000 W,   210.8501 dBW
2026/05/07 16:35:27 - simulation time     650 (s) :                                                                                 :(Average:8564796498613219300 W/data center(or device), 189.3272 dBW/data center(or device))
2026/05/07 16:35:27 - simulation time     650 (s) :                                                                                 :(Average:779116657785443460 W/task, 178.916 dBW/task)
2026/05/07 16:35:27 - simulation time     650 (s) : SimLog- Energy Consumption per level                                     : Cloud=411472239229322460000 W,   206.1434 dBW
2026/05/07 16:35:27 - simulation time     650 (s) :                                                                                 :(Average:22859568846073470000 W/data center, 193.5907 dBW/data center)
2026/05/07 16:35:27 - simulation time     650 (s) :                                                                             Edge=105465723060665880000 W,   200.2311 dBW
2026/05/07 16:35:27 - simulation time     650 (s) :                                                                                 :(Average:4394405127527745000 W/data center, 186.429 dBW/data center)
2026/05/07 16:35:27 - simulation time     650 (s) :                                                                             Mist=699263140513088800000 W,   208.4464 dBW
2026/05/07 16:35:27 - simulation time     650 (s) :                                                                                 :(Average:6992631405130888200 W/edge device, 188.4464 dBW/edge device)
2026/05/07 16:35:27 - simulation time     650 (s) : SimLog- Dead edge devices due to battery drain                                  :              0 devices (Among 0 devices with batteries (NaN %))
2026/05/07 16:35:27 - simulation time     650 (s) : SimLog- Average remaining power (devices with batteries that are still alive)   :              0 Wh (Average: 0 %)
2026/05/07 16:35:27 - simulation time     650 (s) : SimulationManager- the Scenario Simulation overflow times :5

================== Simulation finished at time 685.20 ==================


SimLog- Iteration finished...

######################################################################################################################################################################
Starting CloudSim Plus 4.3.0

2026/05/07 16:35:27 - simulation time       0 (s) : ServersManager- Datacenters and devices were generated
2026/05/07 16:35:27 - simulation time       0 (s) : SimulationManager-  Orchestration algorithm= RANDOM_VM-  Architechitecture= ALL -  number of edge devices= 200
2026/05/07 16:35:27 - simulation time       0 (s) : SimulationManager- Simulation: 1  , iteration: 52
2026/05/07 16:35:29 - simulation time     650 (s) : 
2026/05/07 16:35:29 - simulation time     650 (s) : ------------------------------------------------------- OUTPUT -------------------------------------------------------
2026/05/07 16:35:29 - simulation time     650 (s) : 
2026/05/07 16:35:29 - simulation time     650 (s) : SimLog- Tasks not sent because device died (low energy)                         :               0 % (0 tasks)
2026/05/07 16:35:29 - simulation time     650 (s) : SimLog- Tasks sent from edge devices                                            :             100 % (3306 among 3306 generated tasks)
2026/05/07 16:35:29 - simulation time     650 (s) : -------------------------------------All values below are based on the sent tasks-------------------------------------
2026/05/07 16:35:29 - simulation time     650 (s) : SimLog- Tasks ETE delay                                                         :      9392.1196 seconds
2026/05/07 16:35:29 - simulation time     650 (s) : SimLog- Average tasks ETE delay                                                 :         3.7123 seconds
2026/05/07 16:35:29 - simulation time     650 (s) : SimLog- Tasks execution delay                                                   :      2018.8385 seconds
2026/05/07 16:35:29 - simulation time     650 (s) : SimLog- Average tasks execution delay                                           :         0.6477 seconds
2026/05/07 16:35:29 - simulation time     650 (s) : SimLog- Tasks waiting time (from task submiting to the execution start)         :       139.4304 seconds
2026/05/07 16:35:29 - simulation time     650 (s) : SimLog- Average tasks waiting time (from task submiting to the execution start) :         0.0447 seconds
2026/05/07 16:35:29 - simulation time     650 (s) : SimLog- Tasks successfully executed                                             :        76.5275 % (2530 among 3306 sent tasks)
2026/05/07 16:35:29 - simulation time     650 (s) : SimLog- Tasks failures
2026/05/07 16:35:29 - simulation time     650 (s) :                                        Not executed due to resources unavailable:              0 % (0 tasks)
2026/05/07 16:35:29 - simulation time     650 (s) :                               Successfully executed but failed due to high delay:        22.7163 % (751 tasks from 3306 successfully sent tasks)
2026/05/07 16:35:29 - simulation time     650 (s) :                  Tasks execution results not returned because the device is dead:              0 % (0 tasks)
2026/05/07 16:35:29 - simulation time     650 (s) :                      Tasks execution results not returned due to device mobility:         0.7562 % (25 tasks)
2026/05/07 16:35:29 - simulation time     650 (s) : SimLog- Tasks executed on each level                                : Cloud=           1615 tasks (where 1264 were successfully executed)
2026/05/07 16:35:29 - simulation time     650 (s) :                                                                        Edge=            551 tasks (where 408 were successfully executed)
2026/05/07 16:35:29 - simulation time     650 (s) :                                                                        Mist=           1140 tasks (where 858 were successfully executed)
2026/05/07 16:35:29 - simulation time     650 (s) : SimLog- Network usage                                                           :           6425 seconds (The total traffic: 19817.4 (MBytes))
2026/05/07 16:35:29 - simulation time     650 (s) :                                                                         Wan=           1625 seconds (25.2918 % of total usage, WAN used when downloading containers=0 % of WAN usage)
2026/05/07 16:35:29 - simulation time     650 (s) :                                                                         Lan=           6425 seconds (100 % of total usage, LAN used when downloading containers=0 % of LAN usage)
2026/05/07 16:35:29 - simulation time     650 (s) :                                                    Average bandwidth per transfer=       879.5082 Mbps  
2026/05/07 16:35:29 - simulation time     650 (s) : SimLog- Average vm CPU utilization                                              :         0.2339 %
2026/05/07 16:35:29 - simulation time     650 (s) : SimLog- Average vm CPU utilization per level                             : Cloud=         0.0032 %
2026/05/07 16:35:29 - simulation time     650 (s) :                                                                             Edge=         0.0593 %
2026/05/07 16:35:29 - simulation time     650 (s) :                                                                             Mist=         0.2757 %
2026/05/07 16:35:29 - simulation time     650 (s) : SimLog- Energy consumption                                                      :1873529258952025400000 W,   212.7266 dBW
2026/05/07 16:35:29 - simulation time     650 (s) :                                                                                 :(Average:7741856441950518300 W/data center(or device), 188.8885 dBW/data center(or device))
2026/05/07 16:35:29 - simulation time     650 (s) :                                                                                 :(Average:571023852164591740 W/task, 177.5665 dBW/task)
2026/05/07 16:35:29 - simulation time     650 (s) : SimLog- Energy Consumption per level                                     : Cloud=545208746901253100000 W,   207.3656 dBW
2026/05/07 16:35:29 - simulation time     650 (s) :                                                                                 :(Average:30289374827847397000 W/data center, 194.8129 dBW/data center)
2026/05/07 16:35:29 - simulation time     650 (s) :                                                                             Edge=142270017383847410000 W,   201.5311 dBW
2026/05/07 16:35:29 - simulation time     650 (s) :                                                                                 :(Average:5927917390993642500 W/data center, 187.729 dBW/data center)
2026/05/07 16:35:29 - simulation time     650 (s) :                                                                             Mist=1186050494666925000000 W,    210.741 dBW
2026/05/07 16:35:29 - simulation time     650 (s) :                                                                                 :(Average:5930252473334624300 W/edge device, 187.7307 dBW/edge device)
2026/05/07 16:35:29 - simulation time     650 (s) : SimLog- Dead edge devices due to battery drain                                  :              0 devices (Among 0 devices with batteries (NaN %))
2026/05/07 16:35:29 - simulation time     650 (s) : SimLog- Average remaining power (devices with batteries that are still alive)   :              0 Wh (Average: 0 %)
2026/05/07 16:35:29 - simulation time     650 (s) : SimulationManager- the Scenario Simulation overflow times :5

================== Simulation finished at time 685.20 ==================


SimLog- Iteration finished...

######################################################################################################################################################################
Starting CloudSim Plus 4.3.0

2026/05/07 16:35:29 - simulation time       0 (s) : ServersManager- Datacenters and devices were generated
2026/05/07 16:35:29 - simulation time       0 (s) : SimulationManager-  Orchestration algorithm= RANDOM_VM-  Architechitecture= ALL -  number of edge devices= 300
2026/05/07 16:35:29 - simulation time       0 (s) : SimulationManager- Simulation: 1  , iteration: 53
2026/05/07 16:35:33 - simulation time     650 (s) : 
2026/05/07 16:35:33 - simulation time     650 (s) : ------------------------------------------------------- OUTPUT -------------------------------------------------------
2026/05/07 16:35:33 - simulation time     650 (s) : 
2026/05/07 16:35:33 - simulation time     650 (s) : SimLog- Tasks not sent because device died (low energy)                         :               0 % (0 tasks)
2026/05/07 16:35:33 - simulation time     650 (s) : SimLog- Tasks sent from edge devices                                            :             100 % (4932 among 4932 generated tasks)
2026/05/07 16:35:33 - simulation time     650 (s) : -------------------------------------All values below are based on the sent tasks-------------------------------------
2026/05/07 16:35:33 - simulation time     650 (s) : SimLog- Tasks ETE delay                                                         :     13759.7035 seconds
2026/05/07 16:35:33 - simulation time     650 (s) : SimLog- Average tasks ETE delay                                                 :          3.733 seconds
2026/05/07 16:35:33 - simulation time     650 (s) : SimLog- Tasks execution delay                                                   :       3183.853 seconds
2026/05/07 16:35:33 - simulation time     650 (s) : SimLog- Average tasks execution delay                                           :         0.6888 seconds
2026/05/07 16:35:33 - simulation time     650 (s) : SimLog- Tasks waiting time (from task submiting to the execution start)         :       206.7521 seconds
2026/05/07 16:35:33 - simulation time     650 (s) : SimLog- Average tasks waiting time (from task submiting to the execution start) :         0.0447 seconds
2026/05/07 16:35:33 - simulation time     650 (s) : SimLog- Tasks successfully executed                                             :        74.7364 % (3686 among 4932 sent tasks)
2026/05/07 16:35:33 - simulation time     650 (s) : SimLog- Tasks failures
2026/05/07 16:35:33 - simulation time     650 (s) :                                        Not executed due to resources unavailable:              0 % (0 tasks)
2026/05/07 16:35:33 - simulation time     650 (s) :                               Successfully executed but failed due to high delay:        24.3309 % (1200 tasks from 4932 successfully sent tasks)
2026/05/07 16:35:33 - simulation time     650 (s) :                  Tasks execution results not returned because the device is dead:              0 % (0 tasks)
2026/05/07 16:35:33 - simulation time     650 (s) :                      Tasks execution results not returned due to device mobility:         0.9327 % (46 tasks)
2026/05/07 16:35:33 - simulation time     650 (s) : SimLog- Tasks executed on each level                                : Cloud=           2094 tasks (where 1605 were successfully executed)
2026/05/07 16:35:33 - simulation time     650 (s) :                                                                        Edge=            719 tasks (where 556 were successfully executed)
2026/05/07 16:35:33 - simulation time     650 (s) :                                                                        Mist=           2119 tasks (where 1525 were successfully executed)
2026/05/07 16:35:33 - simulation time     650 (s) : SimLog- Network usage                                                           :           9531 seconds (The total traffic: 26909.75 (MBytes))
2026/05/07 16:35:33 - simulation time     650 (s) :                                                                         Wan=           2101 seconds (22.0439 % of total usage, WAN used when downloading containers=0 % of WAN usage)
2026/05/07 16:35:33 - simulation time     650 (s) :                                                                         Lan=           9531 seconds (100 % of total usage, LAN used when downloading containers=0 % of LAN usage)
2026/05/07 16:35:33 - simulation time     650 (s) :                                                    Average bandwidth per transfer=       875.1727 Mbps  
2026/05/07 16:35:33 - simulation time     650 (s) : SimLog- Average vm CPU utilization                                              :         0.2707 %
2026/05/07 16:35:33 - simulation time     650 (s) : SimLog- Average vm CPU utilization per level                             : Cloud=         0.0054 %
2026/05/07 16:35:33 - simulation time     650 (s) :                                                                             Edge=         0.0735 %
2026/05/07 16:35:33 - simulation time     650 (s) :                                                                             Mist=         0.3024 %
2026/05/07 16:35:33 - simulation time     650 (s) : SimLog- Energy consumption                                                      :2443005508525229000000 W,   213.8792 dBW
2026/05/07 16:35:33 - simulation time     650 (s) :                                                                                 :(Average:7143290960600085500 W/data center(or device), 188.539 dBW/data center(or device))
2026/05/07 16:35:33 - simulation time     650 (s) :                                                                                 :(Average:500001127409993660 W/task, 176.9897 dBW/task)
2026/05/07 16:35:33 - simulation time     650 (s) : SimLog- Energy Consumption per level                                     : Cloud=624617383157512900000 W,   207.9561 dBW
2026/05/07 16:35:33 - simulation time     650 (s) :                                                                                 :(Average:34700965730972942000 W/data center, 195.4034 dBW/data center)
2026/05/07 16:35:33 - simulation time     650 (s) :                                                                             Edge=181698470371050100000 W,   202.5935 dBW
2026/05/07 16:35:33 - simulation time     650 (s) :                                                                                 :(Average:7570769598793753600 W/data center, 188.7914 dBW/data center)
2026/05/07 16:35:33 - simulation time     650 (s) :                                                                             Mist=1636689654996666200000 W,   212.1397 dBW
2026/05/07 16:35:33 - simulation time     650 (s) :                                                                                 :(Average:5455632183322220500 W/edge device, 187.3685 dBW/edge device)
2026/05/07 16:35:33 - simulation time     650 (s) : SimLog- Dead edge devices due to battery drain                                  :              0 devices (Among 0 devices with batteries (NaN %))
2026/05/07 16:35:33 - simulation time     650 (s) : SimLog- Average remaining power (devices with batteries that are still alive)   :              0 Wh (Average: 0 %)
2026/05/07 16:35:33 - simulation time     650 (s) : SimulationManager- the Scenario Simulation overflow times :5

================== Simulation finished at time 685.20 ==================


SimLog- Iteration finished...

######################################################################################################################################################################
Starting CloudSim Plus 4.3.0

2026/05/07 16:35:33 - simulation time       0 (s) : ServersManager- Datacenters and devices were generated
2026/05/07 16:35:33 - simulation time       0 (s) : SimulationManager-  Orchestration algorithm= RANDOM_VM-  Architechitecture= ALL -  number of edge devices= 400
2026/05/07 16:35:33 - simulation time       0 (s) : SimulationManager- Simulation: 1  , iteration: 54
2026/05/07 16:35:39 - simulation time     660 (s) : 
2026/05/07 16:35:39 - simulation time     660 (s) : ------------------------------------------------------- OUTPUT -------------------------------------------------------
2026/05/07 16:35:39 - simulation time     660 (s) : 
2026/05/07 16:35:39 - simulation time     660 (s) : SimLog- Tasks not sent because device died (low energy)                         :               0 % (0 tasks)
2026/05/07 16:35:39 - simulation time     660 (s) : SimLog- Tasks sent from edge devices                                            :             100 % (6596 among 6596 generated tasks)
2026/05/07 16:35:39 - simulation time     660 (s) : -------------------------------------All values below are based on the sent tasks-------------------------------------
2026/05/07 16:35:39 - simulation time     660 (s) : SimLog- Tasks ETE delay                                                         :     19385.9759 seconds
2026/05/07 16:35:39 - simulation time     660 (s) : SimLog- Average tasks ETE delay                                                 :         3.9418 seconds
2026/05/07 16:35:39 - simulation time     660 (s) : SimLog- Tasks execution delay                                                   :      5053.9343 seconds
2026/05/07 16:35:39 - simulation time     660 (s) : SimLog- Average tasks execution delay                                           :         0.8226 seconds
2026/05/07 16:35:39 - simulation time     660 (s) : SimLog- Tasks waiting time (from task submiting to the execution start)         :       374.7238 seconds
2026/05/07 16:35:39 - simulation time     660 (s) : SimLog- Average tasks waiting time (from task submiting to the execution start) :          0.061 seconds
2026/05/07 16:35:39 - simulation time     660 (s) : SimLog- Tasks successfully executed                                             :        74.5603 % (4918 among 6596 sent tasks)
2026/05/07 16:35:39 - simulation time     660 (s) : SimLog- Tasks failures
2026/05/07 16:35:39 - simulation time     660 (s) :                                        Not executed due to resources unavailable:              0 % (0 tasks)
2026/05/07 16:35:39 - simulation time     660 (s) :                               Successfully executed but failed due to high delay:        24.4542 % (1613 tasks from 6596 successfully sent tasks)
2026/05/07 16:35:39 - simulation time     660 (s) :                  Tasks execution results not returned because the device is dead:              0 % (0 tasks)
2026/05/07 16:35:39 - simulation time     660 (s) :                      Tasks execution results not returned due to device mobility:         0.9854 % (65 tasks)
2026/05/07 16:35:39 - simulation time     660 (s) : SimLog- Tasks executed on each level                                : Cloud=           2445 tasks (where 1869 were successfully executed)
2026/05/07 16:35:39 - simulation time     660 (s) :                                                                        Edge=            818 tasks (where 624 were successfully executed)
2026/05/07 16:35:39 - simulation time     660 (s) :                                                                        Mist=           3333 tasks (where 2425 were successfully executed)
2026/05/07 16:35:39 - simulation time     660 (s) : SimLog- Network usage                                                           :          12738 seconds (The total traffic: 42294.3 (MBytes))
2026/05/07 16:35:39 - simulation time     660 (s) :                                                                         Wan=           2476 seconds (19.4379 % of total usage, WAN used when downloading containers=0 % of WAN usage)
2026/05/07 16:35:39 - simulation time     660 (s) :                                                                         Lan=          12738 seconds (100 % of total usage, LAN used when downloading containers=0 % of LAN usage)
2026/05/07 16:35:39 - simulation time     660 (s) :                                                    Average bandwidth per transfer=       879.4262 Mbps  
2026/05/07 16:35:39 - simulation time     660 (s) : SimLog- Average vm CPU utilization                                              :           0.39 %
2026/05/07 16:35:39 - simulation time     660 (s) : SimLog- Average vm CPU utilization per level                             : Cloud=         0.0027 %
2026/05/07 16:35:39 - simulation time     660 (s) :                                                                             Edge=         0.0944 %
2026/05/07 16:35:39 - simulation time     660 (s) :                                                                             Mist=         0.4251 %
2026/05/07 16:35:39 - simulation time     660 (s) : SimLog- Energy consumption                                                      :3671471838303140000000 W,   215.6484 dBW
2026/05/07 16:35:39 - simulation time     660 (s) :                                                                                 :(Average:8306497371726561300 W/data center(or device), 189.1942 dBW/data center(or device))
2026/05/07 16:35:39 - simulation time     660 (s) :                                                                                 :(Average:562160746945818370 W/task, 177.4986 dBW/task)
2026/05/07 16:35:39 - simulation time     660 (s) : SimLog- Energy Consumption per level                                     : Cloud=952465020264937800000 W,   209.7885 dBW
2026/05/07 16:35:39 - simulation time     660 (s) :                                                                                 :(Average:52914723348052100000 W/data center, 197.2358 dBW/data center)
2026/05/07 16:35:39 - simulation time     660 (s) :                                                                             Edge=208261656006412900000 W,   203.1861 dBW
2026/05/07 16:35:39 - simulation time     660 (s) :                                                                                 :(Average:8677569000267203600 W/data center, 189.384 dBW/data center)
2026/05/07 16:35:39 - simulation time     660 (s) :                                                                             Mist=2510745162031789000000 W,    213.998 dBW
2026/05/07 16:35:39 - simulation time     660 (s) :                                                                                 :(Average:6276862905079473200 W/edge device, 187.9774 dBW/edge device)
2026/05/07 16:35:39 - simulation time     660 (s) : SimLog- Dead edge devices due to battery drain                                  :              0 devices (Among 0 devices with batteries (NaN %))
2026/05/07 16:35:39 - simulation time     660 (s) : SimLog- Average remaining power (devices with batteries that are still alive)   :              0 Wh (Average: 0 %)
2026/05/07 16:35:39 - simulation time     660 (s) : SimulationManager- the Scenario Simulation overflow times :5

================== Simulation finished at time 691.50 ==================


SimLog- Iteration finished...

######################################################################################################################################################################
Starting CloudSim Plus 4.3.0

2026/05/07 16:35:39 - simulation time       0 (s) : ServersManager- Datacenters and devices were generated
2026/05/07 16:35:39 - simulation time       0 (s) : SimulationManager-  Orchestration algorithm= RANDOM_VM-  Architechitecture= ALL -  number of edge devices= 500
2026/05/07 16:35:39 - simulation time       0 (s) : SimulationManager- Simulation: 1  , iteration: 55
2026/05/07 16:35:48 - simulation time     650 (s) : 
2026/05/07 16:35:48 - simulation time     650 (s) : ------------------------------------------------------- OUTPUT -------------------------------------------------------
2026/05/07 16:35:48 - simulation time     650 (s) : 
2026/05/07 16:35:48 - simulation time     650 (s) : SimLog- Tasks not sent because device died (low energy)                         :               0 % (0 tasks)
2026/05/07 16:35:48 - simulation time     650 (s) : SimLog- Tasks sent from edge devices                                            :             100 % (8124 among 8124 generated tasks)
2026/05/07 16:35:48 - simulation time     650 (s) : -------------------------------------All values below are based on the sent tasks-------------------------------------
2026/05/07 16:35:48 - simulation time     650 (s) : SimLog- Tasks ETE delay                                                         :     26504.4274 seconds
2026/05/07 16:35:48 - simulation time     650 (s) : SimLog- Average tasks ETE delay                                                 :         4.2564 seconds
2026/05/07 16:35:48 - simulation time     650 (s) : SimLog- Tasks execution delay                                                   :      7698.5821 seconds
2026/05/07 16:35:48 - simulation time     650 (s) : SimLog- Average tasks execution delay                                           :         1.0274 seconds
2026/05/07 16:35:48 - simulation time     650 (s) : SimLog- Tasks waiting time (from task submiting to the execution start)         :       391.0235 seconds
2026/05/07 16:35:48 - simulation time     650 (s) : SimLog- Average tasks waiting time (from task submiting to the execution start) :         0.0522 seconds
2026/05/07 16:35:48 - simulation time     650 (s) : SimLog- Tasks successfully executed                                             :        76.6494 % (6227 among 8124 sent tasks)
2026/05/07 16:35:48 - simulation time     650 (s) : SimLog- Tasks failures
2026/05/07 16:35:48 - simulation time     650 (s) :                                        Not executed due to resources unavailable:              0 % (0 tasks)
2026/05/07 16:35:48 - simulation time     650 (s) :                               Successfully executed but failed due to high delay:        22.2181 % (1805 tasks from 8124 successfully sent tasks)
2026/05/07 16:35:48 - simulation time     650 (s) :                  Tasks execution results not returned because the device is dead:              0 % (0 tasks)
2026/05/07 16:35:48 - simulation time     650 (s) :                      Tasks execution results not returned due to device mobility:         1.1324 % (92 tasks)
2026/05/07 16:35:48 - simulation time     650 (s) : SimLog- Tasks executed on each level                                : Cloud=           2527 tasks (where 1998 were successfully executed)
2026/05/07 16:35:48 - simulation time     650 (s) :                                                                        Edge=            912 tasks (where 704 were successfully executed)
2026/05/07 16:35:48 - simulation time     650 (s) :                                                                        Mist=           4685 tasks (where 3525 were successfully executed)
2026/05/07 16:35:48 - simulation time     650 (s) : SimLog- Network usage                                                           :          15614 seconds (The total traffic: 62025.05 (MBytes))
2026/05/07 16:35:48 - simulation time     650 (s) :                                                                         Wan=           2564 seconds (16.4212 % of total usage, WAN used when downloading containers=0 % of WAN usage)
2026/05/07 16:35:48 - simulation time     650 (s) :                                                                         Lan=          15614 seconds (100 % of total usage, LAN used when downloading containers=0 % of LAN usage)
2026/05/07 16:35:48 - simulation time     650 (s) :                                                    Average bandwidth per transfer=       893.6969 Mbps  
2026/05/07 16:35:48 - simulation time     650 (s) : SimLog- Average vm CPU utilization                                              :         0.5439 %
2026/05/07 16:35:48 - simulation time     650 (s) : SimLog- Average vm CPU utilization per level                             : Cloud=         0.0144 %
2026/05/07 16:35:48 - simulation time     650 (s) :                                                                             Edge=         0.1306 %
2026/05/07 16:35:48 - simulation time     650 (s) :                                                                             Mist=         0.5828 %
2026/05/07 16:35:48 - simulation time     650 (s) : SimLog- Energy consumption                                                      :5147716821743956000000 W,   217.1161 dBW
2026/05/07 16:35:48 - simulation time     650 (s) :                                                                                 :(Average:9497632512442722000 W/data center(or device), 189.7762 dBW/data center(or device))
2026/05/07 16:35:48 - simulation time     650 (s) :                                                                                 :(Average:640900998723102080 W/task, 178.0679 dBW/task)
2026/05/07 16:35:48 - simulation time     650 (s) : SimLog- Energy Consumption per level                                     : Cloud=1152673758950892800000 W,   210.6171 dBW
2026/05/07 16:35:48 - simulation time     650 (s) :                                                                                 :(Average:64037431052827380000 W/data center, 198.0643 dBW/data center)
2026/05/07 16:35:48 - simulation time     650 (s) :                                                                             Edge=301397385249814350000 W,   204.7914 dBW
2026/05/07 16:35:48 - simulation time     650 (s) :                                                                                 :(Average:12558224385408932000 W/data center, 190.9893 dBW/data center)
2026/05/07 16:35:48 - simulation time     650 (s) :                                                                             Mist=3693645677543249000000 W,   215.6746 dBW
2026/05/07 16:35:48 - simulation time     650 (s) :                                                                                 :(Average:7387291355086497800 W/edge device, 188.6849 dBW/edge device)
2026/05/07 16:35:48 - simulation time     650 (s) : SimLog- Dead edge devices due to battery drain                                  :              0 devices (Among 0 devices with batteries (NaN %))
2026/05/07 16:35:48 - simulation time     650 (s) : SimLog- Average remaining power (devices with batteries that are still alive)   :              0 Wh (Average: 0 %)
2026/05/07 16:35:48 - simulation time     650 (s) : SimulationManager- the Scenario Simulation overflow times :5

================== Simulation finished at time 685.20 ==================


SimLog- Iteration finished...

######################################################################################################################################################################
Starting CloudSim Plus 4.3.0

2026/05/07 16:35:48 - simulation time       0 (s) : ServersManager- Datacenters and devices were generated
2026/05/07 16:35:48 - simulation time       0 (s) : SimulationManager-  Orchestration algorithm= RANDOM_VM-  Architechitecture= ALL -  number of edge devices= 600
2026/05/07 16:35:48 - simulation time       0 (s) : SimulationManager- Simulation: 1  , iteration: 56
2026/05/07 16:36:01 - simulation time     660 (s) : 
2026/05/07 16:36:01 - simulation time     660 (s) : ------------------------------------------------------- OUTPUT -------------------------------------------------------
2026/05/07 16:36:01 - simulation time     660 (s) : 
2026/05/07 16:36:01 - simulation time     660 (s) : SimLog- Tasks not sent because device died (low energy)                         :               0 % (0 tasks)
2026/05/07 16:36:01 - simulation time     660 (s) : SimLog- Tasks sent from edge devices                                            :             100 % (9566 among 9566 generated tasks)
2026/05/07 16:36:01 - simulation time     660 (s) : -------------------------------------All values below are based on the sent tasks-------------------------------------
2026/05/07 16:36:01 - simulation time     660 (s) : SimLog- Tasks ETE delay                                                         :     30546.8824 seconds
2026/05/07 16:36:01 - simulation time     660 (s) : SimLog- Average tasks ETE delay                                                 :         4.3018 seconds
2026/05/07 16:36:01 - simulation time     660 (s) : SimLog- Tasks execution delay                                                   :      8690.8442 seconds
2026/05/07 16:36:01 - simulation time     660 (s) : SimLog- Average tasks execution delay                                           :         0.9938 seconds
2026/05/07 16:36:01 - simulation time     660 (s) : SimLog- Tasks waiting time (from task submiting to the execution start)         :      1371.6882 seconds
2026/05/07 16:36:01 - simulation time     660 (s) : SimLog- Average tasks waiting time (from task submiting to the execution start) :         0.1569 seconds
2026/05/07 16:36:01 - simulation time     660 (s) : SimLog- Tasks successfully executed                                             :        74.2317 % (7101 among 9566 sent tasks)
2026/05/07 16:36:01 - simulation time     660 (s) : SimLog- Tasks failures
2026/05/07 16:36:01 - simulation time     660 (s) :                                        Not executed due to resources unavailable:              0 % (0 tasks)
2026/05/07 16:36:01 - simulation time     660 (s) :                               Successfully executed but failed due to high delay:        24.2944 % (2324 tasks from 9566 successfully sent tasks)
2026/05/07 16:36:01 - simulation time     660 (s) :                  Tasks execution results not returned because the device is dead:              0 % (0 tasks)
2026/05/07 16:36:01 - simulation time     660 (s) :                      Tasks execution results not returned due to device mobility:          1.474 % (141 tasks)
2026/05/07 16:36:01 - simulation time     660 (s) : SimLog- Tasks executed on each level                                : Cloud=           2728 tasks (where 2089 were successfully executed)
2026/05/07 16:36:01 - simulation time     660 (s) :                                                                        Edge=            902 tasks (where 707 were successfully executed)
2026/05/07 16:36:01 - simulation time     660 (s) :                                                                        Mist=           5936 tasks (where 4305 were successfully executed)
2026/05/07 16:36:01 - simulation time     660 (s) : SimLog- Network usage                                                           :          18350 seconds (The total traffic: 64606.8 (MBytes))
2026/05/07 16:36:01 - simulation time     660 (s) :                                                                         Wan=           2789 seconds (15.1989 % of total usage, WAN used when downloading containers=0 % of WAN usage)
2026/05/07 16:36:01 - simulation time     660 (s) :                                                                         Lan=          18350 seconds (100 % of total usage, LAN used when downloading containers=0 % of LAN usage)
2026/05/07 16:36:01 - simulation time     660 (s) :                                                    Average bandwidth per transfer=       896.0242 Mbps  
2026/05/07 16:36:01 - simulation time     660 (s) : SimLog- Average vm CPU utilization                                              :          0.501 %
2026/05/07 16:36:01 - simulation time     660 (s) : SimLog- Average vm CPU utilization per level                             : Cloud=         0.0322 %
2026/05/07 16:36:01 - simulation time     660 (s) :                                                                             Edge=         0.1065 %
2026/05/07 16:36:01 - simulation time     660 (s) :                                                                             Mist=         0.5308 %
2026/05/07 16:36:01 - simulation time     660 (s) : SimLog- Energy consumption                                                      :5181165247817488000000 W,   217.1443 dBW
2026/05/07 16:36:01 - simulation time     660 (s) :                                                                                 :(Average:8070350853298268200 W/data center(or device), 189.0689 dBW/data center(or device))
2026/05/07 16:36:01 - simulation time     660 (s) :                                                                                 :(Average:549609127804973820 W/task, 177.4005 dBW/task)
2026/05/07 16:36:01 - simulation time     660 (s) : SimLog- Energy Consumption per level                                     : Cloud=1085085120598285400000 W,   210.3546 dBW
2026/05/07 16:36:01 - simulation time     660 (s) :                                                                                 :(Average:60282506699904745000 W/data center, 197.8019 dBW/data center)
2026/05/07 16:36:01 - simulation time     660 (s) :                                                                             Edge=233405291232243100000 W,   203.6811 dBW
2026/05/07 16:36:01 - simulation time     660 (s) :                                                                                 :(Average:9725220468010130000 W/data center, 189.879 dBW/data center)
2026/05/07 16:36:01 - simulation time     660 (s) :                                                                             Mist=3862674835986959600000 W,   215.8689 dBW
2026/05/07 16:36:01 - simulation time     660 (s) :                                                                                 :(Average:6437791393311599600 W/edge device, 188.0874 dBW/edge device)
2026/05/07 16:36:01 - simulation time     660 (s) : SimLog- Dead edge devices due to battery drain                                  :              0 devices (Among 0 devices with batteries (NaN %))
2026/05/07 16:36:01 - simulation time     660 (s) : SimLog- Average remaining power (devices with batteries that are still alive)   :              0 Wh (Average: 0 %)
2026/05/07 16:36:01 - simulation time     660 (s) : SimulationManager- the Scenario Simulation overflow times :5

================== Simulation finished at time 691.50 ==================


SimLog- Iteration finished...

######################################################################################################################################################################
Starting CloudSim Plus 4.3.0

2026/05/07 16:36:01 - simulation time       0 (s) : ServersManager- Datacenters and devices were generated
2026/05/07 16:36:01 - simulation time       0 (s) : SimulationManager-  Orchestration algorithm= RANDOM_VM-  Architechitecture= ALL -  number of edge devices= 700
2026/05/07 16:36:01 - simulation time       0 (s) : SimulationManager- Simulation: 1  , iteration: 57
2026/05/07 16:36:19 - simulation time     660 (s) : 
2026/05/07 16:36:19 - simulation time     660 (s) : ------------------------------------------------------- OUTPUT -------------------------------------------------------
2026/05/07 16:36:19 - simulation time     660 (s) : 
2026/05/07 16:36:19 - simulation time     660 (s) : SimLog- Tasks not sent because device died (low energy)                         :               0 % (0 tasks)
2026/05/07 16:36:19 - simulation time     660 (s) : SimLog- Tasks sent from edge devices                                            :             100 % (11354 among 11354 generated tasks)
2026/05/07 16:36:19 - simulation time     660 (s) : -------------------------------------All values below are based on the sent tasks-------------------------------------
2026/05/07 16:36:19 - simulation time     660 (s) : SimLog- Tasks ETE delay                                                         :     40116.0727 seconds
2026/05/07 16:36:19 - simulation time     660 (s) : SimLog- Average tasks ETE delay                                                 :         4.7911 seconds
2026/05/07 16:36:19 - simulation time     660 (s) : SimLog- Tasks execution delay                                                   :     10760.5702 seconds
2026/05/07 16:36:19 - simulation time     660 (s) : SimLog- Average tasks execution delay                                           :         1.0532 seconds
2026/05/07 16:36:19 - simulation time     660 (s) : SimLog- Tasks waiting time (from task submiting to the execution start)         :      4932.6148 seconds
2026/05/07 16:36:19 - simulation time     660 (s) : SimLog- Average tasks waiting time (from task submiting to the execution start) :         0.4828 seconds
2026/05/07 16:36:19 - simulation time     660 (s) : SimLog- Tasks successfully executed                                             :        73.7449 % (8373 among 11354 sent tasks)
2026/05/07 16:36:19 - simulation time     660 (s) : SimLog- Tasks failures
2026/05/07 16:36:19 - simulation time     660 (s) :                                        Not executed due to resources unavailable:              0 % (0 tasks)
2026/05/07 16:36:19 - simulation time     660 (s) :                               Successfully executed but failed due to high delay:        24.8106 % (2817 tasks from 11354 successfully sent tasks)
2026/05/07 16:36:19 - simulation time     660 (s) :                  Tasks execution results not returned because the device is dead:              0 % (0 tasks)
2026/05/07 16:36:19 - simulation time     660 (s) :                      Tasks execution results not returned due to device mobility:         1.4444 % (164 tasks)
2026/05/07 16:36:19 - simulation time     660 (s) : SimLog- Tasks executed on each level                                : Cloud=           2901 tasks (where 2202 were successfully executed)
2026/05/07 16:36:19 - simulation time     660 (s) :                                                                        Edge=            952 tasks (where 723 were successfully executed)
2026/05/07 16:36:19 - simulation time     660 (s) :                                                                        Mist=           7501 tasks (where 5448 were successfully executed)
2026/05/07 16:36:19 - simulation time     660 (s) : SimLog- Network usage                                                           :          21625 seconds (The total traffic: 78271.2 (MBytes))
2026/05/07 16:36:19 - simulation time     660 (s) :                                                                         Wan=           2989 seconds (13.822 % of total usage, WAN used when downloading containers=0 % of WAN usage)
2026/05/07 16:36:19 - simulation time     660 (s) :                                                                         Lan=          21625 seconds (100 % of total usage, LAN used when downloading containers=0 % of LAN usage)
2026/05/07 16:36:19 - simulation time     660 (s) :                                                    Average bandwidth per transfer=       901.8874 Mbps  
2026/05/07 16:36:19 - simulation time     660 (s) : SimLog- Average vm CPU utilization                                              :         0.5847 %
2026/05/07 16:36:19 - simulation time     660 (s) : SimLog- Average vm CPU utilization per level                             : Cloud=         0.0609 %
2026/05/07 16:36:19 - simulation time     660 (s) :                                                                             Edge=         0.1314 %
2026/05/07 16:36:19 - simulation time     660 (s) :                                                                             Mist=         0.6137 %
2026/05/07 16:36:19 - simulation time     660 (s) : SimLog- Energy consumption                                                      :6168996033092158000000 W,   217.9021 dBW
2026/05/07 16:36:19 - simulation time     660 (s) :                                                                                 :(Average:8314010826269755400 W/data center(or device), 189.1981 dBW/data center(or device))
2026/05/07 16:36:19 - simulation time     660 (s) :                                                                                 :(Average:551246182923077310 W/task, 177.4135 dBW/task)
2026/05/07 16:36:19 - simulation time     660 (s) : SimLog- Energy Consumption per level                                     : Cloud=1219991090145601000000 W,   210.8636 dBW
2026/05/07 16:36:19 - simulation time     660 (s) :                                                                                 :(Average:67777282785866720000 W/data center, 198.3108 dBW/data center)
2026/05/07 16:36:19 - simulation time     660 (s) :                                                                             Edge=281383612914927930000 W,    204.493 dBW
2026/05/07 16:36:19 - simulation time     660 (s) :                                                                                 :(Average:11724317204788664000 W/data center, 190.6909 dBW/data center)
2026/05/07 16:36:19 - simulation time     660 (s) :                                                                             Mist=4667621330031629000000 W,    216.691 dBW
2026/05/07 16:36:19 - simulation time     660 (s) :                                                                                 :(Average:6668030471473755100 W/edge device, 188.24 dBW/edge device)
2026/05/07 16:36:19 - simulation time     660 (s) : SimLog- Dead edge devices due to battery drain                                  :              0 devices (Among 0 devices with batteries (NaN %))
2026/05/07 16:36:19 - simulation time     660 (s) : SimLog- Average remaining power (devices with batteries that are still alive)   :              0 Wh (Average: 0 %)
2026/05/07 16:36:19 - simulation time     660 (s) : SimulationManager- the Scenario Simulation overflow times :5

================== Simulation finished at time 691.50 ==================


SimLog- Iteration finished...

######################################################################################################################################################################
Starting CloudSim Plus 4.3.0

2026/05/07 16:36:19 - simulation time       0 (s) : ServersManager- Datacenters and devices were generated
2026/05/07 16:36:19 - simulation time       0 (s) : SimulationManager-  Orchestration algorithm= RANDOM_VM-  Architechitecture= ALL -  number of edge devices= 800
2026/05/07 16:36:19 - simulation time       0 (s) : SimulationManager- Simulation: 1  , iteration: 58
2026/05/07 16:36:42 - simulation time     660 (s) : 
2026/05/07 16:36:42 - simulation time     660 (s) : ------------------------------------------------------- OUTPUT -------------------------------------------------------
2026/05/07 16:36:42 - simulation time     660 (s) : 
2026/05/07 16:36:42 - simulation time     660 (s) : SimLog- Tasks not sent because device died (low energy)                         :               0 % (0 tasks)
2026/05/07 16:36:42 - simulation time     660 (s) : SimLog- Tasks sent from edge devices                                            :             100 % (13118 among 13118 generated tasks)
2026/05/07 16:36:42 - simulation time     660 (s) : -------------------------------------All values below are based on the sent tasks-------------------------------------
2026/05/07 16:36:42 - simulation time     660 (s) : SimLog- Tasks ETE delay                                                         :      46391.019 seconds
2026/05/07 16:36:42 - simulation time     660 (s) : SimLog- Average tasks ETE delay                                                 :         5.0245 seconds
2026/05/07 16:36:42 - simulation time     660 (s) : SimLog- Tasks execution delay                                                   :     11340.6581 seconds
2026/05/07 16:36:42 - simulation time     660 (s) : SimLog- Average tasks execution delay                                           :         0.9917 seconds
2026/05/07 16:36:42 - simulation time     660 (s) : SimLog- Tasks waiting time (from task submiting to the execution start)         :       8584.934 seconds
2026/05/07 16:36:42 - simulation time     660 (s) : SimLog- Average tasks waiting time (from task submiting to the execution start) :         0.7507 seconds
2026/05/07 16:36:42 - simulation time     660 (s) : SimLog- Tasks successfully executed                                             :        70.3842 % (9233 among 13118 sent tasks)
2026/05/07 16:36:42 - simulation time     660 (s) : SimLog- Tasks failures
2026/05/07 16:36:42 - simulation time     660 (s) :                                        Not executed due to resources unavailable:              0 % (0 tasks)
2026/05/07 16:36:42 - simulation time     660 (s) :                               Successfully executed but failed due to high delay:        28.1598 % (3694 tasks from 13118 successfully sent tasks)
2026/05/07 16:36:42 - simulation time     660 (s) :                  Tasks execution results not returned because the device is dead:              0 % (0 tasks)
2026/05/07 16:36:42 - simulation time     660 (s) :                      Tasks execution results not returned due to device mobility:          1.456 % (191 tasks)
2026/05/07 16:36:42 - simulation time     660 (s) : SimLog- Tasks executed on each level                                : Cloud=           3165 tasks (where 2294 were successfully executed)
2026/05/07 16:36:42 - simulation time     660 (s) :                                                                        Edge=           1137 tasks (where 830 were successfully executed)
2026/05/07 16:36:42 - simulation time     660 (s) :                                                                        Mist=           8816 tasks (where 6109 were successfully executed)
2026/05/07 16:36:42 - simulation time     660 (s) : SimLog- Network usage                                                           :          24606 seconds (The total traffic: 81822.15 (MBytes))
2026/05/07 16:36:42 - simulation time     660 (s) :                                                                         Wan=           3250 seconds (13.2082 % of total usage, WAN used when downloading containers=0 % of WAN usage)
2026/05/07 16:36:42 - simulation time     660 (s) :                                                                         Lan=          24606 seconds (100 % of total usage, LAN used when downloading containers=0 % of LAN usage)
2026/05/07 16:36:42 - simulation time     660 (s) :                                                    Average bandwidth per transfer=       904.2029 Mbps  
2026/05/07 16:36:42 - simulation time     660 (s) : SimLog- Average vm CPU utilization                                              :          0.542 %
2026/05/07 16:36:42 - simulation time     660 (s) : SimLog- Average vm CPU utilization per level                             : Cloud=         0.0596 %
2026/05/07 16:36:42 - simulation time     660 (s) :                                                                             Edge=         0.1374 %
2026/05/07 16:36:42 - simulation time     660 (s) :                                                                             Mist=         0.5649 %
2026/05/07 16:36:42 - simulation time     660 (s) : SimLog- Energy consumption                                                      :6547297418067527000000 W,   218.1606 dBW
2026/05/07 16:36:42 - simulation time     660 (s) :                                                                                 :(Average:7775887669913926700 W/data center(or device), 188.9075 dBW/data center(or device))
2026/05/07 16:36:42 - simulation time     660 (s) :                                                                                 :(Average:506443178996559940 W/task, 177.0453 dBW/task)
2026/05/07 16:36:42 - simulation time     660 (s) : SimLog- Energy Consumption per level                                     : Cloud=1261326968957110800000 W,   211.0083 dBW
2026/05/07 16:36:42 - simulation time     660 (s) :                                                                                 :(Average:70073720497617270000 W/data center, 198.4556 dBW/data center)
2026/05/07 16:36:42 - simulation time     660 (s) :                                                                             Edge=312529173678584700000 W,   204.9489 dBW
2026/05/07 16:36:42 - simulation time     660 (s) :                                                                                 :(Average:13022048903274363000 W/data center, 191.1468 dBW/data center)
2026/05/07 16:36:42 - simulation time     660 (s) :                                                                             Mist=4973441275431831000000 W,   216.9666 dBW
2026/05/07 16:36:42 - simulation time     660 (s) :                                                                                 :(Average:6216801594289788900 W/edge device, 187.9357 dBW/edge device)
2026/05/07 16:36:42 - simulation time     660 (s) : SimLog- Dead edge devices due to battery drain                                  :              0 devices (Among 0 devices with batteries (NaN %))
2026/05/07 16:36:42 - simulation time     660 (s) : SimLog- Average remaining power (devices with batteries that are still alive)   :              0 Wh (Average: 0 %)
2026/05/07 16:36:42 - simulation time     660 (s) : SimulationManager- the Scenario Simulation overflow times :5

================== Simulation finished at time 691.50 ==================


SimLog- Iteration finished...

######################################################################################################################################################################
Starting CloudSim Plus 4.3.0

2026/05/07 16:36:42 - simulation time       0 (s) : ServersManager- Datacenters and devices were generated
2026/05/07 16:36:42 - simulation time       0 (s) : SimulationManager-  Orchestration algorithm= RANDOM_VM-  Architechitecture= ALL -  number of edge devices= 900
2026/05/07 16:36:42 - simulation time       0 (s) : SimulationManager- Simulation: 1  , iteration: 59
2026/05/07 16:37:11 - simulation time     660 (s) : 
2026/05/07 16:37:11 - simulation time     660 (s) : ------------------------------------------------------- OUTPUT -------------------------------------------------------
2026/05/07 16:37:11 - simulation time     660 (s) : 
2026/05/07 16:37:11 - simulation time     660 (s) : SimLog- Tasks not sent because device died (low energy)                         :               0 % (0 tasks)
2026/05/07 16:37:11 - simulation time     660 (s) : SimLog- Tasks sent from edge devices                                            :             100 % (14736 among 14736 generated tasks)
2026/05/07 16:37:11 - simulation time     660 (s) : -------------------------------------All values below are based on the sent tasks-------------------------------------
2026/05/07 16:37:11 - simulation time     660 (s) : SimLog- Tasks ETE delay                                                         :     55870.0807 seconds
2026/05/07 16:37:11 - simulation time     660 (s) : SimLog- Average tasks ETE delay                                                 :         5.4667 seconds
2026/05/07 16:37:11 - simulation time     660 (s) : SimLog- Tasks execution delay                                                   :     13137.9665 seconds
2026/05/07 16:37:11 - simulation time     660 (s) : SimLog- Average tasks execution delay                                           :         1.0408 seconds
2026/05/07 16:37:11 - simulation time     660 (s) : SimLog- Tasks waiting time (from task submiting to the execution start)         :      13359.975 seconds
2026/05/07 16:37:11 - simulation time     660 (s) : SimLog- Average tasks waiting time (from task submiting to the execution start) :         1.0584 seconds
2026/05/07 16:37:11 - simulation time     660 (s) : SimLog- Tasks successfully executed                                             :        69.3675 % (10222 among 14736 sent tasks)
2026/05/07 16:37:11 - simulation time     660 (s) : SimLog- Tasks failures
2026/05/07 16:37:11 - simulation time     660 (s) :                                        Not executed due to resources unavailable:              0 % (0 tasks)
2026/05/07 16:37:11 - simulation time     660 (s) :                               Successfully executed but failed due to high delay:        29.2142 % (4305 tasks from 14736 successfully sent tasks)
2026/05/07 16:37:11 - simulation time     660 (s) :                  Tasks execution results not returned because the device is dead:              0 % (0 tasks)
2026/05/07 16:37:11 - simulation time     660 (s) :                      Tasks execution results not returned due to device mobility:         1.4183 % (209 tasks)
2026/05/07 16:37:11 - simulation time     660 (s) : SimLog- Tasks executed on each level                                : Cloud=           3148 tasks (where 2253 were successfully executed)
2026/05/07 16:37:11 - simulation time     660 (s) :                                                                        Edge=           1136 tasks (where 812 were successfully executed)
2026/05/07 16:37:11 - simulation time     660 (s) :                                                                        Mist=          10452 tasks (where 7157 were successfully executed)
2026/05/07 16:37:11 - simulation time     660 (s) : SimLog- Network usage                                                           :          27374 seconds (The total traffic: 89635.65 (MBytes))
2026/05/07 16:37:11 - simulation time     660 (s) :                                                                         Wan=           3208 seconds (11.7191 % of total usage, WAN used when downloading containers=0 % of WAN usage)
2026/05/07 16:37:11 - simulation time     660 (s) :                                                                         Lan=          27374 seconds (100 % of total usage, LAN used when downloading containers=0 % of LAN usage)
2026/05/07 16:37:11 - simulation time     660 (s) :                                                    Average bandwidth per transfer=       915.7693 Mbps  
2026/05/07 16:37:11 - simulation time     660 (s) : SimLog- Average vm CPU utilization                                              :         0.5664 %
2026/05/07 16:37:11 - simulation time     660 (s) : SimLog- Average vm CPU utilization per level                             : Cloud=         0.0536 %
2026/05/07 16:37:11 - simulation time     660 (s) :                                                                             Edge=         0.1336 %
2026/05/07 16:37:11 - simulation time     660 (s) :                                                                             Mist=         0.5882 %
2026/05/07 16:37:11 - simulation time     660 (s) : SimLog- Energy consumption                                                      :6833024645973160000000 W,   218.3461 dBW
2026/05/07 16:37:11 - simulation time     660 (s) :                                                                                 :(Average:7253741662391889900 W/data center(or device), 188.6056 dBW/data center(or device))
2026/05/07 16:37:11 - simulation time     660 (s) :                                                                                 :(Average:470334846226126140 W/task, 176.7241 dBW/task)
2026/05/07 16:37:11 - simulation time     660 (s) : SimLog- Energy Consumption per level                                     : Cloud=1123966838306783400000 W,   210.5075 dBW
2026/05/07 16:37:11 - simulation time     660 (s) :                                                                                 :(Average:62442602128154630000 W/data center, 197.9548 dBW/data center)
2026/05/07 16:37:11 - simulation time     660 (s) :                                                                             Edge=283243869073133170000 W,   204.5216 dBW
2026/05/07 16:37:11 - simulation time     660 (s) :                                                                                 :(Average:11801827878047216000 W/data center, 190.7195 dBW/data center)
2026/05/07 16:37:11 - simulation time     660 (s) :                                                                             Mist=5425813938593243000000 W,   217.3446 dBW
2026/05/07 16:37:11 - simulation time     660 (s) :                                                                                 :(Average:6028682153992492000 W/edge device, 187.8022 dBW/edge device)
2026/05/07 16:37:11 - simulation time     660 (s) : SimLog- Dead edge devices due to battery drain                                  :              0 devices (Among 0 devices with batteries (NaN %))
2026/05/07 16:37:11 - simulation time     660 (s) : SimLog- Average remaining power (devices with batteries that are still alive)   :              0 Wh (Average: 0 %)
2026/05/07 16:37:11 - simulation time     660 (s) : SimulationManager- the Scenario Simulation overflow times :6

================== Simulation finished at time 691.50 ==================


SimLog- Iteration finished...

######################################################################################################################################################################
Starting CloudSim Plus 4.3.0

2026/05/07 16:37:11 - simulation time       0 (s) : ServersManager- Datacenters and devices were generated
2026/05/07 16:37:11 - simulation time       0 (s) : SimulationManager-  Orchestration algorithm= RANDOM_VM-  Architechitecture= ALL -  number of edge devices= 1000
2026/05/07 16:37:11 - simulation time       0 (s) : SimulationManager- Simulation: 1  , iteration: 60
2026/05/07 16:37:48 - simulation time     650 (s) : 
2026/05/07 16:37:48 - simulation time     650 (s) : ------------------------------------------------------- OUTPUT -------------------------------------------------------
2026/05/07 16:37:48 - simulation time     650 (s) : 
2026/05/07 16:37:48 - simulation time     650 (s) : SimLog- Tasks not sent because device died (low energy)                         :               0 % (0 tasks)
2026/05/07 16:37:48 - simulation time     650 (s) : SimLog- Tasks sent from edge devices                                            :             100 % (16564 among 16564 generated tasks)
2026/05/07 16:37:48 - simulation time     650 (s) : -------------------------------------All values below are based on the sent tasks-------------------------------------
2026/05/07 16:37:48 - simulation time     650 (s) : SimLog- Tasks ETE delay                                                         :     69820.2843 seconds
2026/05/07 16:37:48 - simulation time     650 (s) : SimLog- Average tasks ETE delay                                                 :          5.987 seconds
2026/05/07 16:37:48 - simulation time     650 (s) : SimLog- Tasks execution delay                                                   :     15403.5964 seconds
2026/05/07 16:37:48 - simulation time     650 (s) : SimLog- Average tasks execution delay                                           :         1.0831 seconds
2026/05/07 16:37:48 - simulation time     650 (s) : SimLog- Tasks waiting time (from task submiting to the execution start)         :      20276.508 seconds
2026/05/07 16:37:48 - simulation time     650 (s) : SimLog- Average tasks waiting time (from task submiting to the execution start) :         1.4257 seconds
2026/05/07 16:37:48 - simulation time     650 (s) : SimLog- Tasks successfully executed                                             :        70.4057 % (11662 among 16564 sent tasks)
2026/05/07 16:37:48 - simulation time     650 (s) : SimLog- Tasks failures
2026/05/07 16:37:48 - simulation time     650 (s) :                                        Not executed due to resources unavailable:              0 % (0 tasks)
2026/05/07 16:37:48 - simulation time     650 (s) :                               Successfully executed but failed due to high delay:        28.0548 % (4647 tasks from 16564 successfully sent tasks)
2026/05/07 16:37:48 - simulation time     650 (s) :                  Tasks execution results not returned because the device is dead:              0 % (0 tasks)
2026/05/07 16:37:48 - simulation time     650 (s) :                      Tasks execution results not returned due to device mobility:         1.5395 % (255 tasks)
2026/05/07 16:37:48 - simulation time     650 (s) : SimLog- Tasks executed on each level                                : Cloud=           3231 tasks (where 2313 were successfully executed)
2026/05/07 16:37:48 - simulation time     650 (s) :                                                                        Edge=           1188 tasks (where 845 were successfully executed)
2026/05/07 16:37:48 - simulation time     650 (s) :                                                                        Mist=          12145 tasks (where 8504 were successfully executed)
2026/05/07 16:37:48 - simulation time     650 (s) : SimLog- Network usage                                                           :          30834 seconds (The total traffic: 105147.7 (MBytes))
2026/05/07 16:37:48 - simulation time     650 (s) :                                                                         Wan=           3320 seconds (10.7673 % of total usage, WAN used when downloading containers=0 % of WAN usage)
2026/05/07 16:37:48 - simulation time     650 (s) :                                                                         Lan=          30834 seconds (100 % of total usage, LAN used when downloading containers=0 % of LAN usage)
2026/05/07 16:37:48 - simulation time     650 (s) :                                                    Average bandwidth per transfer=       919.5628 Mbps  
2026/05/07 16:37:48 - simulation time     650 (s) : SimLog- Average vm CPU utilization                                              :         0.6439 %
2026/05/07 16:37:48 - simulation time     650 (s) : SimLog- Average vm CPU utilization per level                             : Cloud=         0.0596 %
2026/05/07 16:37:48 - simulation time     650 (s) :                                                                             Edge=           0.14 %
2026/05/07 16:37:48 - simulation time     650 (s) :                                                                             Mist=         0.6665 %
2026/05/07 16:37:48 - simulation time     650 (s) : SimLog- Energy consumption                                                      :7784624587110227000000 W,   218.9124 dBW
2026/05/07 16:37:48 - simulation time     650 (s) :                                                                                 :(Average:7470848931967588400 W/data center(or device), 188.7337 dBW/data center(or device))
2026/05/07 16:37:48 - simulation time     650 (s) :                                                                                 :(Average:477262251677409540 W/task, 176.7876 dBW/task)
2026/05/07 16:37:48 - simulation time     650 (s) : SimLog- Energy Consumption per level                                     : Cloud=1215461728845421600000 W,   210.8474 dBW
2026/05/07 16:37:48 - simulation time     650 (s) :                                                                                 :(Average:67525651602523420000 W/data center, 198.2947 dBW/data center)
2026/05/07 16:37:48 - simulation time     650 (s) :                                                                             Edge=282156672983306000000 W,   204.5049 dBW
2026/05/07 16:37:48 - simulation time     650 (s) :                                                                                 :(Average:11756528040971084000 W/data center, 190.7028 dBW/data center)
2026/05/07 16:37:48 - simulation time     650 (s) :                                                                             Mist=6287006185281500000000 W,   217.9844 dBW
2026/05/07 16:37:48 - simulation time     650 (s) :                                                                                 :(Average:6287006185281500200 W/edge device, 187.9844 dBW/edge device)
2026/05/07 16:37:48 - simulation time     650 (s) : SimLog- Dead edge devices due to battery drain                                  :              0 devices (Among 0 devices with batteries (NaN %))
2026/05/07 16:37:48 - simulation time     650 (s) : SimLog- Average remaining power (devices with batteries that are still alive)   :              0 Wh (Average: 0 %)
2026/05/07 16:37:48 - simulation time     650 (s) : SimulationManager- the Scenario Simulation overflow times :6

================== Simulation finished at time 685.20 ==================


SimLog- Iteration finished...

######################################################################################################################################################################
Main- Simulation Finished!
Main- Simulation took : 13 minutes, 50 seconds.
Main- results were saved to the folder: SatEdgeSim/output/chapter3/
[INFO] ------------------------------------------------------------------------
[INFO] BUILD SUCCESS
[INFO] ------------------------------------------------------------------------
[INFO] Total time:  13:53 min
[INFO] Finished at: 2026-05-07T16:37:48+08:00
[INFO] ------------------------------------------------------------------------
