[INFO] Scanning for projects...
[INFO] 
[INFO] ----------------< edu.weijunyong.satedgesim:SatEdgeSim >----------------
[INFO] Building SatEdgeSim 1.0.0
[INFO]   from pom.xml
[INFO] --------------------------------[ jar ]---------------------------------
[INFO] 
[INFO] --- exec:3.6.3:java (default-cli) @ SatEdgeSim ---
Main- Loading simulation files...
FilesParser- Checking file: SatEdgeSim/settings/locationflie/cloud/cloud Fixed Position.csv
FilesParser- Location file successfully Loaded!SatEdgeSim/settings/locationflie/cloud/cloud Fixed Position.csv
FilesParser- Checking file: SatEdgeSim/settings/locationflie/edge_datacenter/edge Fixed Position.csv
FilesParser- Location file successfully Loaded!SatEdgeSim/settings/locationflie/edge_datacenter/edge Fixed Position.csv
FilesParser- Checking file: SatEdgeSim/settings/locationflie/edge_devices/mist Fixed Position.csv
FilesParser- Location file successfully Loaded!SatEdgeSim/settings/locationflie/edge_devices/mist Fixed Position.csv
FilesParser- Checking simulation properties file
FilesParser- Properties file successfully Loaded propoerties file!
FilesParser- Checking file: SatEdgeSim/settings/edge_devices.xml
FilesParser- Edge devices XML file successfully Loaded!
FilesParser- Checking file: SatEdgeSim/settings/edge_datacenters.xml
FilesParser- EdgeDataCenters XML file successfully Loaded!
FilesParser- Checking file: SatEdgeSim/settings/cloud.xml
FilesParser- cloud  XML file successfully Loaded!
FilesParser- Checking applications file
FilesParser- Applications XML file successfully loaded!
Starting CloudSim Plus 4.3.0

2026/05/07 19:38:31 - simulation time       0 (s) : ServersManager- Datacenters and devices were generated
2026/05/07 19:38:31 - simulation time       0 (s) : SimulationManager-  Orchestration algorithm= TASK_CLF_Q_LEARNING-  Architechitecture= ALL -  number of edge devices= 100
2026/05/07 19:38:31 - simulation time       0 (s) : SimulationManager- Simulation: 1  , iteration: 1
2026/05/07 19:38:33 - simulation time     640 (s) : 
2026/05/07 19:38:33 - simulation time     640 (s) : ------------------------------------------------------- OUTPUT -------------------------------------------------------
2026/05/07 19:38:33 - simulation time     640 (s) : 
2026/05/07 19:38:33 - simulation time     640 (s) : SimLog- Tasks not sent because device died (low energy)                         :               0 % (0 tasks)
2026/05/07 19:38:33 - simulation time     640 (s) : SimLog- Tasks sent from edge devices                                            :             100 % (1686 among 1686 generated tasks)
2026/05/07 19:38:33 - simulation time     640 (s) : -------------------------------------All values below are based on the sent tasks-------------------------------------
2026/05/07 19:38:33 - simulation time     640 (s) : SimLog- Tasks ETE delay                                                         :      2545.4521 seconds
2026/05/07 19:38:33 - simulation time     640 (s) : SimLog- Average tasks ETE delay                                                 :         1.5098 seconds
2026/05/07 19:38:33 - simulation time     640 (s) : SimLog- Tasks execution delay                                                   :      2002.5305 seconds
2026/05/07 19:38:33 - simulation time     640 (s) : SimLog- Average tasks execution delay                                           :         1.1877 seconds
2026/05/07 19:38:33 - simulation time     640 (s) : SimLog- Tasks waiting time (from task submiting to the execution start)         :       367.8215 seconds
2026/05/07 19:38:33 - simulation time     640 (s) : SimLog- Average tasks waiting time (from task submiting to the execution start) :         0.2182 seconds
2026/05/07 19:38:33 - simulation time     640 (s) : SimLog- Tasks successfully executed                                             :            100 % (1686 among 1686 sent tasks)
2026/05/07 19:38:33 - simulation time     640 (s) : SimLog- Tasks failures
2026/05/07 19:38:33 - simulation time     640 (s) :                                        Not executed due to resources unavailable:              0 % (0 tasks)
2026/05/07 19:38:33 - simulation time     640 (s) :                               Successfully executed but failed due to high delay:              0 % (0 tasks from 1686 successfully sent tasks)
2026/05/07 19:38:33 - simulation time     640 (s) :                  Tasks execution results not returned because the device is dead:              0 % (0 tasks)
2026/05/07 19:38:33 - simulation time     640 (s) :                      Tasks execution results not returned due to device mobility:              0 % (0 tasks)
2026/05/07 19:38:33 - simulation time     640 (s) : SimLog- Tasks executed on each level                                : Cloud=             41 tasks (where 41 were successfully executed)
2026/05/07 19:38:33 - simulation time     640 (s) :                                                                        Edge=              0 tasks (where 0 were successfully executed)
2026/05/07 19:38:33 - simulation time     640 (s) :                                                                        Mist=           1645 tasks (where 1645 were successfully executed)
2026/05/07 19:38:33 - simulation time     640 (s) : SimLog- Network usage                                                           :            174 seconds (The total traffic: 836.6 (MBytes))
2026/05/07 19:38:33 - simulation time     640 (s) :                                                                         Wan=             41 seconds (23.5632 % of total usage, WAN used when downloading containers=0 % of WAN usage)
2026/05/07 19:38:33 - simulation time     640 (s) :                                                                         Lan=            174 seconds (100 % of total usage, LAN used when downloading containers=0 % of LAN usage)
2026/05/07 19:38:33 - simulation time     640 (s) :                                                    Average bandwidth per transfer=           1024 Mbps  
2026/05/07 19:38:33 - simulation time     640 (s) : SimLog- Average vm CPU utilization                                              :         0.8225 %
2026/05/07 19:38:33 - simulation time     640 (s) : SimLog- Average vm CPU utilization per level                             : Cloud=              0 %
2026/05/07 19:38:33 - simulation time     640 (s) :                                                                             Edge=              0 %
2026/05/07 19:38:33 - simulation time     640 (s) :                                                                             Mist=          1.168 %
2026/05/07 19:38:33 - simulation time     640 (s) : SimLog- Energy consumption                                                      : 5323283213290950700 W,   187.2618 dBW
2026/05/07 19:38:33 - simulation time     640 (s) :                                                                                 :(Average:37487909952753176 W/data center(or device), 165.7389 dBW/data center(or device))
2026/05/07 19:38:33 - simulation time     640 (s) :                                                                                 :(Average:3157344729116815.5 W/task, 154.9932 dBW/task)
2026/05/07 19:38:33 - simulation time     640 (s) : SimLog- Energy Consumption per level                                     : Cloud= 2658828204178458100 W,   184.2469 dBW
2026/05/07 19:38:33 - simulation time     640 (s) :                                                                                 :(Average:147712678009914336 W/data center, 171.6942 dBW/data center)
2026/05/07 19:38:33 - simulation time     640 (s) :                                                                             Edge=              0.0006 W,   -31.9382 dBW
2026/05/07 19:38:33 - simulation time     640 (s) :                                                                                 :(Average:0 W/data center, -45.7403 dBW/data center)
2026/05/07 19:38:33 - simulation time     640 (s) :                                                                             Mist= 2664455009112492500 W,   184.2561 dBW
2026/05/07 19:38:33 - simulation time     640 (s) :                                                                                 :(Average:26644550091124924 W/edge device, 164.2561 dBW/edge device)
2026/05/07 19:38:33 - simulation time     640 (s) : SimLog- Dead edge devices due to battery drain                                  :              0 devices (Among 0 devices with batteries (NaN %))
2026/05/07 19:38:33 - simulation time     640 (s) : SimLog- Average remaining power (devices with batteries that are still alive)   :              0 Wh (Average: 0 %)
2026/05/07 19:38:33 - simulation time     640 (s) : SimulationManager- the Scenario Simulation overflow times :0

================== Simulation finished at time 672.60 ==================


SimLog- Iteration finished...

######################################################################################################################################################################
Starting CloudSim Plus 4.3.0

2026/05/07 19:38:33 - simulation time       0 (s) : ServersManager- Datacenters and devices were generated
2026/05/07 19:38:33 - simulation time       0 (s) : SimulationManager-  Orchestration algorithm= TASK_CLF_Q_LEARNING-  Architechitecture= ALL -  number of edge devices= 200
2026/05/07 19:38:33 - simulation time       0 (s) : SimulationManager- Simulation: 1  , iteration: 2
2026/05/07 19:38:36 - simulation time     650 (s) : 
2026/05/07 19:38:36 - simulation time     650 (s) : ------------------------------------------------------- OUTPUT -------------------------------------------------------
2026/05/07 19:38:36 - simulation time     650 (s) : 
2026/05/07 19:38:36 - simulation time     650 (s) : SimLog- Tasks not sent because device died (low energy)                         :               0 % (0 tasks)
2026/05/07 19:38:36 - simulation time     650 (s) : SimLog- Tasks sent from edge devices                                            :             100 % (3276 among 3276 generated tasks)
2026/05/07 19:38:36 - simulation time     650 (s) : -------------------------------------All values below are based on the sent tasks-------------------------------------
2026/05/07 19:38:36 - simulation time     650 (s) : SimLog- Tasks ETE delay                                                         :      5325.3239 seconds
2026/05/07 19:38:36 - simulation time     650 (s) : SimLog- Average tasks ETE delay                                                 :          1.627 seconds
2026/05/07 19:38:36 - simulation time     650 (s) : SimLog- Tasks execution delay                                                   :      4257.5575 seconds
2026/05/07 19:38:36 - simulation time     650 (s) : SimLog- Average tasks execution delay                                           :            1.3 seconds
2026/05/07 19:38:36 - simulation time     650 (s) : SimLog- Tasks waiting time (from task submiting to the execution start)         :       743.9433 seconds
2026/05/07 19:38:36 - simulation time     650 (s) : SimLog- Average tasks waiting time (from task submiting to the execution start) :         0.2272 seconds
2026/05/07 19:38:36 - simulation time     650 (s) : SimLog- Tasks successfully executed                                             :        99.9084 % (3273 among 3276 sent tasks)
2026/05/07 19:38:36 - simulation time     650 (s) : SimLog- Tasks failures
2026/05/07 19:38:36 - simulation time     650 (s) :                                        Not executed due to resources unavailable:              0 % (0 tasks)
2026/05/07 19:38:36 - simulation time     650 (s) :                               Successfully executed but failed due to high delay:         0.0611 % (2 tasks from 3276 successfully sent tasks)
2026/05/07 19:38:36 - simulation time     650 (s) :                  Tasks execution results not returned because the device is dead:              0 % (0 tasks)
2026/05/07 19:38:36 - simulation time     650 (s) :                      Tasks execution results not returned due to device mobility:         0.0305 % (1 tasks)
2026/05/07 19:38:36 - simulation time     650 (s) : SimLog- Tasks executed on each level                                : Cloud=             60 tasks (where 59 were successfully executed)
2026/05/07 19:38:36 - simulation time     650 (s) :                                                                        Edge=              0 tasks (where 0 were successfully executed)
2026/05/07 19:38:36 - simulation time     650 (s) :                                                                        Mist=           3216 tasks (where 3214 were successfully executed)
2026/05/07 19:38:36 - simulation time     650 (s) : SimLog- Network usage                                                           :            295 seconds (The total traffic: 1239.3 (MBytes))
2026/05/07 19:38:36 - simulation time     650 (s) :                                                                         Wan=             60 seconds (20.339 % of total usage, WAN used when downloading containers=0 % of WAN usage)
2026/05/07 19:38:36 - simulation time     650 (s) :                                                                         Lan=            295 seconds (100 % of total usage, LAN used when downloading containers=0 % of LAN usage)
2026/05/07 19:38:36 - simulation time     650 (s) :                                                    Average bandwidth per transfer=      1014.7435 Mbps  
2026/05/07 19:38:36 - simulation time     650 (s) : SimLog- Average vm CPU utilization                                              :         0.9863 %
2026/05/07 19:38:36 - simulation time     650 (s) : SimLog- Average vm CPU utilization per level                             : Cloud=              0 %
2026/05/07 19:38:36 - simulation time     650 (s) :                                                                             Edge=              0 %
2026/05/07 19:38:36 - simulation time     650 (s) :                                                                             Mist=         1.1934 %
2026/05/07 19:38:36 - simulation time     650 (s) : SimLog- Energy consumption                                                      : 6550137922391229400 W,   188.1625 dBW
2026/05/07 19:38:36 - simulation time     650 (s) :                                                                                 :(Average:27066685629715824 W/data center(or device), 164.3244 dBW/data center(or device))
2026/05/07 19:38:36 - simulation time     650 (s) :                                                                                 :(Average:2000042113707245.8 W/task, 153.0104 dBW/task)
2026/05/07 19:38:36 - simulation time     650 (s) : SimLog- Energy Consumption per level                                     : Cloud= 3254332317940183000 W,   185.1246 dBW
2026/05/07 19:38:36 - simulation time     650 (s) :                                                                                 :(Average:180796239885565728 W/data center, 172.5719 dBW/data center)
2026/05/07 19:38:36 - simulation time     650 (s) :                                                                             Edge=              0.0006 W,   -31.8709 dBW
2026/05/07 19:38:36 - simulation time     650 (s) :                                                                                 :(Average:0 W/data center, -45.673 dBW/data center)
2026/05/07 19:38:36 - simulation time     650 (s) :                                                                             Mist= 3295805604451046400 W,   185.1796 dBW
2026/05/07 19:38:36 - simulation time     650 (s) :                                                                                 :(Average:16479028022255232 W/edge device, 162.1693 dBW/edge device)
2026/05/07 19:38:36 - simulation time     650 (s) : SimLog- Dead edge devices due to battery drain                                  :              0 devices (Among 0 devices with batteries (NaN %))
2026/05/07 19:38:36 - simulation time     650 (s) : SimLog- Average remaining power (devices with batteries that are still alive)   :              0 Wh (Average: 0 %)
2026/05/07 19:38:36 - simulation time     650 (s) : SimulationManager- the Scenario Simulation overflow times :0

================== Simulation finished at time 685.20 ==================


SimLog- Iteration finished...

######################################################################################################################################################################
Starting CloudSim Plus 4.3.0

2026/05/07 19:38:36 - simulation time       0 (s) : ServersManager- Datacenters and devices were generated
2026/05/07 19:38:36 - simulation time       0 (s) : SimulationManager-  Orchestration algorithm= TASK_CLF_Q_LEARNING-  Architechitecture= ALL -  number of edge devices= 300
2026/05/07 19:38:36 - simulation time       0 (s) : SimulationManager- Simulation: 1  , iteration: 3
2026/05/07 19:38:40 - simulation time     660 (s) : 
2026/05/07 19:38:40 - simulation time     660 (s) : ------------------------------------------------------- OUTPUT -------------------------------------------------------
2026/05/07 19:38:40 - simulation time     660 (s) : 
2026/05/07 19:38:40 - simulation time     660 (s) : SimLog- Tasks not sent because device died (low energy)                         :               0 % (0 tasks)
2026/05/07 19:38:40 - simulation time     660 (s) : SimLog- Tasks sent from edge devices                                            :             100 % (4936 among 4936 generated tasks)
2026/05/07 19:38:40 - simulation time     660 (s) : -------------------------------------All values below are based on the sent tasks-------------------------------------
2026/05/07 19:38:40 - simulation time     660 (s) : SimLog- Tasks ETE delay                                                         :      7912.4761 seconds
2026/05/07 19:38:40 - simulation time     660 (s) : SimLog- Average tasks ETE delay                                                 :         1.6076 seconds
2026/05/07 19:38:40 - simulation time     660 (s) : SimLog- Tasks execution delay                                                   :      6234.1282 seconds
2026/05/07 19:38:40 - simulation time     660 (s) : SimLog- Average tasks execution delay                                           :          1.263 seconds
2026/05/07 19:38:40 - simulation time     660 (s) : SimLog- Tasks waiting time (from task submiting to the execution start)         :       1104.971 seconds
2026/05/07 19:38:40 - simulation time     660 (s) : SimLog- Average tasks waiting time (from task submiting to the execution start) :         0.2239 seconds
2026/05/07 19:38:40 - simulation time     660 (s) : SimLog- Tasks successfully executed                                             :        99.7164 % (4922 among 4936 sent tasks)
2026/05/07 19:38:40 - simulation time     660 (s) : SimLog- Tasks failures
2026/05/07 19:38:40 - simulation time     660 (s) :                                        Not executed due to resources unavailable:              0 % (0 tasks)
2026/05/07 19:38:40 - simulation time     660 (s) :                               Successfully executed but failed due to high delay:         0.2836 % (14 tasks from 4936 successfully sent tasks)
2026/05/07 19:38:40 - simulation time     660 (s) :                  Tasks execution results not returned because the device is dead:              0 % (0 tasks)
2026/05/07 19:38:40 - simulation time     660 (s) :                      Tasks execution results not returned due to device mobility:              0 % (0 tasks)
2026/05/07 19:38:40 - simulation time     660 (s) : SimLog- Tasks executed on each level                                : Cloud=             92 tasks (where 92 were successfully executed)
2026/05/07 19:38:40 - simulation time     660 (s) :                                                                        Edge=              0 tasks (where 0 were successfully executed)
2026/05/07 19:38:40 - simulation time     660 (s) :                                                                        Mist=           4844 tasks (where 4830 were successfully executed)
2026/05/07 19:38:40 - simulation time     660 (s) : SimLog- Network usage                                                           :            500 seconds (The total traffic: 1899.3 (MBytes))
2026/05/07 19:38:40 - simulation time     660 (s) :                                                                         Wan=             92 seconds (18.4 % of total usage, WAN used when downloading containers=0 % of WAN usage)
2026/05/07 19:38:40 - simulation time     660 (s) :                                                                         Lan=            500 seconds (100 % of total usage, LAN used when downloading containers=0 % of LAN usage)
2026/05/07 19:38:40 - simulation time     660 (s) :                                                    Average bandwidth per transfer=      1005.9647 Mbps  
2026/05/07 19:38:40 - simulation time     660 (s) : SimLog- Average vm CPU utilization                                              :         1.0174 %
2026/05/07 19:38:40 - simulation time     660 (s) : SimLog- Average vm CPU utilization per level                             : Cloud=              0 %
2026/05/07 19:38:40 - simulation time     660 (s) :                                                                             Edge=              0 %
2026/05/07 19:38:40 - simulation time     660 (s) :                                                                             Mist=         1.1598 %
2026/05/07 19:38:40 - simulation time     660 (s) : SimLog- Energy consumption                                                      :10893035117938332000 W,   190.3715 dBW
2026/05/07 19:38:40 - simulation time     660 (s) :                                                                                 :(Average:31850979877012664 W/data center(or device), 165.0312 dBW/data center(or device))
2026/05/07 19:38:40 - simulation time     660 (s) :                                                                                 :(Average:2206854764574216.2 W/task, 153.4377 dBW/task)
2026/05/07 19:38:40 - simulation time     660 (s) : SimLog- Energy Consumption per level                                     : Cloud= 5444041956807180300 W,   187.3592 dBW
2026/05/07 19:38:40 - simulation time     660 (s) :                                                                                 :(Average:302446775378176700 W/data center, 174.8065 dBW/data center)
2026/05/07 19:38:40 - simulation time     660 (s) :                                                                             Edge=              0.0007 W,   -31.8046 dBW
2026/05/07 19:38:40 - simulation time     660 (s) :                                                                                 :(Average:0 W/data center, -45.6067 dBW/data center)
2026/05/07 19:38:40 - simulation time     660 (s) :                                                                             Mist= 5448993161131150300 W,   187.3632 dBW
2026/05/07 19:38:40 - simulation time     660 (s) :                                                                                 :(Average:18163310537103836 W/edge device, 162.592 dBW/edge device)
2026/05/07 19:38:40 - simulation time     660 (s) : SimLog- Dead edge devices due to battery drain                                  :              0 devices (Among 0 devices with batteries (NaN %))
2026/05/07 19:38:40 - simulation time     660 (s) : SimLog- Average remaining power (devices with batteries that are still alive)   :              0 Wh (Average: 0 %)
2026/05/07 19:38:40 - simulation time     660 (s) : SimulationManager- the Scenario Simulation overflow times :0

================== Simulation finished at time 691.50 ==================


SimLog- Iteration finished...

######################################################################################################################################################################
Starting CloudSim Plus 4.3.0

2026/05/07 19:38:40 - simulation time       0 (s) : ServersManager- Datacenters and devices were generated
2026/05/07 19:38:40 - simulation time       0 (s) : SimulationManager-  Orchestration algorithm= TASK_CLF_Q_LEARNING-  Architechitecture= ALL -  number of edge devices= 400
2026/05/07 19:38:40 - simulation time       0 (s) : SimulationManager- Simulation: 1  , iteration: 4
2026/05/07 19:38:46 - simulation time     650 (s) : 
2026/05/07 19:38:46 - simulation time     650 (s) : ------------------------------------------------------- OUTPUT -------------------------------------------------------
2026/05/07 19:38:46 - simulation time     650 (s) : 
2026/05/07 19:38:46 - simulation time     650 (s) : SimLog- Tasks not sent because device died (low energy)                         :               0 % (0 tasks)
2026/05/07 19:38:46 - simulation time     650 (s) : SimLog- Tasks sent from edge devices                                            :             100 % (6534 among 6534 generated tasks)
2026/05/07 19:38:46 - simulation time     650 (s) : -------------------------------------All values below are based on the sent tasks-------------------------------------
2026/05/07 19:38:46 - simulation time     650 (s) : SimLog- Tasks ETE delay                                                         :     10506.9212 seconds
2026/05/07 19:38:46 - simulation time     650 (s) : SimLog- Average tasks ETE delay                                                 :         1.6438 seconds
2026/05/07 19:38:46 - simulation time     650 (s) : SimLog- Tasks execution delay                                                   :       8256.596 seconds
2026/05/07 19:38:46 - simulation time     650 (s) : SimLog- Average tasks execution delay                                           :         1.2815 seconds
2026/05/07 19:38:46 - simulation time     650 (s) : SimLog- Tasks waiting time (from task submiting to the execution start)         :      1502.7241 seconds
2026/05/07 19:38:46 - simulation time     650 (s) : SimLog- Average tasks waiting time (from task submiting to the execution start) :         0.2332 seconds
2026/05/07 19:38:46 - simulation time     650 (s) : SimLog- Tasks successfully executed                                             :        97.8268 % (6392 among 6534 sent tasks)
2026/05/07 19:38:46 - simulation time     650 (s) : SimLog- Tasks failures
2026/05/07 19:38:46 - simulation time     650 (s) :                                        Not executed due to resources unavailable:              0 % (0 tasks)
2026/05/07 19:38:46 - simulation time     650 (s) :                               Successfully executed but failed due to high delay:         2.1732 % (142 tasks from 6534 successfully sent tasks)
2026/05/07 19:38:46 - simulation time     650 (s) :                  Tasks execution results not returned because the device is dead:              0 % (0 tasks)
2026/05/07 19:38:46 - simulation time     650 (s) :                      Tasks execution results not returned due to device mobility:              0 % (0 tasks)
2026/05/07 19:38:46 - simulation time     650 (s) : SimLog- Tasks executed on each level                                : Cloud=            106 tasks (where 106 were successfully executed)
2026/05/07 19:38:46 - simulation time     650 (s) :                                                                        Edge=              0 tasks (where 0 were successfully executed)
2026/05/07 19:38:46 - simulation time     650 (s) :                                                                        Mist=           6428 tasks (where 6286 were successfully executed)
2026/05/07 19:38:46 - simulation time     650 (s) : SimLog- Network usage                                                           :            813 seconds (The total traffic: 2229.55 (MBytes))
2026/05/07 19:38:46 - simulation time     650 (s) :                                                                         Wan=            106 seconds (13.0381 % of total usage, WAN used when downloading containers=0 % of WAN usage)
2026/05/07 19:38:46 - simulation time     650 (s) :                                                                         Lan=            813 seconds (100 % of total usage, LAN used when downloading containers=0 % of LAN usage)
2026/05/07 19:38:46 - simulation time     650 (s) :                                                    Average bandwidth per transfer=      1015.6031 Mbps  
2026/05/07 19:38:46 - simulation time     650 (s) : SimLog- Average vm CPU utilization                                              :         1.0069 %
2026/05/07 19:38:46 - simulation time     650 (s) : SimLog- Average vm CPU utilization per level                             : Cloud=              0 %
2026/05/07 19:38:46 - simulation time     650 (s) :                                                                             Edge=              0 %
2026/05/07 19:38:46 - simulation time     650 (s) :                                                                             Mist=         1.1126 %
2026/05/07 19:38:46 - simulation time     650 (s) : SimLog- Energy consumption                                                      :11008439186863684000 W,   190.4173 dBW
2026/05/07 19:38:46 - simulation time     650 (s) :                                                                                 :(Average:24905971011003808 W/data center(or device), 163.963 dBW/data center(or device))
2026/05/07 19:38:46 - simulation time     650 (s) :                                                                                 :(Average:1684793263982810.5 W/task, 152.2655 dBW/task)
2026/05/07 19:38:46 - simulation time     650 (s) : SimLog- Energy Consumption per level                                     : Cloud= 5499681150590068700 W,   187.4034 dBW
2026/05/07 19:38:46 - simulation time     650 (s) :                                                                                 :(Average:305537841699448260 W/data center, 174.8507 dBW/data center)
2026/05/07 19:38:46 - simulation time     650 (s) :                                                                             Edge=              0.0006 W,   -31.8709 dBW
2026/05/07 19:38:46 - simulation time     650 (s) :                                                                                 :(Average:0 W/data center, -45.673 dBW/data center)
2026/05/07 19:38:46 - simulation time     650 (s) :                                                                             Mist= 5508758036273614800 W,   187.4105 dBW
2026/05/07 19:38:46 - simulation time     650 (s) :                                                                                 :(Average:13771895090684038 W/edge device, 161.3899 dBW/edge device)
2026/05/07 19:38:46 - simulation time     650 (s) : SimLog- Dead edge devices due to battery drain                                  :              0 devices (Among 0 devices with batteries (NaN %))
2026/05/07 19:38:46 - simulation time     650 (s) : SimLog- Average remaining power (devices with batteries that are still alive)   :              0 Wh (Average: 0 %)
2026/05/07 19:38:46 - simulation time     650 (s) : SimulationManager- the Scenario Simulation overflow times :0

================== Simulation finished at time 685.20 ==================


SimLog- Iteration finished...

######################################################################################################################################################################
Starting CloudSim Plus 4.3.0

2026/05/07 19:38:46 - simulation time       0 (s) : ServersManager- Datacenters and devices were generated
2026/05/07 19:38:46 - simulation time       0 (s) : SimulationManager-  Orchestration algorithm= TASK_CLF_Q_LEARNING-  Architechitecture= ALL -  number of edge devices= 500
2026/05/07 19:38:46 - simulation time       0 (s) : SimulationManager- Simulation: 1  , iteration: 5
2026/05/07 19:38:56 - simulation time     650 (s) : 
2026/05/07 19:38:56 - simulation time     650 (s) : ------------------------------------------------------- OUTPUT -------------------------------------------------------
2026/05/07 19:38:56 - simulation time     650 (s) : 
2026/05/07 19:38:56 - simulation time     650 (s) : SimLog- Tasks not sent because device died (low energy)                         :               0 % (0 tasks)
2026/05/07 19:38:56 - simulation time     650 (s) : SimLog- Tasks sent from edge devices                                            :             100 % (8088 among 8088 generated tasks)
2026/05/07 19:38:56 - simulation time     650 (s) : -------------------------------------All values below are based on the sent tasks-------------------------------------
2026/05/07 19:38:56 - simulation time     650 (s) : SimLog- Tasks ETE delay                                                         :     13658.7341 seconds
2026/05/07 19:38:56 - simulation time     650 (s) : SimLog- Average tasks ETE delay                                                 :         1.7415 seconds
2026/05/07 19:38:56 - simulation time     650 (s) : SimLog- Tasks execution delay                                                   :     10633.5656 seconds
2026/05/07 19:38:56 - simulation time     650 (s) : SimLog- Average tasks execution delay                                           :          1.351 seconds
2026/05/07 19:38:56 - simulation time     650 (s) : SimLog- Tasks waiting time (from task submiting to the execution start)         :      1846.8181 seconds
2026/05/07 19:38:56 - simulation time     650 (s) : SimLog- Average tasks waiting time (from task submiting to the execution start) :         0.2346 seconds
2026/05/07 19:38:56 - simulation time     650 (s) : SimLog- Tasks successfully executed                                             :        96.9708 % (7843 among 8088 sent tasks)
2026/05/07 19:38:56 - simulation time     650 (s) : SimLog- Tasks failures
2026/05/07 19:38:56 - simulation time     650 (s) :                                        Not executed due to resources unavailable:              0 % (0 tasks)
2026/05/07 19:38:56 - simulation time     650 (s) :                               Successfully executed but failed due to high delay:         3.0168 % (244 tasks from 8088 successfully sent tasks)
2026/05/07 19:38:56 - simulation time     650 (s) :                  Tasks execution results not returned because the device is dead:              0 % (0 tasks)
2026/05/07 19:38:56 - simulation time     650 (s) :                      Tasks execution results not returned due to device mobility:         0.0124 % (1 tasks)
2026/05/07 19:38:56 - simulation time     650 (s) : SimLog- Tasks executed on each level                                : Cloud=            197 tasks (where 197 were successfully executed)
2026/05/07 19:38:56 - simulation time     650 (s) :                                                                        Edge=              0 tasks (where 0 were successfully executed)
2026/05/07 19:38:56 - simulation time     650 (s) :                                                                        Mist=           7891 tasks (where 7646 were successfully executed)
2026/05/07 19:38:56 - simulation time     650 (s) : SimLog- Network usage                                                           :           1082 seconds (The total traffic: 4077.75 (MBytes))
2026/05/07 19:38:56 - simulation time     650 (s) :                                                                         Wan=            230 seconds (21.2569 % of total usage, WAN used when downloading containers=0 % of WAN usage)
2026/05/07 19:38:56 - simulation time     650 (s) :                                                                         Lan=           1082 seconds (100 % of total usage, LAN used when downloading containers=0 % of LAN usage)
2026/05/07 19:38:56 - simulation time     650 (s) :                                                    Average bandwidth per transfer=       953.1405 Mbps  
2026/05/07 19:38:56 - simulation time     650 (s) : SimLog- Average vm CPU utilization                                              :         1.1066 %
2026/05/07 19:38:56 - simulation time     650 (s) : SimLog- Average vm CPU utilization per level                             : Cloud=         0.0128 %
2026/05/07 19:38:56 - simulation time     650 (s) :                                                                             Edge=              0 %
2026/05/07 19:38:56 - simulation time     650 (s) :                                                                             Mist=         1.1991 %
2026/05/07 19:38:56 - simulation time     650 (s) : SimLog- Energy consumption                                                      :23018834777544544000 W,   193.6208 dBW
2026/05/07 19:38:56 - simulation time     650 (s) :                                                                                 :(Average:42470174866318344 W/data center(or device), 166.2808 dBW/data center(or device))
2026/05/07 19:38:56 - simulation time     650 (s) :                                                                                 :(Average:2846399749912766.5 W/task, 154.543 dBW/task)
2026/05/07 19:38:56 - simulation time     650 (s) : SimLog- Energy Consumption per level                                     : Cloud=11505159174097367000 W,   190.6089 dBW
2026/05/07 19:38:56 - simulation time     650 (s) :                                                                                 :(Average:639175509672075900 W/data center, 178.0562 dBW/data center)
2026/05/07 19:38:56 - simulation time     650 (s) :                                                                             Edge=              0.0006 W,   -31.8709 dBW
2026/05/07 19:38:56 - simulation time     650 (s) :                                                                                 :(Average:0 W/data center, -45.673 dBW/data center)
2026/05/07 19:38:56 - simulation time     650 (s) :                                                                             Mist=11513675603447177000 W,   190.6121 dBW
2026/05/07 19:38:56 - simulation time     650 (s) :                                                                                 :(Average:23027351206894356 W/edge device, 163.6224 dBW/edge device)
2026/05/07 19:38:56 - simulation time     650 (s) : SimLog- Dead edge devices due to battery drain                                  :              0 devices (Among 0 devices with batteries (NaN %))
2026/05/07 19:38:56 - simulation time     650 (s) : SimLog- Average remaining power (devices with batteries that are still alive)   :              0 Wh (Average: 0 %)
2026/05/07 19:38:56 - simulation time     650 (s) : SimulationManager- the Scenario Simulation overflow times :0

================== Simulation finished at time 685.20 ==================


SimLog- Iteration finished...

######################################################################################################################################################################
Starting CloudSim Plus 4.3.0

2026/05/07 19:38:56 - simulation time       0 (s) : ServersManager- Datacenters and devices were generated
2026/05/07 19:38:56 - simulation time       0 (s) : SimulationManager-  Orchestration algorithm= TASK_CLF_Q_LEARNING-  Architechitecture= ALL -  number of edge devices= 600
2026/05/07 19:38:56 - simulation time       0 (s) : SimulationManager- Simulation: 1  , iteration: 6
2026/05/07 19:39:09 - simulation time     660 (s) : 
2026/05/07 19:39:09 - simulation time     660 (s) : ------------------------------------------------------- OUTPUT -------------------------------------------------------
2026/05/07 19:39:09 - simulation time     660 (s) : 
2026/05/07 19:39:09 - simulation time     660 (s) : SimLog- Tasks not sent because device died (low energy)                         :               0 % (0 tasks)
2026/05/07 19:39:09 - simulation time     660 (s) : SimLog- Tasks sent from edge devices                                            :             100 % (9760 among 9760 generated tasks)
2026/05/07 19:39:09 - simulation time     660 (s) : -------------------------------------All values below are based on the sent tasks-------------------------------------
2026/05/07 19:39:09 - simulation time     660 (s) : SimLog- Tasks ETE delay                                                         :     16131.4313 seconds
2026/05/07 19:39:09 - simulation time     660 (s) : SimLog- Average tasks ETE delay                                                 :         1.7157 seconds
2026/05/07 19:39:09 - simulation time     660 (s) : SimLog- Tasks execution delay                                                   :     11378.3946 seconds
2026/05/07 19:39:09 - simulation time     660 (s) : SimLog- Average tasks execution delay                                           :         1.2034 seconds
2026/05/07 19:39:09 - simulation time     660 (s) : SimLog- Tasks waiting time (from task submiting to the execution start)         :      3001.2992 seconds
2026/05/07 19:39:09 - simulation time     660 (s) : SimLog- Average tasks waiting time (from task submiting to the execution start) :         0.3174 seconds
2026/05/07 19:39:09 - simulation time     660 (s) : SimLog- Tasks successfully executed                                             :         96.332 % (9402 among 9760 sent tasks)
2026/05/07 19:39:09 - simulation time     660 (s) : SimLog- Tasks failures
2026/05/07 19:39:09 - simulation time     660 (s) :                                        Not executed due to resources unavailable:              0 % (0 tasks)
2026/05/07 19:39:09 - simulation time     660 (s) :                               Successfully executed but failed due to high delay:         3.5963 % (351 tasks from 9760 successfully sent tasks)
2026/05/07 19:39:09 - simulation time     660 (s) :                  Tasks execution results not returned because the device is dead:              0 % (0 tasks)
2026/05/07 19:39:09 - simulation time     660 (s) :                      Tasks execution results not returned due to device mobility:         0.0717 % (7 tasks)
2026/05/07 19:39:09 - simulation time     660 (s) : SimLog- Tasks executed on each level                                : Cloud=            309 tasks (where 303 were successfully executed)
2026/05/07 19:39:09 - simulation time     660 (s) :                                                                        Edge=              0 tasks (where 0 were successfully executed)
2026/05/07 19:39:09 - simulation time     660 (s) :                                                                        Mist=           9451 tasks (where 9099 were successfully executed)
2026/05/07 19:39:09 - simulation time     660 (s) : SimLog- Network usage                                                           :           1371 seconds (The total traffic: 6327.7 (MBytes))
2026/05/07 19:39:09 - simulation time     660 (s) :                                                                         Wan=            403 seconds (29.3946 % of total usage, WAN used when downloading containers=0 % of WAN usage)
2026/05/07 19:39:09 - simulation time     660 (s) :                                                                         Lan=           1371 seconds (100 % of total usage, LAN used when downloading containers=0 % of LAN usage)
2026/05/07 19:39:09 - simulation time     660 (s) :                                                    Average bandwidth per transfer=        858.255 Mbps  
2026/05/07 19:39:09 - simulation time     660 (s) : SimLog- Average vm CPU utilization                                              :           0.97 %
2026/05/07 19:39:09 - simulation time     660 (s) : SimLog- Average vm CPU utilization per level                             : Cloud=         0.0871 %
2026/05/07 19:39:09 - simulation time     660 (s) :                                                                             Edge=              0 %
2026/05/07 19:39:09 - simulation time     660 (s) :                                                                             Mist=         1.0352 %
2026/05/07 19:39:09 - simulation time     660 (s) : SimLog- Energy consumption                                                      :37780873252091640000 W,   195.7727 dBW
2026/05/07 19:39:09 - simulation time     660 (s) :                                                                                 :(Average:58848712230672336 W/data center(or device), 167.6974 dBW/data center(or device))
2026/05/07 19:39:09 - simulation time     660 (s) :                                                                                 :(Average:3872181331566223.5 W/task, 155.8796 dBW/task)
2026/05/07 19:39:09 - simulation time     660 (s) : SimLog- Energy Consumption per level                                     : Cloud=18812609490675368000 W,   192.7445 dBW
2026/05/07 19:39:09 - simulation time     660 (s) :                                                                                 :(Average:1045144971704187140 W/data center, 180.1918 dBW/data center)
2026/05/07 19:39:09 - simulation time     660 (s) :                                                                             Edge=              0.0007 W,   -31.8046 dBW
2026/05/07 19:39:09 - simulation time     660 (s) :                                                                                 :(Average:0 W/data center, -45.6067 dBW/data center)
2026/05/07 19:39:09 - simulation time     660 (s) :                                                                             Mist=18968263761416280000 W,   192.7803 dBW
2026/05/07 19:39:09 - simulation time     660 (s) :                                                                                 :(Average:31613772935693796 W/edge device, 164.9988 dBW/edge device)
2026/05/07 19:39:09 - simulation time     660 (s) : SimLog- Dead edge devices due to battery drain                                  :              0 devices (Among 0 devices with batteries (NaN %))
2026/05/07 19:39:09 - simulation time     660 (s) : SimLog- Average remaining power (devices with batteries that are still alive)   :              0 Wh (Average: 0 %)
2026/05/07 19:39:09 - simulation time     660 (s) : SimulationManager- the Scenario Simulation overflow times :0

================== Simulation finished at time 691.50 ==================


SimLog- Iteration finished...

######################################################################################################################################################################
Starting CloudSim Plus 4.3.0

2026/05/07 19:39:09 - simulation time       0 (s) : ServersManager- Datacenters and devices were generated
2026/05/07 19:39:09 - simulation time       0 (s) : SimulationManager-  Orchestration algorithm= TASK_CLF_Q_LEARNING-  Architechitecture= ALL -  number of edge devices= 700
2026/05/07 19:39:09 - simulation time       0 (s) : SimulationManager- Simulation: 1  , iteration: 7
2026/05/07 19:39:27 - simulation time     660 (s) : 
2026/05/07 19:39:27 - simulation time     660 (s) : ------------------------------------------------------- OUTPUT -------------------------------------------------------
2026/05/07 19:39:27 - simulation time     660 (s) : 
2026/05/07 19:39:27 - simulation time     660 (s) : SimLog- Tasks not sent because device died (low energy)                         :               0 % (0 tasks)
2026/05/07 19:39:27 - simulation time     660 (s) : SimLog- Tasks sent from edge devices                                            :             100 % (11514 among 11514 generated tasks)
2026/05/07 19:39:27 - simulation time     660 (s) : -------------------------------------All values below are based on the sent tasks-------------------------------------
2026/05/07 19:39:27 - simulation time     660 (s) : SimLog- Tasks ETE delay                                                         :     21880.5369 seconds
2026/05/07 19:39:27 - simulation time     660 (s) : SimLog- Average tasks ETE delay                                                 :         2.0026 seconds
2026/05/07 19:39:27 - simulation time     660 (s) : SimLog- Tasks execution delay                                                   :     13377.1291 seconds
2026/05/07 19:39:27 - simulation time     660 (s) : SimLog- Average tasks execution delay                                           :         1.2151 seconds
2026/05/07 19:39:27 - simulation time     660 (s) : SimLog- Tasks waiting time (from task submiting to the execution start)         :      7275.6346 seconds
2026/05/07 19:39:27 - simulation time     660 (s) : SimLog- Average tasks waiting time (from task submiting to the execution start) :         0.6609 seconds
2026/05/07 19:39:27 - simulation time     660 (s) : SimLog- Tasks successfully executed                                             :        94.8932 % (10926 among 11514 sent tasks)
2026/05/07 19:39:27 - simulation time     660 (s) : SimLog- Tasks failures
2026/05/07 19:39:27 - simulation time     660 (s) :                                        Not executed due to resources unavailable:              0 % (0 tasks)
2026/05/07 19:39:27 - simulation time     660 (s) :                               Successfully executed but failed due to high delay:         5.0808 % (585 tasks from 11514 successfully sent tasks)
2026/05/07 19:39:27 - simulation time     660 (s) :                  Tasks execution results not returned because the device is dead:              0 % (0 tasks)
2026/05/07 19:39:27 - simulation time     660 (s) :                      Tasks execution results not returned due to device mobility:         0.0261 % (3 tasks)
2026/05/07 19:39:27 - simulation time     660 (s) : SimLog- Tasks executed on each level                                : Cloud=            157 tasks (where 156 were successfully executed)
2026/05/07 19:39:27 - simulation time     660 (s) :                                                                        Edge=              0 tasks (where 0 were successfully executed)
2026/05/07 19:39:27 - simulation time     660 (s) :                                                                        Mist=          11357 tasks (where 10770 were successfully executed)
2026/05/07 19:39:27 - simulation time     660 (s) : SimLog- Network usage                                                           :           1205 seconds (The total traffic: 3498.95 (MBytes))
2026/05/07 19:39:27 - simulation time     660 (s) :                                                                         Wan=            157 seconds (13.029 % of total usage, WAN used when downloading containers=0 % of WAN usage)
2026/05/07 19:39:27 - simulation time     660 (s) :                                                                         Lan=           1205 seconds (100 % of total usage, LAN used when downloading containers=0 % of LAN usage)
2026/05/07 19:39:27 - simulation time     660 (s) :                                                    Average bandwidth per transfer=      1020.0343 Mbps  
2026/05/07 19:39:27 - simulation time     660 (s) : SimLog- Average vm CPU utilization                                              :         1.0632 %
2026/05/07 19:39:27 - simulation time     660 (s) : SimLog- Average vm CPU utilization per level                             : Cloud=         0.0085 %
2026/05/07 19:39:27 - simulation time     660 (s) :                                                                             Edge=              0 %
2026/05/07 19:39:27 - simulation time     660 (s) :                                                                             Mist=         1.1268 %
2026/05/07 19:39:27 - simulation time     660 (s) : SimLog- Energy consumption                                                      :17894050040474579000 W,   192.5271 dBW
2026/05/07 19:39:27 - simulation time     660 (s) :                                                                                 :(Average:24115970404952264 W/data center(or device), 163.823 dBW/data center(or device))
2026/05/07 19:39:27 - simulation time     660 (s) :                                                                                 :(Average:1554382387115582 W/task, 151.9156 dBW/task)
2026/05/07 19:39:27 - simulation time     660 (s) : SimLog- Energy Consumption per level                                     : Cloud= 8913729218220435500 W,   189.5006 dBW
2026/05/07 19:39:27 - simulation time     660 (s) :                                                                                 :(Average:495207178790024190 W/data center, 176.9479 dBW/data center)
2026/05/07 19:39:27 - simulation time     660 (s) :                                                                             Edge=              0.0007 W,   -31.8046 dBW
2026/05/07 19:39:27 - simulation time     660 (s) :                                                                                 :(Average:0 W/data center, -45.6067 dBW/data center)
2026/05/07 19:39:27 - simulation time     660 (s) :                                                                             Mist= 8980320822254142500 W,   189.5329 dBW
2026/05/07 19:39:27 - simulation time     660 (s) :                                                                                 :(Average:12829029746077346 W/edge device, 161.0819 dBW/edge device)
2026/05/07 19:39:27 - simulation time     660 (s) : SimLog- Dead edge devices due to battery drain                                  :              0 devices (Among 0 devices with batteries (NaN %))
2026/05/07 19:39:27 - simulation time     660 (s) : SimLog- Average remaining power (devices with batteries that are still alive)   :              0 Wh (Average: 0 %)
2026/05/07 19:39:27 - simulation time     660 (s) : SimulationManager- the Scenario Simulation overflow times :0

================== Simulation finished at time 691.50 ==================


SimLog- Iteration finished...

######################################################################################################################################################################
Starting CloudSim Plus 4.3.0

2026/05/07 19:39:27 - simulation time       0 (s) : ServersManager- Datacenters and devices were generated
2026/05/07 19:39:27 - simulation time       0 (s) : SimulationManager-  Orchestration algorithm= TASK_CLF_Q_LEARNING-  Architechitecture= ALL -  number of edge devices= 800
2026/05/07 19:39:27 - simulation time       0 (s) : SimulationManager- Simulation: 1  , iteration: 8
2026/05/07 19:39:49 - simulation time     650 (s) : 
2026/05/07 19:39:49 - simulation time     650 (s) : ------------------------------------------------------- OUTPUT -------------------------------------------------------
2026/05/07 19:39:49 - simulation time     650 (s) : 
2026/05/07 19:39:49 - simulation time     650 (s) : SimLog- Tasks not sent because device died (low energy)                         :               0 % (0 tasks)
2026/05/07 19:39:49 - simulation time     650 (s) : SimLog- Tasks sent from edge devices                                            :             100 % (13008 among 13008 generated tasks)
2026/05/07 19:39:49 - simulation time     650 (s) : -------------------------------------All values below are based on the sent tasks-------------------------------------
2026/05/07 19:39:49 - simulation time     650 (s) : SimLog- Tasks ETE delay                                                         :     30074.7628 seconds
2026/05/07 19:39:49 - simulation time     650 (s) : SimLog- Average tasks ETE delay                                                 :         2.5027 seconds
2026/05/07 19:39:49 - simulation time     650 (s) : SimLog- Tasks execution delay                                                   :     15757.0961 seconds
2026/05/07 19:39:49 - simulation time     650 (s) : SimLog- Average tasks execution delay                                           :         1.2991 seconds
2026/05/07 19:39:49 - simulation time     650 (s) : SimLog- Tasks waiting time (from task submiting to the execution start)         :     11253.3288 seconds
2026/05/07 19:39:49 - simulation time     650 (s) : SimLog- Average tasks waiting time (from task submiting to the execution start) :         0.9278 seconds
2026/05/07 19:39:49 - simulation time     650 (s) : SimLog- Tasks successfully executed                                             :        92.3816 % (12017 among 13008 sent tasks)
2026/05/07 19:39:49 - simulation time     650 (s) : SimLog- Tasks failures
2026/05/07 19:39:49 - simulation time     650 (s) :                                        Not executed due to resources unavailable:              0 % (0 tasks)
2026/05/07 19:39:49 - simulation time     650 (s) :                               Successfully executed but failed due to high delay:         7.4646 % (971 tasks from 13008 successfully sent tasks)
2026/05/07 19:39:49 - simulation time     650 (s) :                  Tasks execution results not returned because the device is dead:              0 % (0 tasks)
2026/05/07 19:39:49 - simulation time     650 (s) :                      Tasks execution results not returned due to device mobility:         0.1538 % (20 tasks)
2026/05/07 19:39:49 - simulation time     650 (s) : SimLog- Tasks executed on each level                                : Cloud=            560 tasks (where 540 were successfully executed)
2026/05/07 19:39:49 - simulation time     650 (s) :                                                                        Edge=              0 tasks (where 0 were successfully executed)
2026/05/07 19:39:49 - simulation time     650 (s) :                                                                        Mist=          12448 tasks (where 11477 were successfully executed)
2026/05/07 19:39:49 - simulation time     650 (s) : SimLog- Network usage                                                           :           2825 seconds (The total traffic: 11248.55 (MBytes))
2026/05/07 19:39:49 - simulation time     650 (s) :                                                                         Wan=            975 seconds (34.5133 % of total usage, WAN used when downloading containers=0 % of WAN usage)
2026/05/07 19:39:49 - simulation time     650 (s) :                                                                         Lan=           2825 seconds (100 % of total usage, LAN used when downloading containers=0 % of LAN usage)
2026/05/07 19:39:49 - simulation time     650 (s) :                                                    Average bandwidth per transfer=       794.2316 Mbps  
2026/05/07 19:39:49 - simulation time     650 (s) : SimLog- Average vm CPU utilization                                              :         1.0886 %
2026/05/07 19:39:49 - simulation time     650 (s) : SimLog- Average vm CPU utilization per level                             : Cloud=         0.2178 %
2026/05/07 19:39:49 - simulation time     650 (s) :                                                                             Edge=              0 %
2026/05/07 19:39:49 - simulation time     650 (s) :                                                                             Mist=         1.1409 %
2026/05/07 19:39:49 - simulation time     650 (s) : SimLog- Energy consumption                                                      :75553866992188360000 W,   198.7826 dBW
2026/05/07 19:39:49 - simulation time     650 (s) :                                                                                 :(Average:89731433482408976 W/data center(or device), 169.5294 dBW/data center(or device))
2026/05/07 19:39:49 - simulation time     650 (s) :                                                                                 :(Average:5808708156545580 W/task, 157.6408 dBW/task)
2026/05/07 19:39:49 - simulation time     650 (s) : SimLog- Energy Consumption per level                                     : Cloud=37274247217100280000 W,   195.7141 dBW
2026/05/07 19:39:49 - simulation time     650 (s) :                                                                                 :(Average:2070791512061126910 W/data center, 183.1614 dBW/data center)
2026/05/07 19:39:49 - simulation time     650 (s) :                                                                             Edge=              0.0006 W,   -31.8709 dBW
2026/05/07 19:39:49 - simulation time     650 (s) :                                                                                 :(Average:0 W/data center, -45.673 dBW/data center)
2026/05/07 19:39:49 - simulation time     650 (s) :                                                                             Mist=38279619775088075000 W,   195.8297 dBW
2026/05/07 19:39:49 - simulation time     650 (s) :                                                                                 :(Average:47849524718860096 W/edge device, 166.7988 dBW/edge device)
2026/05/07 19:39:49 - simulation time     650 (s) : SimLog- Dead edge devices due to battery drain                                  :              0 devices (Among 0 devices with batteries (NaN %))
2026/05/07 19:39:49 - simulation time     650 (s) : SimLog- Average remaining power (devices with batteries that are still alive)   :              0 Wh (Average: 0 %)
2026/05/07 19:39:49 - simulation time     650 (s) : SimulationManager- the Scenario Simulation overflow times :0

================== Simulation finished at time 685.20 ==================


SimLog- Iteration finished...

######################################################################################################################################################################
Starting CloudSim Plus 4.3.0

2026/05/07 19:39:49 - simulation time       0 (s) : ServersManager- Datacenters and devices were generated
2026/05/07 19:39:49 - simulation time       0 (s) : SimulationManager-  Orchestration algorithm= TASK_CLF_Q_LEARNING-  Architechitecture= ALL -  number of edge devices= 900
2026/05/07 19:39:49 - simulation time       0 (s) : SimulationManager- Simulation: 1  , iteration: 9
2026/05/07 19:40:17 - simulation time     650 (s) : 
2026/05/07 19:40:17 - simulation time     650 (s) : ------------------------------------------------------- OUTPUT -------------------------------------------------------
2026/05/07 19:40:17 - simulation time     650 (s) : 
2026/05/07 19:40:17 - simulation time     650 (s) : SimLog- Tasks not sent because device died (low energy)                         :               0 % (0 tasks)
2026/05/07 19:40:17 - simulation time     650 (s) : SimLog- Tasks sent from edge devices                                            :             100 % (14502 among 14502 generated tasks)
2026/05/07 19:40:17 - simulation time     650 (s) : -------------------------------------All values below are based on the sent tasks-------------------------------------
2026/05/07 19:40:17 - simulation time     650 (s) : SimLog- Tasks ETE delay                                                         :     36386.2698 seconds
2026/05/07 19:40:17 - simulation time     650 (s) : SimLog- Average tasks ETE delay                                                 :         2.7578 seconds
2026/05/07 19:40:17 - simulation time     650 (s) : SimLog- Tasks execution delay                                                   :     17409.8176 seconds
2026/05/07 19:40:17 - simulation time     650 (s) : SimLog- Average tasks execution delay                                           :         1.3119 seconds
2026/05/07 19:40:17 - simulation time     650 (s) : SimLog- Tasks waiting time (from task submiting to the execution start)         :     16160.5979 seconds
2026/05/07 19:40:17 - simulation time     650 (s) : SimLog- Average tasks waiting time (from task submiting to the execution start) :         1.2177 seconds
2026/05/07 19:40:17 - simulation time     650 (s) : SimLog- Tasks successfully executed                                             :        90.9806 % (13194 among 14502 sent tasks)
2026/05/07 19:40:17 - simulation time     650 (s) : SimLog- Tasks failures
2026/05/07 19:40:17 - simulation time     650 (s) :                                        Not executed due to resources unavailable:              0 % (0 tasks)
2026/05/07 19:40:17 - simulation time     650 (s) :                               Successfully executed but failed due to high delay:         8.8815 % (1288 tasks from 14502 successfully sent tasks)
2026/05/07 19:40:17 - simulation time     650 (s) :                  Tasks execution results not returned because the device is dead:              0 % (0 tasks)
2026/05/07 19:40:17 - simulation time     650 (s) :                      Tasks execution results not returned due to device mobility:         0.1379 % (20 tasks)
2026/05/07 19:40:17 - simulation time     650 (s) : SimLog- Tasks executed on each level                                : Cloud=            501 tasks (where 482 were successfully executed)
2026/05/07 19:40:17 - simulation time     650 (s) :                                                                        Edge=              0 tasks (where 0 were successfully executed)
2026/05/07 19:40:17 - simulation time     650 (s) :                                                                        Mist=          14001 tasks (where 12712 were successfully executed)
2026/05/07 19:40:17 - simulation time     650 (s) : SimLog- Network usage                                                           :           2389 seconds (The total traffic: 10063.35 (MBytes))
2026/05/07 19:40:17 - simulation time     650 (s) :                                                                         Wan=            899 seconds (37.6308 % of total usage, WAN used when downloading containers=0 % of WAN usage)
2026/05/07 19:40:17 - simulation time     650 (s) :                                                                         Lan=           2389 seconds (100 % of total usage, LAN used when downloading containers=0 % of LAN usage)
2026/05/07 19:40:17 - simulation time     650 (s) :                                                    Average bandwidth per transfer=       806.7379 Mbps  
2026/05/07 19:40:17 - simulation time     650 (s) : SimLog- Average vm CPU utilization                                              :         1.1294 %
2026/05/07 19:40:17 - simulation time     650 (s) : SimLog- Average vm CPU utilization per level                             : Cloud=           0.18 %
2026/05/07 19:40:17 - simulation time     650 (s) :                                                                             Edge=              0 %
2026/05/07 19:40:17 - simulation time     650 (s) :                                                                             Mist=         1.1785 %
2026/05/07 19:40:17 - simulation time     650 (s) : SimLog- Energy consumption                                                      :63177783050963526000 W,   198.0056 dBW
2026/05/07 19:40:17 - simulation time     650 (s) :                                                                                 :(Average:67067710245184208 W/data center(or device), 168.2651 dBW/data center(or device))
2026/05/07 19:40:17 - simulation time     650 (s) :                                                                                 :(Average:4357388995859268 W/task, 156.3923 dBW/task)
2026/05/07 19:40:17 - simulation time     650 (s) : SimLog- Energy Consumption per level                                     : Cloud=31034974493975010000 W,   194.9185 dBW
2026/05/07 19:40:17 - simulation time     650 (s) :                                                                                 :(Average:1724165249665278460 W/data center, 182.3658 dBW/data center)
2026/05/07 19:40:17 - simulation time     650 (s) :                                                                             Edge=              0.0006 W,   -31.8709 dBW
2026/05/07 19:40:17 - simulation time     650 (s) :                                                                                 :(Average:0 W/data center, -45.673 dBW/data center)
2026/05/07 19:40:17 - simulation time     650 (s) :                                                                             Mist=32142808556988514000 W,   195.0708 dBW
2026/05/07 19:40:17 - simulation time     650 (s) :                                                                                 :(Average:35714231729987240 W/edge device, 165.5284 dBW/edge device)
2026/05/07 19:40:17 - simulation time     650 (s) : SimLog- Dead edge devices due to battery drain                                  :              0 devices (Among 0 devices with batteries (NaN %))
2026/05/07 19:40:17 - simulation time     650 (s) : SimLog- Average remaining power (devices with batteries that are still alive)   :              0 Wh (Average: 0 %)
2026/05/07 19:40:17 - simulation time     650 (s) : SimulationManager- the Scenario Simulation overflow times :0

================== Simulation finished at time 685.20 ==================


SimLog- Iteration finished...

######################################################################################################################################################################
Starting CloudSim Plus 4.3.0

2026/05/07 19:40:17 - simulation time       0 (s) : ServersManager- Datacenters and devices were generated
2026/05/07 19:40:17 - simulation time       0 (s) : SimulationManager-  Orchestration algorithm= TASK_CLF_Q_LEARNING-  Architechitecture= ALL -  number of edge devices= 1000
2026/05/07 19:40:17 - simulation time       0 (s) : SimulationManager- Simulation: 1  , iteration: 10
2026/05/07 19:40:52 - simulation time     650 (s) : 
2026/05/07 19:40:52 - simulation time     650 (s) : ------------------------------------------------------- OUTPUT -------------------------------------------------------
2026/05/07 19:40:52 - simulation time     650 (s) : 
2026/05/07 19:40:52 - simulation time     650 (s) : SimLog- Tasks not sent because device died (low energy)                         :               0 % (0 tasks)
2026/05/07 19:40:52 - simulation time     650 (s) : SimLog- Tasks sent from edge devices                                            :             100 % (16554 among 16554 generated tasks)
2026/05/07 19:40:52 - simulation time     650 (s) : -------------------------------------All values below are based on the sent tasks-------------------------------------
2026/05/07 19:40:52 - simulation time     650 (s) : SimLog- Tasks ETE delay                                                         :     43723.6485 seconds
2026/05/07 19:40:52 - simulation time     650 (s) : SimLog- Average tasks ETE delay                                                 :         2.9204 seconds
2026/05/07 19:40:52 - simulation time     650 (s) : SimLog- Tasks execution delay                                                   :     18319.4142 seconds
2026/05/07 19:40:52 - simulation time     650 (s) : SimLog- Average tasks execution delay                                           :         1.2139 seconds
2026/05/07 19:40:52 - simulation time     650 (s) : SimLog- Tasks waiting time (from task submiting to the execution start)         :     21406.9943 seconds
2026/05/07 19:40:52 - simulation time     650 (s) : SimLog- Average tasks waiting time (from task submiting to the execution start) :         1.4185 seconds
2026/05/07 19:40:52 - simulation time     650 (s) : SimLog- Tasks successfully executed                                             :        90.4434 % (14972 among 16554 sent tasks)
2026/05/07 19:40:52 - simulation time     650 (s) : SimLog- Tasks failures
2026/05/07 19:40:52 - simulation time     650 (s) :                                        Not executed due to resources unavailable:              0 % (0 tasks)
2026/05/07 19:40:52 - simulation time     650 (s) :                               Successfully executed but failed due to high delay:         9.3512 % (1548 tasks from 16554 successfully sent tasks)
2026/05/07 19:40:52 - simulation time     650 (s) :                  Tasks execution results not returned because the device is dead:              0 % (0 tasks)
2026/05/07 19:40:52 - simulation time     650 (s) :                      Tasks execution results not returned due to device mobility:         0.2054 % (34 tasks)
2026/05/07 19:40:52 - simulation time     650 (s) : SimLog- Tasks executed on each level                                : Cloud=            667 tasks (where 634 were successfully executed)
2026/05/07 19:40:52 - simulation time     650 (s) :                                                                        Edge=              0 tasks (where 0 were successfully executed)
2026/05/07 19:40:52 - simulation time     650 (s) :                                                                        Mist=          15887 tasks (where 14338 were successfully executed)
2026/05/07 19:40:52 - simulation time     650 (s) : SimLog- Network usage                                                           :           3402 seconds (The total traffic: 13303.7 (MBytes))
2026/05/07 19:40:52 - simulation time     650 (s) :                                                                         Wan=           1377 seconds (40.4762 % of total usage, WAN used when downloading containers=0 % of WAN usage)
2026/05/07 19:40:52 - simulation time     650 (s) :                                                                         Lan=           3402 seconds (100 % of total usage, LAN used when downloading containers=0 % of LAN usage)
2026/05/07 19:40:52 - simulation time     650 (s) :                                                    Average bandwidth per transfer=       779.4706 Mbps  
2026/05/07 19:40:52 - simulation time     650 (s) : SimLog- Average vm CPU utilization                                              :         1.1226 %
2026/05/07 19:40:52 - simulation time     650 (s) : SimLog- Average vm CPU utilization per level                             : Cloud=         0.2621 %
2026/05/07 19:40:52 - simulation time     650 (s) :                                                                             Edge=              0 %
2026/05/07 19:40:52 - simulation time     650 (s) :                                                                             Mist=          1.165 %
2026/05/07 19:40:52 - simulation time     650 (s) : SimLog- Energy consumption                                                      :89870589467337970000 W,   199.5362 dBW
2026/05/07 19:40:52 - simulation time     650 (s) :                                                                                 :(Average:86248166475372320 W/data center(or device), 169.3575 dBW/data center(or device))
2026/05/07 19:40:52 - simulation time     650 (s) :                                                                                 :(Average:5429590953802439 W/task, 157.3477 dBW/task)
2026/05/07 19:40:52 - simulation time     650 (s) : SimLog- Energy Consumption per level                                     : Cloud=44333639553886390000 W,   196.4673 dBW
2026/05/07 19:40:52 - simulation time     650 (s) :                                                                                 :(Average:2462979975215910400 W/data center, 183.9146 dBW/data center)
2026/05/07 19:40:52 - simulation time     650 (s) :                                                                             Edge=              0.0006 W,   -31.8709 dBW
2026/05/07 19:40:52 - simulation time     650 (s) :                                                                                 :(Average:0 W/data center, -45.673 dBW/data center)
2026/05/07 19:40:52 - simulation time     650 (s) :                                                                             Mist=45536949913451580000 W,   196.5836 dBW
2026/05/07 19:40:52 - simulation time     650 (s) :                                                                                 :(Average:45536949913451576 W/edge device, 166.5836 dBW/edge device)
2026/05/07 19:40:52 - simulation time     650 (s) : SimLog- Dead edge devices due to battery drain                                  :              0 devices (Among 0 devices with batteries (NaN %))
2026/05/07 19:40:52 - simulation time     650 (s) : SimLog- Average remaining power (devices with batteries that are still alive)   :              0 Wh (Average: 0 %)
2026/05/07 19:40:52 - simulation time     650 (s) : SimulationManager- the Scenario Simulation overflow times :0

================== Simulation finished at time 685.20 ==================


SimLog- Iteration finished...

######################################################################################################################################################################
Starting CloudSim Plus 4.3.0

2026/05/07 19:40:52 - simulation time       0 (s) : ServersManager- Datacenters and devices were generated
2026/05/07 19:40:52 - simulation time       0 (s) : SimulationManager-  Orchestration algorithm= WEIGHT_GREEDY-  Architechitecture= ALL -  number of edge devices= 100
2026/05/07 19:40:52 - simulation time       0 (s) : SimulationManager- Simulation: 1  , iteration: 11
2026/05/07 19:40:53 - simulation time     660 (s) : 
2026/05/07 19:40:53 - simulation time     660 (s) : ------------------------------------------------------- OUTPUT -------------------------------------------------------
2026/05/07 19:40:53 - simulation time     660 (s) : 
2026/05/07 19:40:53 - simulation time     660 (s) : SimLog- Tasks not sent because device died (low energy)                         :               0 % (0 tasks)
2026/05/07 19:40:53 - simulation time     660 (s) : SimLog- Tasks sent from edge devices                                            :             100 % (1618 among 1618 generated tasks)
2026/05/07 19:40:53 - simulation time     660 (s) : -------------------------------------All values below are based on the sent tasks-------------------------------------
2026/05/07 19:40:53 - simulation time     660 (s) : SimLog- Tasks ETE delay                                                         :      3971.0294 seconds
2026/05/07 19:40:53 - simulation time     660 (s) : SimLog- Average tasks ETE delay                                                 :         3.0855 seconds
2026/05/07 19:40:53 - simulation time     660 (s) : SimLog- Tasks execution delay                                                   :       786.3803 seconds
2026/05/07 19:40:53 - simulation time     660 (s) : SimLog- Average tasks execution delay                                           :         0.4897 seconds
2026/05/07 19:40:53 - simulation time     660 (s) : SimLog- Tasks waiting time (from task submiting to the execution start)         :        24.3937 seconds
2026/05/07 19:40:53 - simulation time     660 (s) : SimLog- Average tasks waiting time (from task submiting to the execution start) :         0.0152 seconds
2026/05/07 19:40:53 - simulation time     660 (s) : SimLog- Tasks successfully executed                                             :        79.5426 % (1287 among 1618 sent tasks)
2026/05/07 19:40:53 - simulation time     660 (s) : SimLog- Tasks failures
2026/05/07 19:40:53 - simulation time     660 (s) :                                        Not executed due to resources unavailable:              0 % (0 tasks)
2026/05/07 19:40:53 - simulation time     660 (s) :                               Successfully executed but failed due to high delay:        20.2719 % (328 tasks from 1618 successfully sent tasks)
2026/05/07 19:40:53 - simulation time     660 (s) :                  Tasks execution results not returned because the device is dead:              0 % (0 tasks)
2026/05/07 19:40:53 - simulation time     660 (s) :                      Tasks execution results not returned due to device mobility:         0.1854 % (3 tasks)
2026/05/07 19:40:53 - simulation time     660 (s) : SimLog- Tasks executed on each level                                : Cloud=            828 tasks (where 633 were successfully executed)
2026/05/07 19:40:53 - simulation time     660 (s) :                                                                        Edge=            458 tasks (where 360 were successfully executed)
2026/05/07 19:40:53 - simulation time     660 (s) :                                                                        Mist=            332 tasks (where 294 were successfully executed)
2026/05/07 19:40:53 - simulation time     660 (s) : SimLog- Network usage                                                           :           2898 seconds (The total traffic: 9165.85 (MBytes))
2026/05/07 19:40:53 - simulation time     660 (s) :                                                                         Wan=            828 seconds (28.5714 % of total usage, WAN used when downloading containers=0 % of WAN usage)
2026/05/07 19:40:53 - simulation time     660 (s) :                                                                         Lan=           2898 seconds (100 % of total usage, LAN used when downloading containers=0 % of LAN usage)
2026/05/07 19:40:53 - simulation time     660 (s) :                                                    Average bandwidth per transfer=       915.5867 Mbps  
2026/05/07 19:40:53 - simulation time     660 (s) : SimLog- Average vm CPU utilization                                              :          0.074 %
2026/05/07 19:40:53 - simulation time     660 (s) : SimLog- Average vm CPU utilization per level                             : Cloud=              0 %
2026/05/07 19:40:53 - simulation time     660 (s) :                                                                             Edge=         0.0446 %
2026/05/07 19:40:53 - simulation time     660 (s) :                                                                             Mist=         0.0943 %
2026/05/07 19:40:53 - simulation time     660 (s) : SimLog- Energy consumption                                                      :32084494452146870000 W,    195.063 dBW
2026/05/07 19:40:53 - simulation time     660 (s) :                                                                                 :(Average:225947144029203296 W/data center(or device), 173.5401 dBW/data center(or device))
2026/05/07 19:40:53 - simulation time     660 (s) :                                                                                 :(Average:19866560032289084 W/task, 162.9812 dBW/task)
2026/05/07 19:40:53 - simulation time     660 (s) : SimLog- Energy Consumption per level                                     : Cloud=13637718724422783000 W,   191.3474 dBW
2026/05/07 19:40:53 - simulation time     660 (s) :                                                                                 :(Average:757651040245710210 W/data center, 178.7947 dBW/data center)
2026/05/07 19:40:53 - simulation time     660 (s) :                                                                             Edge= 1229001185675883010 W,   180.8955 dBW
2026/05/07 19:40:53 - simulation time     660 (s) :                                                                                 :(Average:51208382736495128 W/data center, 167.0934 dBW/data center)
2026/05/07 19:40:53 - simulation time     660 (s) :                                                                             Mist=17217774542048203000 W,   192.3598 dBW
2026/05/07 19:40:53 - simulation time     660 (s) :                                                                                 :(Average:172177745420482016 W/edge device, 172.3598 dBW/edge device)
2026/05/07 19:40:53 - simulation time     660 (s) : SimLog- Dead edge devices due to battery drain                                  :              0 devices (Among 0 devices with batteries (NaN %))
2026/05/07 19:40:53 - simulation time     660 (s) : SimLog- Average remaining power (devices with batteries that are still alive)   :              0 Wh (Average: 0 %)
2026/05/07 19:40:53 - simulation time     660 (s) : SimulationManager- the Scenario Simulation overflow times :0

================== Simulation finished at time 691.50 ==================


SimLog- Iteration finished...

######################################################################################################################################################################
Starting CloudSim Plus 4.3.0

2026/05/07 19:40:53 - simulation time       0 (s) : ServersManager- Datacenters and devices were generated
2026/05/07 19:40:53 - simulation time       0 (s) : SimulationManager-  Orchestration algorithm= WEIGHT_GREEDY-  Architechitecture= ALL -  number of edge devices= 200
2026/05/07 19:40:53 - simulation time       0 (s) : SimulationManager- Simulation: 1  , iteration: 12
2026/05/07 19:40:56 - simulation time     650 (s) : 
2026/05/07 19:40:56 - simulation time     650 (s) : ------------------------------------------------------- OUTPUT -------------------------------------------------------
2026/05/07 19:40:56 - simulation time     650 (s) : 
2026/05/07 19:40:56 - simulation time     650 (s) : SimLog- Tasks not sent because device died (low energy)                         :               0 % (0 tasks)
2026/05/07 19:40:56 - simulation time     650 (s) : SimLog- Tasks sent from edge devices                                            :             100 % (3282 among 3282 generated tasks)
2026/05/07 19:40:56 - simulation time     650 (s) : -------------------------------------All values below are based on the sent tasks-------------------------------------
2026/05/07 19:40:56 - simulation time     650 (s) : SimLog- Tasks ETE delay                                                         :      8173.1734 seconds
2026/05/07 19:40:56 - simulation time     650 (s) : SimLog- Average tasks ETE delay                                                 :         3.0497 seconds
2026/05/07 19:40:56 - simulation time     650 (s) : SimLog- Tasks execution delay                                                   :      1822.5211 seconds
2026/05/07 19:40:56 - simulation time     650 (s) : SimLog- Average tasks execution delay                                           :         0.5735 seconds
2026/05/07 19:40:56 - simulation time     650 (s) : SimLog- Tasks waiting time (from task submiting to the execution start)         :        48.0261 seconds
2026/05/07 19:40:56 - simulation time     650 (s) : SimLog- Average tasks waiting time (from task submiting to the execution start) :         0.0151 seconds
2026/05/07 19:40:56 - simulation time     650 (s) : SimLog- Tasks successfully executed                                             :        81.6575 % (2680 among 3282 sent tasks)
2026/05/07 19:40:56 - simulation time     650 (s) : SimLog- Tasks failures
2026/05/07 19:40:56 - simulation time     650 (s) :                                        Not executed due to resources unavailable:              0 % (0 tasks)
2026/05/07 19:40:56 - simulation time     650 (s) :                               Successfully executed but failed due to high delay:        18.1901 % (597 tasks from 3282 successfully sent tasks)
2026/05/07 19:40:56 - simulation time     650 (s) :                  Tasks execution results not returned because the device is dead:              0 % (0 tasks)
2026/05/07 19:40:56 - simulation time     650 (s) :                      Tasks execution results not returned due to device mobility:         0.1523 % (5 tasks)
2026/05/07 19:40:56 - simulation time     650 (s) : SimLog- Tasks executed on each level                                : Cloud=           1420 tasks (where 1114 were successfully executed)
2026/05/07 19:40:56 - simulation time     650 (s) :                                                                        Edge=            745 tasks (where 579 were successfully executed)
2026/05/07 19:40:56 - simulation time     650 (s) :                                                                        Mist=           1117 tasks (where 987 were successfully executed)
2026/05/07 19:40:56 - simulation time     650 (s) : SimLog- Network usage                                                           :           5452 seconds (The total traffic: 17928.45 (MBytes))
2026/05/07 19:40:56 - simulation time     650 (s) :                                                                         Wan=           1432 seconds (26.2656 % of total usage, WAN used when downloading containers=0 % of WAN usage)
2026/05/07 19:40:56 - simulation time     650 (s) :                                                                         Lan=           5452 seconds (100 % of total usage, LAN used when downloading containers=0 % of LAN usage)
2026/05/07 19:40:56 - simulation time     650 (s) :                                                    Average bandwidth per transfer=       869.4443 Mbps  
2026/05/07 19:40:56 - simulation time     650 (s) : SimLog- Average vm CPU utilization                                              :         0.2049 %
2026/05/07 19:40:56 - simulation time     650 (s) : SimLog- Average vm CPU utilization per level                             : Cloud=         0.0064 %
2026/05/07 19:40:56 - simulation time     650 (s) :                                                                             Edge=         0.0705 %
2026/05/07 19:40:56 - simulation time     650 (s) :                                                                             Mist=         0.2389 %
2026/05/07 19:40:56 - simulation time     650 (s) : SimLog- Energy consumption                                                      :54599189414007170000 W,   197.3719 dBW
2026/05/07 19:40:56 - simulation time     650 (s) :                                                                                 :(Average:225616485181847808 W/data center(or device), 173.5337 dBW/data center(or device))
2026/05/07 19:40:56 - simulation time     650 (s) :                                                                                 :(Average:16661333357951532 W/task, 162.2171 dBW/task)
2026/05/07 19:40:56 - simulation time     650 (s) : SimLog- Energy Consumption per level                                     : Cloud=23800699215651050000 W,   193.7659 dBW
2026/05/07 19:40:56 - simulation time     650 (s) :                                                                                 :(Average:1322261067536169470 W/data center, 181.2132 dBW/data center)
2026/05/07 19:40:56 - simulation time     650 (s) :                                                                             Edge= 2072053594632105220 W,    183.164 dBW
2026/05/07 19:40:56 - simulation time     650 (s) :                                                                                 :(Average:86335566443004384 W/data center, 169.3619 dBW/data center)
2026/05/07 19:40:56 - simulation time     650 (s) :                                                                             Mist=28726436603724014000 W,   194.5828 dBW
2026/05/07 19:40:56 - simulation time     650 (s) :                                                                                 :(Average:143632183018620064 W/edge device, 171.5725 dBW/edge device)
2026/05/07 19:40:56 - simulation time     650 (s) : SimLog- Dead edge devices due to battery drain                                  :              0 devices (Among 0 devices with batteries (NaN %))
2026/05/07 19:40:56 - simulation time     650 (s) : SimLog- Average remaining power (devices with batteries that are still alive)   :              0 Wh (Average: 0 %)
2026/05/07 19:40:56 - simulation time     650 (s) : SimulationManager- the Scenario Simulation overflow times :0

================== Simulation finished at time 685.20 ==================


SimLog- Iteration finished...

######################################################################################################################################################################
Starting CloudSim Plus 4.3.0

2026/05/07 19:40:56 - simulation time       0 (s) : ServersManager- Datacenters and devices were generated
2026/05/07 19:40:56 - simulation time       0 (s) : SimulationManager-  Orchestration algorithm= WEIGHT_GREEDY-  Architechitecture= ALL -  number of edge devices= 300
2026/05/07 19:40:56 - simulation time       0 (s) : SimulationManager- Simulation: 1  , iteration: 13
2026/05/07 19:41:00 - simulation time     650 (s) : 
2026/05/07 19:41:00 - simulation time     650 (s) : ------------------------------------------------------- OUTPUT -------------------------------------------------------
2026/05/07 19:41:00 - simulation time     650 (s) : 
2026/05/07 19:41:00 - simulation time     650 (s) : SimLog- Tasks not sent because device died (low energy)                         :               0 % (0 tasks)
2026/05/07 19:41:00 - simulation time     650 (s) : SimLog- Tasks sent from edge devices                                            :             100 % (4806 among 4806 generated tasks)
2026/05/07 19:41:00 - simulation time     650 (s) : -------------------------------------All values below are based on the sent tasks-------------------------------------
2026/05/07 19:41:00 - simulation time     650 (s) : SimLog- Tasks ETE delay                                                         :     12408.6777 seconds
2026/05/07 19:41:00 - simulation time     650 (s) : SimLog- Average tasks ETE delay                                                 :         3.0906 seconds
2026/05/07 19:41:00 - simulation time     650 (s) : SimLog- Tasks execution delay                                                   :      3084.1278 seconds
2026/05/07 19:41:00 - simulation time     650 (s) : SimLog- Average tasks execution delay                                           :         0.6648 seconds
2026/05/07 19:41:00 - simulation time     650 (s) : SimLog- Tasks waiting time (from task submiting to the execution start)         :        89.0397 seconds
2026/05/07 19:41:00 - simulation time     650 (s) : SimLog- Average tasks waiting time (from task submiting to the execution start) :         0.0192 seconds
2026/05/07 19:41:00 - simulation time     650 (s) : SimLog- Tasks successfully executed                                             :        83.5414 % (4015 among 4806 sent tasks)
2026/05/07 19:41:00 - simulation time     650 (s) : SimLog- Tasks failures
2026/05/07 19:41:00 - simulation time     650 (s) :                                        Not executed due to resources unavailable:              0 % (0 tasks)
2026/05/07 19:41:00 - simulation time     650 (s) :                               Successfully executed but failed due to high delay:        16.2713 % (782 tasks from 4806 successfully sent tasks)
2026/05/07 19:41:00 - simulation time     650 (s) :                  Tasks execution results not returned because the device is dead:              0 % (0 tasks)
2026/05/07 19:41:00 - simulation time     650 (s) :                      Tasks execution results not returned due to device mobility:         0.1873 % (9 tasks)
2026/05/07 19:41:00 - simulation time     650 (s) : SimLog- Tasks executed on each level                                : Cloud=           1788 tasks (where 1406 were successfully executed)
2026/05/07 19:41:00 - simulation time     650 (s) :                                                                        Edge=            939 tasks (where 751 were successfully executed)
2026/05/07 19:41:00 - simulation time     650 (s) :                                                                        Mist=           2079 tasks (where 1858 were successfully executed)
2026/05/07 19:41:00 - simulation time     650 (s) : SimLog- Network usage                                                           :           7647 seconds (The total traffic: 28642 (MBytes))
2026/05/07 19:41:00 - simulation time     650 (s) :                                                                         Wan=           1810 seconds (23.6694 % of total usage, WAN used when downloading containers=0 % of WAN usage)
2026/05/07 19:41:00 - simulation time     650 (s) :                                                                         Lan=           7647 seconds (100 % of total usage, LAN used when downloading containers=0 % of LAN usage)
2026/05/07 19:41:00 - simulation time     650 (s) :                                                    Average bandwidth per transfer=       865.0871 Mbps  
2026/05/07 19:41:00 - simulation time     650 (s) : SimLog- Average vm CPU utilization                                              :         0.3009 %
2026/05/07 19:41:00 - simulation time     650 (s) : SimLog- Average vm CPU utilization per level                             : Cloud=         0.0027 %
2026/05/07 19:41:00 - simulation time     650 (s) :                                                                             Edge=         0.1141 %
2026/05/07 19:41:00 - simulation time     650 (s) :                                                                             Mist=         0.3337 %
2026/05/07 19:41:00 - simulation time     650 (s) : SimLog- Energy consumption                                                      :67692797063780920000 W,   198.3054 dBW
2026/05/07 19:41:00 - simulation time     650 (s) :                                                                                 :(Average:197932155157254144 W/data center(or device), 172.9652 dBW/data center(or device))
2026/05/07 19:41:00 - simulation time     650 (s) :                                                                                 :(Average:14111485733537818 W/task, 161.4957 dBW/task)
2026/05/07 19:41:00 - simulation time     650 (s) : SimLog- Energy Consumption per level                                     : Cloud=29298324208154200000 W,   194.6684 dBW
2026/05/07 19:41:00 - simulation time     650 (s) :                                                                                 :(Average:1627684678230788860 W/data center, 182.1157 dBW/data center)
2026/05/07 19:41:00 - simulation time     650 (s) :                                                                             Edge= 2293798599314253820 W,   183.6056 dBW
2026/05/07 19:41:00 - simulation time     650 (s) :                                                                                 :(Average:95574941638093904 W/data center, 169.8034 dBW/data center)
2026/05/07 19:41:00 - simulation time     650 (s) :                                                                             Mist=36100674256312467000 W,   195.5752 dBW
2026/05/07 19:41:00 - simulation time     650 (s) :                                                                                 :(Average:120335580854374896 W/edge device, 170.8039 dBW/edge device)
2026/05/07 19:41:00 - simulation time     650 (s) : SimLog- Dead edge devices due to battery drain                                  :              0 devices (Among 0 devices with batteries (NaN %))
2026/05/07 19:41:00 - simulation time     650 (s) : SimLog- Average remaining power (devices with batteries that are still alive)   :              0 Wh (Average: 0 %)
2026/05/07 19:41:00 - simulation time     650 (s) : SimulationManager- the Scenario Simulation overflow times :0

================== Simulation finished at time 685.20 ==================


SimLog- Iteration finished...

######################################################################################################################################################################
Starting CloudSim Plus 4.3.0

2026/05/07 19:41:00 - simulation time       0 (s) : ServersManager- Datacenters and devices were generated
2026/05/07 19:41:00 - simulation time       0 (s) : SimulationManager-  Orchestration algorithm= WEIGHT_GREEDY-  Architechitecture= ALL -  number of edge devices= 400
2026/05/07 19:41:00 - simulation time       0 (s) : SimulationManager- Simulation: 1  , iteration: 14
2026/05/07 19:41:07 - simulation time     660 (s) : 
2026/05/07 19:41:07 - simulation time     660 (s) : ------------------------------------------------------- OUTPUT -------------------------------------------------------
2026/05/07 19:41:07 - simulation time     660 (s) : 
2026/05/07 19:41:07 - simulation time     660 (s) : SimLog- Tasks not sent because device died (low energy)                         :               0 % (0 tasks)
2026/05/07 19:41:07 - simulation time     660 (s) : SimLog- Tasks sent from edge devices                                            :             100 % (6470 among 6470 generated tasks)
2026/05/07 19:41:07 - simulation time     660 (s) : -------------------------------------All values below are based on the sent tasks-------------------------------------
2026/05/07 19:41:07 - simulation time     660 (s) : SimLog- Tasks ETE delay                                                         :      15372.799 seconds
2026/05/07 19:41:07 - simulation time     660 (s) : SimLog- Average tasks ETE delay                                                 :         2.9326 seconds
2026/05/07 19:41:07 - simulation time     660 (s) : SimLog- Tasks execution delay                                                   :      4031.2006 seconds
2026/05/07 19:41:07 - simulation time     660 (s) : SimLog- Average tasks execution delay                                           :         0.6575 seconds
2026/05/07 19:41:07 - simulation time     660 (s) : SimLog- Tasks waiting time (from task submiting to the execution start)         :       292.6916 seconds
2026/05/07 19:41:07 - simulation time     660 (s) : SimLog- Average tasks waiting time (from task submiting to the execution start) :         0.0477 seconds
2026/05/07 19:41:07 - simulation time     660 (s) : SimLog- Tasks successfully executed                                             :        81.0355 % (5243 among 6470 sent tasks)
2026/05/07 19:41:07 - simulation time     660 (s) : SimLog- Tasks failures
2026/05/07 19:41:07 - simulation time     660 (s) :                                        Not executed due to resources unavailable:              0 % (0 tasks)
2026/05/07 19:41:07 - simulation time     660 (s) :                               Successfully executed but failed due to high delay:         18.609 % (1204 tasks from 6470 successfully sent tasks)
2026/05/07 19:41:07 - simulation time     660 (s) :                  Tasks execution results not returned because the device is dead:              0 % (0 tasks)
2026/05/07 19:41:07 - simulation time     660 (s) :                      Tasks execution results not returned due to device mobility:         0.3555 % (23 tasks)
2026/05/07 19:41:07 - simulation time     660 (s) : SimLog- Tasks executed on each level                                : Cloud=           2244 tasks (where 1670 were successfully executed)
2026/05/07 19:41:07 - simulation time     660 (s) :                                                                        Edge=           1064 tasks (where 812 were successfully executed)
2026/05/07 19:41:07 - simulation time     660 (s) :                                                                        Mist=           3162 tasks (where 2761 were successfully executed)
2026/05/07 19:41:07 - simulation time     660 (s) : SimLog- Network usage                                                           :           9746 seconds (The total traffic: 31686.75 (MBytes))
2026/05/07 19:41:07 - simulation time     660 (s) :                                                                         Wan=           2259 seconds (23.1787 % of total usage, WAN used when downloading containers=0 % of WAN usage)
2026/05/07 19:41:07 - simulation time     660 (s) :                                                                         Lan=           9746 seconds (100 % of total usage, LAN used when downloading containers=0 % of LAN usage)
2026/05/07 19:41:07 - simulation time     660 (s) :                                                    Average bandwidth per transfer=       853.7731 Mbps  
2026/05/07 19:41:07 - simulation time     660 (s) : SimLog- Average vm CPU utilization                                              :         0.3442 %
2026/05/07 19:41:07 - simulation time     660 (s) : SimLog- Average vm CPU utilization per level                             : Cloud=         0.0393 %
2026/05/07 19:41:07 - simulation time     660 (s) :                                                                             Edge=         0.1386 %
2026/05/07 19:41:07 - simulation time     660 (s) :                                                                             Mist=         0.3703 %
2026/05/07 19:41:07 - simulation time     660 (s) : SimLog- Energy consumption                                                      :46954550773139390000 W,   196.7168 dBW
2026/05/07 19:41:07 - simulation time     660 (s) :                                                                                 :(Average:106232015323844768 W/data center(or device), 170.2626 dBW/data center(or device))
2026/05/07 19:41:07 - simulation time     660 (s) :                                                                                 :(Average:7280904136011690 W/task, 158.6219 dBW/task)
2026/05/07 19:41:07 - simulation time     660 (s) : SimLog- Energy Consumption per level                                     : Cloud=18780221520569962000 W,    192.737 dBW
2026/05/07 19:41:07 - simulation time     660 (s) :                                                                                 :(Average:1043345640031664640 W/data center, 180.1843 dBW/data center)
2026/05/07 19:41:07 - simulation time     660 (s) :                                                                             Edge= 2078136215704462590 W,   183.1767 dBW
2026/05/07 19:41:07 - simulation time     660 (s) :                                                                                 :(Average:86589008987685936 W/data center, 169.3746 dBW/data center)
2026/05/07 19:41:07 - simulation time     660 (s) :                                                                             Mist=26096193036864963000 W,   194.1658 dBW
2026/05/07 19:41:07 - simulation time     660 (s) :                                                                                 :(Average:65240482592162408 W/edge device, 168.1452 dBW/edge device)
2026/05/07 19:41:07 - simulation time     660 (s) : SimLog- Dead edge devices due to battery drain                                  :              0 devices (Among 0 devices with batteries (NaN %))
2026/05/07 19:41:07 - simulation time     660 (s) : SimLog- Average remaining power (devices with batteries that are still alive)   :              0 Wh (Average: 0 %)
2026/05/07 19:41:07 - simulation time     660 (s) : SimulationManager- the Scenario Simulation overflow times :1

================== Simulation finished at time 691.50 ==================


SimLog- Iteration finished...

######################################################################################################################################################################
Starting CloudSim Plus 4.3.0

2026/05/07 19:41:07 - simulation time       0 (s) : ServersManager- Datacenters and devices were generated
2026/05/07 19:41:07 - simulation time       0 (s) : SimulationManager-  Orchestration algorithm= WEIGHT_GREEDY-  Architechitecture= ALL -  number of edge devices= 500
2026/05/07 19:41:07 - simulation time       0 (s) : SimulationManager- Simulation: 1  , iteration: 15
2026/05/07 19:41:17 - simulation time     660 (s) : 
2026/05/07 19:41:17 - simulation time     660 (s) : ------------------------------------------------------- OUTPUT -------------------------------------------------------
2026/05/07 19:41:17 - simulation time     660 (s) : 
2026/05/07 19:41:17 - simulation time     660 (s) : SimLog- Tasks not sent because device died (low energy)                         :               0 % (0 tasks)
2026/05/07 19:41:17 - simulation time     660 (s) : SimLog- Tasks sent from edge devices                                            :             100 % (8186 among 8186 generated tasks)
2026/05/07 19:41:17 - simulation time     660 (s) : -------------------------------------All values below are based on the sent tasks-------------------------------------
2026/05/07 19:41:17 - simulation time     660 (s) : SimLog- Tasks ETE delay                                                         :       19089.18 seconds
2026/05/07 19:41:17 - simulation time     660 (s) : SimLog- Average tasks ETE delay                                                 :         2.8884 seconds
2026/05/07 19:41:17 - simulation time     660 (s) : SimLog- Tasks execution delay                                                   :      5038.3513 seconds
2026/05/07 19:41:17 - simulation time     660 (s) : SimLog- Average tasks execution delay                                           :         0.6565 seconds
2026/05/07 19:41:17 - simulation time     660 (s) : SimLog- Tasks waiting time (from task submiting to the execution start)         :       233.5448 seconds
2026/05/07 19:41:17 - simulation time     660 (s) : SimLog- Average tasks waiting time (from task submiting to the execution start) :         0.0304 seconds
2026/05/07 19:41:17 - simulation time     660 (s) : SimLog- Tasks successfully executed                                             :        80.7354 % (6609 among 8186 sent tasks)
2026/05/07 19:41:17 - simulation time     660 (s) : SimLog- Tasks failures
2026/05/07 19:41:17 - simulation time     660 (s) :                                        Not executed due to resources unavailable:              0 % (0 tasks)
2026/05/07 19:41:17 - simulation time     660 (s) :                               Successfully executed but failed due to high delay:        18.9958 % (1555 tasks from 8186 successfully sent tasks)
2026/05/07 19:41:17 - simulation time     660 (s) :                  Tasks execution results not returned because the device is dead:              0 % (0 tasks)
2026/05/07 19:41:17 - simulation time     660 (s) :                      Tasks execution results not returned due to device mobility:         0.2688 % (22 tasks)
2026/05/07 19:41:17 - simulation time     660 (s) : SimLog- Tasks executed on each level                                : Cloud=           2470 tasks (where 1921 were successfully executed)
2026/05/07 19:41:17 - simulation time     660 (s) :                                                                        Edge=           1255 tasks (where 910 were successfully executed)
2026/05/07 19:41:17 - simulation time     660 (s) :                                                                        Mist=           4461 tasks (where 3778 were successfully executed)
2026/05/07 19:41:17 - simulation time     660 (s) : SimLog- Network usage                                                           :          12073 seconds (The total traffic: 39114.9 (MBytes))
2026/05/07 19:41:17 - simulation time     660 (s) :                                                                         Wan=           2533 seconds (20.9807 % of total usage, WAN used when downloading containers=0 % of WAN usage)
2026/05/07 19:41:17 - simulation time     660 (s) :                                                                         Lan=          12073 seconds (100 % of total usage, LAN used when downloading containers=0 % of LAN usage)
2026/05/07 19:41:17 - simulation time     660 (s) :                                                    Average bandwidth per transfer=       867.1299 Mbps  
2026/05/07 19:41:17 - simulation time     660 (s) : SimLog- Average vm CPU utilization                                              :         0.3824 %
2026/05/07 19:41:17 - simulation time     660 (s) : SimLog- Average vm CPU utilization per level                             : Cloud=         0.0022 %
2026/05/07 19:41:17 - simulation time     660 (s) :                                                                             Edge=         0.1326 %
2026/05/07 19:41:17 - simulation time     660 (s) :                                                                             Mist=         0.4081 %
2026/05/07 19:41:17 - simulation time     660 (s) : SimLog- Energy consumption                                                      :44423757599892250000 W,   196.4762 dBW
2026/05/07 19:41:17 - simulation time     660 (s) :                                                                                 :(Average:81962652398325184 W/data center(or device), 169.1362 dBW/data center(or device))
2026/05/07 19:41:17 - simulation time     660 (s) :                                                                                 :(Average:5441420578134769 W/task, 157.3571 dBW/task)
2026/05/07 19:41:17 - simulation time     660 (s) : SimLog- Energy Consumption per level                                     : Cloud=18674515926463800000 W,   192.7125 dBW
2026/05/07 19:41:17 - simulation time     660 (s) :                                                                                 :(Average:1037473107025766660 W/data center, 180.1598 dBW/data center)
2026/05/07 19:41:17 - simulation time     660 (s) :                                                                             Edge= 1270285446895218180 W,    181.039 dBW
2026/05/07 19:41:17 - simulation time     660 (s) :                                                                                 :(Average:52928560287300760 W/data center, 167.2369 dBW/data center)
2026/05/07 19:41:17 - simulation time     660 (s) :                                                                             Mist=24478956226533233000 W,   193.8879 dBW
2026/05/07 19:41:17 - simulation time     660 (s) :                                                                                 :(Average:48957912453066464 W/edge device, 166.8982 dBW/edge device)
2026/05/07 19:41:17 - simulation time     660 (s) : SimLog- Dead edge devices due to battery drain                                  :              0 devices (Among 0 devices with batteries (NaN %))
2026/05/07 19:41:17 - simulation time     660 (s) : SimLog- Average remaining power (devices with batteries that are still alive)   :              0 Wh (Average: 0 %)
2026/05/07 19:41:17 - simulation time     660 (s) : SimulationManager- the Scenario Simulation overflow times :1

================== Simulation finished at time 691.50 ==================


SimLog- Iteration finished...

######################################################################################################################################################################
Starting CloudSim Plus 4.3.0

2026/05/07 19:41:17 - simulation time       0 (s) : ServersManager- Datacenters and devices were generated
2026/05/07 19:41:17 - simulation time       0 (s) : SimulationManager-  Orchestration algorithm= WEIGHT_GREEDY-  Architechitecture= ALL -  number of edge devices= 600
2026/05/07 19:41:17 - simulation time       0 (s) : SimulationManager- Simulation: 1  , iteration: 16
2026/05/07 19:41:31 - simulation time     650 (s) : 
2026/05/07 19:41:31 - simulation time     650 (s) : ------------------------------------------------------- OUTPUT -------------------------------------------------------
2026/05/07 19:41:31 - simulation time     650 (s) : 
2026/05/07 19:41:31 - simulation time     650 (s) : SimLog- Tasks not sent because device died (low energy)                         :               0 % (0 tasks)
2026/05/07 19:41:31 - simulation time     650 (s) : SimLog- Tasks sent from edge devices                                            :             100 % (9864 among 9864 generated tasks)
2026/05/07 19:41:31 - simulation time     650 (s) : -------------------------------------All values below are based on the sent tasks-------------------------------------
2026/05/07 19:41:31 - simulation time     650 (s) : SimLog- Tasks ETE delay                                                         :     24160.7725 seconds
2026/05/07 19:41:31 - simulation time     650 (s) : SimLog- Average tasks ETE delay                                                 :         3.0318 seconds
2026/05/07 19:41:31 - simulation time     650 (s) : SimLog- Tasks execution delay                                                   :      6136.5295 seconds
2026/05/07 19:41:31 - simulation time     650 (s) : SimLog- Average tasks execution delay                                           :         0.6641 seconds
2026/05/07 19:41:31 - simulation time     650 (s) : SimLog- Tasks waiting time (from task submiting to the execution start)         :      1188.5039 seconds
2026/05/07 19:41:31 - simulation time     650 (s) : SimLog- Average tasks waiting time (from task submiting to the execution start) :         0.1286 seconds
2026/05/07 19:41:31 - simulation time     650 (s) : SimLog- Tasks successfully executed                                             :        80.7887 % (7969 among 9864 sent tasks)
2026/05/07 19:41:31 - simulation time     650 (s) : SimLog- Tasks failures
2026/05/07 19:41:31 - simulation time     650 (s) :                                        Not executed due to resources unavailable:              0 % (0 tasks)
2026/05/07 19:41:31 - simulation time     650 (s) :                               Successfully executed but failed due to high delay:        19.0187 % (1876 tasks from 9864 successfully sent tasks)
2026/05/07 19:41:31 - simulation time     650 (s) :                  Tasks execution results not returned because the device is dead:              0 % (0 tasks)
2026/05/07 19:41:31 - simulation time     650 (s) :                      Tasks execution results not returned due to device mobility:         0.1926 % (19 tasks)
2026/05/07 19:41:31 - simulation time     650 (s) : SimLog- Tasks executed on each level                                : Cloud=           2676 tasks (where 2082 were successfully executed)
2026/05/07 19:41:31 - simulation time     650 (s) :                                                                        Edge=           1363 tasks (where 984 were successfully executed)
2026/05/07 19:41:31 - simulation time     650 (s) :                                                                        Mist=           5825 tasks (where 4903 were successfully executed)
2026/05/07 19:41:31 - simulation time     650 (s) : SimLog- Network usage                                                           :          14623 seconds (The total traffic: 47111.5 (MBytes))
2026/05/07 19:41:31 - simulation time     650 (s) :                                                                         Wan=           2840 seconds (19.4215 % of total usage, WAN used when downloading containers=0 % of WAN usage)
2026/05/07 19:41:31 - simulation time     650 (s) :                                                                         Lan=          14623 seconds (100 % of total usage, LAN used when downloading containers=0 % of LAN usage)
2026/05/07 19:41:31 - simulation time     650 (s) :                                                    Average bandwidth per transfer=       871.6458 Mbps  
2026/05/07 19:41:31 - simulation time     650 (s) : SimLog- Average vm CPU utilization                                              :         0.4106 %
2026/05/07 19:41:31 - simulation time     650 (s) : SimLog- Average vm CPU utilization per level                             : Cloud=         0.0558 %
2026/05/07 19:41:31 - simulation time     650 (s) :                                                                             Edge=          0.134 %
2026/05/07 19:41:31 - simulation time     650 (s) :                                                                             Mist=         0.4324 %
2026/05/07 19:41:31 - simulation time     650 (s) : SimLog- Energy consumption                                                      :63486079021085770000 W,   198.0268 dBW
2026/05/07 19:41:31 - simulation time     650 (s) :                                                                                 :(Average:98887973553093104 W/data center(or device), 169.9514 dBW/data center(or device))
2026/05/07 19:41:31 - simulation time     650 (s) :                                                                                 :(Average:6447250839959964 W/task, 158.0937 dBW/task)
2026/05/07 19:41:31 - simulation time     650 (s) : SimLog- Energy Consumption per level                                     : Cloud=28324892376253800000 W,   194.5217 dBW
2026/05/07 19:41:31 - simulation time     650 (s) :                                                                                 :(Average:1573605132014099970 W/data center, 181.969 dBW/data center)
2026/05/07 19:41:31 - simulation time     650 (s) :                                                                             Edge= 1249484593692079620 W,   180.9673 dBW
2026/05/07 19:41:31 - simulation time     650 (s) :                                                                                 :(Average:52061858070503320 W/data center, 167.1652 dBW/data center)
2026/05/07 19:41:31 - simulation time     650 (s) :                                                                             Mist=33911702051139895000 W,   195.3035 dBW
2026/05/07 19:41:31 - simulation time     650 (s) :                                                                                 :(Average:56519503418566496 W/edge device, 167.522 dBW/edge device)
2026/05/07 19:41:31 - simulation time     650 (s) : SimLog- Dead edge devices due to battery drain                                  :              0 devices (Among 0 devices with batteries (NaN %))
2026/05/07 19:41:31 - simulation time     650 (s) : SimLog- Average remaining power (devices with batteries that are still alive)   :              0 Wh (Average: 0 %)
2026/05/07 19:41:31 - simulation time     650 (s) : SimulationManager- the Scenario Simulation overflow times :1

================== Simulation finished at time 685.20 ==================


SimLog- Iteration finished...

######################################################################################################################################################################
Starting CloudSim Plus 4.3.0

2026/05/07 19:41:31 - simulation time       0 (s) : ServersManager- Datacenters and devices were generated
2026/05/07 19:41:31 - simulation time       0 (s) : SimulationManager-  Orchestration algorithm= WEIGHT_GREEDY-  Architechitecture= ALL -  number of edge devices= 700
2026/05/07 19:41:31 - simulation time       0 (s) : SimulationManager- Simulation: 1  , iteration: 17
2026/05/07 19:41:49 - simulation time     650 (s) : 
2026/05/07 19:41:49 - simulation time     650 (s) : ------------------------------------------------------- OUTPUT -------------------------------------------------------
2026/05/07 19:41:49 - simulation time     650 (s) : 
2026/05/07 19:41:49 - simulation time     650 (s) : SimLog- Tasks not sent because device died (low energy)                         :               0 % (0 tasks)
2026/05/07 19:41:49 - simulation time     650 (s) : SimLog- Tasks sent from edge devices                                            :             100 % (11386 among 11386 generated tasks)
2026/05/07 19:41:49 - simulation time     650 (s) : -------------------------------------All values below are based on the sent tasks-------------------------------------
2026/05/07 19:41:49 - simulation time     650 (s) : SimLog- Tasks ETE delay                                                         :     30733.6903 seconds
2026/05/07 19:41:49 - simulation time     650 (s) : SimLog- Average tasks ETE delay                                                 :         3.3751 seconds
2026/05/07 19:41:49 - simulation time     650 (s) : SimLog- Tasks execution delay                                                   :      7724.0583 seconds
2026/05/07 19:41:49 - simulation time     650 (s) : SimLog- Average tasks execution delay                                           :         0.7344 seconds
2026/05/07 19:41:49 - simulation time     650 (s) : SimLog- Tasks waiting time (from task submiting to the execution start)         :      4292.1134 seconds
2026/05/07 19:41:49 - simulation time     650 (s) : SimLog- Average tasks waiting time (from task submiting to the execution start) :         0.4081 seconds
2026/05/07 19:41:49 - simulation time     650 (s) : SimLog- Tasks successfully executed                                             :        79.9754 % (9106 among 11386 sent tasks)
2026/05/07 19:41:49 - simulation time     650 (s) : SimLog- Tasks failures
2026/05/07 19:41:49 - simulation time     650 (s) :                                        Not executed due to resources unavailable:              0 % (0 tasks)
2026/05/07 19:41:49 - simulation time     650 (s) :                               Successfully executed but failed due to high delay:        19.8226 % (2257 tasks from 11386 successfully sent tasks)
2026/05/07 19:41:49 - simulation time     650 (s) :                  Tasks execution results not returned because the device is dead:              0 % (0 tasks)
2026/05/07 19:41:49 - simulation time     650 (s) :                      Tasks execution results not returned due to device mobility:          0.202 % (23 tasks)
2026/05/07 19:41:49 - simulation time     650 (s) : SimLog- Tasks executed on each level                                : Cloud=           2752 tasks (where 2040 were successfully executed)
2026/05/07 19:41:49 - simulation time     650 (s) :                                                                        Edge=           1387 tasks (where 1017 were successfully executed)
2026/05/07 19:41:49 - simulation time     650 (s) :                                                                        Mist=           7247 tasks (where 6049 were successfully executed)
2026/05/07 19:41:49 - simulation time     650 (s) : SimLog- Network usage                                                           :          16417 seconds (The total traffic: 54421.9 (MBytes))
2026/05/07 19:41:49 - simulation time     650 (s) :                                                                         Wan=           2949 seconds (17.9631 % of total usage, WAN used when downloading containers=0 % of WAN usage)
2026/05/07 19:41:49 - simulation time     650 (s) :                                                                         Lan=          16417 seconds (100 % of total usage, LAN used when downloading containers=0 % of LAN usage)
2026/05/07 19:41:49 - simulation time     650 (s) :                                                    Average bandwidth per transfer=       880.4174 Mbps  
2026/05/07 19:41:49 - simulation time     650 (s) : SimLog- Average vm CPU utilization                                              :         0.4682 %
2026/05/07 19:41:49 - simulation time     650 (s) : SimLog- Average vm CPU utilization per level                             : Cloud=         0.0871 %
2026/05/07 19:41:49 - simulation time     650 (s) :                                                                             Edge=         0.1614 %
2026/05/07 19:41:49 - simulation time     650 (s) :                                                                             Mist=         0.4886 %
2026/05/07 19:41:49 - simulation time     650 (s) : SimLog- Energy consumption                                                      :65735706295362360000 W,    198.178 dBW
2026/05/07 19:41:49 - simulation time     650 (s) :                                                                                 :(Average:88592596085394016 W/data center(or device), 169.474 dBW/data center(or device))
2026/05/07 19:41:49 - simulation time     650 (s) :                                                                                 :(Average:5783030377000296 W/task, 157.6216 dBW/task)
2026/05/07 19:41:49 - simulation time     650 (s) : SimLog- Energy Consumption per level                                     : Cloud=29107966634359830000 W,   194.6401 dBW
2026/05/07 19:41:49 - simulation time     650 (s) :                                                                                 :(Average:1617109257464434940 W/data center, 182.0874 dBW/data center)
2026/05/07 19:41:49 - simulation time     650 (s) :                                                                             Edge= 1237599884598352130 W,   180.9258 dBW
2026/05/07 19:41:49 - simulation time     650 (s) :                                                                                 :(Average:51566661858264672 W/data center, 167.1237 dBW/data center)
2026/05/07 19:41:49 - simulation time     650 (s) :                                                                             Mist=35390139776404180000 W,   195.4888 dBW
2026/05/07 19:41:49 - simulation time     650 (s) :                                                                                 :(Average:50557342537720256 W/edge device, 167.0378 dBW/edge device)
2026/05/07 19:41:49 - simulation time     650 (s) : SimLog- Dead edge devices due to battery drain                                  :              0 devices (Among 0 devices with batteries (NaN %))
2026/05/07 19:41:49 - simulation time     650 (s) : SimLog- Average remaining power (devices with batteries that are still alive)   :              0 Wh (Average: 0 %)
2026/05/07 19:41:49 - simulation time     650 (s) : SimulationManager- the Scenario Simulation overflow times :1

================== Simulation finished at time 685.20 ==================


SimLog- Iteration finished...

######################################################################################################################################################################
Starting CloudSim Plus 4.3.0

2026/05/07 19:41:49 - simulation time       0 (s) : ServersManager- Datacenters and devices were generated
2026/05/07 19:41:49 - simulation time       0 (s) : SimulationManager-  Orchestration algorithm= WEIGHT_GREEDY-  Architechitecture= ALL -  number of edge devices= 800
2026/05/07 19:41:49 - simulation time       0 (s) : SimulationManager- Simulation: 1  , iteration: 18
2026/05/07 19:42:13 - simulation time     650 (s) : 
2026/05/07 19:42:13 - simulation time     650 (s) : ------------------------------------------------------- OUTPUT -------------------------------------------------------
2026/05/07 19:42:13 - simulation time     650 (s) : 
2026/05/07 19:42:13 - simulation time     650 (s) : SimLog- Tasks not sent because device died (low energy)                         :               0 % (0 tasks)
2026/05/07 19:42:13 - simulation time     650 (s) : SimLog- Tasks sent from edge devices                                            :             100 % (13192 among 13192 generated tasks)
2026/05/07 19:42:13 - simulation time     650 (s) : -------------------------------------All values below are based on the sent tasks-------------------------------------
2026/05/07 19:42:13 - simulation time     650 (s) : SimLog- Tasks ETE delay                                                         :      37864.465 seconds
2026/05/07 19:42:13 - simulation time     650 (s) : SimLog- Average tasks ETE delay                                                 :         3.6687 seconds
2026/05/07 19:42:13 - simulation time     650 (s) : SimLog- Tasks execution delay                                                   :      8618.6592 seconds
2026/05/07 19:42:13 - simulation time     650 (s) : SimLog- Average tasks execution delay                                           :          0.727 seconds
2026/05/07 19:42:13 - simulation time     650 (s) : SimLog- Tasks waiting time (from task submiting to the execution start)         :      8522.4492 seconds
2026/05/07 19:42:13 - simulation time     650 (s) : SimLog- Average tasks waiting time (from task submiting to the execution start) :         0.7189 seconds
2026/05/07 19:42:13 - simulation time     650 (s) : SimLog- Tasks successfully executed                                             :        78.2368 % (10321 among 13192 sent tasks)
2026/05/07 19:42:13 - simulation time     650 (s) : SimLog- Tasks failures
2026/05/07 19:42:13 - simulation time     650 (s) :                                        Not executed due to resources unavailable:              0 % (0 tasks)
2026/05/07 19:42:13 - simulation time     650 (s) :                               Successfully executed but failed due to high delay:        21.5661 % (2845 tasks from 13192 successfully sent tasks)
2026/05/07 19:42:13 - simulation time     650 (s) :                  Tasks execution results not returned because the device is dead:              0 % (0 tasks)
2026/05/07 19:42:13 - simulation time     650 (s) :                      Tasks execution results not returned due to device mobility:         0.1971 % (26 tasks)
2026/05/07 19:42:13 - simulation time     650 (s) : SimLog- Tasks executed on each level                                : Cloud=           3209 tasks (where 2307 were successfully executed)
2026/05/07 19:42:13 - simulation time     650 (s) :                                                                        Edge=           1501 tasks (where 1063 were successfully executed)
2026/05/07 19:42:13 - simulation time     650 (s) :                                                                        Mist=           8482 tasks (where 6951 were successfully executed)
2026/05/07 19:42:13 - simulation time     650 (s) : SimLog- Network usage                                                           :          18365 seconds (The total traffic: 61998 (MBytes))
2026/05/07 19:42:13 - simulation time     650 (s) :                                                                         Wan=           3386 seconds (18.4372 % of total usage, WAN used when downloading containers=0 % of WAN usage)
2026/05/07 19:42:13 - simulation time     650 (s) :                                                                         Lan=          18365 seconds (100 % of total usage, LAN used when downloading containers=0 % of LAN usage)
2026/05/07 19:42:13 - simulation time     650 (s) :                                                    Average bandwidth per transfer=       868.0998 Mbps  
2026/05/07 19:42:13 - simulation time     650 (s) : SimLog- Average vm CPU utilization                                              :         0.5168 %
2026/05/07 19:42:13 - simulation time     650 (s) : SimLog- Average vm CPU utilization per level                             : Cloud=         0.1066 %
2026/05/07 19:42:13 - simulation time     650 (s) :                                                                             Edge=         0.1793 %
2026/05/07 19:42:13 - simulation time     650 (s) :                                                                             Mist=         0.5362 %
2026/05/07 19:42:13 - simulation time     650 (s) : SimLog- Energy consumption                                                      :62518951843063110000 W,   197.9601 dBW
2026/05/07 19:42:13 - simulation time     650 (s) :                                                                                 :(Average:74250536630716288 W/data center(or device), 168.707 dBW/data center(or device))
2026/05/07 19:42:13 - simulation time     650 (s) :                                                                                 :(Average:4745631686888046 W/task, 156.7629 dBW/task)
2026/05/07 19:42:13 - simulation time     650 (s) : SimLog- Energy Consumption per level                                     : Cloud=27564281523788304000 W,   194.4035 dBW
2026/05/07 19:42:13 - simulation time     650 (s) :                                                                                 :(Average:1531348973543794690 W/data center, 181.8507 dBW/data center)
2026/05/07 19:42:13 - simulation time     650 (s) :                                                                             Edge= 1383232754902758660 W,    181.409 dBW
2026/05/07 19:42:13 - simulation time     650 (s) :                                                                                 :(Average:57634698120948280 W/data center, 167.6068 dBW/data center)
2026/05/07 19:42:13 - simulation time     650 (s) :                                                                             Mist=33571437564372050000 W,   195.2597 dBW
2026/05/07 19:42:13 - simulation time     650 (s) :                                                                                 :(Average:41964296955465064 W/edge device, 166.2288 dBW/edge device)
2026/05/07 19:42:13 - simulation time     650 (s) : SimLog- Dead edge devices due to battery drain                                  :              0 devices (Among 0 devices with batteries (NaN %))
2026/05/07 19:42:13 - simulation time     650 (s) : SimLog- Average remaining power (devices with batteries that are still alive)   :              0 Wh (Average: 0 %)
2026/05/07 19:42:13 - simulation time     650 (s) : SimulationManager- the Scenario Simulation overflow times :1

================== Simulation finished at time 685.20 ==================


SimLog- Iteration finished...

######################################################################################################################################################################
Starting CloudSim Plus 4.3.0

2026/05/07 19:42:13 - simulation time       0 (s) : ServersManager- Datacenters and devices were generated
2026/05/07 19:42:13 - simulation time       0 (s) : SimulationManager-  Orchestration algorithm= WEIGHT_GREEDY-  Architechitecture= ALL -  number of edge devices= 900
2026/05/07 19:42:13 - simulation time       0 (s) : SimulationManager- Simulation: 1  , iteration: 19
2026/05/07 19:42:45 - simulation time     650 (s) : 
2026/05/07 19:42:45 - simulation time     650 (s) : ------------------------------------------------------- OUTPUT -------------------------------------------------------
2026/05/07 19:42:45 - simulation time     650 (s) : 
2026/05/07 19:42:45 - simulation time     650 (s) : SimLog- Tasks not sent because device died (low energy)                         :               0 % (0 tasks)
2026/05/07 19:42:45 - simulation time     650 (s) : SimLog- Tasks sent from edge devices                                            :             100 % (14846 among 14846 generated tasks)
2026/05/07 19:42:45 - simulation time     650 (s) : -------------------------------------All values below are based on the sent tasks-------------------------------------
2026/05/07 19:42:45 - simulation time     650 (s) : SimLog- Tasks ETE delay                                                         :     45496.0622 seconds
2026/05/07 19:42:45 - simulation time     650 (s) : SimLog- Average tasks ETE delay                                                 :          3.986 seconds
2026/05/07 19:42:45 - simulation time     650 (s) : SimLog- Tasks execution delay                                                   :      9837.5918 seconds
2026/05/07 19:42:45 - simulation time     650 (s) : SimLog- Average tasks execution delay                                           :         0.7513 seconds
2026/05/07 19:42:45 - simulation time     650 (s) : SimLog- Tasks waiting time (from task submiting to the execution start)         :     12879.6185 seconds
2026/05/07 19:42:45 - simulation time     650 (s) : SimLog- Average tasks waiting time (from task submiting to the execution start) :         0.9836 seconds
2026/05/07 19:42:45 - simulation time     650 (s) : SimLog- Tasks successfully executed                                             :        76.8827 % (11414 among 14846 sent tasks)
2026/05/07 19:42:45 - simulation time     650 (s) : SimLog- Tasks failures
2026/05/07 19:42:45 - simulation time     650 (s) :                                        Not executed due to resources unavailable:              0 % (0 tasks)
2026/05/07 19:42:45 - simulation time     650 (s) :                               Successfully executed but failed due to high delay:        22.7603 % (3379 tasks from 14846 successfully sent tasks)
2026/05/07 19:42:45 - simulation time     650 (s) :                  Tasks execution results not returned because the device is dead:              0 % (0 tasks)
2026/05/07 19:42:45 - simulation time     650 (s) :                      Tasks execution results not returned due to device mobility:          0.357 % (53 tasks)
2026/05/07 19:42:45 - simulation time     650 (s) : SimLog- Tasks executed on each level                                : Cloud=           3260 tasks (where 2231 were successfully executed)
2026/05/07 19:42:45 - simulation time     650 (s) :                                                                        Edge=           1567 tasks (where 1024 were successfully executed)
2026/05/07 19:42:45 - simulation time     650 (s) :                                                                        Mist=          10019 tasks (where 8159 were successfully executed)
2026/05/07 19:42:45 - simulation time     650 (s) : SimLog- Network usage                                                           :          20435 seconds (The total traffic: 68850.9 (MBytes))
2026/05/07 19:42:45 - simulation time     650 (s) :                                                                         Wan=           3482 seconds (17.0394 % of total usage, WAN used when downloading containers=0 % of WAN usage)
2026/05/07 19:42:45 - simulation time     650 (s) :                                                                         Lan=          20435 seconds (100 % of total usage, LAN used when downloading containers=0 % of LAN usage)
2026/05/07 19:42:45 - simulation time     650 (s) :                                                    Average bandwidth per transfer=       883.0259 Mbps  
2026/05/07 19:42:45 - simulation time     650 (s) : SimLog- Average vm CPU utilization                                              :         0.5722 %
2026/05/07 19:42:45 - simulation time     650 (s) : SimLog- Average vm CPU utilization per level                             : Cloud=         0.1208 %
2026/05/07 19:42:45 - simulation time     650 (s) :                                                                             Edge=         0.1793 %
2026/05/07 19:42:45 - simulation time     650 (s) :                                                                             Mist=         0.5917 %
2026/05/07 19:42:45 - simulation time     650 (s) : SimLog- Energy consumption                                                      :59344833017018760000 W,   197.7338 dBW
2026/05/07 19:42:45 - simulation time     650 (s) :                                                                                 :(Average:62998761164563440 W/data center(or device), 167.9933 dBW/data center(or device))
2026/05/07 19:42:45 - simulation time     650 (s) :                                                                                 :(Average:4004915171886810.5 W/task, 156.0259 dBW/task)
2026/05/07 19:42:45 - simulation time     650 (s) : SimLog- Energy Consumption per level                                     : Cloud=25600227859859366000 W,   194.0824 dBW
2026/05/07 19:42:45 - simulation time     650 (s) :                                                                                 :(Average:1422234881103298050 W/data center, 181.5297 dBW/data center)
2026/05/07 19:42:45 - simulation time     650 (s) :                                                                             Edge= 1378822264574597890 W,   181.3951 dBW
2026/05/07 19:42:45 - simulation time     650 (s) :                                                                                 :(Average:57450927690608248 W/data center, 167.593 dBW/data center)
2026/05/07 19:42:45 - simulation time     650 (s) :                                                                             Mist=32365782892584792000 W,   195.1009 dBW
2026/05/07 19:42:45 - simulation time     650 (s) :                                                                                 :(Average:35961980991760880 W/edge device, 165.5584 dBW/edge device)
2026/05/07 19:42:45 - simulation time     650 (s) : SimLog- Dead edge devices due to battery drain                                  :              0 devices (Among 0 devices with batteries (NaN %))
2026/05/07 19:42:45 - simulation time     650 (s) : SimLog- Average remaining power (devices with batteries that are still alive)   :              0 Wh (Average: 0 %)
2026/05/07 19:42:45 - simulation time     650 (s) : SimulationManager- the Scenario Simulation overflow times :1

================== Simulation finished at time 685.20 ==================


SimLog- Iteration finished...

######################################################################################################################################################################
Starting CloudSim Plus 4.3.0

2026/05/07 19:42:45 - simulation time       0 (s) : ServersManager- Datacenters and devices were generated
2026/05/07 19:42:45 - simulation time       0 (s) : SimulationManager-  Orchestration algorithm= WEIGHT_GREEDY-  Architechitecture= ALL -  number of edge devices= 1000
2026/05/07 19:42:45 - simulation time       0 (s) : SimulationManager- Simulation: 1  , iteration: 20
2026/05/07 19:43:23 - simulation time     650 (s) : 
2026/05/07 19:43:23 - simulation time     650 (s) : ------------------------------------------------------- OUTPUT -------------------------------------------------------
2026/05/07 19:43:23 - simulation time     650 (s) : 
2026/05/07 19:43:23 - simulation time     650 (s) : SimLog- Tasks not sent because device died (low energy)                         :               0 % (0 tasks)
2026/05/07 19:43:23 - simulation time     650 (s) : SimLog- Tasks sent from edge devices                                            :             100 % (16346 among 16346 generated tasks)
2026/05/07 19:43:23 - simulation time     650 (s) : -------------------------------------All values below are based on the sent tasks-------------------------------------
2026/05/07 19:43:23 - simulation time     650 (s) : SimLog- Tasks ETE delay                                                         :     58189.0455 seconds
2026/05/07 19:43:23 - simulation time     650 (s) : SimLog- Average tasks ETE delay                                                 :         4.5793 seconds
2026/05/07 19:43:23 - simulation time     650 (s) : SimLog- Tasks execution delay                                                   :     12010.9269 seconds
2026/05/07 19:43:23 - simulation time     650 (s) : SimLog- Average tasks execution delay                                           :         0.8283 seconds
2026/05/07 19:43:23 - simulation time     650 (s) : SimLog- Tasks waiting time (from task submiting to the execution start)         :      20315.097 seconds
2026/05/07 19:43:23 - simulation time     650 (s) : SimLog- Average tasks waiting time (from task submiting to the execution start) :          1.401 seconds
2026/05/07 19:43:23 - simulation time     650 (s) : SimLog- Tasks successfully executed                                             :        77.7377 % (12707 among 16346 sent tasks)
2026/05/07 19:43:23 - simulation time     650 (s) : SimLog- Tasks failures
2026/05/07 19:43:23 - simulation time     650 (s) :                                        Not executed due to resources unavailable:              0 % (0 tasks)
2026/05/07 19:43:23 - simulation time     650 (s) :                               Successfully executed but failed due to high delay:        21.8647 % (3574 tasks from 16346 successfully sent tasks)
2026/05/07 19:43:23 - simulation time     650 (s) :                  Tasks execution results not returned because the device is dead:              0 % (0 tasks)
2026/05/07 19:43:23 - simulation time     650 (s) :                      Tasks execution results not returned due to device mobility:         0.3977 % (65 tasks)
2026/05/07 19:43:23 - simulation time     650 (s) : SimLog- Tasks executed on each level                                : Cloud=           3331 tasks (where 2269 were successfully executed)
2026/05/07 19:43:23 - simulation time     650 (s) :                                                                        Edge=           1571 tasks (where 1079 were successfully executed)
2026/05/07 19:43:23 - simulation time     650 (s) :                                                                        Mist=          11444 tasks (where 9359 were successfully executed)
2026/05/07 19:43:23 - simulation time     650 (s) : SimLog- Network usage                                                           :          22586 seconds (The total traffic: 81724.95 (MBytes))
2026/05/07 19:43:23 - simulation time     650 (s) :                                                                         Wan=           3613 seconds (15.9966 % of total usage, WAN used when downloading containers=0 % of WAN usage)
2026/05/07 19:43:23 - simulation time     650 (s) :                                                                         Lan=          22586 seconds (100 % of total usage, LAN used when downloading containers=0 % of LAN usage)
2026/05/07 19:43:23 - simulation time     650 (s) :                                                    Average bandwidth per transfer=       890.4491 Mbps  
2026/05/07 19:43:23 - simulation time     650 (s) : SimLog- Average vm CPU utilization                                              :         0.6659 %
2026/05/07 19:43:23 - simulation time     650 (s) : SimLog- Average vm CPU utilization per level                             : Cloud=         0.1097 %
2026/05/07 19:43:23 - simulation time     650 (s) :                                                                             Edge=         0.1986 %
2026/05/07 19:43:23 - simulation time     650 (s) :                                                                             Mist=         0.6872 %
2026/05/07 19:43:23 - simulation time     650 (s) : SimLog- Energy consumption                                                      :60873182341785090000 W,   197.8443 dBW
2026/05/07 19:43:23 - simulation time     650 (s) :                                                                                 :(Average:58419560788661320 W/data center(or device), 167.6656 dBW/data center(or device))
2026/05/07 19:43:23 - simulation time     650 (s) :                                                                                 :(Average:3732719054561264 W/task, 155.7203 dBW/task)
2026/05/07 19:43:23 - simulation time     650 (s) : SimLog- Energy Consumption per level                                     : Cloud=25835286560050120000 W,   194.1221 dBW
2026/05/07 19:43:23 - simulation time     650 (s) :                                                                                 :(Average:1435293697780562180 W/data center, 181.5694 dBW/data center)
2026/05/07 19:43:23 - simulation time     650 (s) :                                                                             Edge= 1423913484795769860 W,   181.5348 dBW
2026/05/07 19:43:23 - simulation time     650 (s) :                                                                                 :(Average:59329728533157080 W/data center, 167.7327 dBW/data center)
2026/05/07 19:43:23 - simulation time     650 (s) :                                                                             Mist=33613982296939200000 W,   195.2652 dBW
2026/05/07 19:43:23 - simulation time     650 (s) :                                                                                 :(Average:33613982296939200 W/edge device, 165.2652 dBW/edge device)
2026/05/07 19:43:23 - simulation time     650 (s) : SimLog- Dead edge devices due to battery drain                                  :              0 devices (Among 0 devices with batteries (NaN %))
2026/05/07 19:43:23 - simulation time     650 (s) : SimLog- Average remaining power (devices with batteries that are still alive)   :              0 Wh (Average: 0 %)
2026/05/07 19:43:23 - simulation time     650 (s) : SimulationManager- the Scenario Simulation overflow times :1

================== Simulation finished at time 685.20 ==================


SimLog- Iteration finished...

######################################################################################################################################################################
Starting CloudSim Plus 4.3.0

2026/05/07 19:43:23 - simulation time       0 (s) : ServersManager- Datacenters and devices were generated
2026/05/07 19:43:23 - simulation time       0 (s) : SimulationManager-  Orchestration algorithm= ROUND_ROBIN-  Architechitecture= ALL -  number of edge devices= 100
2026/05/07 19:43:23 - simulation time       0 (s) : SimulationManager- Simulation: 1  , iteration: 21
2026/05/07 19:43:23 - simulation time     650 (s) : 
2026/05/07 19:43:23 - simulation time     650 (s) : ------------------------------------------------------- OUTPUT -------------------------------------------------------
2026/05/07 19:43:23 - simulation time     650 (s) : 
2026/05/07 19:43:23 - simulation time     650 (s) : SimLog- Tasks not sent because device died (low energy)                         :               0 % (0 tasks)
2026/05/07 19:43:23 - simulation time     650 (s) : SimLog- Tasks sent from edge devices                                            :             100 % (1722 among 1722 generated tasks)
2026/05/07 19:43:23 - simulation time     650 (s) : -------------------------------------All values below are based on the sent tasks-------------------------------------
2026/05/07 19:43:23 - simulation time     650 (s) : SimLog- Tasks ETE delay                                                         :      4635.1138 seconds
2026/05/07 19:43:23 - simulation time     650 (s) : SimLog- Average tasks ETE delay                                                 :         3.4539 seconds
2026/05/07 19:43:23 - simulation time     650 (s) : SimLog- Tasks execution delay                                                   :       920.5331 seconds
2026/05/07 19:43:23 - simulation time     650 (s) : SimLog- Average tasks execution delay                                           :         0.5434 seconds
2026/05/07 19:43:23 - simulation time     650 (s) : SimLog- Tasks waiting time (from task submiting to the execution start)         :        33.9942 seconds
2026/05/07 19:43:23 - simulation time     650 (s) : SimLog- Average tasks waiting time (from task submiting to the execution start) :         0.0201 seconds
2026/05/07 19:43:23 - simulation time     650 (s) : SimLog- Tasks successfully executed                                             :        77.9326 % (1342 among 1722 sent tasks)
2026/05/07 19:43:23 - simulation time     650 (s) : SimLog- Tasks failures
2026/05/07 19:43:23 - simulation time     650 (s) :                                        Not executed due to resources unavailable:              0 % (0 tasks)
2026/05/07 19:43:23 - simulation time     650 (s) :                               Successfully executed but failed due to high delay:        21.7189 % (374 tasks from 1722 successfully sent tasks)
2026/05/07 19:43:23 - simulation time     650 (s) :                  Tasks execution results not returned because the device is dead:              0 % (0 tasks)
2026/05/07 19:43:23 - simulation time     650 (s) :                      Tasks execution results not returned due to device mobility:         0.3484 % (6 tasks)
2026/05/07 19:43:23 - simulation time     650 (s) : SimLog- Tasks executed on each level                                : Cloud=            934 tasks (where 712 were successfully executed)
2026/05/07 19:43:23 - simulation time     650 (s) :                                                                        Edge=            384 tasks (where 307 were successfully executed)
2026/05/07 19:43:23 - simulation time     650 (s) :                                                                        Mist=            404 tasks (where 323 were successfully executed)
2026/05/07 19:43:23 - simulation time     650 (s) : SimLog- Network usage                                                           :           3329 seconds (The total traffic: 9525.4 (MBytes))
2026/05/07 19:43:23 - simulation time     650 (s) :                                                                         Wan=            935 seconds (28.0865 % of total usage, WAN used when downloading containers=0 % of WAN usage)
2026/05/07 19:43:23 - simulation time     650 (s) :                                                                         Lan=           3329 seconds (100 % of total usage, LAN used when downloading containers=0 % of LAN usage)
2026/05/07 19:43:23 - simulation time     650 (s) :                                                    Average bandwidth per transfer=       867.3085 Mbps  
2026/05/07 19:43:23 - simulation time     650 (s) : SimLog- Average vm CPU utilization                                              :         0.1543 %
2026/05/07 19:43:23 - simulation time     650 (s) : SimLog- Average vm CPU utilization per level                             : Cloud=         0.0005 %
2026/05/07 19:43:23 - simulation time     650 (s) :                                                                             Edge=         0.0357 %
2026/05/07 19:43:23 - simulation time     650 (s) :                                                                             Mist=         0.2104 %
2026/05/07 19:43:23 - simulation time     650 (s) : SimLog- Energy consumption                                                      :62616292468841005000 W,   197.9669 dBW
2026/05/07 19:43:23 - simulation time     650 (s) :                                                                                 :(Average:440959806118598660 W/data center(or device), 176.444 dBW/data center(or device))
2026/05/07 19:43:23 - simulation time     650 (s) :                                                                                 :(Average:36468428927688416 W/task, 165.6192 dBW/task)
2026/05/07 19:43:23 - simulation time     650 (s) : SimLog- Energy Consumption per level                                     : Cloud=24895625256440705000 W,   193.9612 dBW
2026/05/07 19:43:23 - simulation time     650 (s) :                                                                                 :(Average:1383090292024483580 W/data center, 181.4085 dBW/data center)
2026/05/07 19:43:23 - simulation time     650 (s) :                                                                             Edge= 3952864641515652600 W,   185.9691 dBW
2026/05/07 19:43:23 - simulation time     650 (s) :                                                                                 :(Average:164702693396485536 W/data center, 172.167 dBW/data center)
2026/05/07 19:43:23 - simulation time     650 (s) :                                                                             Mist=33767802570884650000 W,    195.285 dBW
2026/05/07 19:43:23 - simulation time     650 (s) :                                                                                 :(Average:337678025708846460 W/edge device, 175.285 dBW/edge device)
2026/05/07 19:43:23 - simulation time     650 (s) : SimLog- Dead edge devices due to battery drain                                  :              0 devices (Among 0 devices with batteries (NaN %))
2026/05/07 19:43:23 - simulation time     650 (s) : SimLog- Average remaining power (devices with batteries that are still alive)   :              0 Wh (Average: 0 %)
2026/05/07 19:43:23 - simulation time     650 (s) : SimulationManager- the Scenario Simulation overflow times :1

================== Simulation finished at time 685.20 ==================


SimLog- Iteration finished...

######################################################################################################################################################################
Starting CloudSim Plus 4.3.0

2026/05/07 19:43:23 - simulation time       0 (s) : ServersManager- Datacenters and devices were generated
2026/05/07 19:43:23 - simulation time       0 (s) : SimulationManager-  Orchestration algorithm= ROUND_ROBIN-  Architechitecture= ALL -  number of edge devices= 200
2026/05/07 19:43:23 - simulation time       0 (s) : SimulationManager- Simulation: 1  , iteration: 22
2026/05/07 19:43:26 - simulation time     650 (s) : 
2026/05/07 19:43:26 - simulation time     650 (s) : ------------------------------------------------------- OUTPUT -------------------------------------------------------
2026/05/07 19:43:26 - simulation time     650 (s) : 
2026/05/07 19:43:26 - simulation time     650 (s) : SimLog- Tasks not sent because device died (low energy)                         :               0 % (0 tasks)
2026/05/07 19:43:26 - simulation time     650 (s) : SimLog- Tasks sent from edge devices                                            :             100 % (3318 among 3318 generated tasks)
2026/05/07 19:43:26 - simulation time     650 (s) : -------------------------------------All values below are based on the sent tasks-------------------------------------
2026/05/07 19:43:26 - simulation time     650 (s) : SimLog- Tasks ETE delay                                                         :      9662.2333 seconds
2026/05/07 19:43:26 - simulation time     650 (s) : SimLog- Average tasks ETE delay                                                 :         3.7234 seconds
2026/05/07 19:43:26 - simulation time     650 (s) : SimLog- Tasks execution delay                                                   :      2237.2847 seconds
2026/05/07 19:43:26 - simulation time     650 (s) : SimLog- Average tasks execution delay                                           :         0.7107 seconds
2026/05/07 19:43:26 - simulation time     650 (s) : SimLog- Tasks waiting time (from task submiting to the execution start)         :        60.1053 seconds
2026/05/07 19:43:26 - simulation time     650 (s) : SimLog- Average tasks waiting time (from task submiting to the execution start) :         0.0191 seconds
2026/05/07 19:43:26 - simulation time     650 (s) : SimLog- Tasks successfully executed                                             :        78.2098 % (2595 among 3318 sent tasks)
2026/05/07 19:43:26 - simulation time     650 (s) : SimLog- Tasks failures
2026/05/07 19:43:26 - simulation time     650 (s) :                                        Not executed due to resources unavailable:              0 % (0 tasks)
2026/05/07 19:43:26 - simulation time     650 (s) :                               Successfully executed but failed due to high delay:        21.6998 % (720 tasks from 3318 successfully sent tasks)
2026/05/07 19:43:26 - simulation time     650 (s) :                  Tasks execution results not returned because the device is dead:              0 % (0 tasks)
2026/05/07 19:43:26 - simulation time     650 (s) :                      Tasks execution results not returned due to device mobility:         0.0904 % (3 tasks)
2026/05/07 19:43:26 - simulation time     650 (s) : SimLog- Tasks executed on each level                                : Cloud=           1542 tasks (where 1227 were successfully executed)
2026/05/07 19:43:26 - simulation time     650 (s) :                                                                        Edge=            576 tasks (where 456 were successfully executed)
2026/05/07 19:43:26 - simulation time     650 (s) :                                                                        Mist=           1200 tasks (where 912 were successfully executed)
2026/05/07 19:43:26 - simulation time     650 (s) : SimLog- Network usage                                                           :           6378 seconds (The total traffic: 21506.05 (MBytes))
2026/05/07 19:43:26 - simulation time     650 (s) :                                                                         Wan=           1574 seconds (24.6786 % of total usage, WAN used when downloading containers=0 % of WAN usage)
2026/05/07 19:43:26 - simulation time     650 (s) :                                                                         Lan=           6378 seconds (100 % of total usage, LAN used when downloading containers=0 % of LAN usage)
2026/05/07 19:43:26 - simulation time     650 (s) :                                                    Average bandwidth per transfer=       816.0861 Mbps  
2026/05/07 19:43:26 - simulation time     650 (s) : SimLog- Average vm CPU utilization                                              :         0.2859 %
2026/05/07 19:43:26 - simulation time     650 (s) : SimLog- Average vm CPU utilization per level                             : Cloud=         0.0101 %
2026/05/07 19:43:26 - simulation time     650 (s) :                                                                             Edge=         0.0693 %
2026/05/07 19:43:26 - simulation time     650 (s) :                                                                             Mist=         0.3367 %
2026/05/07 19:43:26 - simulation time     650 (s) : SimLog- Energy consumption                                                      :124174516172520000000 W,   200.9403 dBW
2026/05/07 19:43:26 - simulation time     650 (s) :                                                                                 :(Average:513117835423636350 W/data center(or device), 177.1022 dBW/data center(or device))
2026/05/07 19:43:26 - simulation time     650 (s) :                                                                                 :(Average:37447079666019296 W/task, 165.7342 dBW/task)
2026/05/07 19:43:26 - simulation time     650 (s) : SimLog- Energy Consumption per level                                     : Cloud=49464951859313480000 W,    196.943 dBW
2026/05/07 19:43:26 - simulation time     650 (s) :                                                                                 :(Average:2748052881072971300 W/data center, 184.3903 dBW/data center)
2026/05/07 19:43:26 - simulation time     650 (s) :                                                                             Edge= 6920653395220140000 W,   188.4015 dBW
2026/05/07 19:43:26 - simulation time     650 (s) :                                                                                 :(Average:288360558134172480 W/data center, 174.5994 dBW/data center)
2026/05/07 19:43:26 - simulation time     650 (s) :                                                                             Mist=67788910917986360000 W,   198.3116 dBW
2026/05/07 19:43:26 - simulation time     650 (s) :                                                                                 :(Average:338944554589931780 W/edge device, 175.3013 dBW/edge device)
2026/05/07 19:43:26 - simulation time     650 (s) : SimLog- Dead edge devices due to battery drain                                  :              0 devices (Among 0 devices with batteries (NaN %))
2026/05/07 19:43:26 - simulation time     650 (s) : SimLog- Average remaining power (devices with batteries that are still alive)   :              0 Wh (Average: 0 %)
2026/05/07 19:43:26 - simulation time     650 (s) : SimulationManager- the Scenario Simulation overflow times :1

================== Simulation finished at time 685.20 ==================


SimLog- Iteration finished...

######################################################################################################################################################################
Starting CloudSim Plus 4.3.0

2026/05/07 19:43:26 - simulation time       0 (s) : ServersManager- Datacenters and devices were generated
2026/05/07 19:43:26 - simulation time       0 (s) : SimulationManager-  Orchestration algorithm= ROUND_ROBIN-  Architechitecture= ALL -  number of edge devices= 300
2026/05/07 19:43:26 - simulation time       0 (s) : SimulationManager- Simulation: 1  , iteration: 23
2026/05/07 19:43:30 - simulation time     650 (s) : 
2026/05/07 19:43:30 - simulation time     650 (s) : ------------------------------------------------------- OUTPUT -------------------------------------------------------
2026/05/07 19:43:30 - simulation time     650 (s) : 
2026/05/07 19:43:30 - simulation time     650 (s) : SimLog- Tasks not sent because device died (low energy)                         :               0 % (0 tasks)
2026/05/07 19:43:30 - simulation time     650 (s) : SimLog- Tasks sent from edge devices                                            :             100 % (4878 among 4878 generated tasks)
2026/05/07 19:43:30 - simulation time     650 (s) : -------------------------------------All values below are based on the sent tasks-------------------------------------
2026/05/07 19:43:30 - simulation time     650 (s) : SimLog- Tasks ETE delay                                                         :     14460.0226 seconds
2026/05/07 19:43:30 - simulation time     650 (s) : SimLog- Average tasks ETE delay                                                 :         3.8183 seconds
2026/05/07 19:43:30 - simulation time     650 (s) : SimLog- Tasks execution delay                                                   :      3680.4463 seconds
2026/05/07 19:43:30 - simulation time     650 (s) : SimLog- Average tasks execution delay                                           :         0.7923 seconds
2026/05/07 19:43:30 - simulation time     650 (s) : SimLog- Tasks waiting time (from task submiting to the execution start)         :        82.9826 seconds
2026/05/07 19:43:30 - simulation time     650 (s) : SimLog- Average tasks waiting time (from task submiting to the execution start) :         0.0179 seconds
2026/05/07 19:43:30 - simulation time     650 (s) : SimLog- Tasks successfully executed                                             :        77.6343 % (3787 among 4878 sent tasks)
2026/05/07 19:43:30 - simulation time     650 (s) : SimLog- Tasks failures
2026/05/07 19:43:30 - simulation time     650 (s) :                                        Not executed due to resources unavailable:              0 % (0 tasks)
2026/05/07 19:43:30 - simulation time     650 (s) :                               Successfully executed but failed due to high delay:        22.1197 % (1079 tasks from 4878 successfully sent tasks)
2026/05/07 19:43:30 - simulation time     650 (s) :                  Tasks execution results not returned because the device is dead:              0 % (0 tasks)
2026/05/07 19:43:30 - simulation time     650 (s) :                      Tasks execution results not returned due to device mobility:          0.246 % (12 tasks)
2026/05/07 19:43:30 - simulation time     650 (s) : SimLog- Tasks executed on each level                                : Cloud=           1878 tasks (where 1485 were successfully executed)
2026/05/07 19:43:30 - simulation time     650 (s) :                                                                        Edge=            672 tasks (where 513 were successfully executed)
2026/05/07 19:43:30 - simulation time     650 (s) :                                                                        Mist=           2328 tasks (where 1789 were successfully executed)
2026/05/07 19:43:30 - simulation time     650 (s) : SimLog- Network usage                                                           :           9461 seconds (The total traffic: 29825.55 (MBytes))
2026/05/07 19:43:30 - simulation time     650 (s) :                                                                         Wan=           1956 seconds (20.6743 % of total usage, WAN used when downloading containers=0 % of WAN usage)
2026/05/07 19:43:30 - simulation time     650 (s) :                                                                         Lan=           9461 seconds (100 % of total usage, LAN used when downloading containers=0 % of LAN usage)
2026/05/07 19:43:30 - simulation time     650 (s) :                                                    Average bandwidth per transfer=       818.5977 Mbps  
2026/05/07 19:43:30 - simulation time     650 (s) : SimLog- Average vm CPU utilization                                              :         0.3532 %
2026/05/07 19:43:30 - simulation time     650 (s) : SimLog- Average vm CPU utilization per level                             : Cloud=         0.0726 %
2026/05/07 19:43:30 - simulation time     650 (s) :                                                                             Edge=         0.0567 %
2026/05/07 19:43:30 - simulation time     650 (s) :                                                                             Mist=         0.3937 %
2026/05/07 19:43:30 - simulation time     650 (s) : SimLog- Energy consumption                                                      :150617440366741750000 W,   201.7788 dBW
2026/05/07 19:43:30 - simulation time     650 (s) :                                                                                 :(Average:440401872417373570 W/data center(or device), 176.4385 dBW/data center(or device))
2026/05/07 19:43:30 - simulation time     650 (s) :                                                                                 :(Average:30933957766839548 W/task, 164.9044 dBW/task)
2026/05/07 19:43:30 - simulation time     650 (s) : SimLog- Energy Consumption per level                                     : Cloud=60077490235084230000 W,   197.7871 dBW
2026/05/07 19:43:30 - simulation time     650 (s) :                                                                                 :(Average:3337638346393568300 W/data center, 185.2344 dBW/data center)
2026/05/07 19:43:30 - simulation time     650 (s) :                                                                             Edge= 5970960223748029400 W,   187.7604 dBW
2026/05/07 19:43:30 - simulation time     650 (s) :                                                                                 :(Average:248790009322834560 W/data center, 173.9583 dBW/data center)
2026/05/07 19:43:30 - simulation time     650 (s) :                                                                             Mist=84568989907909480000 W,   199.2721 dBW
2026/05/07 19:43:30 - simulation time     650 (s) :                                                                                 :(Average:281896633026364928 W/edge device, 174.5009 dBW/edge device)
2026/05/07 19:43:30 - simulation time     650 (s) : SimLog- Dead edge devices due to battery drain                                  :              0 devices (Among 0 devices with batteries (NaN %))
2026/05/07 19:43:30 - simulation time     650 (s) : SimLog- Average remaining power (devices with batteries that are still alive)   :              0 Wh (Average: 0 %)
2026/05/07 19:43:30 - simulation time     650 (s) : SimulationManager- the Scenario Simulation overflow times :1

================== Simulation finished at time 685.20 ==================


SimLog- Iteration finished...

######################################################################################################################################################################
Starting CloudSim Plus 4.3.0

2026/05/07 19:43:30 - simulation time       0 (s) : ServersManager- Datacenters and devices were generated
2026/05/07 19:43:30 - simulation time       0 (s) : SimulationManager-  Orchestration algorithm= ROUND_ROBIN-  Architechitecture= ALL -  number of edge devices= 400
2026/05/07 19:43:30 - simulation time       0 (s) : SimulationManager- Simulation: 1  , iteration: 24
2026/05/07 19:43:36 - simulation time     660 (s) : 
2026/05/07 19:43:36 - simulation time     660 (s) : ------------------------------------------------------- OUTPUT -------------------------------------------------------
2026/05/07 19:43:36 - simulation time     660 (s) : 
2026/05/07 19:43:36 - simulation time     660 (s) : SimLog- Tasks not sent because device died (low energy)                         :               0 % (0 tasks)
2026/05/07 19:43:36 - simulation time     660 (s) : SimLog- Tasks sent from edge devices                                            :             100 % (6488 among 6488 generated tasks)
2026/05/07 19:43:36 - simulation time     660 (s) : -------------------------------------All values below are based on the sent tasks-------------------------------------
2026/05/07 19:43:36 - simulation time     660 (s) : SimLog- Tasks ETE delay                                                         :     19866.9498 seconds
2026/05/07 19:43:36 - simulation time     660 (s) : SimLog- Average tasks ETE delay                                                 :         3.9926 seconds
2026/05/07 19:43:36 - simulation time     660 (s) : SimLog- Tasks execution delay                                                   :      5498.9316 seconds
2026/05/07 19:43:36 - simulation time     660 (s) : SimLog- Average tasks execution delay                                           :         0.9018 seconds
2026/05/07 19:43:36 - simulation time     660 (s) : SimLog- Tasks waiting time (from task submiting to the execution start)         :       205.8173 seconds
2026/05/07 19:43:36 - simulation time     660 (s) : SimLog- Average tasks waiting time (from task submiting to the execution start) :         0.0338 seconds
2026/05/07 19:43:36 - simulation time     660 (s) : SimLog- Tasks successfully executed                                             :        76.6954 % (4976 among 6488 sent tasks)
2026/05/07 19:43:36 - simulation time     660 (s) : SimLog- Tasks failures
2026/05/07 19:43:36 - simulation time     660 (s) :                                        Not executed due to resources unavailable:              0 % (0 tasks)
2026/05/07 19:43:36 - simulation time     660 (s) :                               Successfully executed but failed due to high delay:        23.0888 % (1498 tasks from 6488 successfully sent tasks)
2026/05/07 19:43:36 - simulation time     660 (s) :                  Tasks execution results not returned because the device is dead:              0 % (0 tasks)
2026/05/07 19:43:36 - simulation time     660 (s) :                      Tasks execution results not returned due to device mobility:         0.2158 % (14 tasks)
2026/05/07 19:43:36 - simulation time     660 (s) : SimLog- Tasks executed on each level                                : Cloud=           2126 tasks (where 1675 were successfully executed)
2026/05/07 19:43:36 - simulation time     660 (s) :                                                                        Edge=            785 tasks (where 580 were successfully executed)
2026/05/07 19:43:36 - simulation time     660 (s) :                                                                        Mist=           3577 tasks (where 2721 were successfully executed)
2026/05/07 19:43:36 - simulation time     660 (s) : SimLog- Network usage                                                           :          12572 seconds (The total traffic: 40716.05 (MBytes))
2026/05/07 19:43:36 - simulation time     660 (s) :                                                                         Wan=           2304 seconds (18.3264 % of total usage, WAN used when downloading containers=0 % of WAN usage)
2026/05/07 19:43:36 - simulation time     660 (s) :                                                                         Lan=          12572 seconds (100 % of total usage, LAN used when downloading containers=0 % of LAN usage)
2026/05/07 19:43:36 - simulation time     660 (s) :                                                    Average bandwidth per transfer=       830.1785 Mbps  
2026/05/07 19:43:36 - simulation time     660 (s) : SimLog- Average vm CPU utilization                                              :         0.4112 %
2026/05/07 19:43:36 - simulation time     660 (s) : SimLog- Average vm CPU utilization per level                             : Cloud=          0.087 %
2026/05/07 19:43:36 - simulation time     660 (s) :                                                                             Edge=         0.0615 %
2026/05/07 19:43:36 - simulation time     660 (s) :                                                                             Mist=         0.4467 %
2026/05/07 19:43:36 - simulation time     660 (s) : SimLog- Energy consumption                                                      :177263252832669730000 W,   202.4862 dBW
2026/05/07 19:43:36 - simulation time     660 (s) :                                                                                 :(Average:401048083331831940 W/data center(or device), 176.032 dBW/data center(or device))
2026/05/07 19:43:36 - simulation time     660 (s) :                                                                                 :(Average:27380792837916240 W/task, 164.3745 dBW/task)
2026/05/07 19:43:36 - simulation time     660 (s) : SimLog- Energy Consumption per level                                     : Cloud=71217549506479790000 W,   198.5259 dBW
2026/05/07 19:43:36 - simulation time     660 (s) :                                                                                 :(Average:3956530528137766400 W/data center, 185.9731 dBW/data center)
2026/05/07 19:43:36 - simulation time     660 (s) :                                                                             Edge= 5787291913925404700 W,   187.6248 dBW
2026/05/07 19:43:36 - simulation time     660 (s) :                                                                                 :(Average:241137163080225184 W/data center, 173.8226 dBW/data center)
2026/05/07 19:43:36 - simulation time     660 (s) :                                                                             Mist=100258411412264520000 W,   200.0112 dBW
2026/05/07 19:43:36 - simulation time     660 (s) :                                                                                 :(Average:250646028530661280 W/edge device, 173.9906 dBW/edge device)
2026/05/07 19:43:36 - simulation time     660 (s) : SimLog- Dead edge devices due to battery drain                                  :              0 devices (Among 0 devices with batteries (NaN %))
2026/05/07 19:43:36 - simulation time     660 (s) : SimLog- Average remaining power (devices with batteries that are still alive)   :              0 Wh (Average: 0 %)
2026/05/07 19:43:36 - simulation time     660 (s) : SimulationManager- the Scenario Simulation overflow times :1

================== Simulation finished at time 691.50 ==================


SimLog- Iteration finished...

######################################################################################################################################################################
Starting CloudSim Plus 4.3.0

2026/05/07 19:43:36 - simulation time       0 (s) : ServersManager- Datacenters and devices were generated
2026/05/07 19:43:36 - simulation time       0 (s) : SimulationManager-  Orchestration algorithm= ROUND_ROBIN-  Architechitecture= ALL -  number of edge devices= 500
2026/05/07 19:43:36 - simulation time       0 (s) : SimulationManager- Simulation: 1  , iteration: 25
2026/05/07 19:43:45 - simulation time     650 (s) : 
2026/05/07 19:43:45 - simulation time     650 (s) : ------------------------------------------------------- OUTPUT -------------------------------------------------------
2026/05/07 19:43:45 - simulation time     650 (s) : 
2026/05/07 19:43:45 - simulation time     650 (s) : SimLog- Tasks not sent because device died (low energy)                         :               0 % (0 tasks)
2026/05/07 19:43:45 - simulation time     650 (s) : SimLog- Tasks sent from edge devices                                            :             100 % (8134 among 8134 generated tasks)
2026/05/07 19:43:45 - simulation time     650 (s) : -------------------------------------All values below are based on the sent tasks-------------------------------------
2026/05/07 19:43:45 - simulation time     650 (s) : SimLog- Tasks ETE delay                                                         :     24715.0248 seconds
2026/05/07 19:43:45 - simulation time     650 (s) : SimLog- Average tasks ETE delay                                                 :          4.069 seconds
2026/05/07 19:43:45 - simulation time     650 (s) : SimLog- Tasks execution delay                                                   :       6997.221 seconds
2026/05/07 19:43:45 - simulation time     650 (s) : SimLog- Average tasks execution delay                                           :         0.9341 seconds
2026/05/07 19:43:45 - simulation time     650 (s) : SimLog- Tasks waiting time (from task submiting to the execution start)         :       148.2556 seconds
2026/05/07 19:43:45 - simulation time     650 (s) : SimLog- Average tasks waiting time (from task submiting to the execution start) :         0.0198 seconds
2026/05/07 19:43:45 - simulation time     650 (s) : SimLog- Tasks successfully executed                                             :        74.6742 % (6074 among 8134 sent tasks)
2026/05/07 19:43:45 - simulation time     650 (s) : SimLog- Tasks failures
2026/05/07 19:43:45 - simulation time     650 (s) :                                        Not executed due to resources unavailable:              0 % (0 tasks)
2026/05/07 19:43:45 - simulation time     650 (s) :                               Successfully executed but failed due to high delay:        25.0184 % (2035 tasks from 8134 successfully sent tasks)
2026/05/07 19:43:45 - simulation time     650 (s) :                  Tasks execution results not returned because the device is dead:              0 % (0 tasks)
2026/05/07 19:43:45 - simulation time     650 (s) :                      Tasks execution results not returned due to device mobility:         0.3074 % (25 tasks)
2026/05/07 19:43:45 - simulation time     650 (s) : SimLog- Tasks executed on each level                                : Cloud=           2354 tasks (where 1802 were successfully executed)
2026/05/07 19:43:45 - simulation time     650 (s) :                                                                        Edge=            865 tasks (where 651 were successfully executed)
2026/05/07 19:43:45 - simulation time     650 (s) :                                                                        Mist=           4915 tasks (where 3621 were successfully executed)
2026/05/07 19:43:45 - simulation time     650 (s) : SimLog- Network usage                                                           :          15755 seconds (The total traffic: 50475.15 (MBytes))
2026/05/07 19:43:45 - simulation time     650 (s) :                                                                         Wan=           2619 seconds (16.6233 % of total usage, WAN used when downloading containers=0 % of WAN usage)
2026/05/07 19:43:45 - simulation time     650 (s) :                                                                         Lan=          15755 seconds (100 % of total usage, LAN used when downloading containers=0 % of LAN usage)
2026/05/07 19:43:45 - simulation time     650 (s) :                                                    Average bandwidth per transfer=       838.7504 Mbps  
2026/05/07 19:43:45 - simulation time     650 (s) : SimLog- Average vm CPU utilization                                              :         0.5213 %
2026/05/07 19:43:45 - simulation time     650 (s) : SimLog- Average vm CPU utilization per level                             : Cloud=         0.0183 %
2026/05/07 19:43:45 - simulation time     650 (s) :                                                                             Edge=         0.0891 %
2026/05/07 19:43:45 - simulation time     650 (s) :                                                                             Mist=         0.5601 %
2026/05/07 19:43:45 - simulation time     650 (s) : SimLog- Energy consumption                                                      :178044674644670120000 W,   202.5053 dBW
2026/05/07 19:43:45 - simulation time     650 (s) :                                                                                 :(Average:328495709676513150 W/data center(or device), 175.1653 dBW/data center(or device))
2026/05/07 19:43:45 - simulation time     650 (s) :                                                                                 :(Average:21951014011178660 W/task, 163.4145 dBW/task)
2026/05/07 19:43:45 - simulation time     650 (s) : SimLog- Energy Consumption per level                                     : Cloud=61746928892963280000 W,   197.9062 dBW
2026/05/07 19:43:45 - simulation time     650 (s) :                                                                                 :(Average:3430384938497959900 W/data center, 185.3534 dBW/data center)
2026/05/07 19:43:45 - simulation time     650 (s) :                                                                             Edge= 9234259665804580000 W,    189.654 dBW
2026/05/07 19:43:45 - simulation time     650 (s) :                                                                                 :(Average:384760819408524220 W/data center, 175.8519 dBW/data center)
2026/05/07 19:43:45 - simulation time     650 (s) :                                                                             Mist=107063486085902250000 W,   200.2964 dBW
2026/05/07 19:43:45 - simulation time     650 (s) :                                                                                 :(Average:214126972171804512 W/edge device, 173.3067 dBW/edge device)
2026/05/07 19:43:45 - simulation time     650 (s) : SimLog- Dead edge devices due to battery drain                                  :              0 devices (Among 0 devices with batteries (NaN %))
2026/05/07 19:43:45 - simulation time     650 (s) : SimLog- Average remaining power (devices with batteries that are still alive)   :              0 Wh (Average: 0 %)
2026/05/07 19:43:45 - simulation time     650 (s) : SimulationManager- the Scenario Simulation overflow times :1

================== Simulation finished at time 685.20 ==================


SimLog- Iteration finished...

######################################################################################################################################################################
Starting CloudSim Plus 4.3.0

2026/05/07 19:43:45 - simulation time       0 (s) : ServersManager- Datacenters and devices were generated
2026/05/07 19:43:45 - simulation time       0 (s) : SimulationManager-  Orchestration algorithm= ROUND_ROBIN-  Architechitecture= ALL -  number of edge devices= 600
2026/05/07 19:43:45 - simulation time       0 (s) : SimulationManager- Simulation: 1  , iteration: 26
2026/05/07 19:43:58 - simulation time     660 (s) : 
2026/05/07 19:43:58 - simulation time     660 (s) : ------------------------------------------------------- OUTPUT -------------------------------------------------------
2026/05/07 19:43:58 - simulation time     660 (s) : 
2026/05/07 19:43:58 - simulation time     660 (s) : SimLog- Tasks not sent because device died (low energy)                         :               0 % (0 tasks)
2026/05/07 19:43:58 - simulation time     660 (s) : SimLog- Tasks sent from edge devices                                            :             100 % (9818 among 9818 generated tasks)
2026/05/07 19:43:58 - simulation time     660 (s) : -------------------------------------All values below are based on the sent tasks-------------------------------------
2026/05/07 19:43:58 - simulation time     660 (s) : SimLog- Tasks ETE delay                                                         :     30675.2169 seconds
2026/05/07 19:43:58 - simulation time     660 (s) : SimLog- Average tasks ETE delay                                                 :         4.2061 seconds
2026/05/07 19:43:58 - simulation time     660 (s) : SimLog- Tasks execution delay                                                   :      8486.8852 seconds
2026/05/07 19:43:58 - simulation time     660 (s) : SimLog- Average tasks execution delay                                           :         0.9404 seconds
2026/05/07 19:43:58 - simulation time     660 (s) : SimLog- Tasks waiting time (from task submiting to the execution start)         :        1112.83 seconds
2026/05/07 19:43:58 - simulation time     660 (s) : SimLog- Average tasks waiting time (from task submiting to the execution start) :         0.1233 seconds
2026/05/07 19:43:58 - simulation time     660 (s) : SimLog- Tasks successfully executed                                             :        74.2819 % (7293 among 9818 sent tasks)
2026/05/07 19:43:58 - simulation time     660 (s) : SimLog- Tasks failures
2026/05/07 19:43:58 - simulation time     660 (s) :                                        Not executed due to resources unavailable:              0 % (0 tasks)
2026/05/07 19:43:58 - simulation time     660 (s) :                               Successfully executed but failed due to high delay:         25.382 % (2492 tasks from 9818 successfully sent tasks)
2026/05/07 19:43:58 - simulation time     660 (s) :                  Tasks execution results not returned because the device is dead:              0 % (0 tasks)
2026/05/07 19:43:58 - simulation time     660 (s) :                      Tasks execution results not returned due to device mobility:         0.3361 % (33 tasks)
2026/05/07 19:43:58 - simulation time     660 (s) : SimLog- Tasks executed on each level                                : Cloud=           2605 tasks (where 1949 were successfully executed)
2026/05/07 19:43:58 - simulation time     660 (s) :                                                                        Edge=            960 tasks (where 756 were successfully executed)
2026/05/07 19:43:58 - simulation time     660 (s) :                                                                        Mist=           6253 tasks (where 4588 were successfully executed)
2026/05/07 19:43:58 - simulation time     660 (s) : SimLog- Network usage                                                           :          18838 seconds (The total traffic: 60147.65 (MBytes))
2026/05/07 19:43:58 - simulation time     660 (s) :                                                                         Wan=           2759 seconds (14.6459 % of total usage, WAN used when downloading containers=0 % of WAN usage)
2026/05/07 19:43:58 - simulation time     660 (s) :                                                                         Lan=          18838 seconds (100 % of total usage, LAN used when downloading containers=0 % of LAN usage)
2026/05/07 19:43:58 - simulation time     660 (s) :                                                    Average bandwidth per transfer=       853.5304 Mbps  
2026/05/07 19:43:58 - simulation time     660 (s) : SimLog- Average vm CPU utilization                                              :         0.6382 %
2026/05/07 19:43:58 - simulation time     660 (s) : SimLog- Average vm CPU utilization per level                             : Cloud=         0.0405 %
2026/05/07 19:43:58 - simulation time     660 (s) :                                                                             Edge=         0.1185 %
2026/05/07 19:43:58 - simulation time     660 (s) :                                                                             Mist=         0.6769 %
2026/05/07 19:43:58 - simulation time     660 (s) : SimLog- Energy consumption                                                      :157479585170272030000 W,   201.9722 dBW
2026/05/07 19:43:58 - simulation time     660 (s) :                                                                                 :(Average:245295304003538976 W/data center(or device), 173.8969 dBW/data center(or device))
2026/05/07 19:43:58 - simulation time     660 (s) :                                                                                 :(Average:16077548256280962 W/task, 162.0622 dBW/task)
2026/05/07 19:43:58 - simulation time     660 (s) : SimLog- Energy Consumption per level                                     : Cloud=45874449839786140000 W,   196.6157 dBW
2026/05/07 19:43:58 - simulation time     660 (s) :                                                                                 :(Average:2548580546654785500 W/data center, 184.063 dBW/data center)
2026/05/07 19:43:58 - simulation time     660 (s) :                                                                             Edge=11910439989024438000 W,   190.7593 dBW
2026/05/07 19:43:58 - simulation time     660 (s) :                                                                                 :(Average:496268332876018240 W/data center, 176.9572 dBW/data center)
2026/05/07 19:43:58 - simulation time     660 (s) :                                                                             Mist=99694695341461440000 W,   199.9867 dBW
2026/05/07 19:43:58 - simulation time     660 (s) :                                                                                 :(Average:166157825569102400 W/edge device, 172.2052 dBW/edge device)
2026/05/07 19:43:58 - simulation time     660 (s) : SimLog- Dead edge devices due to battery drain                                  :              0 devices (Among 0 devices with batteries (NaN %))
2026/05/07 19:43:58 - simulation time     660 (s) : SimLog- Average remaining power (devices with batteries that are still alive)   :              0 Wh (Average: 0 %)
2026/05/07 19:43:58 - simulation time     660 (s) : SimulationManager- the Scenario Simulation overflow times :1

================== Simulation finished at time 691.50 ==================


SimLog- Iteration finished...

######################################################################################################################################################################
Starting CloudSim Plus 4.3.0

2026/05/07 19:43:58 - simulation time       0 (s) : ServersManager- Datacenters and devices were generated
2026/05/07 19:43:58 - simulation time       0 (s) : SimulationManager-  Orchestration algorithm= ROUND_ROBIN-  Architechitecture= ALL -  number of edge devices= 700
2026/05/07 19:43:58 - simulation time       0 (s) : SimulationManager- Simulation: 1  , iteration: 27
2026/05/07 19:44:15 - simulation time     660 (s) : 
2026/05/07 19:44:15 - simulation time     660 (s) : ------------------------------------------------------- OUTPUT -------------------------------------------------------
2026/05/07 19:44:15 - simulation time     660 (s) : 
2026/05/07 19:44:15 - simulation time     660 (s) : SimLog- Tasks not sent because device died (low energy)                         :               0 % (0 tasks)
2026/05/07 19:44:15 - simulation time     660 (s) : SimLog- Tasks sent from edge devices                                            :             100 % (11444 among 11444 generated tasks)
2026/05/07 19:44:15 - simulation time     660 (s) : -------------------------------------All values below are based on the sent tasks-------------------------------------
2026/05/07 19:44:15 - simulation time     660 (s) : SimLog- Tasks ETE delay                                                         :     39695.4841 seconds
2026/05/07 19:44:15 - simulation time     660 (s) : SimLog- Average tasks ETE delay                                                 :         4.6811 seconds
2026/05/07 19:44:15 - simulation time     660 (s) : SimLog- Tasks execution delay                                                   :     10119.3514 seconds
2026/05/07 19:44:15 - simulation time     660 (s) : SimLog- Average tasks execution delay                                           :         0.9693 seconds
2026/05/07 19:44:15 - simulation time     660 (s) : SimLog- Tasks waiting time (from task submiting to the execution start)         :       4448.785 seconds
2026/05/07 19:44:15 - simulation time     660 (s) : SimLog- Average tasks waiting time (from task submiting to the execution start) :         0.4261 seconds
2026/05/07 19:44:15 - simulation time     660 (s) : SimLog- Tasks successfully executed                                             :        74.1087 % (8481 among 11444 sent tasks)
2026/05/07 19:44:15 - simulation time     660 (s) : SimLog- Tasks failures
2026/05/07 19:44:15 - simulation time     660 (s) :                                        Not executed due to resources unavailable:              0 % (0 tasks)
2026/05/07 19:44:15 - simulation time     660 (s) :                               Successfully executed but failed due to high delay:        25.4719 % (2915 tasks from 11444 successfully sent tasks)
2026/05/07 19:44:15 - simulation time     660 (s) :                  Tasks execution results not returned because the device is dead:              0 % (0 tasks)
2026/05/07 19:44:15 - simulation time     660 (s) :                      Tasks execution results not returned due to device mobility:         0.4194 % (48 tasks)
2026/05/07 19:44:15 - simulation time     660 (s) : SimLog- Tasks executed on each level                                : Cloud=           2688 tasks (where 2144 were successfully executed)
2026/05/07 19:44:15 - simulation time     660 (s) :                                                                        Edge=           1056 tasks (where 813 were successfully executed)
2026/05/07 19:44:15 - simulation time     660 (s) :                                                                        Mist=           7700 tasks (where 5524 were successfully executed)
2026/05/07 19:44:15 - simulation time     660 (s) : SimLog- Network usage                                                           :          22533 seconds (The total traffic: 75247.95 (MBytes))
2026/05/07 19:44:15 - simulation time     660 (s) :                                                                         Wan=           3494 seconds (15.5061 % of total usage, WAN used when downloading containers=0 % of WAN usage)
2026/05/07 19:44:15 - simulation time     660 (s) :                                                                         Lan=          22533 seconds (100 % of total usage, LAN used when downloading containers=0 % of LAN usage)
2026/05/07 19:44:15 - simulation time     660 (s) :                                                    Average bandwidth per transfer=       855.3544 Mbps  
2026/05/07 19:44:15 - simulation time     660 (s) : SimLog- Average vm CPU utilization                                              :         0.5569 %
2026/05/07 19:44:15 - simulation time     660 (s) : SimLog- Average vm CPU utilization per level                             : Cloud=         0.1318 %
2026/05/07 19:44:15 - simulation time     660 (s) :                                                                             Edge=         0.1731 %
2026/05/07 19:44:15 - simulation time     660 (s) :                                                                             Mist=         0.5809 %
2026/05/07 19:44:15 - simulation time     660 (s) : SimLog- Energy consumption                                                      :308625290615088600000 W,   204.8943 dBW
2026/05/07 19:44:15 - simulation time     660 (s) :                                                                                 :(Average:415937049346480640 W/data center(or device), 176.1903 dBW/data center(or device))
2026/05/07 19:44:15 - simulation time     660 (s) :                                                                                 :(Average:27060525262173488 W/task, 164.3234 dBW/task)
2026/05/07 19:44:15 - simulation time     660 (s) : SimLog- Energy Consumption per level                                     : Cloud=117860637304341610000 W,   200.7137 dBW
2026/05/07 19:44:15 - simulation time     660 (s) :                                                                                 :(Average:6547813183574534100 W/data center, 188.161 dBW/data center)
2026/05/07 19:44:15 - simulation time     660 (s) :                                                                             Edge=14944484679911576000 W,   191.7448 dBW
2026/05/07 19:44:15 - simulation time     660 (s) :                                                                                 :(Average:622686861662982270 W/data center, 177.9427 dBW/data center)
2026/05/07 19:44:15 - simulation time     660 (s) :                                                                             Mist=175820168630835400000 W,   202.4507 dBW
2026/05/07 19:44:15 - simulation time     660 (s) :                                                                                 :(Average:251171669472622016 W/edge device, 173.9997 dBW/edge device)
2026/05/07 19:44:15 - simulation time     660 (s) : SimLog- Dead edge devices due to battery drain                                  :              0 devices (Among 0 devices with batteries (NaN %))
2026/05/07 19:44:15 - simulation time     660 (s) : SimLog- Average remaining power (devices with batteries that are still alive)   :              0 Wh (Average: 0 %)
2026/05/07 19:44:15 - simulation time     660 (s) : SimulationManager- the Scenario Simulation overflow times :2

================== Simulation finished at time 691.50 ==================


SimLog- Iteration finished...

######################################################################################################################################################################
Starting CloudSim Plus 4.3.0

2026/05/07 19:44:15 - simulation time       0 (s) : ServersManager- Datacenters and devices were generated
2026/05/07 19:44:15 - simulation time       0 (s) : SimulationManager-  Orchestration algorithm= ROUND_ROBIN-  Architechitecture= ALL -  number of edge devices= 800
2026/05/07 19:44:15 - simulation time       0 (s) : SimulationManager- Simulation: 1  , iteration: 28
2026/05/07 19:44:39 - simulation time     660 (s) : 
2026/05/07 19:44:39 - simulation time     660 (s) : ------------------------------------------------------- OUTPUT -------------------------------------------------------
2026/05/07 19:44:39 - simulation time     660 (s) : 
2026/05/07 19:44:39 - simulation time     660 (s) : SimLog- Tasks not sent because device died (low energy)                         :               0 % (0 tasks)
2026/05/07 19:44:39 - simulation time     660 (s) : SimLog- Tasks sent from edge devices                                            :             100 % (12990 among 12990 generated tasks)
2026/05/07 19:44:39 - simulation time     660 (s) : -------------------------------------All values below are based on the sent tasks-------------------------------------
2026/05/07 19:44:39 - simulation time     660 (s) : SimLog- Tasks ETE delay                                                         :     46221.0033 seconds
2026/05/07 19:44:39 - simulation time     660 (s) : SimLog- Average tasks ETE delay                                                 :         5.0012 seconds
2026/05/07 19:44:39 - simulation time     660 (s) : SimLog- Tasks execution delay                                                   :     11482.4649 seconds
2026/05/07 19:44:39 - simulation time     660 (s) : SimLog- Average tasks execution delay                                           :         1.0017 seconds
2026/05/07 19:44:39 - simulation time     660 (s) : SimLog- Tasks waiting time (from task submiting to the execution start)         :       7766.677 seconds
2026/05/07 19:44:39 - simulation time     660 (s) : SimLog- Average tasks waiting time (from task submiting to the execution start) :         0.6775 seconds
2026/05/07 19:44:39 - simulation time     660 (s) : SimLog- Tasks successfully executed                                             :         71.147 % (9242 among 12990 sent tasks)
2026/05/07 19:44:39 - simulation time     660 (s) : SimLog- Tasks failures
2026/05/07 19:44:39 - simulation time     660 (s) :                                        Not executed due to resources unavailable:              0 % (0 tasks)
2026/05/07 19:44:39 - simulation time     660 (s) :                               Successfully executed but failed due to high delay:        28.3141 % (3678 tasks from 12990 successfully sent tasks)
2026/05/07 19:44:39 - simulation time     660 (s) :                  Tasks execution results not returned because the device is dead:              0 % (0 tasks)
2026/05/07 19:44:39 - simulation time     660 (s) :                      Tasks execution results not returned due to device mobility:         0.5389 % (70 tasks)
2026/05/07 19:44:39 - simulation time     660 (s) : SimLog- Tasks executed on each level                                : Cloud=           2862 tasks (where 2208 were successfully executed)
2026/05/07 19:44:39 - simulation time     660 (s) :                                                                        Edge=           1056 tasks (where 809 were successfully executed)
2026/05/07 19:44:39 - simulation time     660 (s) :                                                                        Mist=           9072 tasks (where 6225 were successfully executed)
2026/05/07 19:44:39 - simulation time     660 (s) : SimLog- Network usage                                                           :          25103 seconds (The total traffic: 79758.05 (MBytes))
2026/05/07 19:44:39 - simulation time     660 (s) :                                                                         Wan=           3673 seconds (14.6317 % of total usage, WAN used when downloading containers=0 % of WAN usage)
2026/05/07 19:44:39 - simulation time     660 (s) :                                                                         Lan=          25103 seconds (100 % of total usage, LAN used when downloading containers=0 % of LAN usage)
2026/05/07 19:44:39 - simulation time     660 (s) :                                                    Average bandwidth per transfer=       864.7982 Mbps  
2026/05/07 19:44:39 - simulation time     660 (s) : SimLog- Average vm CPU utilization                                              :         0.4955 %
2026/05/07 19:44:39 - simulation time     660 (s) : SimLog- Average vm CPU utilization per level                             : Cloud=         0.0384 %
2026/05/07 19:44:39 - simulation time     660 (s) :                                                                             Edge=         0.1541 %
2026/05/07 19:44:39 - simulation time     660 (s) :                                                                             Mist=          0.516 %
2026/05/07 19:44:39 - simulation time     660 (s) : SimLog- Energy consumption                                                      :297279789411776900000 W,   204.7317 dBW
2026/05/07 19:44:39 - simulation time     660 (s) :                                                                                 :(Average:353063882911849090 W/data center(or device), 175.4785 dBW/data center(or device))
2026/05/07 19:44:39 - simulation time     660 (s) :                                                                                 :(Average:22961287511529848 W/task, 163.61 dBW/task)
2026/05/07 19:44:39 - simulation time     660 (s) : SimLog- Energy Consumption per level                                     : Cloud=108126413958631750000 W,   200.3393 dBW
2026/05/07 19:44:39 - simulation time     660 (s) :                                                                                 :(Average:6007022997701764100 W/data center, 187.7866 dBW/data center)
2026/05/07 19:44:39 - simulation time     660 (s) :                                                                             Edge=15448960347407335000 W,    191.889 dBW
2026/05/07 19:44:39 - simulation time     660 (s) :                                                                                 :(Average:643706681141972350 W/data center, 178.0869 dBW/data center)
2026/05/07 19:44:39 - simulation time     660 (s) :                                                                             Mist=173704415105737820000 W,   202.3981 dBW
2026/05/07 19:44:39 - simulation time     660 (s) :                                                                                 :(Average:217130518882172288 W/edge device, 173.3672 dBW/edge device)
2026/05/07 19:44:39 - simulation time     660 (s) : SimLog- Dead edge devices due to battery drain                                  :              0 devices (Among 0 devices with batteries (NaN %))
2026/05/07 19:44:39 - simulation time     660 (s) : SimLog- Average remaining power (devices with batteries that are still alive)   :              0 Wh (Average: 0 %)
2026/05/07 19:44:39 - simulation time     660 (s) : SimulationManager- the Scenario Simulation overflow times :2

================== Simulation finished at time 691.50 ==================


SimLog- Iteration finished...

######################################################################################################################################################################
Starting CloudSim Plus 4.3.0

2026/05/07 19:44:39 - simulation time       0 (s) : ServersManager- Datacenters and devices were generated
2026/05/07 19:44:39 - simulation time       0 (s) : SimulationManager-  Orchestration algorithm= ROUND_ROBIN-  Architechitecture= ALL -  number of edge devices= 900
2026/05/07 19:44:39 - simulation time       0 (s) : SimulationManager- Simulation: 1  , iteration: 29
2026/05/07 19:45:09 - simulation time     660 (s) : 
2026/05/07 19:45:09 - simulation time     660 (s) : ------------------------------------------------------- OUTPUT -------------------------------------------------------
2026/05/07 19:45:09 - simulation time     660 (s) : 
2026/05/07 19:45:09 - simulation time     660 (s) : SimLog- Tasks not sent because device died (low energy)                         :               0 % (0 tasks)
2026/05/07 19:45:09 - simulation time     660 (s) : SimLog- Tasks sent from edge devices                                            :             100 % (14766 among 14766 generated tasks)
2026/05/07 19:45:09 - simulation time     660 (s) : -------------------------------------All values below are based on the sent tasks-------------------------------------
2026/05/07 19:45:09 - simulation time     660 (s) : SimLog- Tasks ETE delay                                                         :     54973.2979 seconds
2026/05/07 19:45:09 - simulation time     660 (s) : SimLog- Average tasks ETE delay                                                 :         5.3305 seconds
2026/05/07 19:45:09 - simulation time     660 (s) : SimLog- Tasks execution delay                                                   :     12466.6647 seconds
2026/05/07 19:45:09 - simulation time     660 (s) : SimLog- Average tasks execution delay                                           :         0.9775 seconds
2026/05/07 19:45:09 - simulation time     660 (s) : SimLog- Tasks waiting time (from task submiting to the execution start)         :     12061.7971 seconds
2026/05/07 19:45:09 - simulation time     660 (s) : SimLog- Average tasks waiting time (from task submiting to the execution start) :         0.9457 seconds
2026/05/07 19:45:09 - simulation time     660 (s) : SimLog- Tasks successfully executed                                             :        69.8429 % (10313 among 14766 sent tasks)
2026/05/07 19:45:09 - simulation time     660 (s) : SimLog- Tasks failures
2026/05/07 19:45:09 - simulation time     660 (s) :                                        Not executed due to resources unavailable:              0 % (0 tasks)
2026/05/07 19:45:09 - simulation time     660 (s) :                               Successfully executed but failed due to high delay:        29.5544 % (4364 tasks from 14766 successfully sent tasks)
2026/05/07 19:45:09 - simulation time     660 (s) :                  Tasks execution results not returned because the device is dead:              0 % (0 tasks)
2026/05/07 19:45:09 - simulation time     660 (s) :                      Tasks execution results not returned due to device mobility:         0.6027 % (89 tasks)
2026/05/07 19:45:09 - simulation time     660 (s) : SimLog- Tasks executed on each level                                : Cloud=           2936 tasks (where 2132 were successfully executed)
2026/05/07 19:45:09 - simulation time     660 (s) :                                                                        Edge=           1067 tasks (where 798 were successfully executed)
2026/05/07 19:45:09 - simulation time     660 (s) :                                                                        Mist=          10763 tasks (where 7383 were successfully executed)
2026/05/07 19:45:09 - simulation time     660 (s) : SimLog- Network usage                                                           :          28265 seconds (The total traffic: 88317.4 (MBytes))
2026/05/07 19:45:09 - simulation time     660 (s) :                                                                         Wan=           3841 seconds (13.5892 % of total usage, WAN used when downloading containers=0 % of WAN usage)
2026/05/07 19:45:09 - simulation time     660 (s) :                                                                         Lan=          28265 seconds (100 % of total usage, LAN used when downloading containers=0 % of LAN usage)
2026/05/07 19:45:09 - simulation time     660 (s) :                                                    Average bandwidth per transfer=       876.9415 Mbps  
2026/05/07 19:45:09 - simulation time     660 (s) : SimLog- Average vm CPU utilization                                              :         0.6185 %
2026/05/07 19:45:09 - simulation time     660 (s) : SimLog- Average vm CPU utilization per level                             : Cloud=         0.0827 %
2026/05/07 19:45:09 - simulation time     660 (s) :                                                                             Edge=         0.1489 %
2026/05/07 19:45:09 - simulation time     660 (s) :                                                                             Mist=         0.6417 %
2026/05/07 19:45:09 - simulation time     660 (s) : SimLog- Energy consumption                                                      :268859785798136950000 W,   204.2953 dBW
2026/05/07 19:45:09 - simulation time     660 (s) :                                                                                 :(Average:285413785348340704 W/data center(or device), 174.5547 dBW/data center(or device))
2026/05/07 19:45:09 - simulation time     660 (s) :                                                                                 :(Average:18269895746000064 W/task, 162.6174 dBW/task)
2026/05/07 19:45:09 - simulation time     660 (s) : SimLog- Energy Consumption per level                                     : Cloud=94092568980529430000 W,   199.7356 dBW
2026/05/07 19:45:09 - simulation time     660 (s) :                                                                                 :(Average:5227364943362746400 W/data center, 187.1828 dBW/data center)
2026/05/07 19:45:09 - simulation time     660 (s) :                                                                             Edge=13670047755247254000 W,   191.3577 dBW
2026/05/07 19:45:09 - simulation time     660 (s) :                                                                                 :(Average:569585323135302210 W/data center, 177.5556 dBW/data center)
2026/05/07 19:45:09 - simulation time     660 (s) :                                                                             Mist=161097169062360250000 W,   202.0709 dBW
2026/05/07 19:45:09 - simulation time     660 (s) :                                                                                 :(Average:178996854513733600 W/edge device, 172.5285 dBW/edge device)
2026/05/07 19:45:09 - simulation time     660 (s) : SimLog- Dead edge devices due to battery drain                                  :              0 devices (Among 0 devices with batteries (NaN %))
2026/05/07 19:45:09 - simulation time     660 (s) : SimLog- Average remaining power (devices with batteries that are still alive)   :              0 Wh (Average: 0 %)
2026/05/07 19:45:09 - simulation time     660 (s) : SimulationManager- the Scenario Simulation overflow times :2

================== Simulation finished at time 691.50 ==================


SimLog- Iteration finished...

######################################################################################################################################################################
Starting CloudSim Plus 4.3.0

2026/05/07 19:45:09 - simulation time       0 (s) : ServersManager- Datacenters and devices were generated
2026/05/07 19:45:09 - simulation time       0 (s) : SimulationManager-  Orchestration algorithm= ROUND_ROBIN-  Architechitecture= ALL -  number of edge devices= 1000
2026/05/07 19:45:09 - simulation time       0 (s) : SimulationManager- Simulation: 1  , iteration: 30
2026/05/07 19:45:47 - simulation time     660 (s) : 
2026/05/07 19:45:47 - simulation time     660 (s) : ------------------------------------------------------- OUTPUT -------------------------------------------------------
2026/05/07 19:45:47 - simulation time     660 (s) : 
2026/05/07 19:45:47 - simulation time     660 (s) : SimLog- Tasks not sent because device died (low energy)                         :               0 % (0 tasks)
2026/05/07 19:45:47 - simulation time     660 (s) : SimLog- Tasks sent from edge devices                                            :             100 % (16570 among 16570 generated tasks)
2026/05/07 19:45:47 - simulation time     660 (s) : -------------------------------------All values below are based on the sent tasks-------------------------------------
2026/05/07 19:45:47 - simulation time     660 (s) : SimLog- Tasks ETE delay                                                         :     66099.7696 seconds
2026/05/07 19:45:47 - simulation time     660 (s) : SimLog- Average tasks ETE delay                                                 :         5.7037 seconds
2026/05/07 19:45:47 - simulation time     660 (s) : SimLog- Tasks execution delay                                                   :     14680.1594 seconds
2026/05/07 19:45:47 - simulation time     660 (s) : SimLog- Average tasks execution delay                                           :         1.0252 seconds
2026/05/07 19:45:47 - simulation time     660 (s) : SimLog- Tasks waiting time (from task submiting to the execution start)         :     17309.7255 seconds
2026/05/07 19:45:47 - simulation time     660 (s) : SimLog- Average tasks waiting time (from task submiting to the execution start) :         1.2088 seconds
2026/05/07 19:45:47 - simulation time     660 (s) : SimLog- Tasks successfully executed                                             :        69.9396 % (11589 among 16570 sent tasks)
2026/05/07 19:45:47 - simulation time     660 (s) : SimLog- Tasks failures
2026/05/07 19:45:47 - simulation time     660 (s) :                                        Not executed due to resources unavailable:              0 % (0 tasks)
2026/05/07 19:45:47 - simulation time     660 (s) :                               Successfully executed but failed due to high delay:        29.4387 % (4878 tasks from 16570 successfully sent tasks)
2026/05/07 19:45:47 - simulation time     660 (s) :                  Tasks execution results not returned because the device is dead:              0 % (0 tasks)
2026/05/07 19:45:47 - simulation time     660 (s) :                      Tasks execution results not returned due to device mobility:         0.6216 % (103 tasks)
2026/05/07 19:45:47 - simulation time     660 (s) : SimLog- Tasks executed on each level                                : Cloud=           3180 tasks (where 2327 were successfully executed)
2026/05/07 19:45:47 - simulation time     660 (s) :                                                                        Edge=           1152 tasks (where 836 were successfully executed)
2026/05/07 19:45:47 - simulation time     660 (s) :                                                                        Mist=          12238 tasks (where 8426 were successfully executed)
2026/05/07 19:45:47 - simulation time     660 (s) : SimLog- Network usage                                                           :          31657 seconds (The total traffic: 98728.65 (MBytes))
2026/05/07 19:45:47 - simulation time     660 (s) :                                                                         Wan=           4051 seconds (12.7965 % of total usage, WAN used when downloading containers=0 % of WAN usage)
2026/05/07 19:45:47 - simulation time     660 (s) :                                                                         Lan=          31657 seconds (100 % of total usage, LAN used when downloading containers=0 % of LAN usage)
2026/05/07 19:45:47 - simulation time     660 (s) :                                                    Average bandwidth per transfer=       880.4152 Mbps  
2026/05/07 19:45:47 - simulation time     660 (s) : SimLog- Average vm CPU utilization                                              :         0.5696 %
2026/05/07 19:45:47 - simulation time     660 (s) : SimLog- Average vm CPU utilization per level                             : Cloud=         0.0438 %
2026/05/07 19:45:47 - simulation time     660 (s) :                                                                             Edge=          0.108 %
2026/05/07 19:45:47 - simulation time     660 (s) :                                                                             Mist=         0.5901 %
2026/05/07 19:45:47 - simulation time     660 (s) : SimLog- Energy consumption                                                      :314241183573378660000 W,   204.9726 dBW
2026/05/07 19:45:47 - simulation time     660 (s) :                                                                                 :(Average:301575032220133060 W/data center(or device), 174.794 dBW/data center(or device))
2026/05/07 19:45:47 - simulation time     660 (s) :                                                                                 :(Average:19029926940796868 W/task, 162.7944 dBW/task)
2026/05/07 19:45:47 - simulation time     660 (s) : SimLog- Energy Consumption per level                                     : Cloud=112685713992637840000 W,   200.5187 dBW
2026/05/07 19:45:47 - simulation time     660 (s) :                                                                                 :(Average:6260317444035435500 W/data center, 187.966 dBW/data center)
2026/05/07 19:45:47 - simulation time     660 (s) :                                                                             Edge=10438561333601235000 W,   190.1864 dBW
2026/05/07 19:45:47 - simulation time     660 (s) :                                                                                 :(Average:434940055566718140 W/data center, 176.3843 dBW/data center)
2026/05/07 19:45:47 - simulation time     660 (s) :                                                                             Mist=191116908247139580000 W,    202.813 dBW
2026/05/07 19:45:47 - simulation time     660 (s) :                                                                                 :(Average:191116908247139584 W/edge device, 172.813 dBW/edge device)
2026/05/07 19:45:47 - simulation time     660 (s) : SimLog- Dead edge devices due to battery drain                                  :              0 devices (Among 0 devices with batteries (NaN %))
2026/05/07 19:45:47 - simulation time     660 (s) : SimLog- Average remaining power (devices with batteries that are still alive)   :              0 Wh (Average: 0 %)
2026/05/07 19:45:47 - simulation time     660 (s) : SimulationManager- the Scenario Simulation overflow times :2

================== Simulation finished at time 691.50 ==================


SimLog- Iteration finished...

######################################################################################################################################################################
Starting CloudSim Plus 4.3.0

2026/05/07 19:45:47 - simulation time       0 (s) : ServersManager- Datacenters and devices were generated
2026/05/07 19:45:47 - simulation time       0 (s) : SimulationManager-  Orchestration algorithm= TRADE_OFF-  Architechitecture= ALL -  number of edge devices= 100
2026/05/07 19:45:47 - simulation time       0 (s) : SimulationManager- Simulation: 1  , iteration: 31
2026/05/07 19:45:48 - simulation time     650 (s) : 
2026/05/07 19:45:48 - simulation time     650 (s) : ------------------------------------------------------- OUTPUT -------------------------------------------------------
2026/05/07 19:45:48 - simulation time     650 (s) : 
2026/05/07 19:45:48 - simulation time     650 (s) : SimLog- Tasks not sent because device died (low energy)                         :               0 % (0 tasks)
2026/05/07 19:45:48 - simulation time     650 (s) : SimLog- Tasks sent from edge devices                                            :             100 % (1578 among 1578 generated tasks)
2026/05/07 19:45:48 - simulation time     650 (s) : -------------------------------------All values below are based on the sent tasks-------------------------------------
2026/05/07 19:45:48 - simulation time     650 (s) : SimLog- Tasks ETE delay                                                         :      4184.5649 seconds
2026/05/07 19:45:48 - simulation time     650 (s) : SimLog- Average tasks ETE delay                                                 :         3.3938 seconds
2026/05/07 19:45:48 - simulation time     650 (s) : SimLog- Tasks execution delay                                                   :       687.9763 seconds
2026/05/07 19:45:48 - simulation time     650 (s) : SimLog- Average tasks execution delay                                           :         0.4385 seconds
2026/05/07 19:45:48 - simulation time     650 (s) : SimLog- Tasks waiting time (from task submiting to the execution start)         :        33.9269 seconds
2026/05/07 19:45:48 - simulation time     650 (s) : SimLog- Average tasks waiting time (from task submiting to the execution start) :         0.0216 seconds
2026/05/07 19:45:48 - simulation time     650 (s) : SimLog- Tasks successfully executed                                             :        78.1369 % (1233 among 1578 sent tasks)
2026/05/07 19:45:48 - simulation time     650 (s) : SimLog- Tasks failures
2026/05/07 19:45:48 - simulation time     650 (s) :                                        Not executed due to resources unavailable:              0 % (0 tasks)
2026/05/07 19:45:48 - simulation time     650 (s) :                               Successfully executed but failed due to high delay:        21.7364 % (343 tasks from 1578 successfully sent tasks)
2026/05/07 19:45:48 - simulation time     650 (s) :                  Tasks execution results not returned because the device is dead:              0 % (0 tasks)
2026/05/07 19:45:48 - simulation time     650 (s) :                      Tasks execution results not returned due to device mobility:         0.1267 % (2 tasks)
2026/05/07 19:45:48 - simulation time     650 (s) : SimLog- Tasks executed on each level                                : Cloud=            976 tasks (where 763 were successfully executed)
2026/05/07 19:45:48 - simulation time     650 (s) :                                                                        Edge=            482 tasks (where 375 were successfully executed)
2026/05/07 19:45:48 - simulation time     650 (s) :                                                                        Mist=            120 tasks (where 95 were successfully executed)
2026/05/07 19:45:48 - simulation time     650 (s) : SimLog- Network usage                                                           :           3117 seconds (The total traffic: 10163.1 (MBytes))
2026/05/07 19:45:48 - simulation time     650 (s) :                                                                         Wan=            976 seconds (31.3122 % of total usage, WAN used when downloading containers=0 % of WAN usage)
2026/05/07 19:45:48 - simulation time     650 (s) :                                                                         Lan=           3117 seconds (100 % of total usage, LAN used when downloading containers=0 % of LAN usage)
2026/05/07 19:45:48 - simulation time     650 (s) :                                                    Average bandwidth per transfer=       844.5497 Mbps  
2026/05/07 19:45:48 - simulation time     650 (s) : SimLog- Average vm CPU utilization                                              :         0.0647 %
2026/05/07 19:45:48 - simulation time     650 (s) : SimLog- Average vm CPU utilization per level                             : Cloud=              0 %
2026/05/07 19:45:48 - simulation time     650 (s) :                                                                             Edge=         0.0545 %
2026/05/07 19:45:48 - simulation time     650 (s) :                                                                             Mist=         0.0788 %
2026/05/07 19:45:48 - simulation time     650 (s) : SimLog- Energy consumption                                                      :77194047055238400000 W,   198.8758 dBW
2026/05/07 19:45:48 - simulation time     650 (s) :                                                                                 :(Average:543620049684777470 W/data center(or device), 177.353 dBW/data center(or device))
2026/05/07 19:45:48 - simulation time     650 (s) :                                                                                 :(Average:48980994324389848 W/task, 166.9003 dBW/task)
2026/05/07 19:45:48 - simulation time     650 (s) : SimLog- Energy Consumption per level                                     : Cloud=30919952198145184000 W,   194.9024 dBW
2026/05/07 19:45:48 - simulation time     650 (s) :                                                                                 :(Average:1717775122119176960 W/data center, 182.3497 dBW/data center)
2026/05/07 19:45:48 - simulation time     650 (s) :                                                                             Edge= 4352827797620301800 W,   186.3877 dBW
2026/05/07 19:45:48 - simulation time     650 (s) :                                                                                 :(Average:181367824900845920 W/data center, 172.5856 dBW/data center)
2026/05/07 19:45:48 - simulation time     650 (s) :                                                                             Mist=41921267059472920000 W,   196.2243 dBW
2026/05/07 19:45:48 - simulation time     650 (s) :                                                                                 :(Average:419212670594729150 W/edge device, 176.2243 dBW/edge device)
2026/05/07 19:45:48 - simulation time     650 (s) : SimLog- Dead edge devices due to battery drain                                  :              0 devices (Among 0 devices with batteries (NaN %))
2026/05/07 19:45:48 - simulation time     650 (s) : SimLog- Average remaining power (devices with batteries that are still alive)   :              0 Wh (Average: 0 %)
2026/05/07 19:45:48 - simulation time     650 (s) : SimulationManager- the Scenario Simulation overflow times :2

================== Simulation finished at time 685.20 ==================


SimLog- Iteration finished...

######################################################################################################################################################################
Starting CloudSim Plus 4.3.0

2026/05/07 19:45:48 - simulation time       0 (s) : ServersManager- Datacenters and devices were generated
2026/05/07 19:45:48 - simulation time       0 (s) : SimulationManager-  Orchestration algorithm= TRADE_OFF-  Architechitecture= ALL -  number of edge devices= 200
2026/05/07 19:45:48 - simulation time       0 (s) : SimulationManager- Simulation: 1  , iteration: 32
2026/05/07 19:45:50 - simulation time     650 (s) : 
2026/05/07 19:45:50 - simulation time     650 (s) : ------------------------------------------------------- OUTPUT -------------------------------------------------------
2026/05/07 19:45:50 - simulation time     650 (s) : 
2026/05/07 19:45:50 - simulation time     650 (s) : SimLog- Tasks not sent because device died (low energy)                         :               0 % (0 tasks)
2026/05/07 19:45:50 - simulation time     650 (s) : SimLog- Tasks sent from edge devices                                            :             100 % (3294 among 3294 generated tasks)
2026/05/07 19:45:50 - simulation time     650 (s) : -------------------------------------All values below are based on the sent tasks-------------------------------------
2026/05/07 19:45:50 - simulation time     650 (s) : SimLog- Tasks ETE delay                                                         :      9421.2029 seconds
2026/05/07 19:45:50 - simulation time     650 (s) : SimLog- Average tasks ETE delay                                                 :         3.5836 seconds
2026/05/07 19:45:50 - simulation time     650 (s) : SimLog- Tasks execution delay                                                   :      1615.6362 seconds
2026/05/07 19:45:50 - simulation time     650 (s) : SimLog- Average tasks execution delay                                           :         0.5118 seconds
2026/05/07 19:45:50 - simulation time     650 (s) : SimLog- Tasks waiting time (from task submiting to the execution start)         :        66.1706 seconds
2026/05/07 19:45:50 - simulation time     650 (s) : SimLog- Average tasks waiting time (from task submiting to the execution start) :          0.021 seconds
2026/05/07 19:45:50 - simulation time     650 (s) : SimLog- Tasks successfully executed                                             :        79.8118 % (2629 among 3294 sent tasks)
2026/05/07 19:45:50 - simulation time     650 (s) : SimLog- Tasks failures
2026/05/07 19:45:50 - simulation time     650 (s) :                                        Not executed due to resources unavailable:              0 % (0 tasks)
2026/05/07 19:45:50 - simulation time     650 (s) :                               Successfully executed but failed due to high delay:        19.8543 % (654 tasks from 3294 successfully sent tasks)
2026/05/07 19:45:50 - simulation time     650 (s) :                  Tasks execution results not returned because the device is dead:              0 % (0 tasks)
2026/05/07 19:45:50 - simulation time     650 (s) :                      Tasks execution results not returned due to device mobility:         0.3339 % (11 tasks)
2026/05/07 19:45:50 - simulation time     650 (s) : SimLog- Tasks executed on each level                                : Cloud=           1932 tasks (where 1562 were successfully executed)
2026/05/07 19:45:50 - simulation time     650 (s) :                                                                        Edge=            875 tasks (where 694 were successfully executed)
2026/05/07 19:45:50 - simulation time     650 (s) :                                                                        Mist=            487 tasks (where 373 were successfully executed)
2026/05/07 19:45:50 - simulation time     650 (s) : SimLog- Network usage                                                           :           6446 seconds (The total traffic: 23892.3 (MBytes))
2026/05/07 19:45:50 - simulation time     650 (s) :                                                                         Wan=           1995 seconds (30.9494 % of total usage, WAN used when downloading containers=0 % of WAN usage)
2026/05/07 19:45:50 - simulation time     650 (s) :                                                                         Lan=           6446 seconds (100 % of total usage, LAN used when downloading containers=0 % of LAN usage)
2026/05/07 19:45:50 - simulation time     650 (s) :                                                    Average bandwidth per transfer=       754.1344 Mbps  
2026/05/07 19:45:50 - simulation time     650 (s) : SimLog- Average vm CPU utilization                                              :         0.1137 %
2026/05/07 19:45:50 - simulation time     650 (s) : SimLog- Average vm CPU utilization per level                             : Cloud=          0.008 %
2026/05/07 19:45:50 - simulation time     650 (s) :                                                                             Edge=         0.1114 %
2026/05/07 19:45:50 - simulation time     650 (s) :                                                                             Mist=         0.1235 %
2026/05/07 19:45:50 - simulation time     650 (s) : SimLog- Energy consumption                                                      :187500733869124060000 W,     202.73 dBW
2026/05/07 19:45:50 - simulation time     650 (s) :                                                                                 :(Average:774796420946793600 W/data center(or device), 178.8919 dBW/data center(or device))
2026/05/07 19:45:50 - simulation time     650 (s) :                                                                                 :(Average:57112620733817864 W/task, 167.5673 dBW/task)
2026/05/07 19:45:50 - simulation time     650 (s) : SimLog- Energy Consumption per level                                     : Cloud=79073861827469540000 W,   198.9803 dBW
2026/05/07 19:45:50 - simulation time     650 (s) :                                                                                 :(Average:4392992323748308000 W/data center, 186.4276 dBW/data center)
2026/05/07 19:45:50 - simulation time     650 (s) :                                                                             Edge=10109409594118693000 W,   190.0473 dBW
2026/05/07 19:45:50 - simulation time     650 (s) :                                                                                 :(Average:421225399754945540 W/data center, 176.2451 dBW/data center)
2026/05/07 19:45:50 - simulation time     650 (s) :                                                                             Mist=98317462447535820000 W,   199.9263 dBW
2026/05/07 19:45:50 - simulation time     650 (s) :                                                                                 :(Average:491587312237679100 W/edge device, 176.916 dBW/edge device)
2026/05/07 19:45:50 - simulation time     650 (s) : SimLog- Dead edge devices due to battery drain                                  :              0 devices (Among 0 devices with batteries (NaN %))
2026/05/07 19:45:50 - simulation time     650 (s) : SimLog- Average remaining power (devices with batteries that are still alive)   :              0 Wh (Average: 0 %)
2026/05/07 19:45:50 - simulation time     650 (s) : SimulationManager- the Scenario Simulation overflow times :2

================== Simulation finished at time 685.20 ==================


SimLog- Iteration finished...

######################################################################################################################################################################
Starting CloudSim Plus 4.3.0

2026/05/07 19:45:50 - simulation time       0 (s) : ServersManager- Datacenters and devices were generated
2026/05/07 19:45:50 - simulation time       0 (s) : SimulationManager-  Orchestration algorithm= TRADE_OFF-  Architechitecture= ALL -  number of edge devices= 300
2026/05/07 19:45:50 - simulation time       0 (s) : SimulationManager- Simulation: 1  , iteration: 33
2026/05/07 19:45:54 - simulation time     660 (s) : 
2026/05/07 19:45:54 - simulation time     660 (s) : ------------------------------------------------------- OUTPUT -------------------------------------------------------
2026/05/07 19:45:54 - simulation time     660 (s) : 
2026/05/07 19:45:54 - simulation time     660 (s) : SimLog- Tasks not sent because device died (low energy)                         :               0 % (0 tasks)
2026/05/07 19:45:54 - simulation time     660 (s) : SimLog- Tasks sent from edge devices                                            :             100 % (4902 among 4902 generated tasks)
2026/05/07 19:45:54 - simulation time     660 (s) : -------------------------------------All values below are based on the sent tasks-------------------------------------
2026/05/07 19:45:54 - simulation time     660 (s) : SimLog- Tasks ETE delay                                                         :     14350.4582 seconds
2026/05/07 19:45:54 - simulation time     660 (s) : SimLog- Average tasks ETE delay                                                 :         3.6957 seconds
2026/05/07 19:45:54 - simulation time     660 (s) : SimLog- Tasks execution delay                                                   :      2643.2825 seconds
2026/05/07 19:45:54 - simulation time     660 (s) : SimLog- Average tasks execution delay                                           :         0.5646 seconds
2026/05/07 19:45:54 - simulation time     660 (s) : SimLog- Tasks waiting time (from task submiting to the execution start)         :        93.9582 seconds
2026/05/07 19:45:54 - simulation time     660 (s) : SimLog- Average tasks waiting time (from task submiting to the execution start) :         0.0201 seconds
2026/05/07 19:45:54 - simulation time     660 (s) : SimLog- Tasks successfully executed                                             :        79.2126 % (3883 among 4902 sent tasks)
2026/05/07 19:45:54 - simulation time     660 (s) : SimLog- Tasks failures
2026/05/07 19:45:54 - simulation time     660 (s) :                                        Not executed due to resources unavailable:              0 % (0 tasks)
2026/05/07 19:45:54 - simulation time     660 (s) :                               Successfully executed but failed due to high delay:         20.563 % (1008 tasks from 4902 successfully sent tasks)
2026/05/07 19:45:54 - simulation time     660 (s) :                  Tasks execution results not returned because the device is dead:              0 % (0 tasks)
2026/05/07 19:45:54 - simulation time     660 (s) :                      Tasks execution results not returned due to device mobility:         0.2244 % (11 tasks)
2026/05/07 19:45:54 - simulation time     660 (s) : SimLog- Tasks executed on each level                                : Cloud=           2592 tasks (where 2053 were successfully executed)
2026/05/07 19:45:54 - simulation time     660 (s) :                                                                        Edge=           1250 tasks (where 997 were successfully executed)
2026/05/07 19:45:54 - simulation time     660 (s) :                                                                        Mist=           1060 tasks (where 833 were successfully executed)
2026/05/07 19:45:54 - simulation time     660 (s) : SimLog- Network usage                                                           :           9728 seconds (The total traffic: 33298.65 (MBytes))
2026/05/07 19:45:54 - simulation time     660 (s) :                                                                         Wan=           2805 seconds (28.8343 % of total usage, WAN used when downloading containers=0 % of WAN usage)
2026/05/07 19:45:54 - simulation time     660 (s) :                                                                         Lan=           9728 seconds (100 % of total usage, LAN used when downloading containers=0 % of LAN usage)
2026/05/07 19:45:54 - simulation time     660 (s) :                                                    Average bandwidth per transfer=       740.8711 Mbps  
2026/05/07 19:45:54 - simulation time     660 (s) : SimLog- Average vm CPU utilization                                              :         0.1901 %
2026/05/07 19:45:54 - simulation time     660 (s) : SimLog- Average vm CPU utilization per level                             : Cloud=         0.0867 %
2026/05/07 19:45:54 - simulation time     660 (s) :                                                                             Edge=         0.1389 %
2026/05/07 19:45:54 - simulation time     660 (s) :                                                                             Mist=         0.2004 %
2026/05/07 19:45:54 - simulation time     660 (s) : SimLog- Energy consumption                                                      :230435539635571600000 W,   203.6255 dBW
2026/05/07 19:45:54 - simulation time     660 (s) :                                                                                 :(Average:673788127589390590 W/data center(or device), 178.2852 dBW/data center(or device))
2026/05/07 19:45:54 - simulation time     660 (s) :                                                                                 :(Average:47114197431112568 W/task, 166.7315 dBW/task)
2026/05/07 19:45:54 - simulation time     660 (s) : SimLog- Energy Consumption per level                                     : Cloud=93781497154111880000 W,   199.7212 dBW
2026/05/07 19:45:54 - simulation time     660 (s) :                                                                                 :(Average:5210083175228437500 W/data center, 187.1684 dBW/data center)
2026/05/07 19:45:54 - simulation time     660 (s) :                                                                             Edge=12921776234513410000 W,   191.1132 dBW
2026/05/07 19:45:54 - simulation time     660 (s) :                                                                                 :(Average:538407343104725440 W/data center, 177.3111 dBW/data center)
2026/05/07 19:45:54 - simulation time     660 (s) :                                                                             Mist=123732266246946300000 W,   200.9248 dBW
2026/05/07 19:45:54 - simulation time     660 (s) :                                                                                 :(Average:412440887489821060 W/edge device, 176.1536 dBW/edge device)
2026/05/07 19:45:54 - simulation time     660 (s) : SimLog- Dead edge devices due to battery drain                                  :              0 devices (Among 0 devices with batteries (NaN %))
2026/05/07 19:45:54 - simulation time     660 (s) : SimLog- Average remaining power (devices with batteries that are still alive)   :              0 Wh (Average: 0 %)
2026/05/07 19:45:54 - simulation time     660 (s) : SimulationManager- the Scenario Simulation overflow times :2

================== Simulation finished at time 691.50 ==================


SimLog- Iteration finished...

######################################################################################################################################################################
Starting CloudSim Plus 4.3.0

2026/05/07 19:45:54 - simulation time       0 (s) : ServersManager- Datacenters and devices were generated
2026/05/07 19:45:54 - simulation time       0 (s) : SimulationManager-  Orchestration algorithm= TRADE_OFF-  Architechitecture= ALL -  number of edge devices= 400
2026/05/07 19:45:54 - simulation time       0 (s) : SimulationManager- Simulation: 1  , iteration: 34
2026/05/07 19:46:01 - simulation time     650 (s) : 
2026/05/07 19:46:01 - simulation time     650 (s) : ------------------------------------------------------- OUTPUT -------------------------------------------------------
2026/05/07 19:46:01 - simulation time     650 (s) : 
2026/05/07 19:46:01 - simulation time     650 (s) : SimLog- Tasks not sent because device died (low energy)                         :               0 % (0 tasks)
2026/05/07 19:46:01 - simulation time     650 (s) : SimLog- Tasks sent from edge devices                                            :             100 % (6516 among 6516 generated tasks)
2026/05/07 19:46:01 - simulation time     650 (s) : -------------------------------------All values below are based on the sent tasks-------------------------------------
2026/05/07 19:46:01 - simulation time     650 (s) : SimLog- Tasks ETE delay                                                         :     17951.8545 seconds
2026/05/07 19:46:01 - simulation time     650 (s) : SimLog- Average tasks ETE delay                                                 :         3.6325 seconds
2026/05/07 19:46:01 - simulation time     650 (s) : SimLog- Tasks execution delay                                                   :      3374.5978 seconds
2026/05/07 19:46:01 - simulation time     650 (s) : SimLog- Average tasks execution delay                                           :         0.5481 seconds
2026/05/07 19:46:01 - simulation time     650 (s) : SimLog- Tasks waiting time (from task submiting to the execution start)         :       271.0307 seconds
2026/05/07 19:46:01 - simulation time     650 (s) : SimLog- Average tasks waiting time (from task submiting to the execution start) :          0.044 seconds
2026/05/07 19:46:01 - simulation time     650 (s) : SimLog- Tasks successfully executed                                             :        75.8441 % (4942 among 6516 sent tasks)
2026/05/07 19:46:01 - simulation time     650 (s) : SimLog- Tasks failures
2026/05/07 19:46:01 - simulation time     650 (s) :                                        Not executed due to resources unavailable:              0 % (0 tasks)
2026/05/07 19:46:01 - simulation time     650 (s) :                               Successfully executed but failed due to high delay:        23.9104 % (1558 tasks from 6516 successfully sent tasks)
2026/05/07 19:46:01 - simulation time     650 (s) :                  Tasks execution results not returned because the device is dead:              0 % (0 tasks)
2026/05/07 19:46:01 - simulation time     650 (s) :                      Tasks execution results not returned due to device mobility:         0.2455 % (16 tasks)
2026/05/07 19:46:01 - simulation time     650 (s) : SimLog- Tasks executed on each level                                : Cloud=           3168 tasks (where 2425 were successfully executed)
2026/05/07 19:46:01 - simulation time     650 (s) :                                                                        Edge=           1546 tasks (where 1137 were successfully executed)
2026/05/07 19:46:01 - simulation time     650 (s) :                                                                        Mist=           1802 tasks (where 1380 were successfully executed)
2026/05/07 19:46:01 - simulation time     650 (s) : SimLog- Network usage                                                           :          12857 seconds (The total traffic: 38682.5 (MBytes))
2026/05/07 19:46:01 - simulation time     650 (s) :                                                                         Wan=           3460 seconds (26.9114 % of total usage, WAN used when downloading containers=0 % of WAN usage)
2026/05/07 19:46:01 - simulation time     650 (s) :                                                                         Lan=          12857 seconds (100 % of total usage, LAN used when downloading containers=0 % of LAN usage)
2026/05/07 19:46:01 - simulation time     650 (s) :                                                    Average bandwidth per transfer=       741.2861 Mbps  
2026/05/07 19:46:01 - simulation time     650 (s) : SimLog- Average vm CPU utilization                                              :         0.1711 %
2026/05/07 19:46:01 - simulation time     650 (s) : SimLog- Average vm CPU utilization per level                             : Cloud=          0.012 %
2026/05/07 19:46:01 - simulation time     650 (s) :                                                                             Edge=         0.1673 %
2026/05/07 19:46:01 - simulation time     650 (s) :                                                                             Mist=         0.1784 %
2026/05/07 19:46:01 - simulation time     650 (s) : SimLog- Energy consumption                                                      :246400610040707350000 W,   203.9164 dBW
2026/05/07 19:46:01 - simulation time     650 (s) :                                                                                 :(Average:557467443531012100 W/data center(or device), 177.4622 dBW/data center(or device))
2026/05/07 19:46:01 - simulation time     650 (s) :                                                                                 :(Average:37890298330110312 W/task, 165.7853 dBW/task)
2026/05/07 19:46:01 - simulation time     650 (s) : SimLog- Energy Consumption per level                                     : Cloud=95082999462302400000 W,    199.781 dBW
2026/05/07 19:46:01 - simulation time     650 (s) :                                                                                 :(Average:5282388859016800300 W/data center, 187.2283 dBW/data center)
2026/05/07 19:46:01 - simulation time     650 (s) :                                                                             Edge=17393803594460455000 W,   192.4039 dBW
2026/05/07 19:46:01 - simulation time     650 (s) :                                                                                 :(Average:724741816435852290 W/data center, 178.6018 dBW/data center)
2026/05/07 19:46:01 - simulation time     650 (s) :                                                                             Mist=133923806983944490000 W,   201.2686 dBW
2026/05/07 19:46:01 - simulation time     650 (s) :                                                                                 :(Average:334809517459861250 W/edge device, 175.248 dBW/edge device)
2026/05/07 19:46:01 - simulation time     650 (s) : SimLog- Dead edge devices due to battery drain                                  :              0 devices (Among 0 devices with batteries (NaN %))
2026/05/07 19:46:01 - simulation time     650 (s) : SimLog- Average remaining power (devices with batteries that are still alive)   :              0 Wh (Average: 0 %)
2026/05/07 19:46:01 - simulation time     650 (s) : SimulationManager- the Scenario Simulation overflow times :2

================== Simulation finished at time 685.20 ==================


SimLog- Iteration finished...

######################################################################################################################################################################
Starting CloudSim Plus 4.3.0

2026/05/07 19:46:01 - simulation time       0 (s) : ServersManager- Datacenters and devices were generated
2026/05/07 19:46:01 - simulation time       0 (s) : SimulationManager-  Orchestration algorithm= TRADE_OFF-  Architechitecture= ALL -  number of edge devices= 500
2026/05/07 19:46:01 - simulation time       0 (s) : SimulationManager- Simulation: 1  , iteration: 35
2026/05/07 19:46:10 - simulation time     660 (s) : 
2026/05/07 19:46:10 - simulation time     660 (s) : ------------------------------------------------------- OUTPUT -------------------------------------------------------
2026/05/07 19:46:10 - simulation time     660 (s) : 
2026/05/07 19:46:10 - simulation time     660 (s) : SimLog- Tasks not sent because device died (low energy)                         :               0 % (0 tasks)
2026/05/07 19:46:10 - simulation time     660 (s) : SimLog- Tasks sent from edge devices                                            :             100 % (8398 among 8398 generated tasks)
2026/05/07 19:46:10 - simulation time     660 (s) : -------------------------------------All values below are based on the sent tasks-------------------------------------
2026/05/07 19:46:10 - simulation time     660 (s) : SimLog- Tasks ETE delay                                                         :     23872.1132 seconds
2026/05/07 19:46:10 - simulation time     660 (s) : SimLog- Average tasks ETE delay                                                 :         3.7547 seconds
2026/05/07 19:46:10 - simulation time     660 (s) : SimLog- Tasks execution delay                                                   :       4545.644 seconds
2026/05/07 19:46:10 - simulation time     660 (s) : SimLog- Average tasks execution delay                                           :         0.5825 seconds
2026/05/07 19:46:10 - simulation time     660 (s) : SimLog- Tasks waiting time (from task submiting to the execution start)         :       217.8825 seconds
2026/05/07 19:46:10 - simulation time     660 (s) : SimLog- Average tasks waiting time (from task submiting to the execution start) :         0.0279 seconds
2026/05/07 19:46:10 - simulation time     660 (s) : SimLog- Tasks successfully executed                                             :        75.7204 % (6359 among 8398 sent tasks)
2026/05/07 19:46:10 - simulation time     660 (s) : SimLog- Tasks failures
2026/05/07 19:46:10 - simulation time     660 (s) :                                        Not executed due to resources unavailable:              0 % (0 tasks)
2026/05/07 19:46:10 - simulation time     660 (s) :                               Successfully executed but failed due to high delay:        24.0772 % (2022 tasks from 8398 successfully sent tasks)
2026/05/07 19:46:10 - simulation time     660 (s) :                  Tasks execution results not returned because the device is dead:              0 % (0 tasks)
2026/05/07 19:46:10 - simulation time     660 (s) :                      Tasks execution results not returned due to device mobility:         0.2024 % (17 tasks)
2026/05/07 19:46:10 - simulation time     660 (s) : SimLog- Tasks executed on each level                                : Cloud=           3757 tasks (where 2826 were successfully executed)
2026/05/07 19:46:10 - simulation time     660 (s) :                                                                        Edge=           1834 tasks (where 1347 were successfully executed)
2026/05/07 19:46:10 - simulation time     660 (s) :                                                                        Mist=           2807 tasks (where 2186 were successfully executed)
2026/05/07 19:46:10 - simulation time     660 (s) : SimLog- Network usage                                                           :          16563 seconds (The total traffic: 51384.8 (MBytes))
2026/05/07 19:46:10 - simulation time     660 (s) :                                                                         Wan=           4220 seconds (25.4785 % of total usage, WAN used when downloading containers=0 % of WAN usage)
2026/05/07 19:46:10 - simulation time     660 (s) :                                                                         Lan=          16563 seconds (100 % of total usage, LAN used when downloading containers=0 % of LAN usage)
2026/05/07 19:46:10 - simulation time     660 (s) :                                                    Average bandwidth per transfer=       746.0733 Mbps  
2026/05/07 19:46:10 - simulation time     660 (s) : SimLog- Average vm CPU utilization                                              :         0.2476 %
2026/05/07 19:46:10 - simulation time     660 (s) : SimLog- Average vm CPU utilization per level                             : Cloud=         0.0589 %
2026/05/07 19:46:10 - simulation time     660 (s) :                                                                             Edge=         0.2008 %
2026/05/07 19:46:10 - simulation time     660 (s) :                                                                             Mist=         0.2567 %
2026/05/07 19:46:10 - simulation time     660 (s) : SimLog- Energy consumption                                                      :291936989444098850000 W,   204.6529 dBW
2026/05/07 19:46:10 - simulation time     660 (s) :                                                                                 :(Average:538629131815680510 W/data center(or device), 177.3129 dBW/data center(or device))
2026/05/07 19:46:10 - simulation time     660 (s) :                                                                                 :(Average:34837349575668120 W/task, 165.4205 dBW/task)
2026/05/07 19:46:10 - simulation time     660 (s) : SimLog- Energy Consumption per level                                     : Cloud=116701559530549020000 W,   200.6708 dBW
2026/05/07 19:46:10 - simulation time     660 (s) :                                                                                 :(Average:6483419973919389700 W/data center, 188.118 dBW/data center)
2026/05/07 19:46:10 - simulation time     660 (s) :                                                                             Edge=17742344408978756000 W,   192.4901 dBW
2026/05/07 19:46:10 - simulation time     660 (s) :                                                                                 :(Average:739264350374114820 W/data center, 178.688 dBW/data center)
2026/05/07 19:46:10 - simulation time     660 (s) :                                                                             Mist=157493085504571080000 W,   201.9726 dBW
2026/05/07 19:46:10 - simulation time     660 (s) :                                                                                 :(Average:314986171009142140 W/edge device, 174.9829 dBW/edge device)
2026/05/07 19:46:10 - simulation time     660 (s) : SimLog- Dead edge devices due to battery drain                                  :              0 devices (Among 0 devices with batteries (NaN %))
2026/05/07 19:46:10 - simulation time     660 (s) : SimLog- Average remaining power (devices with batteries that are still alive)   :              0 Wh (Average: 0 %)
2026/05/07 19:46:10 - simulation time     660 (s) : SimulationManager- the Scenario Simulation overflow times :3

================== Simulation finished at time 691.50 ==================


SimLog- Iteration finished...

######################################################################################################################################################################
Starting CloudSim Plus 4.3.0

2026/05/07 19:46:10 - simulation time       0 (s) : ServersManager- Datacenters and devices were generated
2026/05/07 19:46:10 - simulation time       0 (s) : SimulationManager-  Orchestration algorithm= TRADE_OFF-  Architechitecture= ALL -  number of edge devices= 600
2026/05/07 19:46:10 - simulation time       0 (s) : SimulationManager- Simulation: 1  , iteration: 36
2026/05/07 19:46:24 - simulation time     650 (s) : 
2026/05/07 19:46:24 - simulation time     650 (s) : ------------------------------------------------------- OUTPUT -------------------------------------------------------
2026/05/07 19:46:24 - simulation time     650 (s) : 
2026/05/07 19:46:24 - simulation time     650 (s) : SimLog- Tasks not sent because device died (low energy)                         :               0 % (0 tasks)
2026/05/07 19:46:24 - simulation time     650 (s) : SimLog- Tasks sent from edge devices                                            :             100 % (9794 among 9794 generated tasks)
2026/05/07 19:46:24 - simulation time     650 (s) : -------------------------------------All values below are based on the sent tasks-------------------------------------
2026/05/07 19:46:24 - simulation time     650 (s) : SimLog- Tasks ETE delay                                                         :     29678.1633 seconds
2026/05/07 19:46:24 - simulation time     650 (s) : SimLog- Average tasks ETE delay                                                 :         3.9938 seconds
2026/05/07 19:46:24 - simulation time     650 (s) : SimLog- Tasks execution delay                                                   :      6194.5025 seconds
2026/05/07 19:46:24 - simulation time     650 (s) : SimLog- Average tasks execution delay                                           :         0.6795 seconds
2026/05/07 19:46:24 - simulation time     650 (s) : SimLog- Tasks waiting time (from task submiting to the execution start)         :      1139.4008 seconds
2026/05/07 19:46:24 - simulation time     650 (s) : SimLog- Average tasks waiting time (from task submiting to the execution start) :          0.125 seconds
2026/05/07 19:46:24 - simulation time     650 (s) : SimLog- Tasks successfully executed                                             :         75.873 % (7431 among 9794 sent tasks)
2026/05/07 19:46:24 - simulation time     650 (s) : SimLog- Tasks failures
2026/05/07 19:46:24 - simulation time     650 (s) :                                        Not executed due to resources unavailable:              0 % (0 tasks)
2026/05/07 19:46:24 - simulation time     650 (s) :                               Successfully executed but failed due to high delay:        23.9432 % (2345 tasks from 9794 successfully sent tasks)
2026/05/07 19:46:24 - simulation time     650 (s) :                  Tasks execution results not returned because the device is dead:              0 % (0 tasks)
2026/05/07 19:46:24 - simulation time     650 (s) :                      Tasks execution results not returned due to device mobility:         0.1838 % (18 tasks)
2026/05/07 19:46:24 - simulation time     650 (s) : SimLog- Tasks executed on each level                                : Cloud=           4226 tasks (where 3114 were successfully executed)
2026/05/07 19:46:24 - simulation time     650 (s) :                                                                        Edge=           2026 tasks (where 1508 were successfully executed)
2026/05/07 19:46:24 - simulation time     650 (s) :                                                                        Mist=           3542 tasks (where 2809 were successfully executed)
2026/05/07 19:46:24 - simulation time     650 (s) : SimLog- Network usage                                                           :          19392 seconds (The total traffic: 62655.3 (MBytes))
2026/05/07 19:46:24 - simulation time     650 (s) :                                                                         Wan=           4821 seconds (24.8608 % of total usage, WAN used when downloading containers=0 % of WAN usage)
2026/05/07 19:46:24 - simulation time     650 (s) :                                                                         Lan=          19392 seconds (100 % of total usage, LAN used when downloading containers=0 % of LAN usage)
2026/05/07 19:46:24 - simulation time     650 (s) :                                                    Average bandwidth per transfer=       746.1498 Mbps  
2026/05/07 19:46:24 - simulation time     650 (s) : SimLog- Average vm CPU utilization                                              :         0.2993 %
2026/05/07 19:46:24 - simulation time     650 (s) : SimLog- Average vm CPU utilization per level                             : Cloud=         0.0806 %
2026/05/07 19:46:24 - simulation time     650 (s) :                                                                             Edge=         0.2245 %
2026/05/07 19:46:24 - simulation time     650 (s) :                                                                             Mist=         0.3089 %
2026/05/07 19:46:24 - simulation time     650 (s) : SimLog- Energy consumption                                                      :330297170191492200000 W,    205.189 dBW
2026/05/07 19:46:24 - simulation time     650 (s) :                                                                                 :(Average:514481573506997180 W/data center(or device), 177.1137 dBW/data center(or device))
2026/05/07 19:46:24 - simulation time     650 (s) :                                                                                 :(Average:33769263898526960 W/task, 165.2852 dBW/task)
2026/05/07 19:46:24 - simulation time     650 (s) : SimLog- Energy Consumption per level                                     : Cloud=127092319846521230000 W,   201.0412 dBW
2026/05/07 19:46:24 - simulation time     650 (s) :                                                                                 :(Average:7060684435917845500 W/data center, 188.4885 dBW/data center)
2026/05/07 19:46:24 - simulation time     650 (s) :                                                                             Edge=21309962171628933000 W,   193.2858 dBW
2026/05/07 19:46:24 - simulation time     650 (s) :                                                                                 :(Average:887915090484538880 W/data center, 179.4837 dBW/data center)
2026/05/07 19:46:24 - simulation time     650 (s) :                                                                             Mist=181894888173342000000 W,   202.5982 dBW
2026/05/07 19:46:24 - simulation time     650 (s) :                                                                                 :(Average:303158146955569980 W/edge device, 174.8167 dBW/edge device)
2026/05/07 19:46:24 - simulation time     650 (s) : SimLog- Dead edge devices due to battery drain                                  :              0 devices (Among 0 devices with batteries (NaN %))
2026/05/07 19:46:24 - simulation time     650 (s) : SimLog- Average remaining power (devices with batteries that are still alive)   :              0 Wh (Average: 0 %)
2026/05/07 19:46:24 - simulation time     650 (s) : SimulationManager- the Scenario Simulation overflow times :3

================== Simulation finished at time 685.20 ==================


SimLog- Iteration finished...

######################################################################################################################################################################
Starting CloudSim Plus 4.3.0

2026/05/07 19:46:24 - simulation time       0 (s) : ServersManager- Datacenters and devices were generated
2026/05/07 19:46:24 - simulation time       0 (s) : SimulationManager-  Orchestration algorithm= TRADE_OFF-  Architechitecture= ALL -  number of edge devices= 700
2026/05/07 19:46:24 - simulation time       0 (s) : SimulationManager- Simulation: 1  , iteration: 37
2026/05/07 19:46:42 - simulation time     660 (s) : 
2026/05/07 19:46:42 - simulation time     660 (s) : ------------------------------------------------------- OUTPUT -------------------------------------------------------
2026/05/07 19:46:42 - simulation time     660 (s) : 
2026/05/07 19:46:42 - simulation time     660 (s) : SimLog- Tasks not sent because device died (low energy)                         :               0 % (0 tasks)
2026/05/07 19:46:42 - simulation time     660 (s) : SimLog- Tasks sent from edge devices                                            :             100 % (11466 among 11466 generated tasks)
2026/05/07 19:46:42 - simulation time     660 (s) : -------------------------------------All values below are based on the sent tasks-------------------------------------
2026/05/07 19:46:42 - simulation time     660 (s) : SimLog- Tasks ETE delay                                                         :     36683.0689 seconds
2026/05/07 19:46:42 - simulation time     660 (s) : SimLog- Average tasks ETE delay                                                 :         4.3121 seconds
2026/05/07 19:46:42 - simulation time     660 (s) : SimLog- Tasks execution delay                                                   :      7044.4802 seconds
2026/05/07 19:46:42 - simulation time     660 (s) : SimLog- Average tasks execution delay                                           :          0.673 seconds
2026/05/07 19:46:42 - simulation time     660 (s) : SimLog- Tasks waiting time (from task submiting to the execution start)         :      3942.9044 seconds
2026/05/07 19:46:42 - simulation time     660 (s) : SimLog- Average tasks waiting time (from task submiting to the execution start) :         0.3767 seconds
2026/05/07 19:46:42 - simulation time     660 (s) : SimLog- Tasks successfully executed                                             :         74.202 % (8508 among 11466 sent tasks)
2026/05/07 19:46:42 - simulation time     660 (s) : SimLog- Tasks failures
2026/05/07 19:46:42 - simulation time     660 (s) :                                        Not executed due to resources unavailable:              0 % (0 tasks)
2026/05/07 19:46:42 - simulation time     660 (s) :                               Successfully executed but failed due to high delay:        25.3358 % (2905 tasks from 11466 successfully sent tasks)
2026/05/07 19:46:42 - simulation time     660 (s) :                  Tasks execution results not returned because the device is dead:              0 % (0 tasks)
2026/05/07 19:46:42 - simulation time     660 (s) :                      Tasks execution results not returned due to device mobility:         0.4622 % (53 tasks)
2026/05/07 19:46:42 - simulation time     660 (s) : SimLog- Tasks executed on each level                                : Cloud=           4608 tasks (where 3339 were successfully executed)
2026/05/07 19:46:42 - simulation time     660 (s) :                                                                        Edge=           2220 tasks (where 1678 were successfully executed)
2026/05/07 19:46:42 - simulation time     660 (s) :                                                                        Mist=           4638 tasks (where 3491 were successfully executed)
2026/05/07 19:46:42 - simulation time     660 (s) : SimLog- Network usage                                                           :          22824 seconds (The total traffic: 69440.9 (MBytes))
2026/05/07 19:46:42 - simulation time     660 (s) :                                                                         Wan=           5597 seconds (24.5224 % of total usage, WAN used when downloading containers=0 % of WAN usage)
2026/05/07 19:46:42 - simulation time     660 (s) :                                                                         Lan=          22824 seconds (100 % of total usage, LAN used when downloading containers=0 % of LAN usage)
2026/05/07 19:46:42 - simulation time     660 (s) :                                                    Average bandwidth per transfer=       748.3778 Mbps  
2026/05/07 19:46:42 - simulation time     660 (s) : SimLog- Average vm CPU utilization                                              :         0.3735 %
2026/05/07 19:46:42 - simulation time     660 (s) : SimLog- Average vm CPU utilization per level                             : Cloud=         0.0609 %
2026/05/07 19:46:42 - simulation time     660 (s) :                                                                             Edge=         0.2848 %
2026/05/07 19:46:42 - simulation time     660 (s) :                                                                             Mist=         0.3845 %
2026/05/07 19:46:42 - simulation time     660 (s) : SimLog- Energy consumption                                                      :311276243350601900000 W,   204.9315 dBW
2026/05/07 19:46:42 - simulation time     660 (s) :                                                                                 :(Average:419509761928034940 W/data center(or device), 176.2274 dBW/data center(or device))
2026/05/07 19:46:42 - simulation time     660 (s) :                                                                                 :(Average:27245185413619424 W/task, 164.3529 dBW/task)
2026/05/07 19:46:42 - simulation time     660 (s) : SimLog- Energy Consumption per level                                     : Cloud=112897242470802060000 W,   200.5268 dBW
2026/05/07 19:46:42 - simulation time     660 (s) :                                                                                 :(Average:6272069026155670500 W/data center, 187.9741 dBW/data center)
2026/05/07 19:46:42 - simulation time     660 (s) :                                                                             Edge=24766333962004283000 W,   193.9386 dBW
2026/05/07 19:46:42 - simulation time     660 (s) :                                                                                 :(Average:1031930581750178430 W/data center, 180.1365 dBW/data center)
2026/05/07 19:46:42 - simulation time     660 (s) :                                                                             Mist=173612666917795600000 W,   202.3958 dBW
2026/05/07 19:46:42 - simulation time     660 (s) :                                                                                 :(Average:248018095596850848 W/edge device, 173.9448 dBW/edge device)
2026/05/07 19:46:42 - simulation time     660 (s) : SimLog- Dead edge devices due to battery drain                                  :              0 devices (Among 0 devices with batteries (NaN %))
2026/05/07 19:46:42 - simulation time     660 (s) : SimLog- Average remaining power (devices with batteries that are still alive)   :              0 Wh (Average: 0 %)
2026/05/07 19:46:42 - simulation time     660 (s) : SimulationManager- the Scenario Simulation overflow times :4

================== Simulation finished at time 691.50 ==================


SimLog- Iteration finished...

######################################################################################################################################################################
Starting CloudSim Plus 4.3.0

2026/05/07 19:46:42 - simulation time       0 (s) : ServersManager- Datacenters and devices were generated
2026/05/07 19:46:42 - simulation time       0 (s) : SimulationManager-  Orchestration algorithm= TRADE_OFF-  Architechitecture= ALL -  number of edge devices= 800
2026/05/07 19:46:42 - simulation time       0 (s) : SimulationManager- Simulation: 1  , iteration: 38
2026/05/07 19:47:05 - simulation time     660 (s) : 
2026/05/07 19:47:05 - simulation time     660 (s) : ------------------------------------------------------- OUTPUT -------------------------------------------------------
2026/05/07 19:47:05 - simulation time     660 (s) : 
2026/05/07 19:47:05 - simulation time     660 (s) : SimLog- Tasks not sent because device died (low energy)                         :               0 % (0 tasks)
2026/05/07 19:47:05 - simulation time     660 (s) : SimLog- Tasks sent from edge devices                                            :             100 % (12978 among 12978 generated tasks)
2026/05/07 19:47:05 - simulation time     660 (s) : -------------------------------------All values below are based on the sent tasks-------------------------------------
2026/05/07 19:47:05 - simulation time     660 (s) : SimLog- Tasks ETE delay                                                         :     46120.1676 seconds
2026/05/07 19:47:05 - simulation time     660 (s) : SimLog- Average tasks ETE delay                                                 :         4.8522 seconds
2026/05/07 19:47:05 - simulation time     660 (s) : SimLog- Tasks execution delay                                                   :      8316.0388 seconds
2026/05/07 19:47:05 - simulation time     660 (s) : SimLog- Average tasks execution delay                                           :         0.7176 seconds
2026/05/07 19:47:05 - simulation time     660 (s) : SimLog- Tasks waiting time (from task submiting to the execution start)         :      8605.7692 seconds
2026/05/07 19:47:05 - simulation time     660 (s) : SimLog- Average tasks waiting time (from task submiting to the execution start) :         0.7426 seconds
2026/05/07 19:47:05 - simulation time     660 (s) : SimLog- Tasks successfully executed                                             :        73.2393 % (9505 among 12978 sent tasks)
2026/05/07 19:47:05 - simulation time     660 (s) : SimLog- Tasks failures
2026/05/07 19:47:05 - simulation time     660 (s) :                                        Not executed due to resources unavailable:              0 % (0 tasks)
2026/05/07 19:47:05 - simulation time     660 (s) :                               Successfully executed but failed due to high delay:        26.3523 % (3420 tasks from 12978 successfully sent tasks)
2026/05/07 19:47:05 - simulation time     660 (s) :                  Tasks execution results not returned because the device is dead:              0 % (0 tasks)
2026/05/07 19:47:05 - simulation time     660 (s) :                      Tasks execution results not returned due to device mobility:         0.4084 % (53 tasks)
2026/05/07 19:47:05 - simulation time     660 (s) : SimLog- Tasks executed on each level                                : Cloud=           4896 tasks (where 3501 were successfully executed)
2026/05/07 19:47:05 - simulation time     660 (s) :                                                                        Edge=           2388 tasks (where 1734 were successfully executed)
2026/05/07 19:47:05 - simulation time     660 (s) :                                                                        Mist=           5694 tasks (where 4270 were successfully executed)
2026/05/07 19:47:05 - simulation time     660 (s) : SimLog- Network usage                                                           :          25725 seconds (The total traffic: 85986.7 (MBytes))
2026/05/07 19:47:05 - simulation time     660 (s) :                                                                         Wan=           6144 seconds (23.8834 % of total usage, WAN used when downloading containers=0 % of WAN usage)
2026/05/07 19:47:05 - simulation time     660 (s) :                                                                         Lan=          25725 seconds (100 % of total usage, LAN used when downloading containers=0 % of LAN usage)
2026/05/07 19:47:05 - simulation time     660 (s) :                                                    Average bandwidth per transfer=       764.4043 Mbps  
2026/05/07 19:47:05 - simulation time     660 (s) : SimLog- Average vm CPU utilization                                              :         0.3656 %
2026/05/07 19:47:05 - simulation time     660 (s) : SimLog- Average vm CPU utilization per level                             : Cloud=         0.0905 %
2026/05/07 19:47:05 - simulation time     660 (s) :                                                                             Edge=         0.3035 %
2026/05/07 19:47:05 - simulation time     660 (s) :                                                                             Mist=         0.3736 %
2026/05/07 19:47:05 - simulation time     660 (s) : SimLog- Energy consumption                                                      :418555687074788930000 W,   206.2175 dBW
2026/05/07 19:47:05 - simulation time     660 (s) :                                                                                 :(Average:497097015528252860 W/data center(or device), 176.9644 dBW/data center(or device))
2026/05/07 19:47:05 - simulation time     660 (s) :                                                                                 :(Average:32328391679523360 W/task, 165.0958 dBW/task)
2026/05/07 19:47:05 - simulation time     660 (s) : SimLog- Energy Consumption per level                                     : Cloud=160253163150615970000 W,   202.0481 dBW
2026/05/07 19:47:05 - simulation time     660 (s) :                                                                                 :(Average:8902953508367553500 W/data center, 189.4953 dBW/data center)
2026/05/07 19:47:05 - simulation time     660 (s) :                                                                             Edge=26928693983361536000 W,   194.3022 dBW
2026/05/07 19:47:05 - simulation time     660 (s) :                                                                                 :(Average:1122028915973397380 W/data center, 180.5 dBW/data center)
2026/05/07 19:47:05 - simulation time     660 (s) :                                                                             Mist=231373829940811430000 W,   203.6431 dBW
2026/05/07 19:47:05 - simulation time     660 (s) :                                                                                 :(Average:289217287426014270 W/edge device, 174.6122 dBW/edge device)
2026/05/07 19:47:05 - simulation time     660 (s) : SimLog- Dead edge devices due to battery drain                                  :              0 devices (Among 0 devices with batteries (NaN %))
2026/05/07 19:47:05 - simulation time     660 (s) : SimLog- Average remaining power (devices with batteries that are still alive)   :              0 Wh (Average: 0 %)
2026/05/07 19:47:05 - simulation time     660 (s) : SimulationManager- the Scenario Simulation overflow times :4

================== Simulation finished at time 691.50 ==================


SimLog- Iteration finished...

######################################################################################################################################################################
Starting CloudSim Plus 4.3.0

2026/05/07 19:47:05 - simulation time       0 (s) : ServersManager- Datacenters and devices were generated
2026/05/07 19:47:05 - simulation time       0 (s) : SimulationManager-  Orchestration algorithm= TRADE_OFF-  Architechitecture= ALL -  number of edge devices= 900
2026/05/07 19:47:05 - simulation time       0 (s) : SimulationManager- Simulation: 1  , iteration: 39
2026/05/07 19:47:36 - simulation time     650 (s) : 
2026/05/07 19:47:36 - simulation time     650 (s) : ------------------------------------------------------- OUTPUT -------------------------------------------------------
2026/05/07 19:47:36 - simulation time     650 (s) : 
2026/05/07 19:47:36 - simulation time     650 (s) : SimLog- Tasks not sent because device died (low energy)                         :               0 % (0 tasks)
2026/05/07 19:47:36 - simulation time     650 (s) : SimLog- Tasks sent from edge devices                                            :             100 % (14752 among 14752 generated tasks)
2026/05/07 19:47:36 - simulation time     650 (s) : -------------------------------------All values below are based on the sent tasks-------------------------------------
2026/05/07 19:47:36 - simulation time     650 (s) : SimLog- Tasks ETE delay                                                         :     55167.0058 seconds
2026/05/07 19:47:36 - simulation time     650 (s) : SimLog- Average tasks ETE delay                                                 :         5.2271 seconds
2026/05/07 19:47:36 - simulation time     650 (s) : SimLog- Tasks execution delay                                                   :      9448.4203 seconds
2026/05/07 19:47:36 - simulation time     650 (s) : SimLog- Average tasks execution delay                                           :          0.732 seconds
2026/05/07 19:47:36 - simulation time     650 (s) : SimLog- Tasks waiting time (from task submiting to the execution start)         :      13024.057 seconds
2026/05/07 19:47:36 - simulation time     650 (s) : SimLog- Average tasks waiting time (from task submiting to the execution start) :         1.0091 seconds
2026/05/07 19:47:36 - simulation time     650 (s) : SimLog- Tasks successfully executed                                             :        71.5428 % (10554 among 14752 sent tasks)
2026/05/07 19:47:36 - simulation time     650 (s) : SimLog- Tasks failures
2026/05/07 19:47:36 - simulation time     650 (s) :                                        Not executed due to resources unavailable:              0 % (0 tasks)
2026/05/07 19:47:36 - simulation time     650 (s) :                               Successfully executed but failed due to high delay:        28.0165 % (4133 tasks from 14752 successfully sent tasks)
2026/05/07 19:47:36 - simulation time     650 (s) :                  Tasks execution results not returned because the device is dead:              0 % (0 tasks)
2026/05/07 19:47:36 - simulation time     650 (s) :                      Tasks execution results not returned due to device mobility:         0.4406 % (65 tasks)
2026/05/07 19:47:36 - simulation time     650 (s) : SimLog- Tasks executed on each level                                : Cloud=           5306 tasks (where 3766 were successfully executed)
2026/05/07 19:47:36 - simulation time     650 (s) :                                                                        Edge=           2516 tasks (where 1776 were successfully executed)
2026/05/07 19:47:36 - simulation time     650 (s) :                                                                        Mist=           6930 tasks (where 5012 were successfully executed)
2026/05/07 19:47:36 - simulation time     650 (s) : SimLog- Network usage                                                           :          29161 seconds (The total traffic: 94113.25 (MBytes))
2026/05/07 19:47:36 - simulation time     650 (s) :                                                                         Wan=           6899 seconds (23.6583 % of total usage, WAN used when downloading containers=0 % of WAN usage)
2026/05/07 19:47:36 - simulation time     650 (s) :                                                                         Lan=          29161 seconds (100 % of total usage, LAN used when downloading containers=0 % of LAN usage)
2026/05/07 19:47:36 - simulation time     650 (s) :                                                    Average bandwidth per transfer=       773.1208 Mbps  
2026/05/07 19:47:36 - simulation time     650 (s) : SimLog- Average vm CPU utilization                                              :         0.4171 %
2026/05/07 19:47:36 - simulation time     650 (s) : SimLog- Average vm CPU utilization per level                             : Cloud=         0.0586 %
2026/05/07 19:47:36 - simulation time     650 (s) :                                                                             Edge=          0.332 %
2026/05/07 19:47:36 - simulation time     650 (s) :                                                                             Mist=         0.4266 %
2026/05/07 19:47:36 - simulation time     650 (s) : SimLog- Energy consumption                                                      :463456888916176900000 W,   206.6601 dBW
2026/05/07 19:47:36 - simulation time     650 (s) :                                                                                 :(Average:491992451078744060 W/data center(or device), 176.9196 dBW/data center(or device))
2026/05/07 19:47:36 - simulation time     650 (s) :                                                                                 :(Average:31489121410257980 W/task, 164.9816 dBW/task)
2026/05/07 19:47:36 - simulation time     650 (s) : SimLog- Energy Consumption per level                                     : Cloud=175827204963097050000 W,   202.4509 dBW
2026/05/07 19:47:36 - simulation time     650 (s) :                                                                                 :(Average:9768178053505393000 W/data center, 189.8981 dBW/data center)
2026/05/07 19:47:36 - simulation time     650 (s) :                                                                             Edge=31578255217418154000 W,   194.9939 dBW
2026/05/07 19:47:36 - simulation time     650 (s) :                                                                                 :(Average:1315760634059089660 W/data center, 181.1918 dBW/data center)
2026/05/07 19:47:36 - simulation time     650 (s) :                                                                             Mist=256051428735661770000 W,   204.0833 dBW
2026/05/07 19:47:36 - simulation time     650 (s) :                                                                                 :(Average:284501587484068640 W/edge device, 174.5408 dBW/edge device)
2026/05/07 19:47:36 - simulation time     650 (s) : SimLog- Dead edge devices due to battery drain                                  :              0 devices (Among 0 devices with batteries (NaN %))
2026/05/07 19:47:36 - simulation time     650 (s) : SimLog- Average remaining power (devices with batteries that are still alive)   :              0 Wh (Average: 0 %)
2026/05/07 19:47:36 - simulation time     650 (s) : SimulationManager- the Scenario Simulation overflow times :4

================== Simulation finished at time 685.20 ==================


SimLog- Iteration finished...

######################################################################################################################################################################
Starting CloudSim Plus 4.3.0

2026/05/07 19:47:36 - simulation time       0 (s) : ServersManager- Datacenters and devices were generated
2026/05/07 19:47:36 - simulation time       0 (s) : SimulationManager-  Orchestration algorithm= TRADE_OFF-  Architechitecture= ALL -  number of edge devices= 1000
2026/05/07 19:47:36 - simulation time       0 (s) : SimulationManager- Simulation: 1  , iteration: 40
2026/05/07 19:48:15 - simulation time     660 (s) : 
2026/05/07 19:48:15 - simulation time     660 (s) : ------------------------------------------------------- OUTPUT -------------------------------------------------------
2026/05/07 19:48:15 - simulation time     660 (s) : 
2026/05/07 19:48:15 - simulation time     660 (s) : SimLog- Tasks not sent because device died (low energy)                         :               0 % (0 tasks)
2026/05/07 19:48:15 - simulation time     660 (s) : SimLog- Tasks sent from edge devices                                            :             100 % (16088 among 16088 generated tasks)
2026/05/07 19:48:15 - simulation time     660 (s) : -------------------------------------All values below are based on the sent tasks-------------------------------------
2026/05/07 19:48:15 - simulation time     660 (s) : SimLog- Tasks ETE delay                                                         :     66258.4698 seconds
2026/05/07 19:48:15 - simulation time     660 (s) : SimLog- Average tasks ETE delay                                                 :         5.6923 seconds
2026/05/07 19:48:15 - simulation time     660 (s) : SimLog- Tasks execution delay                                                   :     10953.4354 seconds
2026/05/07 19:48:15 - simulation time     660 (s) : SimLog- Average tasks execution delay                                           :         0.7773 seconds
2026/05/07 19:48:15 - simulation time     660 (s) : SimLog- Tasks waiting time (from task submiting to the execution start)         :     18919.8758 seconds
2026/05/07 19:48:15 - simulation time     660 (s) : SimLog- Average tasks waiting time (from task submiting to the execution start) :         1.3426 seconds
2026/05/07 19:48:15 - simulation time     660 (s) : SimLog- Tasks successfully executed                                             :        72.3521 % (11640 among 16088 sent tasks)
2026/05/07 19:48:15 - simulation time     660 (s) : SimLog- Tasks failures
2026/05/07 19:48:15 - simulation time     660 (s) :                                        Not executed due to resources unavailable:              0 % (0 tasks)
2026/05/07 19:48:15 - simulation time     660 (s) :                               Successfully executed but failed due to high delay:        27.1196 % (4363 tasks from 16088 successfully sent tasks)
2026/05/07 19:48:15 - simulation time     660 (s) :                  Tasks execution results not returned because the device is dead:              0 % (0 tasks)
2026/05/07 19:48:15 - simulation time     660 (s) :                      Tasks execution results not returned due to device mobility:         0.5283 % (85 tasks)
2026/05/07 19:48:15 - simulation time     660 (s) : SimLog- Tasks executed on each level                                : Cloud=           5472 tasks (where 3911 were successfully executed)
2026/05/07 19:48:15 - simulation time     660 (s) :                                                                        Edge=           2612 tasks (where 1836 were successfully executed)
2026/05/07 19:48:15 - simulation time     660 (s) :                                                                        Mist=           8004 tasks (where 5893 were successfully executed)
2026/05/07 19:48:15 - simulation time     660 (s) : SimLog- Network usage                                                           :          31900 seconds (The total traffic: 107305.35 (MBytes))
2026/05/07 19:48:15 - simulation time     660 (s) :                                                                         Wan=           7303 seconds (22.8934 % of total usage, WAN used when downloading containers=0 % of WAN usage)
2026/05/07 19:48:15 - simulation time     660 (s) :                                                                         Lan=          31900 seconds (100 % of total usage, LAN used when downloading containers=0 % of LAN usage)
2026/05/07 19:48:15 - simulation time     660 (s) :                                                    Average bandwidth per transfer=       781.8312 Mbps  
2026/05/07 19:48:15 - simulation time     660 (s) : SimLog- Average vm CPU utilization                                              :         0.4593 %
2026/05/07 19:48:15 - simulation time     660 (s) : SimLog- Average vm CPU utilization per level                             : Cloud=         0.0829 %
2026/05/07 19:48:15 - simulation time     660 (s) :                                                                             Edge=         0.3342 %
2026/05/07 19:48:15 - simulation time     660 (s) :                                                                             Mist=         0.4691 %
2026/05/07 19:48:15 - simulation time     660 (s) : SimLog- Energy consumption                                                      :506852798574387000000 W,   207.0488 dBW
2026/05/07 19:48:15 - simulation time     660 (s) :                                                                                 :(Average:486423031261407870 W/data center(or device), 176.8701 dBW/data center(or device))
2026/05/07 19:48:15 - simulation time     660 (s) :                                                                                 :(Average:31597331748294184 W/task, 164.9965 dBW/task)
2026/05/07 19:48:15 - simulation time     660 (s) : SimLog- Energy Consumption per level                                     : Cloud=194191530714750750000 W,   202.8823 dBW
2026/05/07 19:48:15 - simulation time     660 (s) :                                                                                 :(Average:10788418373041710000 W/data center, 190.3296 dBW/data center)
2026/05/07 19:48:15 - simulation time     660 (s) :                                                                             Edge=29719259233408745000 W,   194.7304 dBW
2026/05/07 19:48:15 - simulation time     660 (s) :                                                                                 :(Average:1238302468058697730 W/data center, 180.9283 dBW/data center)
2026/05/07 19:48:15 - simulation time     660 (s) :                                                                             Mist=282942008626227500000 W,    204.517 dBW
2026/05/07 19:48:15 - simulation time     660 (s) :                                                                                 :(Average:282942008626227520 W/edge device, 174.517 dBW/edge device)
2026/05/07 19:48:15 - simulation time     660 (s) : SimLog- Dead edge devices due to battery drain                                  :              0 devices (Among 0 devices with batteries (NaN %))
2026/05/07 19:48:15 - simulation time     660 (s) : SimLog- Average remaining power (devices with batteries that are still alive)   :              0 Wh (Average: 0 %)
2026/05/07 19:48:15 - simulation time     660 (s) : SimulationManager- the Scenario Simulation overflow times :4

================== Simulation finished at time 691.50 ==================


SimLog- Iteration finished...

######################################################################################################################################################################
Starting CloudSim Plus 4.3.0

2026/05/07 19:48:15 - simulation time       0 (s) : ServersManager- Datacenters and devices were generated
2026/05/07 19:48:15 - simulation time       0 (s) : SimulationManager-  Orchestration algorithm= TRADI_POLLING-  Architechitecture= ALL -  number of edge devices= 100
2026/05/07 19:48:15 - simulation time       0 (s) : SimulationManager- Simulation: 1  , iteration: 41
2026/05/07 19:48:16 - simulation time     640 (s) : 
2026/05/07 19:48:16 - simulation time     640 (s) : ------------------------------------------------------- OUTPUT -------------------------------------------------------
2026/05/07 19:48:16 - simulation time     640 (s) : 
2026/05/07 19:48:16 - simulation time     640 (s) : SimLog- Tasks not sent because device died (low energy)                         :               0 % (0 tasks)
2026/05/07 19:48:16 - simulation time     640 (s) : SimLog- Tasks sent from edge devices                                            :             100 % (1672 among 1672 generated tasks)
2026/05/07 19:48:16 - simulation time     640 (s) : -------------------------------------All values below are based on the sent tasks-------------------------------------
2026/05/07 19:48:16 - simulation time     640 (s) : SimLog- Tasks ETE delay                                                         :      4731.3602 seconds
2026/05/07 19:48:16 - simulation time     640 (s) : SimLog- Average tasks ETE delay                                                 :         3.6062 seconds
2026/05/07 19:48:16 - simulation time     640 (s) : SimLog- Tasks execution delay                                                   :      1070.4678 seconds
2026/05/07 19:48:16 - simulation time     640 (s) : SimLog- Average tasks execution delay                                           :         0.6488 seconds
2026/05/07 19:48:16 - simulation time     640 (s) : SimLog- Tasks waiting time (from task submiting to the execution start)         :         29.904 seconds
2026/05/07 19:48:16 - simulation time     640 (s) : SimLog- Average tasks waiting time (from task submiting to the execution start) :         0.0181 seconds
2026/05/07 19:48:16 - simulation time     640 (s) : SimLog- Tasks successfully executed                                             :        78.4689 % (1312 among 1672 sent tasks)
2026/05/07 19:48:16 - simulation time     640 (s) : SimLog- Tasks failures
2026/05/07 19:48:16 - simulation time     640 (s) :                                        Not executed due to resources unavailable:              0 % (0 tasks)
2026/05/07 19:48:16 - simulation time     640 (s) :                               Successfully executed but failed due to high delay:        21.3517 % (357 tasks from 1672 successfully sent tasks)
2026/05/07 19:48:16 - simulation time     640 (s) :                  Tasks execution results not returned because the device is dead:              0 % (0 tasks)
2026/05/07 19:48:16 - simulation time     640 (s) :                      Tasks execution results not returned due to device mobility:         0.1794 % (3 tasks)
2026/05/07 19:48:16 - simulation time     640 (s) : SimLog- Tasks executed on each level                                : Cloud=            676 tasks (where 524 were successfully executed)
2026/05/07 19:48:16 - simulation time     640 (s) :                                                                        Edge=            453 tasks (where 352 were successfully executed)
2026/05/07 19:48:16 - simulation time     640 (s) :                                                                        Mist=            543 tasks (where 436 were successfully executed)
2026/05/07 19:48:16 - simulation time     640 (s) : SimLog- Network usage                                                           :           3210 seconds (The total traffic: 10130.45 (MBytes))
2026/05/07 19:48:16 - simulation time     640 (s) :                                                                         Wan=            676 seconds (21.0592 % of total usage, WAN used when downloading containers=0 % of WAN usage)
2026/05/07 19:48:16 - simulation time     640 (s) :                                                                         Lan=           3210 seconds (100 % of total usage, LAN used when downloading containers=0 % of LAN usage)
2026/05/07 19:48:16 - simulation time     640 (s) :                                                    Average bandwidth per transfer=       921.9575 Mbps  
2026/05/07 19:48:16 - simulation time     640 (s) : SimLog- Average vm CPU utilization                                              :         0.2377 %
2026/05/07 19:48:16 - simulation time     640 (s) : SimLog- Average vm CPU utilization per level                             : Cloud=         0.0011 %
2026/05/07 19:48:16 - simulation time     640 (s) :                                                                             Edge=         0.0464 %
2026/05/07 19:48:16 - simulation time     640 (s) :                                                                             Mist=         0.3262 %
2026/05/07 19:48:16 - simulation time     640 (s) : SimLog- Energy consumption                                                      :59865053779709920000 W,   197.7717 dBW
2026/05/07 19:48:16 - simulation time     640 (s) :                                                                                 :(Average:421584885772605060 W/data center(or device), 176.2489 dBW/data center(or device))
2026/05/07 19:48:16 - simulation time     640 (s) :                                                                                 :(Average:35847337592640672 W/task, 165.5446 dBW/task)
2026/05/07 19:48:16 - simulation time     640 (s) : SimLog- Energy Consumption per level                                     : Cloud=21813622057185636000 W,   193.3873 dBW
2026/05/07 19:48:16 - simulation time     640 (s) :                                                                                 :(Average:1211867892065868800 W/data center, 180.8346 dBW/data center)
2026/05/07 19:48:16 - simulation time     640 (s) :                                                                             Edge= 5682613777203769300 W,   187.5455 dBW
2026/05/07 19:48:16 - simulation time     640 (s) :                                                                                 :(Average:236775574050157056 W/data center, 173.7434 dBW/data center)
2026/05/07 19:48:16 - simulation time     640 (s) :                                                                             Mist=32368817945320518000 W,   195.1013 dBW
2026/05/07 19:48:16 - simulation time     640 (s) :                                                                                 :(Average:323688179453205180 W/edge device, 175.1013 dBW/edge device)
2026/05/07 19:48:16 - simulation time     640 (s) : SimLog- Dead edge devices due to battery drain                                  :              0 devices (Among 0 devices with batteries (NaN %))
2026/05/07 19:48:16 - simulation time     640 (s) : SimLog- Average remaining power (devices with batteries that are still alive)   :              0 Wh (Average: 0 %)
2026/05/07 19:48:16 - simulation time     640 (s) : SimulationManager- the Scenario Simulation overflow times :4

================== Simulation finished at time 672.60 ==================


SimLog- Iteration finished...

######################################################################################################################################################################
Starting CloudSim Plus 4.3.0

2026/05/07 19:48:16 - simulation time       0 (s) : ServersManager- Datacenters and devices were generated
2026/05/07 19:48:16 - simulation time       0 (s) : SimulationManager-  Orchestration algorithm= TRADI_POLLING-  Architechitecture= ALL -  number of edge devices= 200
2026/05/07 19:48:16 - simulation time       0 (s) : SimulationManager- Simulation: 1  , iteration: 42
2026/05/07 19:48:18 - simulation time     650 (s) : 
2026/05/07 19:48:18 - simulation time     650 (s) : ------------------------------------------------------- OUTPUT -------------------------------------------------------
2026/05/07 19:48:18 - simulation time     650 (s) : 
2026/05/07 19:48:18 - simulation time     650 (s) : SimLog- Tasks not sent because device died (low energy)                         :               0 % (0 tasks)
2026/05/07 19:48:18 - simulation time     650 (s) : SimLog- Tasks sent from edge devices                                            :             100 % (3286 among 3286 generated tasks)
2026/05/07 19:48:18 - simulation time     650 (s) : -------------------------------------All values below are based on the sent tasks-------------------------------------
2026/05/07 19:48:18 - simulation time     650 (s) : SimLog- Tasks ETE delay                                                         :      9504.9065 seconds
2026/05/07 19:48:18 - simulation time     650 (s) : SimLog- Average tasks ETE delay                                                 :         3.7613 seconds
2026/05/07 19:48:18 - simulation time     650 (s) : SimLog- Tasks execution delay                                                   :      2417.7114 seconds
2026/05/07 19:48:18 - simulation time     650 (s) : SimLog- Average tasks execution delay                                           :         0.7742 seconds
2026/05/07 19:48:18 - simulation time     650 (s) : SimLog- Tasks waiting time (from task submiting to the execution start)         :        55.0135 seconds
2026/05/07 19:48:18 - simulation time     650 (s) : SimLog- Average tasks waiting time (from task submiting to the execution start) :         0.0176 seconds
2026/05/07 19:48:18 - simulation time     650 (s) : SimLog- Tasks successfully executed                                             :         76.902 % (2527 among 3286 sent tasks)
2026/05/07 19:48:18 - simulation time     650 (s) : SimLog- Tasks failures
2026/05/07 19:48:18 - simulation time     650 (s) :                                        Not executed due to resources unavailable:              0 % (0 tasks)
2026/05/07 19:48:18 - simulation time     650 (s) :                               Successfully executed but failed due to high delay:        22.7632 % (748 tasks from 3286 successfully sent tasks)
2026/05/07 19:48:18 - simulation time     650 (s) :                  Tasks execution results not returned because the device is dead:              0 % (0 tasks)
2026/05/07 19:48:18 - simulation time     650 (s) :                      Tasks execution results not returned due to device mobility:         0.3348 % (11 tasks)
2026/05/07 19:48:18 - simulation time     650 (s) : SimLog- Tasks executed on each level                                : Cloud=            978 tasks (where 752 were successfully executed)
2026/05/07 19:48:18 - simulation time     650 (s) :                                                                        Edge=            949 tasks (where 726 were successfully executed)
2026/05/07 19:48:18 - simulation time     650 (s) :                                                                        Mist=           1359 tasks (where 1049 were successfully executed)
2026/05/07 19:48:18 - simulation time     650 (s) : SimLog- Network usage                                                           :           6277 seconds (The total traffic: 20367 (MBytes))
2026/05/07 19:48:18 - simulation time     650 (s) :                                                                         Wan=            978 seconds (15.5807 % of total usage, WAN used when downloading containers=0 % of WAN usage)
2026/05/07 19:48:18 - simulation time     650 (s) :                                                                         Lan=           6277 seconds (100 % of total usage, LAN used when downloading containers=0 % of LAN usage)
2026/05/07 19:48:18 - simulation time     650 (s) :                                                    Average bandwidth per transfer=       924.8238 Mbps  
2026/05/07 19:48:18 - simulation time     650 (s) : SimLog- Average vm CPU utilization                                              :         0.2898 %
2026/05/07 19:48:18 - simulation time     650 (s) : SimLog- Average vm CPU utilization per level                             : Cloud=         0.0005 %
2026/05/07 19:48:18 - simulation time     650 (s) :                                                                             Edge=         0.1022 %
2026/05/07 19:48:18 - simulation time     650 (s) :                                                                             Mist=         0.3384 %
2026/05/07 19:48:18 - simulation time     650 (s) : SimLog- Energy consumption                                                      :92149353906041910000 W,   199.6449 dBW
2026/05/07 19:48:18 - simulation time     650 (s) :                                                                                 :(Average:380782454157198020 W/data center(or device), 175.8068 dBW/data center(or device))
2026/05/07 19:48:18 - simulation time     650 (s) :                                                                                 :(Average:28120034759243796 W/task, 164.4902 dBW/task)
2026/05/07 19:48:18 - simulation time     650 (s) : SimLog- Energy Consumption per level                                     : Cloud=29173015278553510000 W,   194.6498 dBW
2026/05/07 19:48:18 - simulation time     650 (s) :                                                                                 :(Average:1620723071030750460 W/data center, 182.0971 dBW/data center)
2026/05/07 19:48:18 - simulation time     650 (s) :                                                                             Edge=10288789161062021000 W,   190.1236 dBW
2026/05/07 19:48:18 - simulation time     650 (s) :                                                                                 :(Average:428699548377584190 W/data center, 176.3215 dBW/data center)
2026/05/07 19:48:18 - simulation time     650 (s) :                                                                             Mist=52687549466426380000 W,   197.2171 dBW
2026/05/07 19:48:18 - simulation time     650 (s) :                                                                                 :(Average:263437747332131872 W/edge device, 174.2068 dBW/edge device)
2026/05/07 19:48:18 - simulation time     650 (s) : SimLog- Dead edge devices due to battery drain                                  :              0 devices (Among 0 devices with batteries (NaN %))
2026/05/07 19:48:18 - simulation time     650 (s) : SimLog- Average remaining power (devices with batteries that are still alive)   :              0 Wh (Average: 0 %)
2026/05/07 19:48:18 - simulation time     650 (s) : SimulationManager- the Scenario Simulation overflow times :4

================== Simulation finished at time 685.20 ==================


SimLog- Iteration finished...

######################################################################################################################################################################
Starting CloudSim Plus 4.3.0

2026/05/07 19:48:19 - simulation time       0 (s) : ServersManager- Datacenters and devices were generated
2026/05/07 19:48:19 - simulation time       0 (s) : SimulationManager-  Orchestration algorithm= TRADI_POLLING-  Architechitecture= ALL -  number of edge devices= 300
2026/05/07 19:48:19 - simulation time       0 (s) : SimulationManager- Simulation: 1  , iteration: 43
2026/05/07 19:48:22 - simulation time     650 (s) : 
2026/05/07 19:48:22 - simulation time     650 (s) : ------------------------------------------------------- OUTPUT -------------------------------------------------------
2026/05/07 19:48:22 - simulation time     650 (s) : 
2026/05/07 19:48:22 - simulation time     650 (s) : SimLog- Tasks not sent because device died (low energy)                         :               0 % (0 tasks)
2026/05/07 19:48:22 - simulation time     650 (s) : SimLog- Tasks sent from edge devices                                            :             100 % (5032 among 5032 generated tasks)
2026/05/07 19:48:22 - simulation time     650 (s) : -------------------------------------All values below are based on the sent tasks-------------------------------------
2026/05/07 19:48:22 - simulation time     650 (s) : SimLog- Tasks ETE delay                                                         :     14921.7022 seconds
2026/05/07 19:48:22 - simulation time     650 (s) : SimLog- Average tasks ETE delay                                                 :         3.8647 seconds
2026/05/07 19:48:22 - simulation time     650 (s) : SimLog- Tasks execution delay                                                   :       3890.029 seconds
2026/05/07 19:48:22 - simulation time     650 (s) : SimLog- Average tasks execution delay                                           :         0.8153 seconds
2026/05/07 19:48:22 - simulation time     650 (s) : SimLog- Tasks waiting time (from task submiting to the execution start)         :        82.6129 seconds
2026/05/07 19:48:22 - simulation time     650 (s) : SimLog- Average tasks waiting time (from task submiting to the execution start) :         0.0173 seconds
2026/05/07 19:48:22 - simulation time     650 (s) : SimLog- Tasks successfully executed                                             :        76.7289 % (3861 among 5032 sent tasks)
2026/05/07 19:48:22 - simulation time     650 (s) : SimLog- Tasks failures
2026/05/07 19:48:22 - simulation time     650 (s) :                                        Not executed due to resources unavailable:              0 % (0 tasks)
2026/05/07 19:48:22 - simulation time     650 (s) :                               Successfully executed but failed due to high delay:        22.9928 % (1157 tasks from 5032 successfully sent tasks)
2026/05/07 19:48:22 - simulation time     650 (s) :                  Tasks execution results not returned because the device is dead:              0 % (0 tasks)
2026/05/07 19:48:22 - simulation time     650 (s) :                      Tasks execution results not returned due to device mobility:         0.2782 % (14 tasks)
2026/05/07 19:48:22 - simulation time     650 (s) : SimLog- Tasks executed on each level                                : Cloud=           1331 tasks (where 1023 were successfully executed)
2026/05/07 19:48:22 - simulation time     650 (s) :                                                                        Edge=           1134 tasks (where 867 were successfully executed)
2026/05/07 19:48:22 - simulation time     650 (s) :                                                                        Mist=           2567 tasks (where 1971 were successfully executed)
2026/05/07 19:48:22 - simulation time     650 (s) : SimLog- Network usage                                                           :           9652 seconds (The total traffic: 29099.15 (MBytes))
2026/05/07 19:48:22 - simulation time     650 (s) :                                                                         Wan=           1338 seconds (13.8624 % of total usage, WAN used when downloading containers=0 % of WAN usage)
2026/05/07 19:48:22 - simulation time     650 (s) :                                                                         Lan=           9652 seconds (100 % of total usage, LAN used when downloading containers=0 % of LAN usage)
2026/05/07 19:48:22 - simulation time     650 (s) :                                                    Average bandwidth per transfer=       914.6545 Mbps  
2026/05/07 19:48:22 - simulation time     650 (s) : SimLog- Average vm CPU utilization                                              :         0.3854 %
2026/05/07 19:48:22 - simulation time     650 (s) : SimLog- Average vm CPU utilization per level                             : Cloud=         0.0333 %
2026/05/07 19:48:22 - simulation time     650 (s) :                                                                             Edge=         0.1129 %
2026/05/07 19:48:22 - simulation time     650 (s) :                                                                             Mist=         0.4283 %
2026/05/07 19:48:22 - simulation time     650 (s) : SimLog- Energy consumption                                                      :119293435584014480000 W,   200.7662 dBW
2026/05/07 19:48:22 - simulation time     650 (s) :                                                                                 :(Average:348811215157937090 W/data center(or device), 175.4259 dBW/data center(or device))
2026/05/07 19:48:22 - simulation time     650 (s) :                                                                                 :(Average:23763632586457068 W/task, 163.7591 dBW/task)
2026/05/07 19:48:22 - simulation time     650 (s) : SimLog- Energy Consumption per level                                     : Cloud=38861285939745450000 W,   195.8952 dBW
2026/05/07 19:48:22 - simulation time     650 (s) :                                                                                 :(Average:2158960329985858300 W/data center, 183.3424 dBW/data center)
2026/05/07 19:48:22 - simulation time     650 (s) :                                                                             Edge=11454520137027727000 W,   190.5898 dBW
2026/05/07 19:48:22 - simulation time     650 (s) :                                                                                 :(Average:477271672376155330 W/data center, 176.7877 dBW/data center)
2026/05/07 19:48:22 - simulation time     650 (s) :                                                                             Mist=68977629507241320000 W,   198.3871 dBW
2026/05/07 19:48:22 - simulation time     650 (s) :                                                                                 :(Average:229925431690804416 W/edge device, 173.6159 dBW/edge device)
2026/05/07 19:48:22 - simulation time     650 (s) : SimLog- Dead edge devices due to battery drain                                  :              0 devices (Among 0 devices with batteries (NaN %))
2026/05/07 19:48:22 - simulation time     650 (s) : SimLog- Average remaining power (devices with batteries that are still alive)   :              0 Wh (Average: 0 %)
2026/05/07 19:48:22 - simulation time     650 (s) : SimulationManager- the Scenario Simulation overflow times :4

================== Simulation finished at time 685.20 ==================


SimLog- Iteration finished...

######################################################################################################################################################################
Starting CloudSim Plus 4.3.0

2026/05/07 19:48:22 - simulation time       0 (s) : ServersManager- Datacenters and devices were generated
2026/05/07 19:48:22 - simulation time       0 (s) : SimulationManager-  Orchestration algorithm= TRADI_POLLING-  Architechitecture= ALL -  number of edge devices= 400
2026/05/07 19:48:22 - simulation time       0 (s) : SimulationManager- Simulation: 1  , iteration: 44
2026/05/07 19:48:29 - simulation time     650 (s) : 
2026/05/07 19:48:29 - simulation time     650 (s) : ------------------------------------------------------- OUTPUT -------------------------------------------------------
2026/05/07 19:48:29 - simulation time     650 (s) : 
2026/05/07 19:48:29 - simulation time     650 (s) : SimLog- Tasks not sent because device died (low energy)                         :               0 % (0 tasks)
2026/05/07 19:48:29 - simulation time     650 (s) : SimLog- Tasks sent from edge devices                                            :             100 % (6554 among 6554 generated tasks)
2026/05/07 19:48:29 - simulation time     650 (s) : -------------------------------------All values below are based on the sent tasks-------------------------------------
2026/05/07 19:48:29 - simulation time     650 (s) : SimLog- Tasks ETE delay                                                         :     20192.8498 seconds
2026/05/07 19:48:29 - simulation time     650 (s) : SimLog- Average tasks ETE delay                                                 :         4.1185 seconds
2026/05/07 19:48:29 - simulation time     650 (s) : SimLog- Tasks execution delay                                                   :      6416.0603 seconds
2026/05/07 19:48:29 - simulation time     650 (s) : SimLog- Average tasks execution delay                                           :         1.0465 seconds
2026/05/07 19:48:29 - simulation time     650 (s) : SimLog- Tasks waiting time (from task submiting to the execution start)         :       188.9107 seconds
2026/05/07 19:48:29 - simulation time     650 (s) : SimLog- Average tasks waiting time (from task submiting to the execution start) :         0.0308 seconds
2026/05/07 19:48:29 - simulation time     650 (s) : SimLog- Tasks successfully executed                                             :        74.8093 % (4903 among 6554 sent tasks)
2026/05/07 19:48:29 - simulation time     650 (s) : SimLog- Tasks failures
2026/05/07 19:48:29 - simulation time     650 (s) :                                        Not executed due to resources unavailable:              0 % (0 tasks)
2026/05/07 19:48:29 - simulation time     650 (s) :                               Successfully executed but failed due to high delay:        24.8398 % (1628 tasks from 6554 successfully sent tasks)
2026/05/07 19:48:29 - simulation time     650 (s) :                  Tasks execution results not returned because the device is dead:              0 % (0 tasks)
2026/05/07 19:48:29 - simulation time     650 (s) :                      Tasks execution results not returned due to device mobility:         0.3509 % (23 tasks)
2026/05/07 19:48:29 - simulation time     650 (s) : SimLog- Tasks executed on each level                                : Cloud=           1453 tasks (where 1086 were successfully executed)
2026/05/07 19:48:29 - simulation time     650 (s) :                                                                        Edge=           1257 tasks (where 957 were successfully executed)
2026/05/07 19:48:29 - simulation time     650 (s) :                                                                        Mist=           3844 tasks (where 2860 were successfully executed)
2026/05/07 19:48:29 - simulation time     650 (s) : SimLog- Network usage                                                           :          12538 seconds (The total traffic: 40468.75 (MBytes))
2026/05/07 19:48:29 - simulation time     650 (s) :                                                                         Wan=           1470 seconds (11.7244 % of total usage, WAN used when downloading containers=0 % of WAN usage)
2026/05/07 19:48:29 - simulation time     650 (s) :                                                                         Lan=          12538 seconds (100 % of total usage, LAN used when downloading containers=0 % of LAN usage)
2026/05/07 19:48:29 - simulation time     650 (s) :                                                    Average bandwidth per transfer=       927.8086 Mbps  
2026/05/07 19:48:29 - simulation time     650 (s) : SimLog- Average vm CPU utilization                                              :         0.4182 %
2026/05/07 19:48:29 - simulation time     650 (s) : SimLog- Average vm CPU utilization per level                             : Cloud=         0.0016 %
2026/05/07 19:48:29 - simulation time     650 (s) :                                                                             Edge=         0.1293 %
2026/05/07 19:48:29 - simulation time     650 (s) :                                                                             Mist=         0.4543 %
2026/05/07 19:48:29 - simulation time     650 (s) : SimLog- Energy consumption                                                      :132504531779557410000 W,   201.2223 dBW
2026/05/07 19:48:29 - simulation time     650 (s) :                                                                                 :(Average:299784008551034880 W/data center(or device), 174.7681 dBW/data center(or device))
2026/05/07 19:48:29 - simulation time     650 (s) :                                                                                 :(Average:20276133401615516 W/task, 163.0699 dBW/task)
2026/05/07 19:48:29 - simulation time     650 (s) : SimLog- Energy Consumption per level                                     : Cloud=40663673377145670000 W,   196.0921 dBW
2026/05/07 19:48:29 - simulation time     650 (s) :                                                                                 :(Average:2259092965396981500 W/data center, 183.5393 dBW/data center)
2026/05/07 19:48:29 - simulation time     650 (s) :                                                                             Edge=11894986022122328000 W,   190.7536 dBW
2026/05/07 19:48:29 - simulation time     650 (s) :                                                                                 :(Average:495624417588430340 W/data center, 176.9515 dBW/data center)
2026/05/07 19:48:29 - simulation time     650 (s) :                                                                             Mist=79945872380289420000 W,    199.028 dBW
2026/05/07 19:48:29 - simulation time     650 (s) :                                                                                 :(Average:199864680950723552 W/edge device, 173.0074 dBW/edge device)
2026/05/07 19:48:29 - simulation time     650 (s) : SimLog- Dead edge devices due to battery drain                                  :              0 devices (Among 0 devices with batteries (NaN %))
2026/05/07 19:48:29 - simulation time     650 (s) : SimLog- Average remaining power (devices with batteries that are still alive)   :              0 Wh (Average: 0 %)
2026/05/07 19:48:29 - simulation time     650 (s) : SimulationManager- the Scenario Simulation overflow times :4

================== Simulation finished at time 685.20 ==================


SimLog- Iteration finished...

######################################################################################################################################################################
Starting CloudSim Plus 4.3.0

2026/05/07 19:48:29 - simulation time       0 (s) : ServersManager- Datacenters and devices were generated
2026/05/07 19:48:29 - simulation time       0 (s) : SimulationManager-  Orchestration algorithm= TRADI_POLLING-  Architechitecture= ALL -  number of edge devices= 500
2026/05/07 19:48:29 - simulation time       0 (s) : SimulationManager- Simulation: 1  , iteration: 45
2026/05/07 19:48:38 - simulation time     660 (s) : 
2026/05/07 19:48:38 - simulation time     660 (s) : ------------------------------------------------------- OUTPUT -------------------------------------------------------
2026/05/07 19:48:38 - simulation time     660 (s) : 
2026/05/07 19:48:38 - simulation time     660 (s) : SimLog- Tasks not sent because device died (low energy)                         :               0 % (0 tasks)
2026/05/07 19:48:38 - simulation time     660 (s) : SimLog- Tasks sent from edge devices                                            :             100 % (8198 among 8198 generated tasks)
2026/05/07 19:48:38 - simulation time     660 (s) : -------------------------------------All values below are based on the sent tasks-------------------------------------
2026/05/07 19:48:38 - simulation time     660 (s) : SimLog- Tasks ETE delay                                                         :     26182.5122 seconds
2026/05/07 19:48:38 - simulation time     660 (s) : SimLog- Average tasks ETE delay                                                 :         4.2852 seconds
2026/05/07 19:48:38 - simulation time     660 (s) : SimLog- Tasks execution delay                                                   :      8631.3646 seconds
2026/05/07 19:48:38 - simulation time     660 (s) : SimLog- Average tasks execution delay                                           :         1.1396 seconds
2026/05/07 19:48:38 - simulation time     660 (s) : SimLog- Tasks waiting time (from task submiting to the execution start)         :       170.3795 seconds
2026/05/07 19:48:38 - simulation time     660 (s) : SimLog- Average tasks waiting time (from task submiting to the execution start) :         0.0225 seconds
2026/05/07 19:48:38 - simulation time     660 (s) : SimLog- Tasks successfully executed                                             :        74.5304 % (6110 among 8198 sent tasks)
2026/05/07 19:48:38 - simulation time     660 (s) : SimLog- Tasks failures
2026/05/07 19:48:38 - simulation time     660 (s) :                                        Not executed due to resources unavailable:              0 % (0 tasks)
2026/05/07 19:48:38 - simulation time     660 (s) :                               Successfully executed but failed due to high delay:        25.2013 % (2066 tasks from 8198 successfully sent tasks)
2026/05/07 19:48:38 - simulation time     660 (s) :                  Tasks execution results not returned because the device is dead:              0 % (0 tasks)
2026/05/07 19:48:38 - simulation time     660 (s) :                      Tasks execution results not returned due to device mobility:         0.2684 % (22 tasks)
2026/05/07 19:48:38 - simulation time     660 (s) : SimLog- Tasks executed on each level                                : Cloud=           1590 tasks (where 1242 were successfully executed)
2026/05/07 19:48:38 - simulation time     660 (s) :                                                                        Edge=           1382 tasks (where 1048 were successfully executed)
2026/05/07 19:48:38 - simulation time     660 (s) :                                                                        Mist=           5226 tasks (where 3820 were successfully executed)
2026/05/07 19:48:38 - simulation time     660 (s) : SimLog- Network usage                                                           :          15668 seconds (The total traffic: 53405.05 (MBytes))
2026/05/07 19:48:38 - simulation time     660 (s) :                                                                         Wan=           1606 seconds (10.2502 % of total usage, WAN used when downloading containers=0 % of WAN usage)
2026/05/07 19:48:38 - simulation time     660 (s) :                                                                         Lan=          15668 seconds (100 % of total usage, LAN used when downloading containers=0 % of LAN usage)
2026/05/07 19:48:38 - simulation time     660 (s) :                                                    Average bandwidth per transfer=       933.9162 Mbps  
2026/05/07 19:48:38 - simulation time     660 (s) : SimLog- Average vm CPU utilization                                              :         0.4702 %
2026/05/07 19:48:38 - simulation time     660 (s) : SimLog- Average vm CPU utilization per level                             : Cloud=         0.0076 %
2026/05/07 19:48:38 - simulation time     660 (s) :                                                                             Edge=         0.1542 %
2026/05/07 19:48:38 - simulation time     660 (s) :                                                                             Mist=          0.502 %
2026/05/07 19:48:38 - simulation time     660 (s) : SimLog- Energy consumption                                                      :167028088531214000000 W,   202.2279 dBW
2026/05/07 19:48:38 - simulation time     660 (s) :                                                                                 :(Average:308169905039140220 W/data center(or device), 174.8879 dBW/data center(or device))
2026/05/07 19:48:38 - simulation time     660 (s) :                                                                                 :(Average:20416585812396284 W/task, 163.0998 dBW/task)
2026/05/07 19:48:38 - simulation time     660 (s) : SimLog- Energy Consumption per level                                     : Cloud=50427349998070230000 W,   197.0267 dBW
2026/05/07 19:48:38 - simulation time     660 (s) :                                                                                 :(Average:2801519444337234900 W/data center, 184.4739 dBW/data center)
2026/05/07 19:48:38 - simulation time     660 (s) :                                                                             Edge=15004886140453132000 W,   191.7623 dBW
2026/05/07 19:48:38 - simulation time     660 (s) :                                                                                 :(Average:625203589185547140 W/data center, 177.9602 dBW/data center)
2026/05/07 19:48:38 - simulation time     660 (s) :                                                                             Mist=101595852392690630000 W,   200.0688 dBW
2026/05/07 19:48:38 - simulation time     660 (s) :                                                                                 :(Average:203191704785381248 W/edge device, 173.0791 dBW/edge device)
2026/05/07 19:48:38 - simulation time     660 (s) : SimLog- Dead edge devices due to battery drain                                  :              0 devices (Among 0 devices with batteries (NaN %))
2026/05/07 19:48:38 - simulation time     660 (s) : SimLog- Average remaining power (devices with batteries that are still alive)   :              0 Wh (Average: 0 %)
2026/05/07 19:48:38 - simulation time     660 (s) : SimulationManager- the Scenario Simulation overflow times :4

================== Simulation finished at time 691.50 ==================


SimLog- Iteration finished...

######################################################################################################################################################################
Starting CloudSim Plus 4.3.0

2026/05/07 19:48:38 - simulation time       0 (s) : ServersManager- Datacenters and devices were generated
2026/05/07 19:48:38 - simulation time       0 (s) : SimulationManager-  Orchestration algorithm= TRADI_POLLING-  Architechitecture= ALL -  number of edge devices= 600
2026/05/07 19:48:38 - simulation time       0 (s) : SimulationManager- Simulation: 1  , iteration: 46
2026/05/07 19:48:52 - simulation time     650 (s) : 
2026/05/07 19:48:52 - simulation time     650 (s) : ------------------------------------------------------- OUTPUT -------------------------------------------------------
2026/05/07 19:48:52 - simulation time     650 (s) : 
2026/05/07 19:48:52 - simulation time     650 (s) : SimLog- Tasks not sent because device died (low energy)                         :               0 % (0 tasks)
2026/05/07 19:48:52 - simulation time     650 (s) : SimLog- Tasks sent from edge devices                                            :             100 % (9824 among 9824 generated tasks)
2026/05/07 19:48:52 - simulation time     650 (s) : -------------------------------------All values below are based on the sent tasks-------------------------------------
2026/05/07 19:48:52 - simulation time     650 (s) : SimLog- Tasks ETE delay                                                         :     34603.5143 seconds
2026/05/07 19:48:52 - simulation time     650 (s) : SimLog- Average tasks ETE delay                                                 :         4.6473 seconds
2026/05/07 19:48:52 - simulation time     650 (s) : SimLog- Tasks execution delay                                                   :     11577.1428 seconds
2026/05/07 19:48:52 - simulation time     650 (s) : SimLog- Average tasks execution delay                                           :         1.2752 seconds
2026/05/07 19:48:52 - simulation time     650 (s) : SimLog- Tasks waiting time (from task submiting to the execution start)         :      1412.4634 seconds
2026/05/07 19:48:52 - simulation time     650 (s) : SimLog- Average tasks waiting time (from task submiting to the execution start) :         0.1556 seconds
2026/05/07 19:48:52 - simulation time     650 (s) : SimLog- Tasks successfully executed                                             :         75.794 % (7446 among 9824 sent tasks)
2026/05/07 19:48:52 - simulation time     650 (s) : SimLog- Tasks failures
2026/05/07 19:48:52 - simulation time     650 (s) :                                        Not executed due to resources unavailable:              0 % (0 tasks)
2026/05/07 19:48:52 - simulation time     650 (s) :                               Successfully executed but failed due to high delay:        23.8701 % (2345 tasks from 9824 successfully sent tasks)
2026/05/07 19:48:52 - simulation time     650 (s) :                  Tasks execution results not returned because the device is dead:              0 % (0 tasks)
2026/05/07 19:48:52 - simulation time     650 (s) :                      Tasks execution results not returned due to device mobility:         0.3359 % (33 tasks)
2026/05/07 19:48:52 - simulation time     650 (s) : SimLog- Tasks executed on each level                                : Cloud=           1770 tasks (where 1393 were successfully executed)
2026/05/07 19:48:52 - simulation time     650 (s) :                                                                        Edge=           1487 tasks (where 1132 were successfully executed)
2026/05/07 19:48:52 - simulation time     650 (s) :                                                                        Mist=           6567 tasks (where 4921 were successfully executed)
2026/05/07 19:48:52 - simulation time     650 (s) : SimLog- Network usage                                                           :          18835 seconds (The total traffic: 71160.25 (MBytes))
2026/05/07 19:48:52 - simulation time     650 (s) :                                                                         Wan=           1816 seconds (9.6416 % of total usage, WAN used when downloading containers=0 % of WAN usage)
2026/05/07 19:48:52 - simulation time     650 (s) :                                                                         Lan=          18835 seconds (100 % of total usage, LAN used when downloading containers=0 % of LAN usage)
2026/05/07 19:48:52 - simulation time     650 (s) :                                                    Average bandwidth per transfer=       931.9033 Mbps  
2026/05/07 19:48:52 - simulation time     650 (s) : SimLog- Average vm CPU utilization                                              :         0.5457 %
2026/05/07 19:48:52 - simulation time     650 (s) : SimLog- Average vm CPU utilization per level                             : Cloud=         0.0237 %
2026/05/07 19:48:52 - simulation time     650 (s) :                                                                             Edge=         0.1819 %
2026/05/07 19:48:52 - simulation time     650 (s) :                                                                             Mist=         0.5759 %
2026/05/07 19:48:52 - simulation time     650 (s) : SimLog- Energy consumption                                                      :224420841525713080000 W,   203.5106 dBW
2026/05/07 19:48:52 - simulation time     650 (s) :                                                                                 :(Average:349565173716064000 W/data center(or device), 175.4353 dBW/data center(or device))
2026/05/07 19:48:52 - simulation time     650 (s) :                                                                                 :(Average:22904760310850488 W/task, 163.5993 dBW/task)
2026/05/07 19:48:52 - simulation time     650 (s) : SimLog- Energy Consumption per level                                     : Cloud=68658699942832600000 W,    198.367 dBW
2026/05/07 19:48:52 - simulation time     650 (s) :                                                                                 :(Average:3814372219046255600 W/data center, 185.8142 dBW/data center)
2026/05/07 19:48:52 - simulation time     650 (s) :                                                                             Edge=18817370137098035000 W,   192.7456 dBW
2026/05/07 19:48:52 - simulation time     650 (s) :                                                                                 :(Average:784057089045751420 W/data center, 178.9435 dBW/data center)
2026/05/07 19:48:52 - simulation time     650 (s) :                                                                             Mist=136944771445782450000 W,   201.3655 dBW
2026/05/07 19:48:52 - simulation time     650 (s) :                                                                                 :(Average:228241285742970752 W/edge device, 173.5839 dBW/edge device)
2026/05/07 19:48:52 - simulation time     650 (s) : SimLog- Dead edge devices due to battery drain                                  :              0 devices (Among 0 devices with batteries (NaN %))
2026/05/07 19:48:52 - simulation time     650 (s) : SimLog- Average remaining power (devices with batteries that are still alive)   :              0 Wh (Average: 0 %)
2026/05/07 19:48:52 - simulation time     650 (s) : SimulationManager- the Scenario Simulation overflow times :4

================== Simulation finished at time 685.20 ==================


SimLog- Iteration finished...

######################################################################################################################################################################
Starting CloudSim Plus 4.3.0

2026/05/07 19:48:52 - simulation time       0 (s) : ServersManager- Datacenters and devices were generated
2026/05/07 19:48:52 - simulation time       0 (s) : SimulationManager-  Orchestration algorithm= TRADI_POLLING-  Architechitecture= ALL -  number of edge devices= 700
2026/05/07 19:48:52 - simulation time       0 (s) : SimulationManager- Simulation: 1  , iteration: 47
2026/05/07 19:49:10 - simulation time     660 (s) : 
2026/05/07 19:49:10 - simulation time     660 (s) : ------------------------------------------------------- OUTPUT -------------------------------------------------------
2026/05/07 19:49:10 - simulation time     660 (s) : 
2026/05/07 19:49:10 - simulation time     660 (s) : SimLog- Tasks not sent because device died (low energy)                         :               0 % (0 tasks)
2026/05/07 19:49:10 - simulation time     660 (s) : SimLog- Tasks sent from edge devices                                            :             100 % (11562 among 11562 generated tasks)
2026/05/07 19:49:10 - simulation time     660 (s) : -------------------------------------All values below are based on the sent tasks-------------------------------------
2026/05/07 19:49:10 - simulation time     660 (s) : SimLog- Tasks ETE delay                                                         :     39283.5286 seconds
2026/05/07 19:49:10 - simulation time     660 (s) : SimLog- Average tasks ETE delay                                                 :         4.7233 seconds
2026/05/07 19:49:10 - simulation time     660 (s) : SimLog- Tasks execution delay                                                   :     11949.8715 seconds
2026/05/07 19:49:10 - simulation time     660 (s) : SimLog- Average tasks execution delay                                           :          1.148 seconds
2026/05/07 19:49:10 - simulation time     660 (s) : SimLog- Tasks waiting time (from task submiting to the execution start)         :       3930.562 seconds
2026/05/07 19:49:10 - simulation time     660 (s) : SimLog- Average tasks waiting time (from task submiting to the execution start) :         0.3776 seconds
2026/05/07 19:49:10 - simulation time     660 (s) : SimLog- Tasks successfully executed                                             :        71.9339 % (8317 among 11562 sent tasks)
2026/05/07 19:49:10 - simulation time     660 (s) : SimLog- Tasks failures
2026/05/07 19:49:10 - simulation time     660 (s) :                                        Not executed due to resources unavailable:              0 % (0 tasks)
2026/05/07 19:49:10 - simulation time     660 (s) :                               Successfully executed but failed due to high delay:        27.7028 % (3203 tasks from 11562 successfully sent tasks)
2026/05/07 19:49:10 - simulation time     660 (s) :                  Tasks execution results not returned because the device is dead:              0 % (0 tasks)
2026/05/07 19:49:10 - simulation time     660 (s) :                      Tasks execution results not returned due to device mobility:         0.3633 % (42 tasks)
2026/05/07 19:49:10 - simulation time     660 (s) : SimLog- Tasks executed on each level                                : Cloud=           1850 tasks (where 1378 were successfully executed)
2026/05/07 19:49:10 - simulation time     660 (s) :                                                                        Edge=           1717 tasks (where 1282 were successfully executed)
2026/05/07 19:49:10 - simulation time     660 (s) :                                                                        Mist=           7995 tasks (where 5657 were successfully executed)
2026/05/07 19:49:10 - simulation time     660 (s) : SimLog- Network usage                                                           :          21916 seconds (The total traffic: 69162.35 (MBytes))
2026/05/07 19:49:10 - simulation time     660 (s) :                                                                         Wan=           1888 seconds (8.6147 % of total usage, WAN used when downloading containers=0 % of WAN usage)
2026/05/07 19:49:10 - simulation time     660 (s) :                                                                         Lan=          21916 seconds (100 % of total usage, LAN used when downloading containers=0 % of LAN usage)
2026/05/07 19:49:10 - simulation time     660 (s) :                                                    Average bandwidth per transfer=       936.1194 Mbps  
2026/05/07 19:49:10 - simulation time     660 (s) : SimLog- Average vm CPU utilization                                              :         0.4762 %
2026/05/07 19:49:10 - simulation time     660 (s) : SimLog- Average vm CPU utilization per level                             : Cloud=         0.0676 %
2026/05/07 19:49:10 - simulation time     660 (s) :                                                                             Edge=         0.1874 %
2026/05/07 19:49:10 - simulation time     660 (s) :                                                                             Mist=         0.4966 %
2026/05/07 19:49:10 - simulation time     660 (s) : SimLog- Energy consumption                                                      :201645726932909800000 W,   203.0459 dBW
2026/05/07 19:49:10 - simulation time     660 (s) :                                                                                 :(Average:271759739801765216 W/data center(or device), 174.3419 dBW/data center(or device))
2026/05/07 19:49:10 - simulation time     660 (s) :                                                                                 :(Average:17482722987073850 W/task, 162.4261 dBW/task)
2026/05/07 19:49:10 - simulation time     660 (s) : SimLog- Energy Consumption per level                                     : Cloud=57275683132896090000 W,   197.5797 dBW
2026/05/07 19:49:10 - simulation time     660 (s) :                                                                                 :(Average:3181982396272005100 W/data center, 185.027 dBW/data center)
2026/05/07 19:49:10 - simulation time     660 (s) :                                                                             Edge=16753030896071305000 W,   192.2409 dBW
2026/05/07 19:49:10 - simulation time     660 (s) :                                                                                 :(Average:698042954002971010 W/data center, 178.4388 dBW/data center)
2026/05/07 19:49:10 - simulation time     660 (s) :                                                                             Mist=127617012903942390000 W,   201.0591 dBW
2026/05/07 19:49:10 - simulation time     660 (s) :                                                                                 :(Average:182310018434203424 W/edge device, 172.6081 dBW/edge device)
2026/05/07 19:49:10 - simulation time     660 (s) : SimLog- Dead edge devices due to battery drain                                  :              0 devices (Among 0 devices with batteries (NaN %))
2026/05/07 19:49:10 - simulation time     660 (s) : SimLog- Average remaining power (devices with batteries that are still alive)   :              0 Wh (Average: 0 %)
2026/05/07 19:49:10 - simulation time     660 (s) : SimulationManager- the Scenario Simulation overflow times :4

================== Simulation finished at time 691.50 ==================


SimLog- Iteration finished...

######################################################################################################################################################################
Starting CloudSim Plus 4.3.0

2026/05/07 19:49:10 - simulation time       0 (s) : ServersManager- Datacenters and devices were generated
2026/05/07 19:49:10 - simulation time       0 (s) : SimulationManager-  Orchestration algorithm= TRADI_POLLING-  Architechitecture= ALL -  number of edge devices= 800
2026/05/07 19:49:10 - simulation time       0 (s) : SimulationManager- Simulation: 1  , iteration: 48
2026/05/07 19:49:36 - simulation time     660 (s) : 
2026/05/07 19:49:36 - simulation time     660 (s) : ------------------------------------------------------- OUTPUT -------------------------------------------------------
2026/05/07 19:49:36 - simulation time     660 (s) : 
2026/05/07 19:49:36 - simulation time     660 (s) : SimLog- Tasks not sent because device died (low energy)                         :               0 % (0 tasks)
2026/05/07 19:49:36 - simulation time     660 (s) : SimLog- Tasks sent from edge devices                                            :             100 % (13318 among 13318 generated tasks)
2026/05/07 19:49:36 - simulation time     660 (s) : -------------------------------------All values below are based on the sent tasks-------------------------------------
2026/05/07 19:49:36 - simulation time     660 (s) : SimLog- Tasks ETE delay                                                         :     50363.0858 seconds
2026/05/07 19:49:36 - simulation time     660 (s) : SimLog- Average tasks ETE delay                                                 :         5.3109 seconds
2026/05/07 19:49:36 - simulation time     660 (s) : SimLog- Tasks execution delay                                                   :      14663.443 seconds
2026/05/07 19:49:36 - simulation time     660 (s) : SimLog- Average tasks execution delay                                           :         1.2469 seconds
2026/05/07 19:49:36 - simulation time     660 (s) : SimLog- Tasks waiting time (from task submiting to the execution start)         :      8683.3123 seconds
2026/05/07 19:49:36 - simulation time     660 (s) : SimLog- Average tasks waiting time (from task submiting to the execution start) :         0.7384 seconds
2026/05/07 19:49:36 - simulation time     660 (s) : SimLog- Tasks successfully executed                                             :        71.2044 % (9483 among 13318 sent tasks)
2026/05/07 19:49:36 - simulation time     660 (s) : SimLog- Tasks failures
2026/05/07 19:49:36 - simulation time     660 (s) :                                        Not executed due to resources unavailable:              0 % (0 tasks)
2026/05/07 19:49:36 - simulation time     660 (s) :                               Successfully executed but failed due to high delay:        28.4127 % (3784 tasks from 13318 successfully sent tasks)
2026/05/07 19:49:36 - simulation time     660 (s) :                  Tasks execution results not returned because the device is dead:              0 % (0 tasks)
2026/05/07 19:49:36 - simulation time     660 (s) :                      Tasks execution results not returned due to device mobility:         0.3829 % (51 tasks)
2026/05/07 19:49:36 - simulation time     660 (s) : SimLog- Tasks executed on each level                                : Cloud=           1930 tasks (where 1423 were successfully executed)
2026/05/07 19:49:36 - simulation time     660 (s) :                                                                        Edge=           1845 tasks (where 1337 were successfully executed)
2026/05/07 19:49:36 - simulation time     660 (s) :                                                                        Mist=           9543 tasks (where 6723 were successfully executed)
2026/05/07 19:49:36 - simulation time     660 (s) : SimLog- Network usage                                                           :          25091 seconds (The total traffic: 83821.75 (MBytes))
2026/05/07 19:49:36 - simulation time     660 (s) :                                                                         Wan=           1997 seconds (7.959 % of total usage, WAN used when downloading containers=0 % of WAN usage)
2026/05/07 19:49:36 - simulation time     660 (s) :                                                                         Lan=          25091 seconds (100 % of total usage, LAN used when downloading containers=0 % of LAN usage)
2026/05/07 19:49:36 - simulation time     660 (s) :                                                    Average bandwidth per transfer=       940.1948 Mbps  
2026/05/07 19:49:36 - simulation time     660 (s) : SimLog- Average vm CPU utilization                                              :         0.5219 %
2026/05/07 19:49:36 - simulation time     660 (s) : SimLog- Average vm CPU utilization per level                             : Cloud=         0.0561 %
2026/05/07 19:49:36 - simulation time     660 (s) :                                                                             Edge=         0.1943 %
2026/05/07 19:49:36 - simulation time     660 (s) :                                                                             Mist=         0.5422 %
2026/05/07 19:49:36 - simulation time     660 (s) : SimLog- Energy consumption                                                      :230889459789136800000 W,    203.634 dBW
2026/05/07 19:49:36 - simulation time     660 (s) :                                                                                 :(Average:274215510438404736 W/data center(or device), 174.3809 dBW/data center(or device))
2026/05/07 19:49:36 - simulation time     660 (s) :                                                                                 :(Average:17378402814175582 W/task, 162.4001 dBW/task)
2026/05/07 19:49:36 - simulation time     660 (s) : SimLog- Energy Consumption per level                                     : Cloud=65556379459909070000 W,   198.1661 dBW
2026/05/07 19:49:36 - simulation time     660 (s) :                                                                                 :(Average:3642021081106059300 W/data center, 185.6134 dBW/data center)
2026/05/07 19:49:36 - simulation time     660 (s) :                                                                             Edge=17519923310251352000 W,   192.4353 dBW
2026/05/07 19:49:36 - simulation time     660 (s) :                                                                                 :(Average:729996804593806340 W/data center, 178.6332 dBW/data center)
2026/05/07 19:49:36 - simulation time     660 (s) :                                                                             Mist=147813157018976350000 W,   201.6971 dBW
2026/05/07 19:49:36 - simulation time     660 (s) :                                                                                 :(Average:184766446273720448 W/edge device, 172.6662 dBW/edge device)
2026/05/07 19:49:36 - simulation time     660 (s) : SimLog- Dead edge devices due to battery drain                                  :              0 devices (Among 0 devices with batteries (NaN %))
2026/05/07 19:49:36 - simulation time     660 (s) : SimLog- Average remaining power (devices with batteries that are still alive)   :              0 Wh (Average: 0 %)
2026/05/07 19:49:36 - simulation time     660 (s) : SimulationManager- the Scenario Simulation overflow times :4

================== Simulation finished at time 691.50 ==================


SimLog- Iteration finished...

######################################################################################################################################################################
Starting CloudSim Plus 4.3.0

2026/05/07 19:49:36 - simulation time       0 (s) : ServersManager- Datacenters and devices were generated
2026/05/07 19:49:36 - simulation time       0 (s) : SimulationManager-  Orchestration algorithm= TRADI_POLLING-  Architechitecture= ALL -  number of edge devices= 900
2026/05/07 19:49:36 - simulation time       0 (s) : SimulationManager- Simulation: 1  , iteration: 49
2026/05/07 19:50:05 - simulation time     660 (s) : 
2026/05/07 19:50:05 - simulation time     660 (s) : ------------------------------------------------------- OUTPUT -------------------------------------------------------
2026/05/07 19:50:05 - simulation time     660 (s) : 
2026/05/07 19:50:05 - simulation time     660 (s) : SimLog- Tasks not sent because device died (low energy)                         :               0 % (0 tasks)
2026/05/07 19:50:05 - simulation time     660 (s) : SimLog- Tasks sent from edge devices                                            :             100 % (14502 among 14502 generated tasks)
2026/05/07 19:50:05 - simulation time     660 (s) : -------------------------------------All values below are based on the sent tasks-------------------------------------
2026/05/07 19:50:05 - simulation time     660 (s) : SimLog- Tasks ETE delay                                                         :     56143.0962 seconds
2026/05/07 19:50:05 - simulation time     660 (s) : SimLog- Average tasks ETE delay                                                 :         5.6037 seconds
2026/05/07 19:50:05 - simulation time     660 (s) : SimLog- Tasks execution delay                                                   :     15849.5681 seconds
2026/05/07 19:50:05 - simulation time     660 (s) : SimLog- Average tasks execution delay                                           :         1.2671 seconds
2026/05/07 19:50:05 - simulation time     660 (s) : SimLog- Tasks waiting time (from task submiting to the execution start)         :     12178.0569 seconds
2026/05/07 19:50:05 - simulation time     660 (s) : SimLog- Average tasks waiting time (from task submiting to the execution start) :         0.9735 seconds
2026/05/07 19:50:05 - simulation time     660 (s) : SimLog- Tasks successfully executed                                             :         69.087 % (10019 among 14502 sent tasks)
2026/05/07 19:50:05 - simulation time     660 (s) : SimLog- Tasks failures
2026/05/07 19:50:05 - simulation time     660 (s) :                                        Not executed due to resources unavailable:              0 % (0 tasks)
2026/05/07 19:50:05 - simulation time     660 (s) :                               Successfully executed but failed due to high delay:        30.4855 % (4421 tasks from 14502 successfully sent tasks)
2026/05/07 19:50:05 - simulation time     660 (s) :                  Tasks execution results not returned because the device is dead:              0 % (0 tasks)
2026/05/07 19:50:05 - simulation time     660 (s) :                      Tasks execution results not returned due to device mobility:         0.4275 % (62 tasks)
2026/05/07 19:50:05 - simulation time     660 (s) : SimLog- Tasks executed on each level                                : Cloud=           1812 tasks (where 1311 were successfully executed)
2026/05/07 19:50:05 - simulation time     660 (s) :                                                                        Edge=           1981 tasks (where 1425 were successfully executed)
2026/05/07 19:50:05 - simulation time     660 (s) :                                                                        Mist=          10709 tasks (where 7283 were successfully executed)
2026/05/07 19:50:05 - simulation time     660 (s) : SimLog- Network usage                                                           :          26947 seconds (The total traffic: 88046.8 (MBytes))
2026/05/07 19:50:05 - simulation time     660 (s) :                                                                         Wan=           1836 seconds (6.8134 % of total usage, WAN used when downloading containers=0 % of WAN usage)
2026/05/07 19:50:05 - simulation time     660 (s) :                                                                         Lan=          26947 seconds (100 % of total usage, LAN used when downloading containers=0 % of LAN usage)
2026/05/07 19:50:05 - simulation time     660 (s) :                                                    Average bandwidth per transfer=       949.4326 Mbps  
2026/05/07 19:50:05 - simulation time     660 (s) : SimLog- Average vm CPU utilization                                              :         0.5025 %
2026/05/07 19:50:05 - simulation time     660 (s) : SimLog- Average vm CPU utilization per level                             : Cloud=         0.0373 %
2026/05/07 19:50:05 - simulation time     660 (s) :                                                                             Edge=         0.2411 %
2026/05/07 19:50:05 - simulation time     660 (s) :                                                                             Mist=         0.5188 %
2026/05/07 19:50:05 - simulation time     660 (s) : SimLog- Energy consumption                                                      :226159886597701700000 W,   203.5442 dBW
2026/05/07 19:50:05 - simulation time     660 (s) :                                                                                 :(Average:240084805305415808 W/data center(or device), 173.8036 dBW/data center(or device))
2026/05/07 19:50:05 - simulation time     660 (s) :                                                                                 :(Average:15629570601085120 W/task, 161.9395 dBW/task)
2026/05/07 19:50:05 - simulation time     660 (s) : SimLog- Energy Consumption per level                                     : Cloud=52648054883844000000 W,   197.2138 dBW
2026/05/07 19:50:05 - simulation time     660 (s) :                                                                                 :(Average:2924891937991333400 W/data center, 184.6611 dBW/data center)
2026/05/07 19:50:05 - simulation time     660 (s) :                                                                             Edge=23280875168750760000 W,     193.67 dBW
2026/05/07 19:50:05 - simulation time     660 (s) :                                                                                 :(Average:970036465364615040 W/data center, 179.8679 dBW/data center)
2026/05/07 19:50:05 - simulation time     660 (s) :                                                                             Mist=150230956545106940000 W,   201.7676 dBW
2026/05/07 19:50:05 - simulation time     660 (s) :                                                                                 :(Average:166923285050118816 W/edge device, 172.2252 dBW/edge device)
2026/05/07 19:50:05 - simulation time     660 (s) : SimLog- Dead edge devices due to battery drain                                  :              0 devices (Among 0 devices with batteries (NaN %))
2026/05/07 19:50:05 - simulation time     660 (s) : SimLog- Average remaining power (devices with batteries that are still alive)   :              0 Wh (Average: 0 %)
2026/05/07 19:50:05 - simulation time     660 (s) : SimulationManager- the Scenario Simulation overflow times :4

================== Simulation finished at time 691.50 ==================


SimLog- Iteration finished...

######################################################################################################################################################################
Starting CloudSim Plus 4.3.0

2026/05/07 19:50:05 - simulation time       0 (s) : ServersManager- Datacenters and devices were generated
2026/05/07 19:50:05 - simulation time       0 (s) : SimulationManager-  Orchestration algorithm= TRADI_POLLING-  Architechitecture= ALL -  number of edge devices= 1000
2026/05/07 19:50:05 - simulation time       0 (s) : SimulationManager- Simulation: 1  , iteration: 50
2026/05/07 19:50:43 - simulation time     660 (s) : 
2026/05/07 19:50:43 - simulation time     660 (s) : ------------------------------------------------------- OUTPUT -------------------------------------------------------
2026/05/07 19:50:43 - simulation time     660 (s) : 
2026/05/07 19:50:43 - simulation time     660 (s) : SimLog- Tasks not sent because device died (low energy)                         :               0 % (0 tasks)
2026/05/07 19:50:43 - simulation time     660 (s) : SimLog- Tasks sent from edge devices                                            :             100 % (16314 among 16314 generated tasks)
2026/05/07 19:50:43 - simulation time     660 (s) : -------------------------------------All values below are based on the sent tasks-------------------------------------
2026/05/07 19:50:43 - simulation time     660 (s) : SimLog- Tasks ETE delay                                                         :     67354.3809 seconds
2026/05/07 19:50:43 - simulation time     660 (s) : SimLog- Average tasks ETE delay                                                 :         6.0052 seconds
2026/05/07 19:50:43 - simulation time     660 (s) : SimLog- Tasks execution delay                                                   :     18027.8626 seconds
2026/05/07 19:50:43 - simulation time     660 (s) : SimLog- Average tasks execution delay                                           :         1.2832 seconds
2026/05/07 19:50:43 - simulation time     660 (s) : SimLog- Tasks waiting time (from task submiting to the execution start)         :     17822.1736 seconds
2026/05/07 19:50:43 - simulation time     660 (s) : SimLog- Average tasks waiting time (from task submiting to the execution start) :         1.2686 seconds
2026/05/07 19:50:43 - simulation time     660 (s) : SimLog- Tasks successfully executed                                             :        68.7508 % (11216 among 16314 sent tasks)
2026/05/07 19:50:43 - simulation time     660 (s) : SimLog- Tasks failures
2026/05/07 19:50:43 - simulation time     660 (s) :                                        Not executed due to resources unavailable:              0 % (0 tasks)
2026/05/07 19:50:43 - simulation time     660 (s) :                               Successfully executed but failed due to high delay:        30.7221 % (5012 tasks from 16314 successfully sent tasks)
2026/05/07 19:50:43 - simulation time     660 (s) :                  Tasks execution results not returned because the device is dead:              0 % (0 tasks)
2026/05/07 19:50:43 - simulation time     660 (s) :                      Tasks execution results not returned due to device mobility:         0.5272 % (86 tasks)
2026/05/07 19:50:43 - simulation time     660 (s) : SimLog- Tasks executed on each level                                : Cloud=           1956 tasks (where 1416 were successfully executed)
2026/05/07 19:50:43 - simulation time     660 (s) :                                                                        Edge=           2112 tasks (where 1514 were successfully executed)
2026/05/07 19:50:43 - simulation time     660 (s) :                                                                        Mist=          12246 tasks (where 8286 were successfully executed)
2026/05/07 19:50:43 - simulation time     660 (s) : SimLog- Network usage                                                           :          30341 seconds (The total traffic: 98593 (MBytes))
2026/05/07 19:50:43 - simulation time     660 (s) :                                                                         Wan=           2011 seconds (6.628 % of total usage, WAN used when downloading containers=0 % of WAN usage)
2026/05/07 19:50:43 - simulation time     660 (s) :                                                                         Lan=          30341 seconds (100 % of total usage, LAN used when downloading containers=0 % of LAN usage)
2026/05/07 19:50:43 - simulation time     660 (s) :                                                    Average bandwidth per transfer=       946.9431 Mbps  
2026/05/07 19:50:43 - simulation time     660 (s) : SimLog- Average vm CPU utilization                                              :         0.5258 %
2026/05/07 19:50:43 - simulation time     660 (s) : SimLog- Average vm CPU utilization per level                             : Cloud=         0.0504 %
2026/05/07 19:50:43 - simulation time     660 (s) :                                                                             Edge=         0.2664 %
2026/05/07 19:50:43 - simulation time     660 (s) :                                                                             Mist=         0.5406 %
2026/05/07 19:50:43 - simulation time     660 (s) : SimLog- Energy consumption                                                      :270616893324028800000 W,   204.3235 dBW
2026/05/07 19:50:43 - simulation time     660 (s) :                                                                                 :(Average:259709110675651456 W/data center(or device), 174.1449 dBW/data center(or device))
2026/05/07 19:50:43 - simulation time     660 (s) :                                                                                 :(Average:16640035253276074 W/task, 162.2115 dBW/task)
2026/05/07 19:50:43 - simulation time     660 (s) : SimLog- Energy Consumption per level                                     : Cloud=66121063166207800000 W,   198.2034 dBW
2026/05/07 19:50:43 - simulation time     660 (s) :                                                                                 :(Average:3673392398122655700 W/data center, 185.6507 dBW/data center)
2026/05/07 19:50:43 - simulation time     660 (s) :                                                                             Edge=26550931019907568000 W,   194.2408 dBW
2026/05/07 19:50:43 - simulation time     660 (s) :                                                                                 :(Average:1106288792496148610 W/data center, 180.4387 dBW/data center)
2026/05/07 19:50:43 - simulation time     660 (s) :                                                                             Mist=177944899137913450000 W,   202.5029 dBW
2026/05/07 19:50:43 - simulation time     660 (s) :                                                                                 :(Average:177944899137913440 W/edge device, 172.5029 dBW/edge device)
2026/05/07 19:50:43 - simulation time     660 (s) : SimLog- Dead edge devices due to battery drain                                  :              0 devices (Among 0 devices with batteries (NaN %))
2026/05/07 19:50:43 - simulation time     660 (s) : SimLog- Average remaining power (devices with batteries that are still alive)   :              0 Wh (Average: 0 %)
2026/05/07 19:50:43 - simulation time     660 (s) : SimulationManager- the Scenario Simulation overflow times :4

================== Simulation finished at time 691.50 ==================


SimLog- Iteration finished...

######################################################################################################################################################################
Starting CloudSim Plus 4.3.0

2026/05/07 19:50:43 - simulation time       0 (s) : ServersManager- Datacenters and devices were generated
2026/05/07 19:50:43 - simulation time       0 (s) : SimulationManager-  Orchestration algorithm= RANDOM_VM-  Architechitecture= ALL -  number of edge devices= 100
2026/05/07 19:50:43 - simulation time       0 (s) : SimulationManager- Simulation: 1  , iteration: 51
2026/05/07 19:50:44 - simulation time     650 (s) : 
2026/05/07 19:50:44 - simulation time     650 (s) : ------------------------------------------------------- OUTPUT -------------------------------------------------------
2026/05/07 19:50:44 - simulation time     650 (s) : 
2026/05/07 19:50:44 - simulation time     650 (s) : SimLog- Tasks not sent because device died (low energy)                         :               0 % (0 tasks)
2026/05/07 19:50:44 - simulation time     650 (s) : SimLog- Tasks sent from edge devices                                            :             100 % (1566 among 1566 generated tasks)
2026/05/07 19:50:44 - simulation time     650 (s) : -------------------------------------All values below are based on the sent tasks-------------------------------------
2026/05/07 19:50:44 - simulation time     650 (s) : SimLog- Tasks ETE delay                                                         :      4359.3686 seconds
2026/05/07 19:50:44 - simulation time     650 (s) : SimLog- Average tasks ETE delay                                                 :         3.5015 seconds
2026/05/07 19:50:44 - simulation time     650 (s) : SimLog- Tasks execution delay                                                   :       816.5466 seconds
2026/05/07 19:50:44 - simulation time     650 (s) : SimLog- Average tasks execution delay                                           :         0.5248 seconds
2026/05/07 19:50:44 - simulation time     650 (s) : SimLog- Tasks waiting time (from task submiting to the execution start)         :        34.4626 seconds
2026/05/07 19:50:44 - simulation time     650 (s) : SimLog- Average tasks waiting time (from task submiting to the execution start) :         0.0221 seconds
2026/05/07 19:50:44 - simulation time     650 (s) : SimLog- Tasks successfully executed                                             :        79.5019 % (1245 among 1566 sent tasks)
2026/05/07 19:50:44 - simulation time     650 (s) : SimLog- Tasks failures
2026/05/07 19:50:44 - simulation time     650 (s) :                                        Not executed due to resources unavailable:              0 % (0 tasks)
2026/05/07 19:50:44 - simulation time     650 (s) :                               Successfully executed but failed due to high delay:        20.3065 % (318 tasks from 1566 successfully sent tasks)
2026/05/07 19:50:44 - simulation time     650 (s) :                  Tasks execution results not returned because the device is dead:              0 % (0 tasks)
2026/05/07 19:50:44 - simulation time     650 (s) :                      Tasks execution results not returned due to device mobility:         0.1916 % (3 tasks)
2026/05/07 19:50:44 - simulation time     650 (s) : SimLog- Tasks executed on each level                                : Cloud=           1062 tasks (where 845 were successfully executed)
2026/05/07 19:50:44 - simulation time     650 (s) :                                                                        Edge=            329 tasks (where 257 were successfully executed)
2026/05/07 19:50:44 - simulation time     650 (s) :                                                                        Mist=            175 tasks (where 143 were successfully executed)
2026/05/07 19:50:44 - simulation time     650 (s) : SimLog- Network usage                                                           :           3082 seconds (The total traffic: 11231.7 (MBytes))
2026/05/07 19:50:44 - simulation time     650 (s) :                                                                         Wan=           1062 seconds (34.4581 % of total usage, WAN used when downloading containers=0 % of WAN usage)
2026/05/07 19:50:44 - simulation time     650 (s) :                                                                         Lan=           3082 seconds (100 % of total usage, LAN used when downloading containers=0 % of LAN usage)
2026/05/07 19:50:44 - simulation time     650 (s) :                                                    Average bandwidth per transfer=       886.4471 Mbps  
2026/05/07 19:50:44 - simulation time     650 (s) : SimLog- Average vm CPU utilization                                              :         0.0844 %
2026/05/07 19:50:44 - simulation time     650 (s) : SimLog- Average vm CPU utilization per level                             : Cloud=              0 %
2026/05/07 19:50:44 - simulation time     650 (s) :                                                                             Edge=         0.0421 %
2026/05/07 19:50:44 - simulation time     650 (s) :                                                                             Mist=         0.1098 %
2026/05/07 19:50:44 - simulation time     650 (s) : SimLog- Energy consumption                                                      :95756377799848820000 W,   199.8117 dBW
2026/05/07 19:50:44 - simulation time     650 (s) :                                                                                 :(Average:674340688731329660 W/data center(or device), 178.2888 dBW/data center(or device))
2026/05/07 19:50:44 - simulation time     650 (s) :                                                                                 :(Average:61264477159212296 W/task, 167.8721 dBW/task)
2026/05/07 19:50:44 - simulation time     650 (s) : SimLog- Energy Consumption per level                                     : Cloud=40416404745131840000 W,   196.0656 dBW
2026/05/07 19:50:44 - simulation time     650 (s) :                                                                                 :(Average:2245355819173991420 W/data center, 183.5129 dBW/data center)
2026/05/07 19:50:44 - simulation time     650 (s) :                                                                             Edge= 4010529748977185300 W,    186.032 dBW
2026/05/07 19:50:44 - simulation time     650 (s) :                                                                                 :(Average:167105406207382720 W/data center, 172.2299 dBW/data center)
2026/05/07 19:50:44 - simulation time     650 (s) :                                                                             Mist=51329443305739800000 W,   197.1037 dBW
2026/05/07 19:50:44 - simulation time     650 (s) :                                                                                 :(Average:513294433057397950 W/edge device, 177.1037 dBW/edge device)
2026/05/07 19:50:44 - simulation time     650 (s) : SimLog- Dead edge devices due to battery drain                                  :              0 devices (Among 0 devices with batteries (NaN %))
2026/05/07 19:50:44 - simulation time     650 (s) : SimLog- Average remaining power (devices with batteries that are still alive)   :              0 Wh (Average: 0 %)
2026/05/07 19:50:44 - simulation time     650 (s) : SimulationManager- the Scenario Simulation overflow times :4

================== Simulation finished at time 685.20 ==================


SimLog- Iteration finished...

######################################################################################################################################################################
Starting CloudSim Plus 4.3.0

2026/05/07 19:50:44 - simulation time       0 (s) : ServersManager- Datacenters and devices were generated
2026/05/07 19:50:44 - simulation time       0 (s) : SimulationManager-  Orchestration algorithm= RANDOM_VM-  Architechitecture= ALL -  number of edge devices= 200
2026/05/07 19:50:44 - simulation time       0 (s) : SimulationManager- Simulation: 1  , iteration: 52
2026/05/07 19:50:46 - simulation time     640 (s) : 
2026/05/07 19:50:46 - simulation time     640 (s) : ------------------------------------------------------- OUTPUT -------------------------------------------------------
2026/05/07 19:50:46 - simulation time     640 (s) : 
2026/05/07 19:50:46 - simulation time     640 (s) : SimLog- Tasks not sent because device died (low energy)                         :               0 % (0 tasks)
2026/05/07 19:50:46 - simulation time     640 (s) : SimLog- Tasks sent from edge devices                                            :             100 % (3296 among 3296 generated tasks)
2026/05/07 19:50:46 - simulation time     640 (s) : -------------------------------------All values below are based on the sent tasks-------------------------------------
2026/05/07 19:50:46 - simulation time     640 (s) : SimLog- Tasks ETE delay                                                         :      8914.0859 seconds
2026/05/07 19:50:46 - simulation time     640 (s) : SimLog- Average tasks ETE delay                                                 :         3.4875 seconds
2026/05/07 19:50:46 - simulation time     640 (s) : SimLog- Tasks execution delay                                                   :      1669.1531 seconds
2026/05/07 19:50:46 - simulation time     640 (s) : SimLog- Average tasks execution delay                                           :         0.5319 seconds
2026/05/07 19:50:46 - simulation time     640 (s) : SimLog- Tasks waiting time (from task submiting to the execution start)         :        74.0574 seconds
2026/05/07 19:50:46 - simulation time     640 (s) : SimLog- Average tasks waiting time (from task submiting to the execution start) :         0.0236 seconds
2026/05/07 19:50:46 - simulation time     640 (s) : SimLog- Tasks successfully executed                                             :        77.5485 % (2556 among 3296 sent tasks)
2026/05/07 19:50:46 - simulation time     640 (s) : SimLog- Tasks failures
2026/05/07 19:50:46 - simulation time     640 (s) :                                        Not executed due to resources unavailable:              0 % (0 tasks)
2026/05/07 19:50:46 - simulation time     640 (s) :                               Successfully executed but failed due to high delay:        22.3301 % (736 tasks from 3296 successfully sent tasks)
2026/05/07 19:50:46 - simulation time     640 (s) :                  Tasks execution results not returned because the device is dead:              0 % (0 tasks)
2026/05/07 19:50:46 - simulation time     640 (s) :                      Tasks execution results not returned due to device mobility:         0.1214 % (4 tasks)
2026/05/07 19:50:46 - simulation time     640 (s) : SimLog- Tasks executed on each level                                : Cloud=           2084 tasks (where 1604 were successfully executed)
2026/05/07 19:50:46 - simulation time     640 (s) :                                                                        Edge=            545 tasks (where 421 were successfully executed)
2026/05/07 19:50:46 - simulation time     640 (s) :                                                                        Mist=            667 tasks (where 531 were successfully executed)
2026/05/07 19:50:46 - simulation time     640 (s) : SimLog- Network usage                                                           :           6344 seconds (The total traffic: 18478.05 (MBytes))
2026/05/07 19:50:46 - simulation time     640 (s) :                                                                         Wan=           2094 seconds (33.0076 % of total usage, WAN used when downloading containers=0 % of WAN usage)
2026/05/07 19:50:46 - simulation time     640 (s) :                                                                         Lan=           6344 seconds (100 % of total usage, LAN used when downloading containers=0 % of LAN usage)
2026/05/07 19:50:46 - simulation time     640 (s) :                                                    Average bandwidth per transfer=        811.099 Mbps  
2026/05/07 19:50:46 - simulation time     640 (s) : SimLog- Average vm CPU utilization                                              :         0.1414 %
2026/05/07 19:50:46 - simulation time     640 (s) : SimLog- Average vm CPU utilization per level                             : Cloud=         0.0049 %
2026/05/07 19:50:46 - simulation time     640 (s) :                                                                             Edge=         0.0505 %
2026/05/07 19:50:46 - simulation time     640 (s) :                                                                             Mist=         0.1646 %
2026/05/07 19:50:46 - simulation time     640 (s) : SimLog- Energy consumption                                                      :146334733817328140000 W,   201.6535 dBW
2026/05/07 19:50:46 - simulation time     640 (s) :                                                                                 :(Average:604688982716231940 W/data center(or device), 177.8153 dBW/data center(or device))
2026/05/07 19:50:46 - simulation time     640 (s) :                                                                                 :(Average:44451620236126408 W/task, 166.4789 dBW/task)
2026/05/07 19:50:46 - simulation time     640 (s) : SimLog- Energy Consumption per level                                     : Cloud=60762300157606320000 W,   197.8363 dBW
2026/05/07 19:50:46 - simulation time     640 (s) :                                                                                 :(Average:3375683342089240100 W/data center, 185.2836 dBW/data center)
2026/05/07 19:50:46 - simulation time     640 (s) :                                                                             Edge= 5893245963763588100 W,   187.7035 dBW
2026/05/07 19:50:46 - simulation time     640 (s) :                                                                                 :(Average:245551915156816160 W/data center, 173.9014 dBW/data center)
2026/05/07 19:50:46 - simulation time     640 (s) :                                                                             Mist=79679187695958230000 W,   199.0134 dBW
2026/05/07 19:50:46 - simulation time     640 (s) :                                                                                 :(Average:398395938479791170 W/edge device, 176.0031 dBW/edge device)
2026/05/07 19:50:46 - simulation time     640 (s) : SimLog- Dead edge devices due to battery drain                                  :              0 devices (Among 0 devices with batteries (NaN %))
2026/05/07 19:50:46 - simulation time     640 (s) : SimLog- Average remaining power (devices with batteries that are still alive)   :              0 Wh (Average: 0 %)
2026/05/07 19:50:46 - simulation time     640 (s) : SimulationManager- the Scenario Simulation overflow times :4

================== Simulation finished at time 672.60 ==================


SimLog- Iteration finished...

######################################################################################################################################################################
Starting CloudSim Plus 4.3.0

2026/05/07 19:50:46 - simulation time       0 (s) : ServersManager- Datacenters and devices were generated
2026/05/07 19:50:46 - simulation time       0 (s) : SimulationManager-  Orchestration algorithm= RANDOM_VM-  Architechitecture= ALL -  number of edge devices= 300
2026/05/07 19:50:46 - simulation time       0 (s) : SimulationManager- Simulation: 1  , iteration: 53
2026/05/07 19:50:51 - simulation time     660 (s) : 
2026/05/07 19:50:51 - simulation time     660 (s) : ------------------------------------------------------- OUTPUT -------------------------------------------------------
2026/05/07 19:50:51 - simulation time     660 (s) : 
2026/05/07 19:50:51 - simulation time     660 (s) : SimLog- Tasks not sent because device died (low energy)                         :               0 % (0 tasks)
2026/05/07 19:50:51 - simulation time     660 (s) : SimLog- Tasks sent from edge devices                                            :             100 % (4780 among 4780 generated tasks)
2026/05/07 19:50:51 - simulation time     660 (s) : -------------------------------------All values below are based on the sent tasks-------------------------------------
2026/05/07 19:50:51 - simulation time     660 (s) : SimLog- Tasks ETE delay                                                         :     14291.3586 seconds
2026/05/07 19:50:51 - simulation time     660 (s) : SimLog- Average tasks ETE delay                                                 :         3.7768 seconds
2026/05/07 19:50:51 - simulation time     660 (s) : SimLog- Tasks execution delay                                                   :      3209.4325 seconds
2026/05/07 19:50:51 - simulation time     660 (s) : SimLog- Average tasks execution delay                                           :         0.7017 seconds
2026/05/07 19:50:51 - simulation time     660 (s) : SimLog- Tasks waiting time (from task submiting to the execution start)         :       103.9711 seconds
2026/05/07 19:50:51 - simulation time     660 (s) : SimLog- Average tasks waiting time (from task submiting to the execution start) :         0.0227 seconds
2026/05/07 19:50:51 - simulation time     660 (s) : SimLog- Tasks successfully executed                                             :        79.1632 % (3784 among 4780 sent tasks)
2026/05/07 19:50:51 - simulation time     660 (s) : SimLog- Tasks failures
2026/05/07 19:50:51 - simulation time     660 (s) :                                        Not executed due to resources unavailable:              0 % (0 tasks)
2026/05/07 19:50:51 - simulation time     660 (s) :                               Successfully executed but failed due to high delay:        20.5858 % (984 tasks from 4780 successfully sent tasks)
2026/05/07 19:50:51 - simulation time     660 (s) :                  Tasks execution results not returned because the device is dead:              0 % (0 tasks)
2026/05/07 19:50:51 - simulation time     660 (s) :                      Tasks execution results not returned due to device mobility:          0.251 % (12 tasks)
2026/05/07 19:50:51 - simulation time     660 (s) : SimLog- Tasks executed on each level                                : Cloud=           2726 tasks (where 2177 were successfully executed)
2026/05/07 19:50:51 - simulation time     660 (s) :                                                                        Edge=            721 tasks (where 578 were successfully executed)
2026/05/07 19:50:51 - simulation time     660 (s) :                                                                        Mist=           1333 tasks (where 1029 were successfully executed)
2026/05/07 19:50:51 - simulation time     660 (s) : SimLog- Network usage                                                           :           9322 seconds (The total traffic: 34769.9 (MBytes))
2026/05/07 19:50:51 - simulation time     660 (s) :                                                                         Wan=           2794 seconds (29.9721 % of total usage, WAN used when downloading containers=0 % of WAN usage)
2026/05/07 19:50:51 - simulation time     660 (s) :                                                                         Lan=           9322 seconds (100 % of total usage, LAN used when downloading containers=0 % of LAN usage)
2026/05/07 19:50:51 - simulation time     660 (s) :                                                    Average bandwidth per transfer=       808.0574 Mbps  
2026/05/07 19:50:51 - simulation time     660 (s) : SimLog- Average vm CPU utilization                                              :         0.2459 %
2026/05/07 19:50:51 - simulation time     660 (s) : SimLog- Average vm CPU utilization per level                             : Cloud=         0.0275 %
2026/05/07 19:50:51 - simulation time     660 (s) :                                                                             Edge=         0.0997 %
2026/05/07 19:50:51 - simulation time     660 (s) :                                                                             Mist=         0.2706 %
2026/05/07 19:50:51 - simulation time     660 (s) : SimLog- Energy consumption                                                      :234437683980963100000 W,   203.7003 dBW
2026/05/07 19:50:51 - simulation time     660 (s) :                                                                                 :(Average:685490304037903740 W/data center(or device), 178.36 dBW/data center(or device))
2026/05/07 19:50:51 - simulation time     660 (s) :                                                                                 :(Average:49148361421585552 W/task, 166.9151 dBW/task)
2026/05/07 19:50:51 - simulation time     660 (s) : SimLog- Energy Consumption per level                                     : Cloud=96243540472978870000 W,   199.8337 dBW
2026/05/07 19:50:51 - simulation time     660 (s) :                                                                                 :(Average:5346863359609936900 W/data center, 187.281 dBW/data center)
2026/05/07 19:50:51 - simulation time     660 (s) :                                                                             Edge=10765465530318178000 W,   190.3203 dBW
2026/05/07 19:50:51 - simulation time     660 (s) :                                                                                 :(Average:448561063763257410 W/data center, 176.5182 dBW/data center)
2026/05/07 19:50:51 - simulation time     660 (s) :                                                                             Mist=127428677977666040000 W,   201.0527 dBW
2026/05/07 19:50:51 - simulation time     660 (s) :                                                                                 :(Average:424762259925553470 W/edge device, 176.2815 dBW/edge device)
2026/05/07 19:50:51 - simulation time     660 (s) : SimLog- Dead edge devices due to battery drain                                  :              0 devices (Among 0 devices with batteries (NaN %))
2026/05/07 19:50:51 - simulation time     660 (s) : SimLog- Average remaining power (devices with batteries that are still alive)   :              0 Wh (Average: 0 %)
2026/05/07 19:50:51 - simulation time     660 (s) : SimulationManager- the Scenario Simulation overflow times :4

================== Simulation finished at time 691.50 ==================


SimLog- Iteration finished...

######################################################################################################################################################################
Starting CloudSim Plus 4.3.0

2026/05/07 19:50:51 - simulation time       0 (s) : ServersManager- Datacenters and devices were generated
2026/05/07 19:50:51 - simulation time       0 (s) : SimulationManager-  Orchestration algorithm= RANDOM_VM-  Architechitecture= ALL -  number of edge devices= 400
2026/05/07 19:50:51 - simulation time       0 (s) : SimulationManager- Simulation: 1  , iteration: 54
2026/05/07 19:50:57 - simulation time     650 (s) : 
2026/05/07 19:50:57 - simulation time     650 (s) : ------------------------------------------------------- OUTPUT -------------------------------------------------------
2026/05/07 19:50:57 - simulation time     650 (s) : 
2026/05/07 19:50:57 - simulation time     650 (s) : SimLog- Tasks not sent because device died (low energy)                         :               0 % (0 tasks)
2026/05/07 19:50:57 - simulation time     650 (s) : SimLog- Tasks sent from edge devices                                            :             100 % (6618 among 6618 generated tasks)
2026/05/07 19:50:57 - simulation time     650 (s) : -------------------------------------All values below are based on the sent tasks-------------------------------------
2026/05/07 19:50:57 - simulation time     650 (s) : SimLog- Tasks ETE delay                                                         :     18360.9694 seconds
2026/05/07 19:50:57 - simulation time     650 (s) : SimLog- Average tasks ETE delay                                                 :         3.7093 seconds
2026/05/07 19:50:57 - simulation time     650 (s) : SimLog- Tasks execution delay                                                   :      4247.6779 seconds
2026/05/07 19:50:57 - simulation time     650 (s) : SimLog- Average tasks execution delay                                           :         0.6867 seconds
2026/05/07 19:50:57 - simulation time     650 (s) : SimLog- Tasks waiting time (from task submiting to the execution start)         :       262.0125 seconds
2026/05/07 19:50:57 - simulation time     650 (s) : SimLog- Average tasks waiting time (from task submiting to the execution start) :         0.0424 seconds
2026/05/07 19:50:57 - simulation time     650 (s) : SimLog- Tasks successfully executed                                             :         74.796 % (4950 among 6618 sent tasks)
2026/05/07 19:50:57 - simulation time     650 (s) : SimLog- Tasks failures
2026/05/07 19:50:57 - simulation time     650 (s) :                                        Not executed due to resources unavailable:              0 % (0 tasks)
2026/05/07 19:50:57 - simulation time     650 (s) :                               Successfully executed but failed due to high delay:        24.9773 % (1653 tasks from 6618 successfully sent tasks)
2026/05/07 19:50:57 - simulation time     650 (s) :                  Tasks execution results not returned because the device is dead:              0 % (0 tasks)
2026/05/07 19:50:57 - simulation time     650 (s) :                      Tasks execution results not returned due to device mobility:         0.2267 % (15 tasks)
2026/05/07 19:50:57 - simulation time     650 (s) : SimLog- Tasks executed on each level                                : Cloud=           3369 tasks (where 2526 were successfully executed)
2026/05/07 19:50:57 - simulation time     650 (s) :                                                                        Edge=            947 tasks (where 713 were successfully executed)
2026/05/07 19:50:57 - simulation time     650 (s) :                                                                        Mist=           2302 tasks (where 1711 were successfully executed)
2026/05/07 19:50:57 - simulation time     650 (s) : SimLog- Network usage                                                           :          12774 seconds (The total traffic: 37632.4 (MBytes))
2026/05/07 19:50:57 - simulation time     650 (s) :                                                                         Wan=           3463 seconds (27.1098 % of total usage, WAN used when downloading containers=0 % of WAN usage)
2026/05/07 19:50:57 - simulation time     650 (s) :                                                                         Lan=          12774 seconds (100 % of total usage, LAN used when downloading containers=0 % of LAN usage)
2026/05/07 19:50:57 - simulation time     650 (s) :                                                    Average bandwidth per transfer=        802.846 Mbps  
2026/05/07 19:50:57 - simulation time     650 (s) : SimLog- Average vm CPU utilization                                              :         0.2515 %
2026/05/07 19:50:57 - simulation time     650 (s) : SimLog- Average vm CPU utilization per level                             : Cloud=         0.0049 %
2026/05/07 19:50:57 - simulation time     650 (s) :                                                                             Edge=         0.0959 %
2026/05/07 19:50:57 - simulation time     650 (s) :                                                                             Mist=          0.272 %
2026/05/07 19:50:57 - simulation time     650 (s) : SimLog- Energy consumption                                                      :244950594505282320000 W,   203.8908 dBW
2026/05/07 19:50:57 - simulation time     650 (s) :                                                                                 :(Average:554186865396566340 W/data center(or device), 177.4366 dBW/data center(or device))
2026/05/07 19:50:57 - simulation time     650 (s) :                                                                                 :(Average:37091246896620584 W/task, 165.6927 dBW/task)
2026/05/07 19:50:57 - simulation time     650 (s) : SimLog- Energy Consumption per level                                     : Cloud=100042598562112650000 W,   200.0018 dBW
2026/05/07 19:50:57 - simulation time     650 (s) :                                                                                 :(Average:5557922142339592200 W/data center, 187.4491 dBW/data center)
2026/05/07 19:50:57 - simulation time     650 (s) :                                                                             Edge= 9954527300222994000 W,   189.9802 dBW
2026/05/07 19:50:57 - simulation time     650 (s) :                                                                                 :(Average:414771970842624770 W/data center, 176.1781 dBW/data center)
2026/05/07 19:50:57 - simulation time     650 (s) :                                                                             Mist=134953468642946680000 W,   201.3018 dBW
2026/05/07 19:50:57 - simulation time     650 (s) :                                                                                 :(Average:337383671607366720 W/edge device, 175.2812 dBW/edge device)
2026/05/07 19:50:57 - simulation time     650 (s) : SimLog- Dead edge devices due to battery drain                                  :              0 devices (Among 0 devices with batteries (NaN %))
2026/05/07 19:50:57 - simulation time     650 (s) : SimLog- Average remaining power (devices with batteries that are still alive)   :              0 Wh (Average: 0 %)
2026/05/07 19:50:57 - simulation time     650 (s) : SimulationManager- the Scenario Simulation overflow times :4

================== Simulation finished at time 685.20 ==================


SimLog- Iteration finished...

######################################################################################################################################################################
Starting CloudSim Plus 4.3.0

2026/05/07 19:50:57 - simulation time       0 (s) : ServersManager- Datacenters and devices were generated
2026/05/07 19:50:57 - simulation time       0 (s) : SimulationManager-  Orchestration algorithm= RANDOM_VM-  Architechitecture= ALL -  number of edge devices= 500
2026/05/07 19:50:57 - simulation time       0 (s) : SimulationManager- Simulation: 1  , iteration: 55
2026/05/07 19:51:06 - simulation time     650 (s) : 
2026/05/07 19:51:06 - simulation time     650 (s) : ------------------------------------------------------- OUTPUT -------------------------------------------------------
2026/05/07 19:51:06 - simulation time     650 (s) : 
2026/05/07 19:51:06 - simulation time     650 (s) : SimLog- Tasks not sent because device died (low energy)                         :               0 % (0 tasks)
2026/05/07 19:51:06 - simulation time     650 (s) : SimLog- Tasks sent from edge devices                                            :             100 % (8004 among 8004 generated tasks)
2026/05/07 19:51:06 - simulation time     650 (s) : -------------------------------------All values below are based on the sent tasks-------------------------------------
2026/05/07 19:51:06 - simulation time     650 (s) : SimLog- Tasks ETE delay                                                         :     23874.1129 seconds
2026/05/07 19:51:06 - simulation time     650 (s) : SimLog- Average tasks ETE delay                                                 :         3.9383 seconds
2026/05/07 19:51:06 - simulation time     650 (s) : SimLog- Tasks execution delay                                                   :      6232.8639 seconds
2026/05/07 19:51:06 - simulation time     650 (s) : SimLog- Average tasks execution delay                                           :         0.8376 seconds
2026/05/07 19:51:06 - simulation time     650 (s) : SimLog- Tasks waiting time (from task submiting to the execution start)         :        188.835 seconds
2026/05/07 19:51:06 - simulation time     650 (s) : SimLog- Average tasks waiting time (from task submiting to the execution start) :         0.0254 seconds
2026/05/07 19:51:06 - simulation time     650 (s) : SimLog- Tasks successfully executed                                             :        75.7371 % (6062 among 8004 sent tasks)
2026/05/07 19:51:06 - simulation time     650 (s) : SimLog- Tasks failures
2026/05/07 19:51:06 - simulation time     650 (s) :                                        Not executed due to resources unavailable:              0 % (0 tasks)
2026/05/07 19:51:06 - simulation time     650 (s) :                               Successfully executed but failed due to high delay:        24.0005 % (1921 tasks from 8004 successfully sent tasks)
2026/05/07 19:51:06 - simulation time     650 (s) :                  Tasks execution results not returned because the device is dead:              0 % (0 tasks)
2026/05/07 19:51:06 - simulation time     650 (s) :                      Tasks execution results not returned due to device mobility:         0.2624 % (21 tasks)
2026/05/07 19:51:06 - simulation time     650 (s) : SimLog- Tasks executed on each level                                : Cloud=           3916 tasks (where 2981 were successfully executed)
2026/05/07 19:51:06 - simulation time     650 (s) :                                                                        Edge=           1048 tasks (where 782 were successfully executed)
2026/05/07 19:51:06 - simulation time     650 (s) :                                                                        Mist=           3040 tasks (where 2299 were successfully executed)
2026/05/07 19:51:06 - simulation time     650 (s) : SimLog- Network usage                                                           :          15504 seconds (The total traffic: 53407.55 (MBytes))
2026/05/07 19:51:06 - simulation time     650 (s) :                                                                         Wan=           4121 seconds (26.5802 % of total usage, WAN used when downloading containers=0 % of WAN usage)
2026/05/07 19:51:06 - simulation time     650 (s) :                                                                         Lan=          15504 seconds (100 % of total usage, LAN used when downloading containers=0 % of LAN usage)
2026/05/07 19:51:06 - simulation time     650 (s) :                                                    Average bandwidth per transfer=       796.4867 Mbps  
2026/05/07 19:51:06 - simulation time     650 (s) : SimLog- Average vm CPU utilization                                              :         0.3017 %
2026/05/07 19:51:06 - simulation time     650 (s) : SimLog- Average vm CPU utilization per level                             : Cloud=         0.0388 %
2026/05/07 19:51:06 - simulation time     650 (s) :                                                                             Edge=         0.1115 %
2026/05/07 19:51:06 - simulation time     650 (s) :                                                                             Mist=         0.3203 %
2026/05/07 19:51:06 - simulation time     650 (s) : SimLog- Energy consumption                                                      :330398896126308650000 W,   205.1904 dBW
2026/05/07 19:51:06 - simulation time     650 (s) :                                                                                 :(Average:609592059273632130 W/data center(or device), 177.8504 dBW/data center(or device))
2026/05/07 19:51:06 - simulation time     650 (s) :                                                                                 :(Average:41372263476873112 W/task, 166.1671 dBW/task)
2026/05/07 19:51:06 - simulation time     650 (s) : SimLog- Energy Consumption per level                                     : Cloud=136511725155023860000 W,   201.3517 dBW
2026/05/07 19:51:06 - simulation time     650 (s) :                                                                                 :(Average:7583984730834659300 W/data center, 188.799 dBW/data center)
2026/05/07 19:51:06 - simulation time     650 (s) :                                                                             Edge=11065121094525946000 W,   190.4396 dBW
2026/05/07 19:51:06 - simulation time     650 (s) :                                                                                 :(Average:461046712271914430 W/data center, 176.6374 dBW/data center)
2026/05/07 19:51:06 - simulation time     650 (s) :                                                                             Mist=182822049876758820000 W,   202.6203 dBW
2026/05/07 19:51:06 - simulation time     650 (s) :                                                                                 :(Average:365644099753517630 W/edge device, 175.6306 dBW/edge device)
2026/05/07 19:51:06 - simulation time     650 (s) : SimLog- Dead edge devices due to battery drain                                  :              0 devices (Among 0 devices with batteries (NaN %))
2026/05/07 19:51:06 - simulation time     650 (s) : SimLog- Average remaining power (devices with batteries that are still alive)   :              0 Wh (Average: 0 %)
2026/05/07 19:51:06 - simulation time     650 (s) : SimulationManager- the Scenario Simulation overflow times :4

================== Simulation finished at time 685.20 ==================


SimLog- Iteration finished...

######################################################################################################################################################################
Starting CloudSim Plus 4.3.0

2026/05/07 19:51:06 - simulation time       0 (s) : ServersManager- Datacenters and devices were generated
2026/05/07 19:51:06 - simulation time       0 (s) : SimulationManager-  Orchestration algorithm= RANDOM_VM-  Architechitecture= ALL -  number of edge devices= 600
2026/05/07 19:51:06 - simulation time       0 (s) : SimulationManager- Simulation: 1  , iteration: 56
2026/05/07 19:51:21 - simulation time     650 (s) : 
2026/05/07 19:51:21 - simulation time     650 (s) : ------------------------------------------------------- OUTPUT -------------------------------------------------------
2026/05/07 19:51:21 - simulation time     650 (s) : 
2026/05/07 19:51:21 - simulation time     650 (s) : SimLog- Tasks not sent because device died (low energy)                         :               0 % (0 tasks)
2026/05/07 19:51:21 - simulation time     650 (s) : SimLog- Tasks sent from edge devices                                            :             100 % (10042 among 10042 generated tasks)
2026/05/07 19:51:21 - simulation time     650 (s) : -------------------------------------All values below are based on the sent tasks-------------------------------------
2026/05/07 19:51:21 - simulation time     650 (s) : SimLog- Tasks ETE delay                                                         :     30031.6538 seconds
2026/05/07 19:51:21 - simulation time     650 (s) : SimLog- Average tasks ETE delay                                                 :         4.0235 seconds
2026/05/07 19:51:21 - simulation time     650 (s) : SimLog- Tasks execution delay                                                   :      7372.1946 seconds
2026/05/07 19:51:21 - simulation time     650 (s) : SimLog- Average tasks execution delay                                           :         0.7963 seconds
2026/05/07 19:51:21 - simulation time     650 (s) : SimLog- Tasks waiting time (from task submiting to the execution start)         :      1147.8983 seconds
2026/05/07 19:51:21 - simulation time     650 (s) : SimLog- Average tasks waiting time (from task submiting to the execution start) :          0.124 seconds
2026/05/07 19:51:21 - simulation time     650 (s) : SimLog- Tasks successfully executed                                             :        74.3278 % (7464 among 10042 sent tasks)
2026/05/07 19:51:21 - simulation time     650 (s) : SimLog- Tasks failures
2026/05/07 19:51:21 - simulation time     650 (s) :                                        Not executed due to resources unavailable:              0 % (0 tasks)
2026/05/07 19:51:21 - simulation time     650 (s) :                               Successfully executed but failed due to high delay:        25.3933 % (2550 tasks from 10042 successfully sent tasks)
2026/05/07 19:51:21 - simulation time     650 (s) :                  Tasks execution results not returned because the device is dead:              0 % (0 tasks)
2026/05/07 19:51:21 - simulation time     650 (s) :                      Tasks execution results not returned due to device mobility:         0.2788 % (28 tasks)
2026/05/07 19:51:21 - simulation time     650 (s) : SimLog- Tasks executed on each level                                : Cloud=           4558 tasks (where 3441 were successfully executed)
2026/05/07 19:51:21 - simulation time     650 (s) :                                                                        Edge=           1179 tasks (where 877 were successfully executed)
2026/05/07 19:51:21 - simulation time     650 (s) :                                                                        Mist=           4305 tasks (where 3146 were successfully executed)
2026/05/07 19:51:21 - simulation time     650 (s) : SimLog- Network usage                                                           :          19464 seconds (The total traffic: 59895.05 (MBytes))
2026/05/07 19:51:21 - simulation time     650 (s) :                                                                         Wan=           4874 seconds (25.0411 % of total usage, WAN used when downloading containers=0 % of WAN usage)
2026/05/07 19:51:21 - simulation time     650 (s) :                                                                         Lan=          19464 seconds (100 % of total usage, LAN used when downloading containers=0 % of LAN usage)
2026/05/07 19:51:21 - simulation time     650 (s) :                                                    Average bandwidth per transfer=       799.1466 Mbps  
2026/05/07 19:51:21 - simulation time     650 (s) : SimLog- Average vm CPU utilization                                              :         0.3151 %
2026/05/07 19:51:21 - simulation time     650 (s) : SimLog- Average vm CPU utilization per level                             : Cloud=         0.0704 %
2026/05/07 19:51:21 - simulation time     650 (s) :                                                                             Edge=         0.1205 %
2026/05/07 19:51:21 - simulation time     650 (s) :                                                                             Mist=         0.3302 %
2026/05/07 19:51:21 - simulation time     650 (s) : SimLog- Energy consumption                                                      :350438974636707940000 W,   205.4461 dBW
2026/05/07 19:51:21 - simulation time     650 (s) :                                                                                 :(Average:545855100680230460 W/data center(or device), 177.3708 dBW/data center(or device))
2026/05/07 19:51:21 - simulation time     650 (s) :                                                                                 :(Average:34973949564541712 W/task, 165.4374 dBW/task)
2026/05/07 19:51:21 - simulation time     650 (s) : SimLog- Energy Consumption per level                                     : Cloud=143371373528245520000 W,   201.5646 dBW
2026/05/07 19:51:21 - simulation time     650 (s) :                                                                                 :(Average:7965076307124751400 W/data center, 189.0119 dBW/data center)
2026/05/07 19:51:21 - simulation time     650 (s) :                                                                             Edge=12074243924522217000 W,   190.8186 dBW
2026/05/07 19:51:21 - simulation time     650 (s) :                                                                                 :(Average:503093496855092420 W/data center, 177.0165 dBW/data center)
2026/05/07 19:51:21 - simulation time     650 (s) :                                                                             Mist=194993357183940230000 W,   202.9002 dBW
2026/05/07 19:51:21 - simulation time     650 (s) :                                                                                 :(Average:324988928639900420 W/edge device, 175.1187 dBW/edge device)
2026/05/07 19:51:21 - simulation time     650 (s) : SimLog- Dead edge devices due to battery drain                                  :              0 devices (Among 0 devices with batteries (NaN %))
2026/05/07 19:51:21 - simulation time     650 (s) : SimLog- Average remaining power (devices with batteries that are still alive)   :              0 Wh (Average: 0 %)
2026/05/07 19:51:21 - simulation time     650 (s) : SimulationManager- the Scenario Simulation overflow times :4

================== Simulation finished at time 685.20 ==================


SimLog- Iteration finished...

######################################################################################################################################################################
Starting CloudSim Plus 4.3.0

2026/05/07 19:51:21 - simulation time       0 (s) : ServersManager- Datacenters and devices were generated
2026/05/07 19:51:21 - simulation time       0 (s) : SimulationManager-  Orchestration algorithm= RANDOM_VM-  Architechitecture= ALL -  number of edge devices= 700
2026/05/07 19:51:21 - simulation time       0 (s) : SimulationManager- Simulation: 1  , iteration: 57
2026/05/07 19:51:39 - simulation time     660 (s) : 
2026/05/07 19:51:39 - simulation time     660 (s) : ------------------------------------------------------- OUTPUT -------------------------------------------------------
2026/05/07 19:51:39 - simulation time     660 (s) : 
2026/05/07 19:51:39 - simulation time     660 (s) : SimLog- Tasks not sent because device died (low energy)                         :               0 % (0 tasks)
2026/05/07 19:51:39 - simulation time     660 (s) : SimLog- Tasks sent from edge devices                                            :             100 % (11428 among 11428 generated tasks)
2026/05/07 19:51:39 - simulation time     660 (s) : -------------------------------------All values below are based on the sent tasks-------------------------------------
2026/05/07 19:51:39 - simulation time     660 (s) : SimLog- Tasks ETE delay                                                         :     37971.9923 seconds
2026/05/07 19:51:39 - simulation time     660 (s) : SimLog- Average tasks ETE delay                                                 :         4.5007 seconds
2026/05/07 19:51:39 - simulation time     660 (s) : SimLog- Tasks execution delay                                                   :      9017.9755 seconds
2026/05/07 19:51:39 - simulation time     660 (s) : SimLog- Average tasks execution delay                                           :          0.866 seconds
2026/05/07 19:51:39 - simulation time     660 (s) : SimLog- Tasks waiting time (from task submiting to the execution start)         :      4412.0756 seconds
2026/05/07 19:51:39 - simulation time     660 (s) : SimLog- Average tasks waiting time (from task submiting to the execution start) :         0.4237 seconds
2026/05/07 19:51:39 - simulation time     660 (s) : SimLog- Tasks successfully executed                                             :        73.8274 % (8437 among 11428 sent tasks)
2026/05/07 19:51:39 - simulation time     660 (s) : SimLog- Tasks failures
2026/05/07 19:51:39 - simulation time     660 (s) :                                        Not executed due to resources unavailable:              0 % (0 tasks)
2026/05/07 19:51:39 - simulation time     660 (s) :                               Successfully executed but failed due to high delay:         25.875 % (2957 tasks from 11428 successfully sent tasks)
2026/05/07 19:51:39 - simulation time     660 (s) :                  Tasks execution results not returned because the device is dead:              0 % (0 tasks)
2026/05/07 19:51:39 - simulation time     660 (s) :                      Tasks execution results not returned due to device mobility:         0.2975 % (34 tasks)
2026/05/07 19:51:39 - simulation time     660 (s) : SimLog- Tasks executed on each level                                : Cloud=           4985 tasks (where 3711 were successfully executed)
2026/05/07 19:51:39 - simulation time     660 (s) :                                                                        Edge=           1293 tasks (where 970 were successfully executed)
2026/05/07 19:51:39 - simulation time     660 (s) :                                                                        Mist=           5150 tasks (where 3756 were successfully executed)
2026/05/07 19:51:39 - simulation time     660 (s) : SimLog- Network usage                                                           :          22120 seconds (The total traffic: 70728.15 (MBytes))
2026/05/07 19:51:39 - simulation time     660 (s) :                                                                         Wan=           5416 seconds (24.4846 % of total usage, WAN used when downloading containers=0 % of WAN usage)
2026/05/07 19:51:39 - simulation time     660 (s) :                                                                         Lan=          22120 seconds (100 % of total usage, LAN used when downloading containers=0 % of LAN usage)
2026/05/07 19:51:39 - simulation time     660 (s) :                                                    Average bandwidth per transfer=       797.2602 Mbps  
2026/05/07 19:51:39 - simulation time     660 (s) : SimLog- Average vm CPU utilization                                              :         0.3473 %
2026/05/07 19:51:39 - simulation time     660 (s) : SimLog- Average vm CPU utilization per level                             : Cloud=         0.1037 %
2026/05/07 19:51:39 - simulation time     660 (s) :                                                                             Edge=         0.1356 %
2026/05/07 19:51:39 - simulation time     660 (s) :                                                                             Mist=         0.3609 %
2026/05/07 19:51:39 - simulation time     660 (s) : SimLog- Energy consumption                                                      :402135321621259350000 W,   206.0437 dBW
2026/05/07 19:51:39 - simulation time     660 (s) :                                                                                 :(Average:541961349893880510 W/data center(or device), 177.3397 dBW/data center(or device))
2026/05/07 19:51:39 - simulation time     660 (s) :                                                                                 :(Average:35268840696479508 W/task, 165.4739 dBW/task)
2026/05/07 19:51:39 - simulation time     660 (s) : SimLog- Energy Consumption per level                                     : Cloud=163435765903792540000 W,   202.1335 dBW
2026/05/07 19:51:39 - simulation time     660 (s) :                                                                                 :(Average:9079764772432918500 W/data center, 189.5807 dBW/data center)
2026/05/07 19:51:39 - simulation time     660 (s) :                                                                             Edge=12723364205385615000 W,    191.046 dBW
2026/05/07 19:51:39 - simulation time     660 (s) :                                                                                 :(Average:530140175224400640 W/data center, 177.2439 dBW/data center)
2026/05/07 19:51:39 - simulation time     660 (s) :                                                                             Mist=225976191512081170000 W,   203.5406 dBW
2026/05/07 19:51:39 - simulation time     660 (s) :                                                                                 :(Average:322823130731544510 W/edge device, 175.0896 dBW/edge device)
2026/05/07 19:51:39 - simulation time     660 (s) : SimLog- Dead edge devices due to battery drain                                  :              0 devices (Among 0 devices with batteries (NaN %))
2026/05/07 19:51:39 - simulation time     660 (s) : SimLog- Average remaining power (devices with batteries that are still alive)   :              0 Wh (Average: 0 %)
2026/05/07 19:51:39 - simulation time     660 (s) : SimulationManager- the Scenario Simulation overflow times :4

================== Simulation finished at time 691.50 ==================


SimLog- Iteration finished...

######################################################################################################################################################################
Starting CloudSim Plus 4.3.0

2026/05/07 19:51:39 - simulation time       0 (s) : ServersManager- Datacenters and devices were generated
2026/05/07 19:51:39 - simulation time       0 (s) : SimulationManager-  Orchestration algorithm= RANDOM_VM-  Architechitecture= ALL -  number of edge devices= 800
2026/05/07 19:51:39 - simulation time       0 (s) : SimulationManager- Simulation: 1  , iteration: 58
2026/05/07 19:52:03 - simulation time     660 (s) : 
2026/05/07 19:52:03 - simulation time     660 (s) : ------------------------------------------------------- OUTPUT -------------------------------------------------------
2026/05/07 19:52:03 - simulation time     660 (s) : 
2026/05/07 19:52:03 - simulation time     660 (s) : SimLog- Tasks not sent because device died (low energy)                         :               0 % (0 tasks)
2026/05/07 19:52:03 - simulation time     660 (s) : SimLog- Tasks sent from edge devices                                            :         99.9845 % (12878 among 12880 generated tasks)
2026/05/07 19:52:03 - simulation time     660 (s) : -------------------------------------All values below are based on the sent tasks-------------------------------------
2026/05/07 19:52:03 - simulation time     660 (s) : SimLog- Tasks ETE delay                                                         :     44082.7654 seconds
2026/05/07 19:52:03 - simulation time     660 (s) : SimLog- Average tasks ETE delay                                                 :         4.8427 seconds
2026/05/07 19:52:03 - simulation time     660 (s) : SimLog- Tasks execution delay                                                   :     10250.2187 seconds
2026/05/07 19:52:03 - simulation time     660 (s) : SimLog- Average tasks execution delay                                           :         0.9045 seconds
2026/05/07 19:52:03 - simulation time     660 (s) : SimLog- Tasks waiting time (from task submiting to the execution start)         :      7731.1507 seconds
2026/05/07 19:52:03 - simulation time     660 (s) : SimLog- Average tasks waiting time (from task submiting to the execution start) :         0.6822 seconds
2026/05/07 19:52:03 - simulation time     660 (s) : SimLog- Tasks successfully executed                                             :        70.6864 % (9103 among 12878 sent tasks)
2026/05/07 19:52:03 - simulation time     660 (s) : SimLog- Tasks failures
2026/05/07 19:52:03 - simulation time     660 (s) :                                        Not executed due to resources unavailable:              0 % (0 tasks)
2026/05/07 19:52:03 - simulation time     660 (s) :                               Successfully executed but failed due to high delay:        29.0418 % (3740 tasks from 12878 successfully sent tasks)
2026/05/07 19:52:03 - simulation time     660 (s) :                  Tasks execution results not returned because the device is dead:              0 % (0 tasks)
2026/05/07 19:52:03 - simulation time     660 (s) :                      Tasks execution results not returned due to device mobility:         0.2718 % (35 tasks)
2026/05/07 19:52:03 - simulation time     660 (s) : SimLog- Tasks executed on each level                                : Cloud=           5137 tasks (where 3764 were successfully executed)
2026/05/07 19:52:03 - simulation time     660 (s) :                                                                        Edge=           1359 tasks (where 929 were successfully executed)
2026/05/07 19:52:03 - simulation time     660 (s) :                                                                        Mist=           6382 tasks (where 4410 were successfully executed)
2026/05/07 19:52:03 - simulation time     660 (s) : SimLog- Network usage                                                           :          24497 seconds (The total traffic: 77286.8 (MBytes))
2026/05/07 19:52:03 - simulation time     660 (s) :                                                                         Wan=           5578 seconds (22.7701 % of total usage, WAN used when downloading containers=0 % of WAN usage)
2026/05/07 19:52:03 - simulation time     660 (s) :                                                                         Lan=          24497 seconds (100 % of total usage, LAN used when downloading containers=0 % of LAN usage)
2026/05/07 19:52:03 - simulation time     660 (s) :                                                    Average bandwidth per transfer=       809.5783 Mbps  
2026/05/07 19:52:03 - simulation time     660 (s) : SimLog- Average vm CPU utilization                                              :         0.3662 %
2026/05/07 19:52:03 - simulation time     660 (s) : SimLog- Average vm CPU utilization per level                             : Cloud=         0.1065 %
2026/05/07 19:52:03 - simulation time     660 (s) :                                                                             Edge=         0.1336 %
2026/05/07 19:52:03 - simulation time     660 (s) :                                                                             Mist=         0.3791 %
2026/05/07 19:52:03 - simulation time     660 (s) : SimLog- Energy consumption                                                      :415843815838411000000 W,   206.1893 dBW
2026/05/07 19:52:03 - simulation time     660 (s) :                                                                                 :(Average:493876265841343230 W/data center(or device), 176.9362 dBW/data center(or device))
2026/05/07 19:52:03 - simulation time     660 (s) :                                                                                 :(Average:32346283123709628 W/task, 165.0982 dBW/task)
2026/05/07 19:52:03 - simulation time     660 (s) : SimLog- Energy Consumption per level                                     : Cloud=166502512381229700000 W,   202.2142 dBW
2026/05/07 19:52:03 - simulation time     660 (s) :                                                                                 :(Average:9250139576734982000 W/data center, 189.6615 dBW/data center)
2026/05/07 19:52:03 - simulation time     660 (s) :                                                                             Edge=13455011673554050000 W,   191.2888 dBW
2026/05/07 19:52:03 - simulation time     660 (s) :                                                                                 :(Average:560625486398085380 W/data center, 177.4867 dBW/data center)
2026/05/07 19:52:03 - simulation time     660 (s) :                                                                             Mist=235886291783627240000 W,    203.727 dBW
2026/05/07 19:52:03 - simulation time     660 (s) :                                                                                 :(Average:294857864729534080 W/edge device, 174.6961 dBW/edge device)
2026/05/07 19:52:03 - simulation time     660 (s) : SimLog- Dead edge devices due to battery drain                                  :              0 devices (Among 0 devices with batteries (NaN %))
2026/05/07 19:52:03 - simulation time     660 (s) : SimLog- Average remaining power (devices with batteries that are still alive)   :              0 Wh (Average: 0 %)
2026/05/07 19:52:03 - simulation time     660 (s) : SimulationManager- the Scenario Simulation overflow times :5

================== Simulation finished at time 691.50 ==================


SimLog- Iteration finished...

######################################################################################################################################################################
Starting CloudSim Plus 4.3.0

2026/05/07 19:52:03 - simulation time       0 (s) : ServersManager- Datacenters and devices were generated
2026/05/07 19:52:03 - simulation time       0 (s) : SimulationManager-  Orchestration algorithm= RANDOM_VM-  Architechitecture= ALL -  number of edge devices= 900
2026/05/07 19:52:03 - simulation time       0 (s) : SimulationManager- Simulation: 1  , iteration: 59
2026/05/07 19:52:33 - simulation time     660 (s) : 
2026/05/07 19:52:33 - simulation time     660 (s) : ------------------------------------------------------- OUTPUT -------------------------------------------------------
2026/05/07 19:52:33 - simulation time     660 (s) : 
2026/05/07 19:52:33 - simulation time     660 (s) : SimLog- Tasks not sent because device died (low energy)                         :               0 % (0 tasks)
2026/05/07 19:52:33 - simulation time     660 (s) : SimLog- Tasks sent from edge devices                                            :             100 % (14432 among 14432 generated tasks)
2026/05/07 19:52:33 - simulation time     660 (s) : -------------------------------------All values below are based on the sent tasks-------------------------------------
2026/05/07 19:52:33 - simulation time     660 (s) : SimLog- Tasks ETE delay                                                         :     54502.1698 seconds
2026/05/07 19:52:33 - simulation time     660 (s) : SimLog- Average tasks ETE delay                                                 :         5.3386 seconds
2026/05/07 19:52:33 - simulation time     660 (s) : SimLog- Tasks execution delay                                                   :     12312.6059 seconds
2026/05/07 19:52:33 - simulation time     660 (s) : SimLog- Average tasks execution delay                                           :         0.9784 seconds
2026/05/07 19:52:33 - simulation time     660 (s) : SimLog- Tasks waiting time (from task submiting to the execution start)         :     12417.7454 seconds
2026/05/07 19:52:33 - simulation time     660 (s) : SimLog- Average tasks waiting time (from task submiting to the execution start) :         0.9868 seconds
2026/05/07 19:52:33 - simulation time     660 (s) : SimLog- Tasks successfully executed                                             :        70.7386 % (10209 among 14432 sent tasks)
2026/05/07 19:52:33 - simulation time     660 (s) : SimLog- Tasks failures
2026/05/07 19:52:33 - simulation time     660 (s) :                                        Not executed due to resources unavailable:              0 % (0 tasks)
2026/05/07 19:52:33 - simulation time     660 (s) :                               Successfully executed but failed due to high delay:        28.8941 % (4170 tasks from 14432 successfully sent tasks)
2026/05/07 19:52:33 - simulation time     660 (s) :                  Tasks execution results not returned because the device is dead:              0 % (0 tasks)
2026/05/07 19:52:33 - simulation time     660 (s) :                      Tasks execution results not returned due to device mobility:         0.3672 % (53 tasks)
2026/05/07 19:52:33 - simulation time     660 (s) : SimLog- Tasks executed on each level                                : Cloud=           5498 tasks (where 3922 were successfully executed)
2026/05/07 19:52:33 - simulation time     660 (s) :                                                                        Edge=           1398 tasks (where 1028 were successfully executed)
2026/05/07 19:52:33 - simulation time     660 (s) :                                                                        Mist=           7536 tasks (where 5259 were successfully executed)
2026/05/07 19:52:33 - simulation time     660 (s) : SimLog- Network usage                                                           :          27459 seconds (The total traffic: 90464.8 (MBytes))
2026/05/07 19:52:33 - simulation time     660 (s) :                                                                         Wan=           6156 seconds (22.4189 % of total usage, WAN used when downloading containers=0 % of WAN usage)
2026/05/07 19:52:33 - simulation time     660 (s) :                                                                         Lan=          27459 seconds (100 % of total usage, LAN used when downloading containers=0 % of LAN usage)
2026/05/07 19:52:33 - simulation time     660 (s) :                                                    Average bandwidth per transfer=       815.8435 Mbps  
2026/05/07 19:52:33 - simulation time     660 (s) : SimLog- Average vm CPU utilization                                              :         0.4103 %
2026/05/07 19:52:33 - simulation time     660 (s) : SimLog- Average vm CPU utilization per level                             : Cloud=         0.1234 %
2026/05/07 19:52:33 - simulation time     660 (s) :                                                                             Edge=         0.1571 %
2026/05/07 19:52:33 - simulation time     660 (s) :                                                                             Mist=         0.4228 %
2026/05/07 19:52:33 - simulation time     660 (s) : SimLog- Energy consumption                                                      :440532549225262000000 W,   206.4398 dBW
2026/05/07 19:52:33 - simulation time     660 (s) :                                                                                 :(Average:467656633997093440 W/data center(or device), 176.6993 dBW/data center(or device))
2026/05/07 19:52:33 - simulation time     660 (s) :                                                                                 :(Average:30581919418622840 W/task, 164.8546 dBW/task)
2026/05/07 19:52:33 - simulation time     660 (s) : SimLog- Energy Consumption per level                                     : Cloud=173272646557654060000 W,   202.3873 dBW
2026/05/07 19:52:33 - simulation time     660 (s) :                                                                                 :(Average:9626258142091893000 W/data center, 189.8346 dBW/data center)
2026/05/07 19:52:33 - simulation time     660 (s) :                                                                             Edge=13831878238771493000 W,   191.4088 dBW
2026/05/07 19:52:33 - simulation time     660 (s) :                                                                                 :(Average:576328259948812220 W/data center, 177.6067 dBW/data center)
2026/05/07 19:52:33 - simulation time     660 (s) :                                                                             Mist=253428024428836500000 W,   204.0385 dBW
2026/05/07 19:52:33 - simulation time     660 (s) :                                                                                 :(Average:281586693809818304 W/edge device, 174.4961 dBW/edge device)
2026/05/07 19:52:33 - simulation time     660 (s) : SimLog- Dead edge devices due to battery drain                                  :              0 devices (Among 0 devices with batteries (NaN %))
2026/05/07 19:52:33 - simulation time     660 (s) : SimLog- Average remaining power (devices with batteries that are still alive)   :              0 Wh (Average: 0 %)
2026/05/07 19:52:33 - simulation time     660 (s) : SimulationManager- the Scenario Simulation overflow times :5

================== Simulation finished at time 691.50 ==================


SimLog- Iteration finished...

######################################################################################################################################################################
Starting CloudSim Plus 4.3.0

2026/05/07 19:52:33 - simulation time       0 (s) : ServersManager- Datacenters and devices were generated
2026/05/07 19:52:33 - simulation time       0 (s) : SimulationManager-  Orchestration algorithm= RANDOM_VM-  Architechitecture= ALL -  number of edge devices= 1000
2026/05/07 19:52:33 - simulation time       0 (s) : SimulationManager- Simulation: 1  , iteration: 60
2026/05/07 19:53:12 - simulation time     660 (s) : 
2026/05/07 19:53:12 - simulation time     660 (s) : ------------------------------------------------------- OUTPUT -------------------------------------------------------
2026/05/07 19:53:12 - simulation time     660 (s) : 
2026/05/07 19:53:12 - simulation time     660 (s) : SimLog- Tasks not sent because device died (low energy)                         :               0 % (0 tasks)
2026/05/07 19:53:12 - simulation time     660 (s) : SimLog- Tasks sent from edge devices                                            :             100 % (16604 among 16604 generated tasks)
2026/05/07 19:53:12 - simulation time     660 (s) : -------------------------------------All values below are based on the sent tasks-------------------------------------
2026/05/07 19:53:12 - simulation time     660 (s) : SimLog- Tasks ETE delay                                                         :     69527.3681 seconds
2026/05/07 19:53:12 - simulation time     660 (s) : SimLog- Average tasks ETE delay                                                 :         5.8698 seconds
2026/05/07 19:53:12 - simulation time     660 (s) : SimLog- Tasks execution delay                                                   :     14365.6168 seconds
2026/05/07 19:53:12 - simulation time     660 (s) : SimLog- Average tasks execution delay                                           :         0.9919 seconds
2026/05/07 19:53:12 - simulation time     660 (s) : SimLog- Tasks waiting time (from task submiting to the execution start)         :     19803.0174 seconds
2026/05/07 19:53:12 - simulation time     660 (s) : SimLog- Average tasks waiting time (from task submiting to the execution start) :         1.3673 seconds
2026/05/07 19:53:12 - simulation time     660 (s) : SimLog- Tasks successfully executed                                             :        71.3382 % (11845 among 16604 sent tasks)
2026/05/07 19:53:12 - simulation time     660 (s) : SimLog- Tasks failures
2026/05/07 19:53:12 - simulation time     660 (s) :                                        Not executed due to resources unavailable:              0 % (0 tasks)
2026/05/07 19:53:12 - simulation time     660 (s) :                               Successfully executed but failed due to high delay:        28.2583 % (4692 tasks from 16604 successfully sent tasks)
2026/05/07 19:53:12 - simulation time     660 (s) :                  Tasks execution results not returned because the device is dead:              0 % (0 tasks)
2026/05/07 19:53:12 - simulation time     660 (s) :                      Tasks execution results not returned due to device mobility:         0.4035 % (67 tasks)
2026/05/07 19:53:12 - simulation time     660 (s) : SimLog- Tasks executed on each level                                : Cloud=           5996 tasks (where 4352 were successfully executed)
2026/05/07 19:53:12 - simulation time     660 (s) :                                                                        Edge=           1493 tasks (where 1082 were successfully executed)
2026/05/07 19:53:12 - simulation time     660 (s) :                                                                        Mist=           9115 tasks (where 6411 were successfully executed)
2026/05/07 19:53:12 - simulation time     660 (s) : SimLog- Network usage                                                           :          31678 seconds (The total traffic: 106504.8 (MBytes))
2026/05/07 19:53:12 - simulation time     660 (s) :                                                                         Wan=           6768 seconds (21.365 % of total usage, WAN used when downloading containers=0 % of WAN usage)
2026/05/07 19:53:12 - simulation time     660 (s) :                                                                         Lan=          31678 seconds (100 % of total usage, LAN used when downloading containers=0 % of LAN usage)
2026/05/07 19:53:12 - simulation time     660 (s) :                                                    Average bandwidth per transfer=        816.046 Mbps  
2026/05/07 19:53:12 - simulation time     660 (s) : SimLog- Average vm CPU utilization                                              :         0.4699 %
2026/05/07 19:53:12 - simulation time     660 (s) : SimLog- Average vm CPU utilization per level                             : Cloud=         0.1498 %
2026/05/07 19:53:12 - simulation time     660 (s) :                                                                             Edge=         0.1833 %
2026/05/07 19:53:12 - simulation time     660 (s) :                                                                             Mist=         0.4825 %
2026/05/07 19:53:12 - simulation time     660 (s) : SimLog- Energy consumption                                                      :492194773463600900000 W,   206.9214 dBW
2026/05/07 19:53:12 - simulation time     660 (s) :                                                                                 :(Average:472355828659885700 W/data center(or device), 176.7427 dBW/data center(or device))
2026/05/07 19:53:12 - simulation time     660 (s) :                                                                                 :(Average:29703969430513032 W/task, 164.7281 dBW/task)
2026/05/07 19:53:12 - simulation time     660 (s) : SimLog- Energy Consumption per level                                     : Cloud=196317761680725570000 W,   202.9296 dBW
2026/05/07 19:53:12 - simulation time     660 (s) :                                                                                 :(Average:10906542315595866000 W/data center, 190.3769 dBW/data center)
2026/05/07 19:53:12 - simulation time     660 (s) :                                                                             Edge=15408687772788836000 W,   191.8777 dBW
2026/05/07 19:53:12 - simulation time     660 (s) :                                                                                 :(Average:642028657199534850 W/data center, 178.0755 dBW/data center)
2026/05/07 19:53:12 - simulation time     660 (s) :                                                                             Mist=280468324010086500000 W,   204.4788 dBW
2026/05/07 19:53:12 - simulation time     660 (s) :                                                                                 :(Average:280468324010086496 W/edge device, 174.4788 dBW/edge device)
2026/05/07 19:53:12 - simulation time     660 (s) : SimLog- Dead edge devices due to battery drain                                  :              0 devices (Among 0 devices with batteries (NaN %))
2026/05/07 19:53:12 - simulation time     660 (s) : SimLog- Average remaining power (devices with batteries that are still alive)   :              0 Wh (Average: 0 %)
2026/05/07 19:53:12 - simulation time     660 (s) : SimulationManager- the Scenario Simulation overflow times :5

================== Simulation finished at time 691.50 ==================


SimLog- Iteration finished...

######################################################################################################################################################################
Main- Simulation Finished!
Main- Simulation took : 14 minutes, 41 seconds.
Main- results were saved to the folder: SatEdgeSim/output/chapter3/
[INFO] ------------------------------------------------------------------------
[INFO] BUILD SUCCESS
[INFO] ------------------------------------------------------------------------
[INFO] Total time:  14:45 min
[INFO] Finished at: 2026-05-07T19:53:12+08:00
[INFO] ------------------------------------------------------------------------
