[INFO] Scanning for projects...
[INFO] 
[INFO] ----------------< edu.weijunyong.satedgesim:SatEdgeSim >----------------
[INFO] Building SatEdgeSim 1.0.0
[INFO]   from pom.xml
[INFO] --------------------------------[ jar ]---------------------------------
[INFO] 
[INFO] --- exec:3.6.3:java (default-cli) @ SatEdgeSim ---
Main- Loading simulation files...
FilesParser- Checking file: SatEdgeSim/settings/locationflie/cloud/cloud Fixed Position.csv
FilesParser- Location file successfully Loaded!SatEdgeSim/settings/locationflie/cloud/cloud Fixed Position.csv
FilesParser- Checking file: SatEdgeSim/settings/locationflie/edge_datacenter/edge Fixed Position.csv
FilesParser- Location file successfully Loaded!SatEdgeSim/settings/locationflie/edge_datacenter/edge Fixed Position.csv
FilesParser- Checking file: SatEdgeSim/settings/locationflie/edge_devices/mist Fixed Position.csv
FilesParser- Location file successfully Loaded!SatEdgeSim/settings/locationflie/edge_devices/mist Fixed Position.csv
FilesParser- Checking simulation properties file
FilesParser- Properties file successfully Loaded propoerties file!
FilesParser- Checking file: SatEdgeSim/settings/edge_devices.xml
FilesParser- Edge devices XML file successfully Loaded!
FilesParser- Checking file: SatEdgeSim/settings/edge_datacenters.xml
FilesParser- EdgeDataCenters XML file successfully Loaded!
FilesParser- Checking file: SatEdgeSim/settings/cloud.xml
FilesParser- cloud  XML file successfully Loaded!
FilesParser- Checking applications file
FilesParser- Applications XML file successfully loaded!
Starting CloudSim Plus 4.3.0

2026/05/07 21:19:03 - simulation time       0 (s) : ServersManager- Datacenters and devices were generated
2026/05/07 21:19:03 - simulation time       0 (s) : SimulationManager-  Orchestration algorithm= DDLDO-  Architechitecture= ALL -  number of edge devices= 66
2026/05/07 21:19:03 - simulation time       0 (s) : SimulationManager- Simulation: 1  , iteration: 1
2026/05/07 21:19:07 - simulation time     650 (s) : 
2026/05/07 21:19:07 - simulation time     650 (s) : ------------------------------------------------------- OUTPUT -------------------------------------------------------
2026/05/07 21:19:07 - simulation time     650 (s) : 
2026/05/07 21:19:07 - simulation time     650 (s) : SimLog- Tasks not sent because device died (low energy)                         :               0 % (0 tasks)
2026/05/07 21:19:07 - simulation time     650 (s) : SimLog- Tasks sent from edge devices                                            :             100 % (852 among 852 generated tasks)
2026/05/07 21:19:07 - simulation time     650 (s) : -------------------------------------All values below are based on the sent tasks-------------------------------------
2026/05/07 21:19:07 - simulation time     650 (s) : SimLog- Tasks ETE delay                                                         :      1722.0289 seconds
2026/05/07 21:19:07 - simulation time     650 (s) : SimLog- Average tasks ETE delay                                                 :         2.0848 seconds
2026/05/07 21:19:07 - simulation time     650 (s) : SimLog- Tasks execution delay                                                   :        767.841 seconds
2026/05/07 21:19:07 - simulation time     650 (s) : SimLog- Average tasks execution delay                                           :         0.9012 seconds
2026/05/07 21:19:07 - simulation time     650 (s) : SimLog- Tasks waiting time (from task submiting to the execution start)         :       175.6885 seconds
2026/05/07 21:19:07 - simulation time     650 (s) : SimLog- Average tasks waiting time (from task submiting to the execution start) :         0.2062 seconds
2026/05/07 21:19:07 - simulation time     650 (s) : SimLog- Tasks successfully executed                                             :        96.9484 % (826 among 852 sent tasks)
2026/05/07 21:19:07 - simulation time     650 (s) : SimLog- Tasks failures
2026/05/07 21:19:07 - simulation time     650 (s) :                                        Not executed due to resources unavailable:              0 % (0 tasks)
2026/05/07 21:19:07 - simulation time     650 (s) :                               Successfully executed but failed due to high delay:         3.0516 % (26 tasks from 852 successfully sent tasks)
2026/05/07 21:19:07 - simulation time     650 (s) :                  Tasks execution results not returned because the device is dead:              0 % (0 tasks)
2026/05/07 21:19:07 - simulation time     650 (s) :                      Tasks execution results not returned due to device mobility:              0 % (0 tasks)
2026/05/07 21:19:07 - simulation time     650 (s) : SimLog- Tasks executed on each level                                : Cloud=             12 tasks (where 10 were successfully executed)
2026/05/07 21:19:07 - simulation time     650 (s) :                                                                        Edge=            242 tasks (where 223 were successfully executed)
2026/05/07 21:19:07 - simulation time     650 (s) :                                                                        Mist=            598 tasks (where 593 were successfully executed)
2026/05/07 21:19:07 - simulation time     650 (s) : SimLog- Network usage                                                           :            544 seconds (The total traffic: 222.2 (MBytes))
2026/05/07 21:19:07 - simulation time     650 (s) :                                                                         Wan=             12 seconds (2.2059 % of total usage, WAN used when downloading containers=0 % of WAN usage)
2026/05/07 21:19:07 - simulation time     650 (s) :                                                                         Lan=            544 seconds (100 % of total usage, LAN used when downloading containers=0 % of LAN usage)
2026/05/07 21:19:07 - simulation time     650 (s) :                                                    Average bandwidth per transfer=      1014.2745 Mbps  
2026/05/07 21:19:07 - simulation time     650 (s) : SimLog- Average vm CPU utilization                                              :         0.4541 %
2026/05/07 21:19:07 - simulation time     650 (s) : SimLog- Average vm CPU utilization per level                             : Cloud=              0 %
2026/05/07 21:19:07 - simulation time     650 (s) :                                                                             Edge=              0 %
2026/05/07 21:19:07 - simulation time     650 (s) :                                                                             Mist=          0.743 %
2026/05/07 21:19:07 - simulation time     650 (s) : SimLog- Energy consumption                                                      :  107333065619027536 W,   170.3073 dBW
2026/05/07 21:19:07 - simulation time     650 (s) :                                                                                 :(Average:993824681657662.4 W/data center(or device), 149.9731 dBW/data center(or device))
2026/05/07 21:19:07 - simulation time     650 (s) :                                                                                 :(Average:125977776548154.39 W/task, 141.0029 dBW/task)
2026/05/07 21:19:07 - simulation time     650 (s) : SimLog- Energy Consumption per level                                     : Cloud=  2906650829662449.5 W,   154.6339 dBW
2026/05/07 21:19:07 - simulation time     650 (s) :                                                                                 :(Average:161480601647913.88 W/data center, 142.0812 dBW/data center)
2026/05/07 21:19:07 - simulation time     650 (s) :                                                                             Edge=    6504659290215572 W,   158.1322 dBW
2026/05/07 21:19:07 - simulation time     650 (s) :                                                                                 :(Average:271027470425648.84 W/data center, 144.3301 dBW/data center)
2026/05/07 21:19:07 - simulation time     650 (s) :                                                                             Mist=   97921755499149520 W,   169.9088 dBW
2026/05/07 21:19:07 - simulation time     650 (s) :                                                                                 :(Average:1483662962108326 W/edge device, 151.7134 dBW/edge device)
2026/05/07 21:19:07 - simulation time     650 (s) : SimLog- Dead edge devices due to battery drain                                  :              0 devices (Among 0 devices with batteries (NaN %))
2026/05/07 21:19:07 - simulation time     650 (s) : SimLog- Average remaining power (devices with batteries that are still alive)   :              0 Wh (Average: 0 %)
2026/05/07 21:19:07 - simulation time     650 (s) : SimulationManager- the Scenario Simulation overflow times :0

================== Simulation finished at time 685.20 ==================


SimLog- Iteration finished...

######################################################################################################################################################################
Starting CloudSim Plus 4.3.0

2026/05/07 21:19:07 - simulation time       0 (s) : ServersManager- Datacenters and devices were generated
2026/05/07 21:19:07 - simulation time       0 (s) : SimulationManager-  Orchestration algorithm= DDLDO-  Architechitecture= ALL -  number of edge devices= 132
2026/05/07 21:19:07 - simulation time       0 (s) : SimulationManager- Simulation: 1  , iteration: 2
2026/05/07 21:19:13 - simulation time     650 (s) : 
2026/05/07 21:19:13 - simulation time     650 (s) : ------------------------------------------------------- OUTPUT -------------------------------------------------------
2026/05/07 21:19:13 - simulation time     650 (s) : 
2026/05/07 21:19:13 - simulation time     650 (s) : SimLog- Tasks not sent because device died (low energy)                         :               0 % (0 tasks)
2026/05/07 21:19:13 - simulation time     650 (s) : SimLog- Tasks sent from edge devices                                            :             100 % (1688 among 1688 generated tasks)
2026/05/07 21:19:13 - simulation time     650 (s) : -------------------------------------All values below are based on the sent tasks-------------------------------------
2026/05/07 21:19:13 - simulation time     650 (s) : SimLog- Tasks ETE delay                                                         :      3493.6451 seconds
2026/05/07 21:19:13 - simulation time     650 (s) : SimLog- Average tasks ETE delay                                                 :         2.1686 seconds
2026/05/07 21:19:13 - simulation time     650 (s) : SimLog- Tasks execution delay                                                   :      1148.2707 seconds
2026/05/07 21:19:13 - simulation time     650 (s) : SimLog- Average tasks execution delay                                           :         0.6831 seconds
2026/05/07 21:19:13 - simulation time     650 (s) : SimLog- Tasks waiting time (from task submiting to the execution start)         :       303.0433 seconds
2026/05/07 21:19:13 - simulation time     650 (s) : SimLog- Average tasks waiting time (from task submiting to the execution start) :         0.1803 seconds
2026/05/07 21:19:13 - simulation time     650 (s) : SimLog- Tasks successfully executed                                             :        95.4384 % (1611 among 1688 sent tasks)
2026/05/07 21:19:13 - simulation time     650 (s) : SimLog- Tasks failures
2026/05/07 21:19:13 - simulation time     650 (s) :                                        Not executed due to resources unavailable:              0 % (0 tasks)
2026/05/07 21:19:13 - simulation time     650 (s) :                               Successfully executed but failed due to high delay:         4.3246 % (73 tasks from 1688 successfully sent tasks)
2026/05/07 21:19:13 - simulation time     650 (s) :                  Tasks execution results not returned because the device is dead:              0 % (0 tasks)
2026/05/07 21:19:13 - simulation time     650 (s) :                      Tasks execution results not returned due to device mobility:          0.237 % (4 tasks)
2026/05/07 21:19:13 - simulation time     650 (s) : SimLog- Tasks executed on each level                                : Cloud=            106 tasks (where 105 were successfully executed)
2026/05/07 21:19:13 - simulation time     650 (s) :                                                                        Edge=            540 tasks (where 481 were successfully executed)
2026/05/07 21:19:13 - simulation time     650 (s) :                                                                        Mist=           1042 tasks (where 1025 were successfully executed)
2026/05/07 21:19:13 - simulation time     650 (s) : SimLog- Network usage                                                           :           1413 seconds (The total traffic: 601.35 (MBytes))
2026/05/07 21:19:13 - simulation time     650 (s) :                                                                         Wan=            106 seconds (7.5018 % of total usage, WAN used when downloading containers=0 % of WAN usage)
2026/05/07 21:19:13 - simulation time     650 (s) :                                                                         Lan=           1413 seconds (100 % of total usage, LAN used when downloading containers=0 % of LAN usage)
2026/05/07 21:19:13 - simulation time     650 (s) :                                                    Average bandwidth per transfer=       988.9125 Mbps  
2026/05/07 21:19:13 - simulation time     650 (s) : SimLog- Average vm CPU utilization                                              :         0.4405 %
2026/05/07 21:19:13 - simulation time     650 (s) : SimLog- Average vm CPU utilization per level                             : Cloud=              0 %
2026/05/07 21:19:13 - simulation time     650 (s) :                                                                             Edge=              0 %
2026/05/07 21:19:13 - simulation time     650 (s) :                                                                             Mist=         0.5807 %
2026/05/07 21:19:13 - simulation time     650 (s) : SimLog- Energy consumption                                                      :  905861113062105220 W,   179.5706 dBW
2026/05/07 21:19:13 - simulation time     650 (s) :                                                                                 :(Average:5206098350931639 W/data center(or device), 157.1651 dBW/data center(or device))
2026/05/07 21:19:13 - simulation time     650 (s) :                                                                                 :(Average:537922276165145.6 W/task, 147.3072 dBW/task)
2026/05/07 21:19:13 - simulation time     650 (s) : SimLog- Energy Consumption per level                                     : Cloud=   49132529435795256 W,   166.9137 dBW
2026/05/07 21:19:13 - simulation time     650 (s) :                                                                                 :(Average:2729584968655292 W/data center, 154.361 dBW/data center)
2026/05/07 21:19:13 - simulation time     650 (s) :                                                                             Edge=   21991415189951312 W,   163.4225 dBW
2026/05/07 21:19:13 - simulation time     650 (s) :                                                                                 :(Average:916308966247971.4 W/data center, 149.6204 dBW/data center)
2026/05/07 21:19:13 - simulation time     650 (s) :                                                                             Mist=  834737168436358660 W,   179.2155 dBW
2026/05/07 21:19:13 - simulation time     650 (s) :                                                                                 :(Average:6323766427548172 W/edge device, 158.0098 dBW/edge device)
2026/05/07 21:19:13 - simulation time     650 (s) : SimLog- Dead edge devices due to battery drain                                  :              0 devices (Among 0 devices with batteries (NaN %))
2026/05/07 21:19:13 - simulation time     650 (s) : SimLog- Average remaining power (devices with batteries that are still alive)   :              0 Wh (Average: 0 %)
2026/05/07 21:19:13 - simulation time     650 (s) : SimulationManager- the Scenario Simulation overflow times :0

================== Simulation finished at time 685.20 ==================


SimLog- Iteration finished...

######################################################################################################################################################################
Starting CloudSim Plus 4.3.0

2026/05/07 21:19:14 - simulation time       0 (s) : ServersManager- Datacenters and devices were generated
2026/05/07 21:19:14 - simulation time       0 (s) : SimulationManager-  Orchestration algorithm= DDLDO-  Architechitecture= ALL -  number of edge devices= 198
2026/05/07 21:19:14 - simulation time       0 (s) : SimulationManager- Simulation: 1  , iteration: 3
2026/05/07 21:19:24 - simulation time     650 (s) : 
2026/05/07 21:19:24 - simulation time     650 (s) : ------------------------------------------------------- OUTPUT -------------------------------------------------------
2026/05/07 21:19:24 - simulation time     650 (s) : 
2026/05/07 21:19:24 - simulation time     650 (s) : SimLog- Tasks not sent because device died (low energy)                         :               0 % (0 tasks)
2026/05/07 21:19:24 - simulation time     650 (s) : SimLog- Tasks sent from edge devices                                            :             100 % (2532 among 2532 generated tasks)
2026/05/07 21:19:24 - simulation time     650 (s) : -------------------------------------All values below are based on the sent tasks-------------------------------------
2026/05/07 21:19:24 - simulation time     650 (s) : SimLog- Tasks ETE delay                                                         :      4973.5734 seconds
2026/05/07 21:19:24 - simulation time     650 (s) : SimLog- Average tasks ETE delay                                                 :         2.0819 seconds
2026/05/07 21:19:24 - simulation time     650 (s) : SimLog- Tasks execution delay                                                   :       2263.856 seconds
2026/05/07 21:19:24 - simulation time     650 (s) : SimLog- Average tasks execution delay                                           :         0.8962 seconds
2026/05/07 21:19:24 - simulation time     650 (s) : SimLog- Tasks waiting time (from task submiting to the execution start)         :       495.9211 seconds
2026/05/07 21:19:24 - simulation time     650 (s) : SimLog- Average tasks waiting time (from task submiting to the execution start) :         0.1963 seconds
2026/05/07 21:19:24 - simulation time     650 (s) : SimLog- Tasks successfully executed                                             :        94.3523 % (2389 among 2532 sent tasks)
2026/05/07 21:19:24 - simulation time     650 (s) : SimLog- Tasks failures
2026/05/07 21:19:24 - simulation time     650 (s) :                                        Not executed due to resources unavailable:              0 % (0 tasks)
2026/05/07 21:19:24 - simulation time     650 (s) :                               Successfully executed but failed due to high delay:         5.5687 % (141 tasks from 2532 successfully sent tasks)
2026/05/07 21:19:24 - simulation time     650 (s) :                  Tasks execution results not returned because the device is dead:              0 % (0 tasks)
2026/05/07 21:19:24 - simulation time     650 (s) :                      Tasks execution results not returned due to device mobility:          0.079 % (2 tasks)
2026/05/07 21:19:24 - simulation time     650 (s) : SimLog- Tasks executed on each level                                : Cloud=             33 tasks (where 25 were successfully executed)
2026/05/07 21:19:24 - simulation time     650 (s) :                                                                        Edge=            558 tasks (where 466 were successfully executed)
2026/05/07 21:19:24 - simulation time     650 (s) :                                                                        Mist=           1941 tasks (where 1898 were successfully executed)
2026/05/07 21:19:24 - simulation time     650 (s) : SimLog- Network usage                                                           :           1734 seconds (The total traffic: 800.6 (MBytes))
2026/05/07 21:19:24 - simulation time     650 (s) :                                                                         Wan=             33 seconds (1.9031 % of total usage, WAN used when downloading containers=0 % of WAN usage)
2026/05/07 21:19:24 - simulation time     650 (s) :                                                                         Lan=           1734 seconds (100 % of total usage, LAN used when downloading containers=0 % of LAN usage)
2026/05/07 21:19:24 - simulation time     650 (s) :                                                    Average bandwidth per transfer=       993.7741 Mbps  
2026/05/07 21:19:24 - simulation time     650 (s) : SimLog- Average vm CPU utilization                                              :         0.5686 %
2026/05/07 21:19:24 - simulation time     650 (s) : SimLog- Average vm CPU utilization per level                             : Cloud=              0 %
2026/05/07 21:19:24 - simulation time     650 (s) :                                                                             Edge=              0 %
2026/05/07 21:19:24 - simulation time     650 (s) :                                                                             Mist=         0.6892 %
2026/05/07 21:19:24 - simulation time     650 (s) : SimLog- Energy consumption                                                      :  491302442290769410 W,   176.9135 dBW
2026/05/07 21:19:24 - simulation time     650 (s) :                                                                                 :(Average:2047093509544872.5 W/data center(or device), 153.1114 dBW/data center(or device))
2026/05/07 21:19:24 - simulation time     650 (s) :                                                                                 :(Average:194190688652478.03 W/task, 142.8823 dBW/task)
2026/05/07 21:19:24 - simulation time     650 (s) : SimLog- Energy Consumption per level                                     : Cloud=   14177886196872650 W,   161.5161 dBW
2026/05/07 21:19:24 - simulation time     650 (s) :                                                                                 :(Average:787660344270702.8 W/data center, 148.9634 dBW/data center)
2026/05/07 21:19:24 - simulation time     650 (s) :                                                                             Edge=   21891949781269520 W,   163.4028 dBW
2026/05/07 21:19:24 - simulation time     650 (s) :                                                                                 :(Average:912164574219563.4 W/data center, 149.6007 dBW/data center)
2026/05/07 21:19:24 - simulation time     650 (s) :                                                                             Mist=  455232606312627260 W,   176.5823 dBW
2026/05/07 21:19:24 - simulation time     650 (s) :                                                                                 :(Average:2299154577336501.5 W/edge device, 153.6157 dBW/edge device)
2026/05/07 21:19:24 - simulation time     650 (s) : SimLog- Dead edge devices due to battery drain                                  :              0 devices (Among 0 devices with batteries (NaN %))
2026/05/07 21:19:24 - simulation time     650 (s) : SimLog- Average remaining power (devices with batteries that are still alive)   :              0 Wh (Average: 0 %)
2026/05/07 21:19:24 - simulation time     650 (s) : SimulationManager- the Scenario Simulation overflow times :0

================== Simulation finished at time 685.20 ==================


SimLog- Iteration finished...

######################################################################################################################################################################
Starting CloudSim Plus 4.3.0

2026/05/07 21:19:24 - simulation time       0 (s) : ServersManager- Datacenters and devices were generated
2026/05/07 21:19:24 - simulation time       0 (s) : SimulationManager-  Orchestration algorithm= DDLDO-  Architechitecture= ALL -  number of edge devices= 264
2026/05/07 21:19:24 - simulation time       0 (s) : SimulationManager- Simulation: 1  , iteration: 4
2026/05/07 21:19:43 - simulation time     660 (s) : 
2026/05/07 21:19:43 - simulation time     660 (s) : ------------------------------------------------------- OUTPUT -------------------------------------------------------
2026/05/07 21:19:43 - simulation time     660 (s) : 
2026/05/07 21:19:43 - simulation time     660 (s) : SimLog- Tasks not sent because device died (low energy)                         :               0 % (0 tasks)
2026/05/07 21:19:43 - simulation time     660 (s) : SimLog- Tasks sent from edge devices                                            :             100 % (3356 among 3356 generated tasks)
2026/05/07 21:19:43 - simulation time     660 (s) : -------------------------------------All values below are based on the sent tasks-------------------------------------
2026/05/07 21:19:43 - simulation time     660 (s) : SimLog- Tasks ETE delay                                                         :      6584.2941 seconds
2026/05/07 21:19:43 - simulation time     660 (s) : SimLog- Average tasks ETE delay                                                 :         2.0679 seconds
2026/05/07 21:19:43 - simulation time     660 (s) : SimLog- Tasks execution delay                                                   :      2558.6204 seconds
2026/05/07 21:19:43 - simulation time     660 (s) : SimLog- Average tasks execution delay                                           :         0.7663 seconds
2026/05/07 21:19:43 - simulation time     660 (s) : SimLog- Tasks waiting time (from task submiting to the execution start)         :       640.2762 seconds
2026/05/07 21:19:43 - simulation time     660 (s) : SimLog- Average tasks waiting time (from task submiting to the execution start) :         0.1918 seconds
2026/05/07 21:19:43 - simulation time     660 (s) : SimLog- Tasks successfully executed                                             :        94.8749 % (3184 among 3356 sent tasks)
2026/05/07 21:19:43 - simulation time     660 (s) : SimLog- Tasks failures
2026/05/07 21:19:43 - simulation time     660 (s) :                                        Not executed due to resources unavailable:              0 % (0 tasks)
2026/05/07 21:19:43 - simulation time     660 (s) :                               Successfully executed but failed due to high delay:         4.9166 % (165 tasks from 3356 successfully sent tasks)
2026/05/07 21:19:43 - simulation time     660 (s) :                  Tasks execution results not returned because the device is dead:              0 % (0 tasks)
2026/05/07 21:19:43 - simulation time     660 (s) :                      Tasks execution results not returned due to device mobility:         0.2086 % (7 tasks)
2026/05/07 21:19:43 - simulation time     660 (s) : SimLog- Tasks executed on each level                                : Cloud=            534 tasks (where 419 were successfully executed)
2026/05/07 21:19:43 - simulation time     660 (s) :                                                                        Edge=            478 tasks (where 476 were successfully executed)
2026/05/07 21:19:43 - simulation time     660 (s) :                                                                        Mist=           2344 tasks (where 2289 were successfully executed)
2026/05/07 21:19:43 - simulation time     660 (s) : SimLog- Network usage                                                           :           2419 seconds (The total traffic: 1056.4 (MBytes))
2026/05/07 21:19:43 - simulation time     660 (s) :                                                                         Wan=            534 seconds (22.0752 % of total usage, WAN used when downloading containers=0 % of WAN usage)
2026/05/07 21:19:43 - simulation time     660 (s) :                                                                         Lan=           2419 seconds (100 % of total usage, LAN used when downloading containers=0 % of LAN usage)
2026/05/07 21:19:43 - simulation time     660 (s) :                                                    Average bandwidth per transfer=       939.3314 Mbps  
2026/05/07 21:19:43 - simulation time     660 (s) : SimLog- Average vm CPU utilization                                              :         0.5263 %
2026/05/07 21:19:43 - simulation time     660 (s) : SimLog- Average vm CPU utilization per level                             : Cloud=              0 %
2026/05/07 21:19:43 - simulation time     660 (s) :                                                                             Edge=              0 %
2026/05/07 21:19:43 - simulation time     660 (s) :                                                                             Mist=         0.6101 %
2026/05/07 21:19:43 - simulation time     660 (s) : SimLog- Energy consumption                                                      : 2888490765262191600 W,   184.6067 dBW
2026/05/07 21:19:43 - simulation time     660 (s) :                                                                                 :(Average:9439512304778404 W/data center(or device), 159.7495 dBW/data center(or device))
2026/05/07 21:19:43 - simulation time     660 (s) :                                                                                 :(Average:862493510081275.5 W/task, 149.3576 dBW/task)
2026/05/07 21:19:43 - simulation time     660 (s) : SimLog- Energy Consumption per level                                     : Cloud=  234486442384813984 W,   173.7012 dBW
2026/05/07 21:19:43 - simulation time     660 (s) :                                                                                 :(Average:13027024576934110 W/data center, 161.1485 dBW/data center)
2026/05/07 21:19:43 - simulation time     660 (s) :                                                                             Edge=   23076336992692956 W,   163.6317 dBW
2026/05/07 21:19:43 - simulation time     660 (s) :                                                                                 :(Average:961514041362206.5 W/data center, 149.8296 dBW/data center)
2026/05/07 21:19:43 - simulation time     660 (s) :                                                                             Mist= 2630927985884684800 W,   184.2011 dBW
2026/05/07 21:19:43 - simulation time     660 (s) :                                                                                 :(Average:9965636310169260 W/edge device, 159.9851 dBW/edge device)
2026/05/07 21:19:43 - simulation time     660 (s) : SimLog- Dead edge devices due to battery drain                                  :              0 devices (Among 0 devices with batteries (NaN %))
2026/05/07 21:19:43 - simulation time     660 (s) : SimLog- Average remaining power (devices with batteries that are still alive)   :              0 Wh (Average: 0 %)
2026/05/07 21:19:43 - simulation time     660 (s) : SimulationManager- the Scenario Simulation overflow times :0

================== Simulation finished at time 691.50 ==================


SimLog- Iteration finished...

######################################################################################################################################################################
Starting CloudSim Plus 4.3.0

2026/05/07 21:19:43 - simulation time       0 (s) : ServersManager- Datacenters and devices were generated
2026/05/07 21:19:43 - simulation time       0 (s) : SimulationManager-  Orchestration algorithm= DDLDO-  Architechitecture= ALL -  number of edge devices= 330
2026/05/07 21:19:43 - simulation time       0 (s) : SimulationManager- Simulation: 1  , iteration: 5
2026/05/07 21:20:06 - simulation time     650 (s) : 
2026/05/07 21:20:06 - simulation time     650 (s) : ------------------------------------------------------- OUTPUT -------------------------------------------------------
2026/05/07 21:20:06 - simulation time     650 (s) : 
2026/05/07 21:20:06 - simulation time     650 (s) : SimLog- Tasks not sent because device died (low energy)                         :               0 % (0 tasks)
2026/05/07 21:20:06 - simulation time     650 (s) : SimLog- Tasks sent from edge devices                                            :             100 % (4190 among 4190 generated tasks)
2026/05/07 21:20:06 - simulation time     650 (s) : -------------------------------------All values below are based on the sent tasks-------------------------------------
2026/05/07 21:20:06 - simulation time     650 (s) : SimLog- Tasks ETE delay                                                         :      8447.8923 seconds
2026/05/07 21:20:06 - simulation time     650 (s) : SimLog- Average tasks ETE delay                                                 :         2.1441 seconds
2026/05/07 21:20:06 - simulation time     650 (s) : SimLog- Tasks execution delay                                                   :      4027.1258 seconds
2026/05/07 21:20:06 - simulation time     650 (s) : SimLog- Average tasks execution delay                                           :         0.9648 seconds
2026/05/07 21:20:06 - simulation time     650 (s) : SimLog- Tasks waiting time (from task submiting to the execution start)         :       936.7399 seconds
2026/05/07 21:20:06 - simulation time     650 (s) : SimLog- Average tasks waiting time (from task submiting to the execution start) :         0.2244 seconds
2026/05/07 21:20:06 - simulation time     650 (s) : SimLog- Tasks successfully executed                                             :        94.0334 % (3940 among 4190 sent tasks)
2026/05/07 21:20:06 - simulation time     650 (s) : SimLog- Tasks failures
2026/05/07 21:20:06 - simulation time     650 (s) :                                        Not executed due to resources unavailable:              0 % (0 tasks)
2026/05/07 21:20:06 - simulation time     650 (s) :                               Successfully executed but failed due to high delay:          5.895 % (247 tasks from 4190 successfully sent tasks)
2026/05/07 21:20:06 - simulation time     650 (s) :                  Tasks execution results not returned because the device is dead:              0 % (0 tasks)
2026/05/07 21:20:06 - simulation time     650 (s) :                      Tasks execution results not returned due to device mobility:         0.0716 % (3 tasks)
2026/05/07 21:20:06 - simulation time     650 (s) : SimLog- Tasks executed on each level                                : Cloud=             16 tasks (where 15 were successfully executed)
2026/05/07 21:20:06 - simulation time     650 (s) :                                                                        Edge=            856 tasks (where 703 were successfully executed)
2026/05/07 21:20:06 - simulation time     650 (s) :                                                                        Mist=           3318 tasks (where 3222 were successfully executed)
2026/05/07 21:20:06 - simulation time     650 (s) : SimLog- Network usage                                                           :           2768 seconds (The total traffic: 1194.05 (MBytes))
2026/05/07 21:20:06 - simulation time     650 (s) :                                                                         Wan=             16 seconds (0.578 % of total usage, WAN used when downloading containers=0 % of WAN usage)
2026/05/07 21:20:06 - simulation time     650 (s) :                                                                         Lan=           2768 seconds (100 % of total usage, LAN used when downloading containers=0 % of LAN usage)
2026/05/07 21:20:06 - simulation time     650 (s) :                                                    Average bandwidth per transfer=       990.4462 Mbps  
2026/05/07 21:20:06 - simulation time     650 (s) : SimLog- Average vm CPU utilization                                              :           0.72 %
2026/05/07 21:20:06 - simulation time     650 (s) : SimLog- Average vm CPU utilization per level                             : Cloud=              0 %
2026/05/07 21:20:06 - simulation time     650 (s) :                                                                             Edge=              0 %
2026/05/07 21:20:06 - simulation time     650 (s) :                                                                             Mist=         0.8117 %
2026/05/07 21:20:06 - simulation time     650 (s) : SimLog- Energy consumption                                                      :  509658060180865090 W,   177.0728 dBW
2026/05/07 21:20:06 - simulation time     650 (s) :                                                                                 :(Average:1370048548873293.2 W/data center(or device), 151.3674 dBW/data center(or device))
2026/05/07 21:20:06 - simulation time     650 (s) :                                                                                 :(Average:121723921705484.86 W/task, 140.8538 dBW/task)
2026/05/07 21:20:06 - simulation time     650 (s) : SimLog- Energy Consumption per level                                     : Cloud=    5983206226512540 W,   157.7693 dBW
2026/05/07 21:20:06 - simulation time     650 (s) :                                                                                 :(Average:332400345917363.3 W/data center, 145.2166 dBW/data center)
2026/05/07 21:20:06 - simulation time     650 (s) :                                                                             Edge=   28124746294083752 W,   164.4909 dBW
2026/05/07 21:20:06 - simulation time     650 (s) :                                                                                 :(Average:1171864428920156.2 W/data center, 150.6888 dBW/data center)
2026/05/07 21:20:06 - simulation time     650 (s) :                                                                             Mist=  475550107660268800 W,    176.772 dBW
2026/05/07 21:20:06 - simulation time     650 (s) :                                                                                 :(Average:1441060932303844.8 W/edge device, 151.5868 dBW/edge device)
2026/05/07 21:20:06 - simulation time     650 (s) : SimLog- Dead edge devices due to battery drain                                  :              0 devices (Among 0 devices with batteries (NaN %))
2026/05/07 21:20:06 - simulation time     650 (s) : SimLog- Average remaining power (devices with batteries that are still alive)   :              0 Wh (Average: 0 %)
2026/05/07 21:20:06 - simulation time     650 (s) : SimulationManager- the Scenario Simulation overflow times :0

================== Simulation finished at time 685.20 ==================


SimLog- Iteration finished...

######################################################################################################################################################################
Starting CloudSim Plus 4.3.0

2026/05/07 21:20:06 - simulation time       0 (s) : ServersManager- Datacenters and devices were generated
2026/05/07 21:20:06 - simulation time       0 (s) : SimulationManager-  Orchestration algorithm= DDLDO-  Architechitecture= ALL -  number of edge devices= 396
2026/05/07 21:20:06 - simulation time       0 (s) : SimulationManager- Simulation: 1  , iteration: 6
2026/05/07 21:20:25 - simulation time     650 (s) : 
2026/05/07 21:20:25 - simulation time     650 (s) : ------------------------------------------------------- OUTPUT -------------------------------------------------------
2026/05/07 21:20:25 - simulation time     650 (s) : 
2026/05/07 21:20:25 - simulation time     650 (s) : SimLog- Tasks not sent because device died (low energy)                         :               0 % (0 tasks)
2026/05/07 21:20:25 - simulation time     650 (s) : SimLog- Tasks sent from edge devices                                            :             100 % (5022 among 5022 generated tasks)
2026/05/07 21:20:25 - simulation time     650 (s) : -------------------------------------All values below are based on the sent tasks-------------------------------------
2026/05/07 21:20:25 - simulation time     650 (s) : SimLog- Tasks ETE delay                                                         :      10285.801 seconds
2026/05/07 21:20:25 - simulation time     650 (s) : SimLog- Average tasks ETE delay                                                 :         2.1287 seconds
2026/05/07 21:20:25 - simulation time     650 (s) : SimLog- Tasks execution delay                                                   :      4239.7769 seconds
2026/05/07 21:20:25 - simulation time     650 (s) : SimLog- Average tasks execution delay                                           :         0.8495 seconds
2026/05/07 21:20:25 - simulation time     650 (s) : SimLog- Tasks waiting time (from task submiting to the execution start)         :      1149.6621 seconds
2026/05/07 21:20:25 - simulation time     650 (s) : SimLog- Average tasks waiting time (from task submiting to the execution start) :         0.2303 seconds
2026/05/07 21:20:25 - simulation time     650 (s) : SimLog- Tasks successfully executed                                             :        96.2166 % (4832 among 5022 sent tasks)
2026/05/07 21:20:25 - simulation time     650 (s) : SimLog- Tasks failures
2026/05/07 21:20:25 - simulation time     650 (s) :                                        Not executed due to resources unavailable:              0 % (0 tasks)
2026/05/07 21:20:25 - simulation time     650 (s) :                               Successfully executed but failed due to high delay:          3.644 % (183 tasks from 5022 successfully sent tasks)
2026/05/07 21:20:25 - simulation time     650 (s) :                  Tasks execution results not returned because the device is dead:              0 % (0 tasks)
2026/05/07 21:20:25 - simulation time     650 (s) :                      Tasks execution results not returned due to device mobility:         0.1394 % (7 tasks)
2026/05/07 21:20:25 - simulation time     650 (s) : SimLog- Tasks executed on each level                                : Cloud=            252 tasks (where 234 were successfully executed)
2026/05/07 21:20:25 - simulation time     650 (s) :                                                                        Edge=           1272 tasks (where 1143 were successfully executed)
2026/05/07 21:20:25 - simulation time     650 (s) :                                                                        Mist=           3498 tasks (where 3455 were successfully executed)
2026/05/07 21:20:25 - simulation time     650 (s) : SimLog- Network usage                                                           :           3309 seconds (The total traffic: 1337.45 (MBytes))
2026/05/07 21:20:25 - simulation time     650 (s) :                                                                         Wan=            252 seconds (7.6156 % of total usage, WAN used when downloading containers=0 % of WAN usage)
2026/05/07 21:20:25 - simulation time     650 (s) :                                                                         Lan=           3309 seconds (100 % of total usage, LAN used when downloading containers=0 % of LAN usage)
2026/05/07 21:20:25 - simulation time     650 (s) :                                                    Average bandwidth per transfer=       952.4562 Mbps  
2026/05/07 21:20:25 - simulation time     650 (s) : SimLog- Average vm CPU utilization                                              :         0.7204 %
2026/05/07 21:20:25 - simulation time     650 (s) : SimLog- Average vm CPU utilization per level                             : Cloud=              0 %
2026/05/07 21:20:25 - simulation time     650 (s) :                                                                             Edge=              0 %
2026/05/07 21:20:25 - simulation time     650 (s) :                                                                             Mist=         0.7968 %
2026/05/07 21:20:25 - simulation time     650 (s) : SimLog- Energy consumption                                                      : 1204665540384510720 W,   180.8087 dBW
2026/05/07 21:20:25 - simulation time     650 (s) :                                                                                 :(Average:2750377946083358 W/data center(or device), 154.3939 dBW/data center(or device))
2026/05/07 21:20:25 - simulation time     650 (s) :                                                                                 :(Average:240212470664907.4 W/task, 143.806 dBW/task)
2026/05/07 21:20:25 - simulation time     650 (s) : SimLog- Energy Consumption per level                                     : Cloud=   71253206632930072 W,    168.528 dBW
2026/05/07 21:20:25 - simulation time     650 (s) :                                                                                 :(Average:3958511479607226 W/data center, 155.9753 dBW/data center)
2026/05/07 21:20:25 - simulation time     650 (s) :                                                                             Edge=   22867394687546000 W,   163.5922 dBW
2026/05/07 21:20:25 - simulation time     650 (s) :                                                                                 :(Average:952808111981083.4 W/data center, 149.7901 dBW/data center)
2026/05/07 21:20:25 - simulation time     650 (s) :                                                                             Mist= 1110544939064034560 W,   180.4554 dBW
2026/05/07 21:20:25 - simulation time     650 (s) :                                                                                 :(Average:2804406411777865 W/edge device, 154.4784 dBW/edge device)
2026/05/07 21:20:25 - simulation time     650 (s) : SimLog- Dead edge devices due to battery drain                                  :              0 devices (Among 0 devices with batteries (NaN %))
2026/05/07 21:20:25 - simulation time     650 (s) : SimLog- Average remaining power (devices with batteries that are still alive)   :              0 Wh (Average: 0 %)
2026/05/07 21:20:25 - simulation time     650 (s) : SimulationManager- the Scenario Simulation overflow times :0

================== Simulation finished at time 685.20 ==================


SimLog- Iteration finished...

######################################################################################################################################################################
Starting CloudSim Plus 4.3.0

2026/05/07 21:20:25 - simulation time       0 (s) : ServersManager- Datacenters and devices were generated
2026/05/07 21:20:25 - simulation time       0 (s) : SimulationManager-  Orchestration algorithm= DDLDO-  Architechitecture= ALL -  number of edge devices= 462
2026/05/07 21:20:25 - simulation time       0 (s) : SimulationManager- Simulation: 1  , iteration: 7
2026/05/07 21:20:55 - simulation time     650 (s) : 
2026/05/07 21:20:55 - simulation time     650 (s) : ------------------------------------------------------- OUTPUT -------------------------------------------------------
2026/05/07 21:20:55 - simulation time     650 (s) : 
2026/05/07 21:20:55 - simulation time     650 (s) : SimLog- Tasks not sent because device died (low energy)                         :               0 % (0 tasks)
2026/05/07 21:20:55 - simulation time     650 (s) : SimLog- Tasks sent from edge devices                                            :             100 % (5854 among 5854 generated tasks)
2026/05/07 21:20:55 - simulation time     650 (s) : -------------------------------------All values below are based on the sent tasks-------------------------------------
2026/05/07 21:20:55 - simulation time     650 (s) : SimLog- Tasks ETE delay                                                         :     11802.3509 seconds
2026/05/07 21:20:55 - simulation time     650 (s) : SimLog- Average tasks ETE delay                                                 :         2.1178 seconds
2026/05/07 21:20:55 - simulation time     650 (s) : SimLog- Tasks execution delay                                                   :      4940.4666 seconds
2026/05/07 21:20:55 - simulation time     650 (s) : SimLog- Average tasks execution delay                                           :         0.8498 seconds
2026/05/07 21:20:55 - simulation time     650 (s) : SimLog- Tasks waiting time (from task submiting to the execution start)         :      1222.6606 seconds
2026/05/07 21:20:55 - simulation time     650 (s) : SimLog- Average tasks waiting time (from task submiting to the execution start) :         0.2103 seconds
2026/05/07 21:20:55 - simulation time     650 (s) : SimLog- Tasks successfully executed                                             :        95.1999 % (5573 among 5854 sent tasks)
2026/05/07 21:20:55 - simulation time     650 (s) : SimLog- Tasks failures
2026/05/07 21:20:55 - simulation time     650 (s) :                                        Not executed due to resources unavailable:              0 % (0 tasks)
2026/05/07 21:20:55 - simulation time     650 (s) :                               Successfully executed but failed due to high delay:         4.6976 % (275 tasks from 5854 successfully sent tasks)
2026/05/07 21:20:55 - simulation time     650 (s) :                  Tasks execution results not returned because the device is dead:              0 % (0 tasks)
2026/05/07 21:20:55 - simulation time     650 (s) :                      Tasks execution results not returned due to device mobility:         0.1025 % (6 tasks)
2026/05/07 21:20:55 - simulation time     650 (s) : SimLog- Tasks executed on each level                                : Cloud=            246 tasks (where 225 were successfully executed)
2026/05/07 21:20:55 - simulation time     650 (s) :                                                                        Edge=           1493 tasks (where 1300 were successfully executed)
2026/05/07 21:20:55 - simulation time     650 (s) :                                                                        Mist=           4115 tasks (where 4048 were successfully executed)
2026/05/07 21:20:55 - simulation time     650 (s) : SimLog- Network usage                                                           :           3988 seconds (The total traffic: 2381.25 (MBytes))
2026/05/07 21:20:55 - simulation time     650 (s) :                                                                         Wan=            250 seconds (6.2688 % of total usage, WAN used when downloading containers=0 % of WAN usage)
2026/05/07 21:20:55 - simulation time     650 (s) :                                                                         Lan=           3988 seconds (100 % of total usage, LAN used when downloading containers=0 % of LAN usage)
2026/05/07 21:20:55 - simulation time     650 (s) :                                                    Average bandwidth per transfer=       940.4943 Mbps  
2026/05/07 21:20:55 - simulation time     650 (s) : SimLog- Average vm CPU utilization                                              :         0.6565 %
2026/05/07 21:20:55 - simulation time     650 (s) : SimLog- Average vm CPU utilization per level                             : Cloud=         0.0033 %
2026/05/07 21:20:55 - simulation time     650 (s) :                                                                             Edge=         0.0058 %
2026/05/07 21:20:55 - simulation time     650 (s) :                                                                             Mist=         0.7158 %
2026/05/07 21:20:55 - simulation time     650 (s) : SimLog- Energy consumption                                                      : 3419010791560748000 W,    185.339 dBW
2026/05/07 21:20:55 - simulation time     650 (s) :                                                                                 :(Average:6783751570557040 W/data center(or device), 158.3147 dBW/data center(or device))
2026/05/07 21:20:55 - simulation time     650 (s) :                                                                                 :(Average:584646168187542.4 W/task, 147.6689 dBW/task)
2026/05/07 21:20:55 - simulation time     650 (s) : SimLog- Energy Consumption per level                                     : Cloud= 1098165811156342270 W,   180.4067 dBW
2026/05/07 21:20:55 - simulation time     650 (s) :                                                                                 :(Average:61009211730907904 W/data center, 167.854 dBW/data center)
2026/05/07 21:20:55 - simulation time     650 (s) :                                                                             Edge=  155771876146370656 W,   171.9249 dBW
2026/05/07 21:20:55 - simulation time     650 (s) :                                                                                 :(Average:6490494839432111 W/data center, 158.1228 dBW/data center)
2026/05/07 21:20:55 - simulation time     650 (s) :                                                                             Mist= 2165073104258035200 W,   183.3547 dBW
2026/05/07 21:20:55 - simulation time     650 (s) :                                                                                 :(Average:4686305420471938 W/edge device, 156.7083 dBW/edge device)
2026/05/07 21:20:55 - simulation time     650 (s) : SimLog- Dead edge devices due to battery drain                                  :              0 devices (Among 0 devices with batteries (NaN %))
2026/05/07 21:20:55 - simulation time     650 (s) : SimLog- Average remaining power (devices with batteries that are still alive)   :              0 Wh (Average: 0 %)
2026/05/07 21:20:55 - simulation time     650 (s) : SimulationManager- the Scenario Simulation overflow times :0

================== Simulation finished at time 685.20 ==================


SimLog- Iteration finished...

######################################################################################################################################################################
Starting CloudSim Plus 4.3.0

2026/05/07 21:20:55 - simulation time       0 (s) : ServersManager- Datacenters and devices were generated
2026/05/07 21:20:55 - simulation time       0 (s) : SimulationManager-  Orchestration algorithm= DDLDO-  Architechitecture= ALL -  number of edge devices= 528
2026/05/07 21:20:55 - simulation time       0 (s) : SimulationManager- Simulation: 1  , iteration: 8
2026/05/07 21:21:21 - simulation time     660 (s) : 
2026/05/07 21:21:21 - simulation time     660 (s) : ------------------------------------------------------- OUTPUT -------------------------------------------------------
2026/05/07 21:21:21 - simulation time     660 (s) : 
2026/05/07 21:21:21 - simulation time     660 (s) : SimLog- Tasks not sent because device died (low energy)                         :               0 % (0 tasks)
2026/05/07 21:21:21 - simulation time     660 (s) : SimLog- Tasks sent from edge devices                                            :             100 % (6714 among 6714 generated tasks)
2026/05/07 21:21:21 - simulation time     660 (s) : -------------------------------------All values below are based on the sent tasks-------------------------------------
2026/05/07 21:21:21 - simulation time     660 (s) : SimLog- Tasks ETE delay                                                         :     13872.9501 seconds
2026/05/07 21:21:21 - simulation time     660 (s) : SimLog- Average tasks ETE delay                                                 :         2.1485 seconds
2026/05/07 21:21:21 - simulation time     660 (s) : SimLog- Tasks execution delay                                                   :      6035.8764 seconds
2026/05/07 21:21:21 - simulation time     660 (s) : SimLog- Average tasks execution delay                                           :         0.9068 seconds
2026/05/07 21:21:21 - simulation time     660 (s) : SimLog- Tasks waiting time (from task submiting to the execution start)         :        1558.94 seconds
2026/05/07 21:21:21 - simulation time     660 (s) : SimLog- Average tasks waiting time (from task submiting to the execution start) :         0.2342 seconds
2026/05/07 21:21:21 - simulation time     660 (s) : SimLog- Tasks successfully executed                                             :        96.1871 % (6458 among 6714 sent tasks)
2026/05/07 21:21:21 - simulation time     660 (s) : SimLog- Tasks failures
2026/05/07 21:21:21 - simulation time     660 (s) :                                        Not executed due to resources unavailable:              0 % (0 tasks)
2026/05/07 21:21:21 - simulation time     660 (s) :                               Successfully executed but failed due to high delay:         3.7534 % (252 tasks from 6714 successfully sent tasks)
2026/05/07 21:21:21 - simulation time     660 (s) :                  Tasks execution results not returned because the device is dead:              0 % (0 tasks)
2026/05/07 21:21:21 - simulation time     660 (s) :                      Tasks execution results not returned due to device mobility:         0.0596 % (4 tasks)
2026/05/07 21:21:21 - simulation time     660 (s) : SimLog- Tasks executed on each level                                : Cloud=            332 tasks (where 328 were successfully executed)
2026/05/07 21:21:21 - simulation time     660 (s) :                                                                        Edge=           1720 tasks (where 1493 were successfully executed)
2026/05/07 21:21:21 - simulation time     660 (s) :                                                                        Mist=           4662 tasks (where 4637 were successfully executed)
2026/05/07 21:21:21 - simulation time     660 (s) : SimLog- Network usage                                                           :           4257 seconds (The total traffic: 1831.35 (MBytes))
2026/05/07 21:21:21 - simulation time     660 (s) :                                                                         Wan=            332 seconds (7.7989 % of total usage, WAN used when downloading containers=0 % of WAN usage)
2026/05/07 21:21:21 - simulation time     660 (s) :                                                                         Lan=           4257 seconds (100 % of total usage, LAN used when downloading containers=0 % of LAN usage)
2026/05/07 21:21:21 - simulation time     660 (s) :                                                    Average bandwidth per transfer=       933.0686 Mbps  
2026/05/07 21:21:21 - simulation time     660 (s) : SimLog- Average vm CPU utilization                                              :         0.7451 %
2026/05/07 21:21:21 - simulation time     660 (s) : SimLog- Average vm CPU utilization per level                             : Cloud=              0 %
2026/05/07 21:21:21 - simulation time     660 (s) :                                                                             Edge=              0 %
2026/05/07 21:21:21 - simulation time     660 (s) :                                                                             Mist=         0.8043 %
2026/05/07 21:21:21 - simulation time     660 (s) : SimLog- Energy consumption                                                      : 1321934049565939970 W,   181.2121 dBW
2026/05/07 21:21:21 - simulation time     660 (s) :                                                                                 :(Average:2319182543098140.5 W/data center(or device), 153.6533 dBW/data center(or device))
2026/05/07 21:21:21 - simulation time     660 (s) :                                                                                 :(Average:197009545389856.94 W/task, 142.9449 dBW/task)
2026/05/07 21:21:21 - simulation time     660 (s) : SimLog- Energy Consumption per level                                     : Cloud=   89903558694707216 W,   169.5378 dBW
2026/05/07 21:21:21 - simulation time     660 (s) :                                                                                 :(Average:4994642149705956 W/data center, 156.985 dBW/data center)
2026/05/07 21:21:21 - simulation time     660 (s) :                                                                             Edge=   32268969733072288 W,   165.0879 dBW
2026/05/07 21:21:21 - simulation time     660 (s) :                                                                                 :(Average:1344540405544678.8 W/data center, 151.2857 dBW/data center)
2026/05/07 21:21:21 - simulation time     660 (s) :                                                                             Mist= 1199761521138160380 W,   180.7909 dBW
2026/05/07 21:21:21 - simulation time     660 (s) :                                                                                 :(Average:2272275608216213 W/edge device, 153.5646 dBW/edge device)
2026/05/07 21:21:21 - simulation time     660 (s) : SimLog- Dead edge devices due to battery drain                                  :              0 devices (Among 0 devices with batteries (NaN %))
2026/05/07 21:21:21 - simulation time     660 (s) : SimLog- Average remaining power (devices with batteries that are still alive)   :              0 Wh (Average: 0 %)
2026/05/07 21:21:21 - simulation time     660 (s) : SimulationManager- the Scenario Simulation overflow times :1

================== Simulation finished at time 691.50 ==================


SimLog- Iteration finished...

######################################################################################################################################################################
Starting CloudSim Plus 4.3.0

2026/05/07 21:21:21 - simulation time       0 (s) : ServersManager- Datacenters and devices were generated
2026/05/07 21:21:21 - simulation time       0 (s) : SimulationManager-  Orchestration algorithm= DDLDO-  Architechitecture= ALL -  number of edge devices= 594
2026/05/07 21:21:21 - simulation time       0 (s) : SimulationManager- Simulation: 1  , iteration: 9
2026/05/07 21:21:51 - simulation time     660 (s) : 
2026/05/07 21:21:51 - simulation time     660 (s) : ------------------------------------------------------- OUTPUT -------------------------------------------------------
2026/05/07 21:21:51 - simulation time     660 (s) : 
2026/05/07 21:21:51 - simulation time     660 (s) : SimLog- Tasks not sent because device died (low energy)                         :               0 % (0 tasks)
2026/05/07 21:21:51 - simulation time     660 (s) : SimLog- Tasks sent from edge devices                                            :             100 % (7538 among 7538 generated tasks)
2026/05/07 21:21:51 - simulation time     660 (s) : -------------------------------------All values below are based on the sent tasks-------------------------------------
2026/05/07 21:21:51 - simulation time     660 (s) : SimLog- Tasks ETE delay                                                         :     15659.1138 seconds
2026/05/07 21:21:51 - simulation time     660 (s) : SimLog- Average tasks ETE delay                                                 :         2.1698 seconds
2026/05/07 21:21:51 - simulation time     660 (s) : SimLog- Tasks execution delay                                                   :      7278.6861 seconds
2026/05/07 21:21:51 - simulation time     660 (s) : SimLog- Average tasks execution delay                                           :         0.9752 seconds
2026/05/07 21:21:51 - simulation time     660 (s) : SimLog- Tasks waiting time (from task submiting to the execution start)         :      1836.4546 seconds
2026/05/07 21:21:51 - simulation time     660 (s) : SimLog- Average tasks waiting time (from task submiting to the execution start) :          0.246 seconds
2026/05/07 21:21:51 - simulation time     660 (s) : SimLog- Tasks successfully executed                                             :        95.7416 % (7217 among 7538 sent tasks)
2026/05/07 21:21:51 - simulation time     660 (s) : SimLog- Tasks failures
2026/05/07 21:21:51 - simulation time     660 (s) :                                        Not executed due to resources unavailable:              0 % (0 tasks)
2026/05/07 21:21:51 - simulation time     660 (s) :                               Successfully executed but failed due to high delay:         4.1656 % (314 tasks from 7538 successfully sent tasks)
2026/05/07 21:21:51 - simulation time     660 (s) :                  Tasks execution results not returned because the device is dead:              0 % (0 tasks)
2026/05/07 21:21:51 - simulation time     660 (s) :                      Tasks execution results not returned due to device mobility:         0.0929 % (7 tasks)
2026/05/07 21:21:51 - simulation time     660 (s) : SimLog- Tasks executed on each level                                : Cloud=            350 tasks (where 332 were successfully executed)
2026/05/07 21:21:51 - simulation time     660 (s) :                                                                        Edge=           1672 tasks (where 1474 were successfully executed)
2026/05/07 21:21:51 - simulation time     660 (s) :                                                                        Mist=           5516 tasks (where 5411 were successfully executed)
2026/05/07 21:21:51 - simulation time     660 (s) : SimLog- Network usage                                                           :           4565 seconds (The total traffic: 2281.05 (MBytes))
2026/05/07 21:21:51 - simulation time     660 (s) :                                                                         Wan=            350 seconds (7.667 % of total usage, WAN used when downloading containers=0 % of WAN usage)
2026/05/07 21:21:51 - simulation time     660 (s) :                                                                         Lan=           4565 seconds (100 % of total usage, LAN used when downloading containers=0 % of LAN usage)
2026/05/07 21:21:51 - simulation time     660 (s) :                                                    Average bandwidth per transfer=       935.1046 Mbps  
2026/05/07 21:21:51 - simulation time     660 (s) : SimLog- Average vm CPU utilization                                              :          0.728 %
2026/05/07 21:21:51 - simulation time     660 (s) : SimLog- Average vm CPU utilization per level                             : Cloud=         0.0017 %
2026/05/07 21:21:51 - simulation time     660 (s) :                                                                             Edge=         0.0017 %
2026/05/07 21:21:51 - simulation time     660 (s) :                                                                             Mist=         0.7793 %
2026/05/07 21:21:51 - simulation time     660 (s) : SimLog- Energy consumption                                                      : 1455112602886922240 W,    181.629 dBW
2026/05/07 21:21:51 - simulation time     660 (s) :                                                                                 :(Average:2287912897620947 W/data center(or device), 153.5944 dBW/data center(or device))
2026/05/07 21:21:51 - simulation time     660 (s) :                                                                                 :(Average:193216385989499.7 W/task, 142.8604 dBW/task)
2026/05/07 21:21:51 - simulation time     660 (s) : SimLog- Energy Consumption per level                                     : Cloud=   86568530217751904 W,   169.3736 dBW
2026/05/07 21:21:51 - simulation time     660 (s) :                                                                                 :(Average:4809362789875106 W/data center, 156.8209 dBW/data center)
2026/05/07 21:21:51 - simulation time     660 (s) :                                                                             Edge=   33047464487753908 W,   165.1914 dBW
2026/05/07 21:21:51 - simulation time     660 (s) :                                                                                 :(Average:1376977686989746.2 W/data center, 151.3893 dBW/data center)
2026/05/07 21:21:51 - simulation time     660 (s) :                                                                             Mist= 1335496608181416450 W,   181.2564 dBW
2026/05/07 21:21:51 - simulation time     660 (s) :                                                                                 :(Average:2248310788184202.8 W/edge device, 153.5186 dBW/edge device)
2026/05/07 21:21:51 - simulation time     660 (s) : SimLog- Dead edge devices due to battery drain                                  :              0 devices (Among 0 devices with batteries (NaN %))
2026/05/07 21:21:51 - simulation time     660 (s) : SimLog- Average remaining power (devices with batteries that are still alive)   :              0 Wh (Average: 0 %)
2026/05/07 21:21:51 - simulation time     660 (s) : SimulationManager- the Scenario Simulation overflow times :1

================== Simulation finished at time 691.50 ==================


SimLog- Iteration finished...

######################################################################################################################################################################
Starting CloudSim Plus 4.3.0

2026/05/07 21:21:51 - simulation time       0 (s) : ServersManager- Datacenters and devices were generated
2026/05/07 21:21:51 - simulation time       0 (s) : SimulationManager-  Orchestration algorithm= DDLDO-  Architechitecture= ALL -  number of edge devices= 660
2026/05/07 21:21:51 - simulation time       0 (s) : SimulationManager- Simulation: 1  , iteration: 10
2026/05/07 21:22:27 - simulation time     660 (s) : 
2026/05/07 21:22:27 - simulation time     660 (s) : ------------------------------------------------------- OUTPUT -------------------------------------------------------
2026/05/07 21:22:27 - simulation time     660 (s) : 
2026/05/07 21:22:27 - simulation time     660 (s) : SimLog- Tasks not sent because device died (low energy)                         :               0 % (0 tasks)
2026/05/07 21:22:27 - simulation time     660 (s) : SimLog- Tasks sent from edge devices                                            :             100 % (8346 among 8346 generated tasks)
2026/05/07 21:22:27 - simulation time     660 (s) : -------------------------------------All values below are based on the sent tasks-------------------------------------
2026/05/07 21:22:27 - simulation time     660 (s) : SimLog- Tasks ETE delay                                                         :     17859.7891 seconds
2026/05/07 21:22:27 - simulation time     660 (s) : SimLog- Average tasks ETE delay                                                 :         2.2932 seconds
2026/05/07 21:22:27 - simulation time     660 (s) : SimLog- Tasks execution delay                                                   :      7571.1514 seconds
2026/05/07 21:22:27 - simulation time     660 (s) : SimLog- Average tasks execution delay                                           :         0.9262 seconds
2026/05/07 21:22:27 - simulation time     660 (s) : SimLog- Tasks waiting time (from task submiting to the execution start)         :      3090.3481 seconds
2026/05/07 21:22:27 - simulation time     660 (s) : SimLog- Average tasks waiting time (from task submiting to the execution start) :         0.3781 seconds
2026/05/07 21:22:27 - simulation time     660 (s) : SimLog- Tasks successfully executed                                             :        93.3142 % (7788 among 8346 sent tasks)
2026/05/07 21:22:27 - simulation time     660 (s) : SimLog- Tasks failures
2026/05/07 21:22:27 - simulation time     660 (s) :                                        Not executed due to resources unavailable:              0 % (0 tasks)
2026/05/07 21:22:27 - simulation time     660 (s) :                               Successfully executed but failed due to high delay:         6.6379 % (554 tasks from 8346 successfully sent tasks)
2026/05/07 21:22:27 - simulation time     660 (s) :                  Tasks execution results not returned because the device is dead:              0 % (0 tasks)
2026/05/07 21:22:27 - simulation time     660 (s) :                      Tasks execution results not returned due to device mobility:         0.0479 % (4 tasks)
2026/05/07 21:22:27 - simulation time     660 (s) : SimLog- Tasks executed on each level                                : Cloud=           1368 tasks (where 991 were successfully executed)
2026/05/07 21:22:27 - simulation time     660 (s) :                                                                        Edge=           1024 tasks (where 1023 were successfully executed)
2026/05/07 21:22:27 - simulation time     660 (s) :                                                                        Mist=           5954 tasks (where 5774 were successfully executed)
2026/05/07 21:22:27 - simulation time     660 (s) : SimLog- Network usage                                                           :           5431 seconds (The total traffic: 2490.85 (MBytes))
2026/05/07 21:22:27 - simulation time     660 (s) :                                                                         Wan=           1368 seconds (25.1887 % of total usage, WAN used when downloading containers=0 % of WAN usage)
2026/05/07 21:22:27 - simulation time     660 (s) :                                                                         Lan=           5431 seconds (100 % of total usage, LAN used when downloading containers=0 % of LAN usage)
2026/05/07 21:22:27 - simulation time     660 (s) :                                                    Average bandwidth per transfer=       858.6118 Mbps  
2026/05/07 21:22:27 - simulation time     660 (s) : SimLog- Average vm CPU utilization                                              :         0.7078 %
2026/05/07 21:22:27 - simulation time     660 (s) : SimLog- Average vm CPU utilization per level                             : Cloud=          0.005 %
2026/05/07 21:22:27 - simulation time     660 (s) :                                                                             Edge=              0 %
2026/05/07 21:22:27 - simulation time     660 (s) :                                                                             Mist=         0.7527 %
2026/05/07 21:22:27 - simulation time     660 (s) : SimLog- Energy consumption                                                      : 5291611145763375100 W,   187.2359 dBW
2026/05/07 21:22:27 - simulation time     660 (s) :                                                                                 :(Average:7537907615047543 W/data center(or device), 158.7725 dBW/data center(or device))
2026/05/07 21:22:27 - simulation time     660 (s) :                                                                                 :(Average:634333630515868.5 W/task, 148.0232 dBW/task)
2026/05/07 21:22:27 - simulation time     660 (s) : SimLog- Energy Consumption per level                                     : Cloud=  403146791499953730 W,   176.0546 dBW
2026/05/07 21:22:27 - simulation time     660 (s) :                                                                                 :(Average:22397043972219652 W/data center, 163.5019 dBW/data center)
2026/05/07 21:22:27 - simulation time     660 (s) :                                                                             Edge=   19920999784082600 W,   162.9931 dBW
2026/05/07 21:22:27 - simulation time     660 (s) :                                                                                 :(Average:830041657670108.4 W/data center, 149.191 dBW/data center)
2026/05/07 21:22:27 - simulation time     660 (s) :                                                                             Mist= 4868543354479338500 W,    186.874 dBW
2026/05/07 21:22:27 - simulation time     660 (s) :                                                                                 :(Average:7376580840120210 W/edge device, 158.6786 dBW/edge device)
2026/05/07 21:22:27 - simulation time     660 (s) : SimLog- Dead edge devices due to battery drain                                  :              0 devices (Among 0 devices with batteries (NaN %))
2026/05/07 21:22:27 - simulation time     660 (s) : SimLog- Average remaining power (devices with batteries that are still alive)   :              0 Wh (Average: 0 %)
2026/05/07 21:22:27 - simulation time     660 (s) : SimulationManager- the Scenario Simulation overflow times :1

================== Simulation finished at time 691.50 ==================


SimLog- Iteration finished...

######################################################################################################################################################################
Starting CloudSim Plus 4.3.0

2026/05/07 21:22:27 - simulation time       0 (s) : ServersManager- Datacenters and devices were generated
2026/05/07 21:22:27 - simulation time       0 (s) : SimulationManager-  Orchestration algorithm= DDLDO-  Architechitecture= ALL -  number of edge devices= 726
2026/05/07 21:22:27 - simulation time       0 (s) : SimulationManager- Simulation: 1  , iteration: 11
2026/05/07 21:23:11 - simulation time     660 (s) : 
2026/05/07 21:23:11 - simulation time     660 (s) : ------------------------------------------------------- OUTPUT -------------------------------------------------------
2026/05/07 21:23:11 - simulation time     660 (s) : 
2026/05/07 21:23:11 - simulation time     660 (s) : SimLog- Tasks not sent because device died (low energy)                         :               0 % (0 tasks)
2026/05/07 21:23:11 - simulation time     660 (s) : SimLog- Tasks sent from edge devices                                            :             100 % (9188 among 9188 generated tasks)
2026/05/07 21:23:11 - simulation time     660 (s) : -------------------------------------All values below are based on the sent tasks-------------------------------------
2026/05/07 21:23:11 - simulation time     660 (s) : SimLog- Tasks ETE delay                                                         :     23205.0233 seconds
2026/05/07 21:23:11 - simulation time     660 (s) : SimLog- Average tasks ETE delay                                                 :         2.7326 seconds
2026/05/07 21:23:11 - simulation time     660 (s) : SimLog- Tasks execution delay                                                   :      8495.1579 seconds
2026/05/07 21:23:11 - simulation time     660 (s) : SimLog- Average tasks execution delay                                           :         0.9614 seconds
2026/05/07 21:23:11 - simulation time     660 (s) : SimLog- Tasks waiting time (from task submiting to the execution start)         :      6500.2779 seconds
2026/05/07 21:23:11 - simulation time     660 (s) : SimLog- Average tasks waiting time (from task submiting to the execution start) :         0.7357 seconds
2026/05/07 21:23:11 - simulation time     660 (s) : SimLog- Tasks successfully executed                                             :        92.4249 % (8492 among 9188 sent tasks)
2026/05/07 21:23:11 - simulation time     660 (s) : SimLog- Tasks failures
2026/05/07 21:23:11 - simulation time     660 (s) :                                        Not executed due to resources unavailable:              0 % (0 tasks)
2026/05/07 21:23:11 - simulation time     660 (s) :                               Successfully executed but failed due to high delay:         7.4663 % (686 tasks from 9188 successfully sent tasks)
2026/05/07 21:23:11 - simulation time     660 (s) :                  Tasks execution results not returned because the device is dead:              0 % (0 tasks)
2026/05/07 21:23:11 - simulation time     660 (s) :                      Tasks execution results not returned due to device mobility:         0.1088 % (10 tasks)
2026/05/07 21:23:11 - simulation time     660 (s) : SimLog- Tasks executed on each level                                : Cloud=           1470 tasks (where 1042 were successfully executed)
2026/05/07 21:23:11 - simulation time     660 (s) :                                                                        Edge=           1256 tasks (where 1252 were successfully executed)
2026/05/07 21:23:11 - simulation time     660 (s) :                                                                        Mist=           6462 tasks (where 6198 were successfully executed)
2026/05/07 21:23:11 - simulation time     660 (s) : SimLog- Network usage                                                           :           5956 seconds (The total traffic: 2644.4 (MBytes))
2026/05/07 21:23:11 - simulation time     660 (s) :                                                                         Wan=           1470 seconds (24.681 % of total usage, WAN used when downloading containers=0 % of WAN usage)
2026/05/07 21:23:11 - simulation time     660 (s) :                                                                         Lan=           5956 seconds (100 % of total usage, LAN used when downloading containers=0 % of LAN usage)
2026/05/07 21:23:11 - simulation time     660 (s) :                                                    Average bandwidth per transfer=       839.7474 Mbps  
2026/05/07 21:23:11 - simulation time     660 (s) : SimLog- Average vm CPU utilization                                              :         0.8483 %
2026/05/07 21:23:11 - simulation time     660 (s) : SimLog- Average vm CPU utilization per level                             : Cloud=         0.0255 %
2026/05/07 21:23:11 - simulation time     660 (s) :                                                                             Edge=         0.0161 %
2026/05/07 21:23:11 - simulation time     660 (s) :                                                                             Mist=         0.8962 %
2026/05/07 21:23:11 - simulation time     660 (s) : SimLog- Energy consumption                                                      : 6119166726038679600 W,   187.8669 dBW
2026/05/07 21:23:11 - simulation time     660 (s) :                                                                                 :(Average:7967665007862864 W/data center(or device), 159.0133 dBW/data center(or device))
2026/05/07 21:23:11 - simulation time     660 (s) :                                                                                 :(Average:666648515746669.5 W/task, 148.239 dBW/task)
2026/05/07 21:23:11 - simulation time     660 (s) : SimLog- Energy Consumption per level                                     : Cloud=  726447464199980420 W,    178.612 dBW
2026/05/07 21:23:11 - simulation time     660 (s) :                                                                                 :(Average:40358192455554464 W/data center, 166.0593 dBW/data center)
2026/05/07 21:23:11 - simulation time     660 (s) :                                                                             Edge=   39142564732474632 W,   165.9265 dBW
2026/05/07 21:23:11 - simulation time     660 (s) :                                                                                 :(Average:1630940197186443 W/data center, 152.1244 dBW/data center)
2026/05/07 21:23:11 - simulation time     660 (s) :                                                                             Mist= 5353576697106224100 W,   187.2864 dBW
2026/05/07 21:23:11 - simulation time     660 (s) :                                                                                 :(Average:7374072585545763 W/edge device, 158.6771 dBW/edge device)
2026/05/07 21:23:11 - simulation time     660 (s) : SimLog- Dead edge devices due to battery drain                                  :              0 devices (Among 0 devices with batteries (NaN %))
2026/05/07 21:23:11 - simulation time     660 (s) : SimLog- Average remaining power (devices with batteries that are still alive)   :              0 Wh (Average: 0 %)
2026/05/07 21:23:11 - simulation time     660 (s) : SimulationManager- the Scenario Simulation overflow times :1

================== Simulation finished at time 691.50 ==================


SimLog- Iteration finished...

######################################################################################################################################################################
Starting CloudSim Plus 4.3.0

2026/05/07 21:23:12 - simulation time       0 (s) : ServersManager- Datacenters and devices were generated
2026/05/07 21:23:12 - simulation time       0 (s) : SimulationManager-  Orchestration algorithm= DDLDO-  Architechitecture= ALL -  number of edge devices= 792
2026/05/07 21:23:12 - simulation time       0 (s) : SimulationManager- Simulation: 1  , iteration: 12
2026/05/07 21:24:40 - simulation time     650 (s) : 
2026/05/07 21:24:40 - simulation time     650 (s) : ------------------------------------------------------- OUTPUT -------------------------------------------------------
2026/05/07 21:24:40 - simulation time     650 (s) : 
2026/05/07 21:24:40 - simulation time     650 (s) : SimLog- Tasks not sent because device died (low energy)                         :               0 % (0 tasks)
2026/05/07 21:24:40 - simulation time     650 (s) : SimLog- Tasks sent from edge devices                                            :             100 % (10052 among 10052 generated tasks)
2026/05/07 21:24:40 - simulation time     650 (s) : -------------------------------------All values below are based on the sent tasks-------------------------------------
2026/05/07 21:24:40 - simulation time     650 (s) : SimLog- Tasks ETE delay                                                         :      28885.094 seconds
2026/05/07 21:24:40 - simulation time     650 (s) : SimLog- Average tasks ETE delay                                                 :         3.1565 seconds
2026/05/07 21:24:40 - simulation time     650 (s) : SimLog- Tasks execution delay                                                   :     10098.8591 seconds
2026/05/07 21:24:40 - simulation time     650 (s) : SimLog- Average tasks execution delay                                           :         1.0617 seconds
2026/05/07 21:24:40 - simulation time     650 (s) : SimLog- Tasks waiting time (from task submiting to the execution start)         :     10655.2106 seconds
2026/05/07 21:24:40 - simulation time     650 (s) : SimLog- Average tasks waiting time (from task submiting to the execution start) :         1.1202 seconds
2026/05/07 21:24:40 - simulation time     650 (s) : SimLog- Tasks successfully executed                                             :        91.0366 % (9151 among 10052 sent tasks)
2026/05/07 21:24:40 - simulation time     650 (s) : SimLog- Tasks failures
2026/05/07 21:24:40 - simulation time     650 (s) :                                        Not executed due to resources unavailable:              0 % (0 tasks)
2026/05/07 21:24:40 - simulation time     650 (s) :                               Successfully executed but failed due to high delay:          8.854 % (890 tasks from 10052 successfully sent tasks)
2026/05/07 21:24:40 - simulation time     650 (s) :                  Tasks execution results not returned because the device is dead:              0 % (0 tasks)
2026/05/07 21:24:40 - simulation time     650 (s) :                      Tasks execution results not returned due to device mobility:         0.1094 % (11 tasks)
2026/05/07 21:24:40 - simulation time     650 (s) : SimLog- Tasks executed on each level                                : Cloud=           1274 tasks (where 874 were successfully executed)
2026/05/07 21:24:40 - simulation time     650 (s) :                                                                        Edge=           1198 tasks (where 1195 were successfully executed)
2026/05/07 21:24:40 - simulation time     650 (s) :                                                                        Mist=           7580 tasks (where 7082 were successfully executed)
2026/05/07 21:24:40 - simulation time     650 (s) : SimLog- Network usage                                                           :           6040 seconds (The total traffic: 2464.85 (MBytes))
2026/05/07 21:24:40 - simulation time     650 (s) :                                                                         Wan=           1274 seconds (21.0927 % of total usage, WAN used when downloading containers=0 % of WAN usage)
2026/05/07 21:24:40 - simulation time     650 (s) :                                                                         Lan=           6040 seconds (100 % of total usage, LAN used when downloading containers=0 % of LAN usage)
2026/05/07 21:24:40 - simulation time     650 (s) :                                                    Average bandwidth per transfer=       877.6026 Mbps  
2026/05/07 21:24:40 - simulation time     650 (s) : SimLog- Average vm CPU utilization                                              :         0.8489 %
2026/05/07 21:24:40 - simulation time     650 (s) : SimLog- Average vm CPU utilization per level                             : Cloud=         0.0215 %
2026/05/07 21:24:40 - simulation time     650 (s) :                                                                             Edge=         0.0048 %
2026/05/07 21:24:40 - simulation time     650 (s) :                                                                             Mist=         0.8932 %
2026/05/07 21:24:40 - simulation time     650 (s) : SimLog- Energy consumption                                                      : 4679844843134666800 W,   186.7023 dBW
2026/05/07 21:24:40 - simulation time     650 (s) :                                                                                 :(Average:5611324751960032 W/data center(or device), 157.4907 dBW/data center(or device))
2026/05/07 21:24:40 - simulation time     650 (s) :                                                                                 :(Average:465980767015300.9 W/task, 146.6837 dBW/task)
2026/05/07 21:24:40 - simulation time     650 (s) : SimLog- Energy Consumption per level                                     : Cloud=  353198796158611330 W,   175.4802 dBW
2026/05/07 21:24:40 - simulation time     650 (s) :                                                                                 :(Average:19622155342145072 W/data center, 162.9275 dBW/data center)
2026/05/07 21:24:40 - simulation time     650 (s) :                                                                             Edge=   22816203162494820 W,   163.5824 dBW
2026/05/07 21:24:40 - simulation time     650 (s) :                                                                                 :(Average:950675131770617.5 W/data center, 149.7803 dBW/data center)
2026/05/07 21:24:40 - simulation time     650 (s) :                                                                             Mist= 4303829843813560300 W,   186.3386 dBW
2026/05/07 21:24:40 - simulation time     650 (s) :                                                                                 :(Average:5434128590673687 W/edge device, 157.3513 dBW/edge device)
2026/05/07 21:24:40 - simulation time     650 (s) : SimLog- Dead edge devices due to battery drain                                  :              0 devices (Among 0 devices with batteries (NaN %))
2026/05/07 21:24:40 - simulation time     650 (s) : SimLog- Average remaining power (devices with batteries that are still alive)   :              0 Wh (Average: 0 %)
2026/05/07 21:24:40 - simulation time     650 (s) : SimulationManager- the Scenario Simulation overflow times :1

================== Simulation finished at time 685.20 ==================


SimLog- Iteration finished...

######################################################################################################################################################################
Starting CloudSim Plus 4.3.0

2026/05/07 21:24:40 - simulation time       0 (s) : ServersManager- Datacenters and devices were generated
2026/05/07 21:24:40 - simulation time       0 (s) : SimulationManager-  Orchestration algorithm= DDLDO-  Architechitecture= ALL -  number of edge devices= 858
2026/05/07 21:24:40 - simulation time       0 (s) : SimulationManager- Simulation: 1  , iteration: 13
2026/05/07 21:26:10 - simulation time     650 (s) : 
2026/05/07 21:26:10 - simulation time     650 (s) : ------------------------------------------------------- OUTPUT -------------------------------------------------------
2026/05/07 21:26:10 - simulation time     650 (s) : 
2026/05/07 21:26:10 - simulation time     650 (s) : SimLog- Tasks not sent because device died (low energy)                         :               0 % (0 tasks)
2026/05/07 21:26:10 - simulation time     650 (s) : SimLog- Tasks sent from edge devices                                            :             100 % (10860 among 10860 generated tasks)
2026/05/07 21:26:10 - simulation time     650 (s) : -------------------------------------All values below are based on the sent tasks-------------------------------------
2026/05/07 21:26:10 - simulation time     650 (s) : SimLog- Tasks ETE delay                                                         :     34555.8512 seconds
2026/05/07 21:26:10 - simulation time     650 (s) : SimLog- Average tasks ETE delay                                                 :          3.482 seconds
2026/05/07 21:26:10 - simulation time     650 (s) : SimLog- Tasks execution delay                                                   :     10409.3992 seconds
2026/05/07 21:26:10 - simulation time     650 (s) : SimLog- Average tasks execution delay                                           :          1.012 seconds
2026/05/07 21:26:10 - simulation time     650 (s) : SimLog- Tasks waiting time (from task submiting to the execution start)         :     16094.6152 seconds
2026/05/07 21:26:10 - simulation time     650 (s) : SimLog- Average tasks waiting time (from task submiting to the execution start) :         1.5647 seconds
2026/05/07 21:26:10 - simulation time     650 (s) : SimLog- Tasks successfully executed                                             :        91.3812 % (9924 among 10860 sent tasks)
2026/05/07 21:26:10 - simulation time     650 (s) : SimLog- Tasks failures
2026/05/07 21:26:10 - simulation time     650 (s) :                                        Not executed due to resources unavailable:              0 % (0 tasks)
2026/05/07 21:26:10 - simulation time     650 (s) :                               Successfully executed but failed due to high delay:         8.4715 % (920 tasks from 10860 successfully sent tasks)
2026/05/07 21:26:10 - simulation time     650 (s) :                  Tasks execution results not returned because the device is dead:              0 % (0 tasks)
2026/05/07 21:26:10 - simulation time     650 (s) :                      Tasks execution results not returned due to device mobility:         0.1473 % (16 tasks)
2026/05/07 21:26:10 - simulation time     650 (s) : SimLog- Tasks executed on each level                                : Cloud=              4 tasks (where 2 were successfully executed)
2026/05/07 21:26:10 - simulation time     650 (s) :                                                                        Edge=           2138 tasks (where 1705 were successfully executed)
2026/05/07 21:26:10 - simulation time     650 (s) :                                                                        Mist=           8718 tasks (where 8217 were successfully executed)
2026/05/07 21:26:10 - simulation time     650 (s) : SimLog- Network usage                                                           :           6016 seconds (The total traffic: 2497.2 (MBytes))
2026/05/07 21:26:10 - simulation time     650 (s) :                                                                         Wan=              4 seconds (0.0665 % of total usage, WAN used when downloading containers=0 % of WAN usage)
2026/05/07 21:26:10 - simulation time     650 (s) :                                                                         Lan=           6016 seconds (100 % of total usage, LAN used when downloading containers=0 % of LAN usage)
2026/05/07 21:26:10 - simulation time     650 (s) :                                                    Average bandwidth per transfer=       930.2455 Mbps  
2026/05/07 21:26:10 - simulation time     650 (s) : SimLog- Average vm CPU utilization                                              :         0.8454 %
2026/05/07 21:26:10 - simulation time     650 (s) : SimLog- Average vm CPU utilization per level                             : Cloud=         0.0012 %
2026/05/07 21:26:10 - simulation time     650 (s) :                                                                             Edge=         0.0426 %
2026/05/07 21:26:10 - simulation time     650 (s) :                                                                             Mist=         0.8856 %
2026/05/07 21:26:10 - simulation time     650 (s) : SimLog- Energy consumption                                                      :  458316534179705730 W,   176.6117 dBW
2026/05/07 21:26:10 - simulation time     650 (s) :                                                                                 :(Average:509240593533006.4 W/data center(or device), 147.0692 dBW/data center(or device))
2026/05/07 21:26:10 - simulation time     650 (s) :                                                                                 :(Average:42241155223936.016 W/task, 136.2574 dBW/task)
2026/05/07 21:26:10 - simulation time     650 (s) : SimLog- Energy Consumption per level                                     : Cloud=  234370273740698.38 W,    143.699 dBW
2026/05/07 21:26:10 - simulation time     650 (s) :                                                                                 :(Average:13020570763372.133 W/data center, 131.1463 dBW/data center)
2026/05/07 21:26:10 - simulation time     650 (s) :                                                                             Edge=   36643786964142728 W,     165.64 dBW
2026/05/07 21:26:10 - simulation time     650 (s) :                                                                                 :(Average:1526824456839280.2 W/data center, 151.8379 dBW/data center)
2026/05/07 21:26:10 - simulation time     650 (s) :                                                                             Mist=  421438376941822340 W,   176.2473 dBW
2026/05/07 21:26:10 - simulation time     650 (s) :                                                                                 :(Average:491186919512613.44 W/edge device, 146.9125 dBW/edge device)
2026/05/07 21:26:10 - simulation time     650 (s) : SimLog- Dead edge devices due to battery drain                                  :              0 devices (Among 0 devices with batteries (NaN %))
2026/05/07 21:26:10 - simulation time     650 (s) : SimLog- Average remaining power (devices with batteries that are still alive)   :              0 Wh (Average: 0 %)
2026/05/07 21:26:10 - simulation time     650 (s) : SimulationManager- the Scenario Simulation overflow times :1

================== Simulation finished at time 685.20 ==================


SimLog- Iteration finished...

######################################################################################################################################################################
Starting CloudSim Plus 4.3.0

2026/05/07 21:26:10 - simulation time       0 (s) : ServersManager- Datacenters and devices were generated
2026/05/07 21:26:10 - simulation time       0 (s) : SimulationManager-  Orchestration algorithm= DDLDO-  Architechitecture= ALL -  number of edge devices= 924
2026/05/07 21:26:10 - simulation time       0 (s) : SimulationManager- Simulation: 1  , iteration: 14
2026/05/07 21:27:56 - simulation time     660 (s) : 
2026/05/07 21:27:56 - simulation time     660 (s) : ------------------------------------------------------- OUTPUT -------------------------------------------------------
2026/05/07 21:27:56 - simulation time     660 (s) : 
2026/05/07 21:27:56 - simulation time     660 (s) : SimLog- Tasks not sent because device died (low energy)                         :               0 % (0 tasks)
2026/05/07 21:27:56 - simulation time     660 (s) : SimLog- Tasks sent from edge devices                                            :             100 % (11736 among 11736 generated tasks)
2026/05/07 21:27:56 - simulation time     660 (s) : -------------------------------------All values below are based on the sent tasks-------------------------------------
2026/05/07 21:27:56 - simulation time     660 (s) : SimLog- Tasks ETE delay                                                         :     41797.9557 seconds
2026/05/07 21:27:56 - simulation time     660 (s) : SimLog- Average tasks ETE delay                                                 :         3.9126 seconds
2026/05/07 21:27:56 - simulation time     660 (s) : SimLog- Tasks execution delay                                                   :      9999.4064 seconds
2026/05/07 21:27:56 - simulation time     660 (s) : SimLog- Average tasks execution delay                                           :         0.9007 seconds
2026/05/07 21:27:56 - simulation time     660 (s) : SimLog- Tasks waiting time (from task submiting to the execution start)         :     22473.2999 seconds
2026/05/07 21:27:56 - simulation time     660 (s) : SimLog- Average tasks waiting time (from task submiting to the execution start) :         2.0243 seconds
2026/05/07 21:27:56 - simulation time     660 (s) : SimLog- Tasks successfully executed                                             :        91.0276 % (10683 among 11736 sent tasks)
2026/05/07 21:27:56 - simulation time     660 (s) : SimLog- Tasks failures
2026/05/07 21:27:56 - simulation time     660 (s) :                                        Not executed due to resources unavailable:              0 % (0 tasks)
2026/05/07 21:27:56 - simulation time     660 (s) :                               Successfully executed but failed due to high delay:         8.8787 % (1042 tasks from 11736 successfully sent tasks)
2026/05/07 21:27:56 - simulation time     660 (s) :                  Tasks execution results not returned because the device is dead:              0 % (0 tasks)
2026/05/07 21:27:56 - simulation time     660 (s) :                      Tasks execution results not returned due to device mobility:         0.0937 % (11 tasks)
2026/05/07 21:27:56 - simulation time     660 (s) : SimLog- Tasks executed on each level                                : Cloud=             30 tasks (where 12 were successfully executed)
2026/05/07 21:27:56 - simulation time     660 (s) :                                                                        Edge=           2324 tasks (where 1876 were successfully executed)
2026/05/07 21:27:56 - simulation time     660 (s) :                                                                        Mist=           9382 tasks (where 8795 were successfully executed)
2026/05/07 21:27:56 - simulation time     660 (s) : SimLog- Network usage                                                           :           6952 seconds (The total traffic: 3024 (MBytes))
2026/05/07 21:27:56 - simulation time     660 (s) :                                                                         Wan=             30 seconds (0.4315 % of total usage, WAN used when downloading containers=0 % of WAN usage)
2026/05/07 21:27:56 - simulation time     660 (s) :                                                                         Lan=           6952 seconds (100 % of total usage, LAN used when downloading containers=0 % of LAN usage)
2026/05/07 21:27:56 - simulation time     660 (s) :                                                    Average bandwidth per transfer=        921.301 Mbps  
2026/05/07 21:27:56 - simulation time     660 (s) : SimLog- Average vm CPU utilization                                              :         0.7415 %
2026/05/07 21:27:56 - simulation time     660 (s) : SimLog- Average vm CPU utilization per level                             : Cloud=         0.0029 %
2026/05/07 21:27:56 - simulation time     660 (s) :                                                                             Edge=         0.0297 %
2026/05/07 21:27:56 - simulation time     660 (s) :                                                                             Mist=         0.7743 %
2026/05/07 21:27:56 - simulation time     660 (s) : SimLog- Energy consumption                                                      :  554159340750798460 W,   177.4363 dBW
2026/05/07 21:27:56 - simulation time     660 (s) :                                                                                 :(Average:573663913820702.4 W/data center(or device), 147.5866 dBW/data center(or device))
2026/05/07 21:27:56 - simulation time     660 (s) :                                                                                 :(Average:47250966980797.96 W/task, 136.7441 dBW/task)
2026/05/07 21:27:56 - simulation time     660 (s) : SimLog- Energy Consumption per level                                     : Cloud=  2183060384896633.5 W,   153.3907 dBW
2026/05/07 21:27:56 - simulation time     660 (s) :                                                                                 :(Average:121281132494257.42 W/data center, 140.8379 dBW/data center)
2026/05/07 21:27:56 - simulation time     660 (s) :                                                                             Edge=   38054785806265008 W,   165.8041 dBW
2026/05/07 21:27:56 - simulation time     660 (s) :                                                                                 :(Average:1585616075261042 W/data center, 152.002 dBW/data center)
2026/05/07 21:27:56 - simulation time     660 (s) :                                                                             Mist=  513921494559636800 W,    177.109 dBW
2026/05/07 21:27:56 - simulation time     660 (s) :                                                                                 :(Average:556192093679260.6 W/edge device, 147.4522 dBW/edge device)
2026/05/07 21:27:56 - simulation time     660 (s) : SimLog- Dead edge devices due to battery drain                                  :              0 devices (Among 0 devices with batteries (NaN %))
2026/05/07 21:27:56 - simulation time     660 (s) : SimLog- Average remaining power (devices with batteries that are still alive)   :              0 Wh (Average: 0 %)
2026/05/07 21:27:56 - simulation time     660 (s) : SimulationManager- the Scenario Simulation overflow times :1

================== Simulation finished at time 691.50 ==================


SimLog- Iteration finished...

######################################################################################################################################################################
Starting CloudSim Plus 4.3.0

2026/05/07 21:27:56 - simulation time       0 (s) : ServersManager- Datacenters and devices were generated
2026/05/07 21:27:56 - simulation time       0 (s) : SimulationManager-  Orchestration algorithm= DDLDO-  Architechitecture= ALL -  number of edge devices= 990
2026/05/07 21:27:56 - simulation time       0 (s) : SimulationManager- Simulation: 1  , iteration: 15
2026/05/07 21:30:25 - simulation time     660 (s) : 
2026/05/07 21:30:25 - simulation time     660 (s) : ------------------------------------------------------- OUTPUT -------------------------------------------------------
2026/05/07 21:30:25 - simulation time     660 (s) : 
2026/05/07 21:30:25 - simulation time     660 (s) : SimLog- Tasks not sent because device died (low energy)                         :               0 % (0 tasks)
2026/05/07 21:30:25 - simulation time     660 (s) : SimLog- Tasks sent from edge devices                                            :             100 % (12518 among 12518 generated tasks)
2026/05/07 21:30:25 - simulation time     660 (s) : -------------------------------------All values below are based on the sent tasks-------------------------------------
2026/05/07 21:30:25 - simulation time     660 (s) : SimLog- Tasks ETE delay                                                         :     51128.5474 seconds
2026/05/07 21:30:25 - simulation time     660 (s) : SimLog- Average tasks ETE delay                                                 :         4.5071 seconds
2026/05/07 21:30:25 - simulation time     660 (s) : SimLog- Tasks execution delay                                                   :     11060.8659 seconds
2026/05/07 21:30:25 - simulation time     660 (s) : SimLog- Average tasks execution delay                                           :          0.936 seconds
2026/05/07 21:30:25 - simulation time     660 (s) : SimLog- Tasks waiting time (from task submiting to the execution start)         :     29065.3065 seconds
2026/05/07 21:30:25 - simulation time     660 (s) : SimLog- Average tasks waiting time (from task submiting to the execution start) :         2.4596 seconds
2026/05/07 21:30:25 - simulation time     660 (s) : SimLog- Tasks successfully executed                                             :        90.6215 % (11344 among 12518 sent tasks)
2026/05/07 21:30:25 - simulation time     660 (s) : SimLog- Tasks failures
2026/05/07 21:30:25 - simulation time     660 (s) :                                        Not executed due to resources unavailable:              0 % (0 tasks)
2026/05/07 21:30:25 - simulation time     660 (s) :                               Successfully executed but failed due to high delay:         9.2826 % (1162 tasks from 12518 successfully sent tasks)
2026/05/07 21:30:25 - simulation time     660 (s) :                  Tasks execution results not returned because the device is dead:              0 % (0 tasks)
2026/05/07 21:30:25 - simulation time     660 (s) :                      Tasks execution results not returned due to device mobility:         0.0959 % (12 tasks)
2026/05/07 21:30:25 - simulation time     660 (s) : SimLog- Tasks executed on each level                                : Cloud=           1822 tasks (where 1313 were successfully executed)
2026/05/07 21:30:25 - simulation time     660 (s) :                                                                        Edge=           1500 tasks (where 1495 were successfully executed)
2026/05/07 21:30:25 - simulation time     660 (s) :                                                                        Mist=           9196 tasks (where 8536 were successfully executed)
2026/05/07 21:30:25 - simulation time     660 (s) : SimLog- Network usage                                                           :           8101 seconds (The total traffic: 3845.35 (MBytes))
2026/05/07 21:30:25 - simulation time     660 (s) :                                                                         Wan=           1822 seconds (22.4911 % of total usage, WAN used when downloading containers=0 % of WAN usage)
2026/05/07 21:30:25 - simulation time     660 (s) :                                                                         Lan=           8101 seconds (100 % of total usage, LAN used when downloading containers=0 % of LAN usage)
2026/05/07 21:30:25 - simulation time     660 (s) :                                                    Average bandwidth per transfer=       835.8255 Mbps  
2026/05/07 21:30:25 - simulation time     660 (s) : SimLog- Average vm CPU utilization                                              :         0.7524 %
2026/05/07 21:30:25 - simulation time     660 (s) : SimLog- Average vm CPU utilization per level                             : Cloud=         0.0254 %
2026/05/07 21:30:25 - simulation time     660 (s) :                                                                             Edge=         0.0027 %
2026/05/07 21:30:25 - simulation time     660 (s) :                                                                             Mist=         0.7838 %
2026/05/07 21:30:25 - simulation time     660 (s) : SimLog- Energy consumption                                                      : 7327698629990852600 W,   188.6497 dBW
2026/05/07 21:30:25 - simulation time     660 (s) :                                                                                 :(Average:7100483168595787 W/data center(or device), 158.5129 dBW/data center(or device))
2026/05/07 21:30:25 - simulation time     660 (s) :                                                                                 :(Average:585747292565216 W/task, 147.6771 dBW/task)
2026/05/07 21:30:25 - simulation time     660 (s) : SimLog- Energy Consumption per level                                     : Cloud=  547378021235077820 W,   177.3829 dBW
2026/05/07 21:30:25 - simulation time     660 (s) :                                                                                 :(Average:30409890068615436 W/data center, 164.8301 dBW/data center)
2026/05/07 21:30:25 - simulation time     660 (s) :                                                                             Edge=   29250257807011788 W,   164.6613 dBW
2026/05/07 21:30:25 - simulation time     660 (s) :                                                                                 :(Average:1218760741958824.5 W/data center, 150.8592 dBW/data center)
2026/05/07 21:30:25 - simulation time     660 (s) :                                                                             Mist= 6751070350948762600 W,   188.2937 dBW
2026/05/07 21:30:25 - simulation time     660 (s) :                                                                                 :(Average:6819262980756326 W/edge device, 158.3374 dBW/edge device)
2026/05/07 21:30:25 - simulation time     660 (s) : SimLog- Dead edge devices due to battery drain                                  :              0 devices (Among 0 devices with batteries (NaN %))
2026/05/07 21:30:25 - simulation time     660 (s) : SimLog- Average remaining power (devices with batteries that are still alive)   :              0 Wh (Average: 0 %)
2026/05/07 21:30:25 - simulation time     660 (s) : SimulationManager- the Scenario Simulation overflow times :1

================== Simulation finished at time 691.50 ==================


SimLog- Iteration finished...

######################################################################################################################################################################
Starting CloudSim Plus 4.3.0

2026/05/07 21:30:25 - simulation time       0 (s) : ServersManager- Datacenters and devices were generated
2026/05/07 21:30:25 - simulation time       0 (s) : SimulationManager-  Orchestration algorithm= TASK_CLF_Q_LEARNING-  Architechitecture= ALL -  number of edge devices= 66
2026/05/07 21:30:25 - simulation time       0 (s) : SimulationManager- Simulation: 1  , iteration: 16
2026/05/07 21:30:28 - simulation time     650 (s) : 
2026/05/07 21:30:28 - simulation time     650 (s) : ------------------------------------------------------- OUTPUT -------------------------------------------------------
2026/05/07 21:30:28 - simulation time     650 (s) : 
2026/05/07 21:30:28 - simulation time     650 (s) : SimLog- Tasks not sent because device died (low energy)                         :               0 % (0 tasks)
2026/05/07 21:30:28 - simulation time     650 (s) : SimLog- Tasks sent from edge devices                                            :             100 % (844 among 844 generated tasks)
2026/05/07 21:30:28 - simulation time     650 (s) : -------------------------------------All values below are based on the sent tasks-------------------------------------
2026/05/07 21:30:28 - simulation time     650 (s) : SimLog- Tasks ETE delay                                                         :       945.9566 seconds
2026/05/07 21:30:28 - simulation time     650 (s) : SimLog- Average tasks ETE delay                                                 :         1.1208 seconds
2026/05/07 21:30:28 - simulation time     650 (s) : SimLog- Tasks execution delay                                                   :       711.6272 seconds
2026/05/07 21:30:28 - simulation time     650 (s) : SimLog- Average tasks execution delay                                           :         0.8432 seconds
2026/05/07 21:30:28 - simulation time     650 (s) : SimLog- Tasks waiting time (from task submiting to the execution start)         :       158.3507 seconds
2026/05/07 21:30:28 - simulation time     650 (s) : SimLog- Average tasks waiting time (from task submiting to the execution start) :         0.1876 seconds
2026/05/07 21:30:28 - simulation time     650 (s) : SimLog- Tasks successfully executed                                             :            100 % (844 among 844 sent tasks)
2026/05/07 21:30:28 - simulation time     650 (s) : SimLog- Tasks failures
2026/05/07 21:30:28 - simulation time     650 (s) :                                        Not executed due to resources unavailable:              0 % (0 tasks)
2026/05/07 21:30:28 - simulation time     650 (s) :                               Successfully executed but failed due to high delay:              0 % (0 tasks from 844 successfully sent tasks)
2026/05/07 21:30:28 - simulation time     650 (s) :                  Tasks execution results not returned because the device is dead:              0 % (0 tasks)
2026/05/07 21:30:28 - simulation time     650 (s) :                      Tasks execution results not returned due to device mobility:              0 % (0 tasks)
2026/05/07 21:30:28 - simulation time     650 (s) : SimLog- Tasks executed on each level                                : Cloud=              8 tasks (where 8 were successfully executed)
2026/05/07 21:30:28 - simulation time     650 (s) :                                                                        Edge=             14 tasks (where 14 were successfully executed)
2026/05/07 21:30:28 - simulation time     650 (s) :                                                                        Mist=            822 tasks (where 822 were successfully executed)
2026/05/07 21:30:28 - simulation time     650 (s) : SimLog- Network usage                                                           :             80 seconds (The total traffic: 184.2 (MBytes))
2026/05/07 21:30:28 - simulation time     650 (s) :                                                                         Wan=              8 seconds (10 % of total usage, WAN used when downloading containers=0 % of WAN usage)
2026/05/07 21:30:28 - simulation time     650 (s) :                                                                         Lan=             80 seconds (100 % of total usage, LAN used when downloading containers=0 % of LAN usage)
2026/05/07 21:30:28 - simulation time     650 (s) :                                                    Average bandwidth per transfer=           1024 Mbps  
2026/05/07 21:30:28 - simulation time     650 (s) : SimLog- Average vm CPU utilization                                              :         0.4006 %
2026/05/07 21:30:28 - simulation time     650 (s) : SimLog- Average vm CPU utilization per level                             : Cloud=              0 %
2026/05/07 21:30:28 - simulation time     650 (s) :                                                                             Edge=              0 %
2026/05/07 21:30:28 - simulation time     650 (s) :                                                                             Mist=         0.6556 %
2026/05/07 21:30:28 - simulation time     650 (s) : SimLog- Energy consumption                                                      : 1067834318830684420 W,    180.285 dBW
2026/05/07 21:30:28 - simulation time     650 (s) :                                                                                 :(Average:9887354803987818 W/data center(or device), 159.9508 dBW/data center(or device))
2026/05/07 21:30:28 - simulation time     650 (s) :                                                                                 :(Average:1265206538898915.2 W/task, 151.0216 dBW/task)
2026/05/07 21:30:28 - simulation time     650 (s) : SimLog- Energy Consumption per level                                     : Cloud=  527564818730666110 W,   177.2228 dBW
2026/05/07 21:30:28 - simulation time     650 (s) :                                                                                 :(Average:29309156596148116 W/data center, 164.67 dBW/data center)
2026/05/07 21:30:28 - simulation time     650 (s) :                                                                             Edge=   750074749656768.2 W,    148.751 dBW
2026/05/07 21:30:28 - simulation time     650 (s) :                                                                                 :(Average:31253114569032.01 W/data center, 134.9489 dBW/data center)
2026/05/07 21:30:28 - simulation time     650 (s) :                                                                             Mist=  539519425350361540 W,   177.3201 dBW
2026/05/07 21:30:28 - simulation time     650 (s) :                                                                                 :(Average:8174536747732751 W/edge device, 159.1246 dBW/edge device)
2026/05/07 21:30:28 - simulation time     650 (s) : SimLog- Dead edge devices due to battery drain                                  :              0 devices (Among 0 devices with batteries (NaN %))
2026/05/07 21:30:28 - simulation time     650 (s) : SimLog- Average remaining power (devices with batteries that are still alive)   :              0 Wh (Average: 0 %)
2026/05/07 21:30:28 - simulation time     650 (s) : SimulationManager- the Scenario Simulation overflow times :1

================== Simulation finished at time 685.20 ==================


SimLog- Iteration finished...

######################################################################################################################################################################
Starting CloudSim Plus 4.3.0

2026/05/07 21:30:28 - simulation time       0 (s) : ServersManager- Datacenters and devices were generated
2026/05/07 21:30:28 - simulation time       0 (s) : SimulationManager-  Orchestration algorithm= TASK_CLF_Q_LEARNING-  Architechitecture= ALL -  number of edge devices= 132
2026/05/07 21:30:28 - simulation time       0 (s) : SimulationManager- Simulation: 1  , iteration: 17
2026/05/07 21:30:30 - simulation time     640 (s) : 
2026/05/07 21:30:30 - simulation time     640 (s) : ------------------------------------------------------- OUTPUT -------------------------------------------------------
2026/05/07 21:30:30 - simulation time     640 (s) : 
2026/05/07 21:30:30 - simulation time     640 (s) : SimLog- Tasks not sent because device died (low energy)                         :               0 % (0 tasks)
2026/05/07 21:30:30 - simulation time     640 (s) : SimLog- Tasks sent from edge devices                                            :             100 % (1672 among 1672 generated tasks)
2026/05/07 21:30:30 - simulation time     640 (s) : -------------------------------------All values below are based on the sent tasks-------------------------------------
2026/05/07 21:30:30 - simulation time     640 (s) : SimLog- Tasks ETE delay                                                         :      2233.6918 seconds
2026/05/07 21:30:30 - simulation time     640 (s) : SimLog- Average tasks ETE delay                                                 :         1.3367 seconds
2026/05/07 21:30:30 - simulation time     640 (s) : SimLog- Tasks execution delay                                                   :      1709.0513 seconds
2026/05/07 21:30:30 - simulation time     640 (s) : SimLog- Average tasks execution delay                                           :         1.0222 seconds
2026/05/07 21:30:30 - simulation time     640 (s) : SimLog- Tasks waiting time (from task submiting to the execution start)         :       306.4457 seconds
2026/05/07 21:30:30 - simulation time     640 (s) : SimLog- Average tasks waiting time (from task submiting to the execution start) :         0.1833 seconds
2026/05/07 21:30:30 - simulation time     640 (s) : SimLog- Tasks successfully executed                                             :        99.9402 % (1671 among 1672 sent tasks)
2026/05/07 21:30:30 - simulation time     640 (s) : SimLog- Tasks failures
2026/05/07 21:30:30 - simulation time     640 (s) :                                        Not executed due to resources unavailable:              0 % (0 tasks)
2026/05/07 21:30:30 - simulation time     640 (s) :                               Successfully executed but failed due to high delay:         0.0598 % (1 tasks from 1672 successfully sent tasks)
2026/05/07 21:30:30 - simulation time     640 (s) :                  Tasks execution results not returned because the device is dead:              0 % (0 tasks)
2026/05/07 21:30:30 - simulation time     640 (s) :                      Tasks execution results not returned due to device mobility:              0 % (0 tasks)
2026/05/07 21:30:30 - simulation time     640 (s) : SimLog- Tasks executed on each level                                : Cloud=             24 tasks (where 24 were successfully executed)
2026/05/07 21:30:30 - simulation time     640 (s) :                                                                        Edge=             22 tasks (where 22 were successfully executed)
2026/05/07 21:30:30 - simulation time     640 (s) :                                                                        Mist=           1626 tasks (where 1625 were successfully executed)
2026/05/07 21:30:30 - simulation time     640 (s) : SimLog- Network usage                                                           :            180 seconds (The total traffic: 473.4 (MBytes))
2026/05/07 21:30:30 - simulation time     640 (s) :                                                                         Wan=             24 seconds (13.3333 % of total usage, WAN used when downloading containers=0 % of WAN usage)
2026/05/07 21:30:30 - simulation time     640 (s) :                                                                         Lan=            180 seconds (100 % of total usage, LAN used when downloading containers=0 % of LAN usage)
2026/05/07 21:30:30 - simulation time     640 (s) :                                                    Average bandwidth per transfer=           1024 Mbps  
2026/05/07 21:30:30 - simulation time     640 (s) : SimLog- Average vm CPU utilization                                              :         0.5258 %
2026/05/07 21:30:30 - simulation time     640 (s) : SimLog- Average vm CPU utilization per level                             : Cloud=              0 %
2026/05/07 21:30:30 - simulation time     640 (s) :                                                                             Edge=              0 %
2026/05/07 21:30:30 - simulation time     640 (s) :                                                                             Mist=         0.6931 %
2026/05/07 21:30:30 - simulation time     640 (s) : SimLog- Energy consumption                                                      : 2536604775525744100 W,   184.0425 dBW
2026/05/07 21:30:30 - simulation time     640 (s) :                                                                                 :(Average:14578188365090484 W/data center(or device), 161.637 dBW/data center(or device))
2026/05/07 21:30:30 - simulation time     640 (s) :                                                                                 :(Average:1517108119333579 W/task, 151.8102 dBW/task)
2026/05/07 21:30:30 - simulation time     640 (s) : SimLog- Energy Consumption per level                                     : Cloud= 1254373303268975360 W,   180.9843 dBW
2026/05/07 21:30:30 - simulation time     640 (s) :                                                                                 :(Average:69687405737165296 W/data center, 168.4315 dBW/data center)
2026/05/07 21:30:30 - simulation time     640 (s) :                                                                             Edge=  1056763744327197.4 W,   150.2398 dBW
2026/05/07 21:30:30 - simulation time     640 (s) :                                                                                 :(Average:44031822680299.89 W/data center, 136.4377 dBW/data center)
2026/05/07 21:30:30 - simulation time     640 (s) :                                                                             Mist= 1281174708512441600 W,   181.0761 dBW
2026/05/07 21:30:30 - simulation time     640 (s) :                                                                                 :(Average:9705869003882134 W/edge device, 159.8703 dBW/edge device)
2026/05/07 21:30:30 - simulation time     640 (s) : SimLog- Dead edge devices due to battery drain                                  :              0 devices (Among 0 devices with batteries (NaN %))
2026/05/07 21:30:30 - simulation time     640 (s) : SimLog- Average remaining power (devices with batteries that are still alive)   :              0 Wh (Average: 0 %)
2026/05/07 21:30:30 - simulation time     640 (s) : SimulationManager- the Scenario Simulation overflow times :1

================== Simulation finished at time 672.60 ==================


SimLog- Iteration finished...

######################################################################################################################################################################
Starting CloudSim Plus 4.3.0

2026/05/07 21:30:30 - simulation time       0 (s) : ServersManager- Datacenters and devices were generated
2026/05/07 21:30:30 - simulation time       0 (s) : SimulationManager-  Orchestration algorithm= TASK_CLF_Q_LEARNING-  Architechitecture= ALL -  number of edge devices= 198
2026/05/07 21:30:30 - simulation time       0 (s) : SimulationManager- Simulation: 1  , iteration: 18
2026/05/07 21:30:36 - simulation time     650 (s) : 
2026/05/07 21:30:36 - simulation time     650 (s) : ------------------------------------------------------- OUTPUT -------------------------------------------------------
2026/05/07 21:30:36 - simulation time     650 (s) : 
2026/05/07 21:30:36 - simulation time     650 (s) : SimLog- Tasks not sent because device died (low energy)                         :               0 % (0 tasks)
2026/05/07 21:30:36 - simulation time     650 (s) : SimLog- Tasks sent from edge devices                                            :             100 % (2530 among 2530 generated tasks)
2026/05/07 21:30:36 - simulation time     650 (s) : -------------------------------------All values below are based on the sent tasks-------------------------------------
2026/05/07 21:30:36 - simulation time     650 (s) : SimLog- Tasks ETE delay                                                         :      3186.0933 seconds
2026/05/07 21:30:36 - simulation time     650 (s) : SimLog- Average tasks ETE delay                                                 :         1.2608 seconds
2026/05/07 21:30:36 - simulation time     650 (s) : SimLog- Tasks execution delay                                                   :      2457.5806 seconds
2026/05/07 21:30:36 - simulation time     650 (s) : SimLog- Average tasks execution delay                                           :         0.9714 seconds
2026/05/07 21:30:36 - simulation time     650 (s) : SimLog- Tasks waiting time (from task submiting to the execution start)         :       502.4924 seconds
2026/05/07 21:30:36 - simulation time     650 (s) : SimLog- Average tasks waiting time (from task submiting to the execution start) :         0.1986 seconds
2026/05/07 21:30:36 - simulation time     650 (s) : SimLog- Tasks successfully executed                                             :        99.8814 % (2527 among 2530 sent tasks)
2026/05/07 21:30:36 - simulation time     650 (s) : SimLog- Tasks failures
2026/05/07 21:30:36 - simulation time     650 (s) :                                        Not executed due to resources unavailable:              0 % (0 tasks)
2026/05/07 21:30:36 - simulation time     650 (s) :                               Successfully executed but failed due to high delay:         0.1186 % (3 tasks from 2530 successfully sent tasks)
2026/05/07 21:30:36 - simulation time     650 (s) :                  Tasks execution results not returned because the device is dead:              0 % (0 tasks)
2026/05/07 21:30:36 - simulation time     650 (s) :                      Tasks execution results not returned due to device mobility:              0 % (0 tasks)
2026/05/07 21:30:36 - simulation time     650 (s) : SimLog- Tasks executed on each level                                : Cloud=             23 tasks (where 23 were successfully executed)
2026/05/07 21:30:36 - simulation time     650 (s) :                                                                        Edge=             18 tasks (where 18 were successfully executed)
2026/05/07 21:30:36 - simulation time     650 (s) :                                                                        Mist=           2489 tasks (where 2486 were successfully executed)
2026/05/07 21:30:36 - simulation time     650 (s) : SimLog- Network usage                                                           :            206 seconds (The total traffic: 491.2 (MBytes))
2026/05/07 21:30:36 - simulation time     650 (s) :                                                                         Wan=             23 seconds (11.165 % of total usage, WAN used when downloading containers=0 % of WAN usage)
2026/05/07 21:30:36 - simulation time     650 (s) :                                                                         Lan=            206 seconds (100 % of total usage, LAN used when downloading containers=0 % of LAN usage)
2026/05/07 21:30:36 - simulation time     650 (s) :                                                    Average bandwidth per transfer=           1024 Mbps  
2026/05/07 21:30:36 - simulation time     650 (s) : SimLog- Average vm CPU utilization                                              :         0.6055 %
2026/05/07 21:30:36 - simulation time     650 (s) : SimLog- Average vm CPU utilization per level                             : Cloud=              0 %
2026/05/07 21:30:36 - simulation time     650 (s) :                                                                             Edge=              0 %
2026/05/07 21:30:36 - simulation time     650 (s) :                                                                             Mist=          0.734 %
2026/05/07 21:30:36 - simulation time     650 (s) : SimLog- Energy consumption                                                      : 2215996056261063940 W,   183.4557 dBW
2026/05/07 21:30:36 - simulation time     650 (s) :                                                                                 :(Average:9233316901087766 W/data center(or device), 159.6536 dBW/data center(or device))
2026/05/07 21:30:36 - simulation time     650 (s) :                                                                                 :(Average:875887769273147.8 W/task, 149.4245 dBW/task)
2026/05/07 21:30:36 - simulation time     650 (s) : SimLog- Energy Consumption per level                                     : Cloud= 1086663979547888380 W,    180.361 dBW
2026/05/07 21:30:36 - simulation time     650 (s) :                                                                                 :(Average:60370221085993800 W/data center, 167.8082 dBW/data center)
2026/05/07 21:30:36 - simulation time     650 (s) :                                                                             Edge=   762715873036058.5 W,   148.8236 dBW
2026/05/07 21:30:36 - simulation time     650 (s) :                                                                                 :(Average:31779828043169.105 W/data center, 135.0215 dBW/data center)
2026/05/07 21:30:36 - simulation time     650 (s) :                                                                             Mist= 1128569360840139520 W,   180.5253 dBW
2026/05/07 21:30:36 - simulation time     650 (s) :                                                                                 :(Average:5699845256768381 W/edge device, 157.5586 dBW/edge device)
2026/05/07 21:30:36 - simulation time     650 (s) : SimLog- Dead edge devices due to battery drain                                  :              0 devices (Among 0 devices with batteries (NaN %))
2026/05/07 21:30:36 - simulation time     650 (s) : SimLog- Average remaining power (devices with batteries that are still alive)   :              0 Wh (Average: 0 %)
2026/05/07 21:30:36 - simulation time     650 (s) : SimulationManager- the Scenario Simulation overflow times :1

================== Simulation finished at time 685.20 ==================


SimLog- Iteration finished...

######################################################################################################################################################################
Starting CloudSim Plus 4.3.0

2026/05/07 21:30:36 - simulation time       0 (s) : ServersManager- Datacenters and devices were generated
2026/05/07 21:30:36 - simulation time       0 (s) : SimulationManager-  Orchestration algorithm= TASK_CLF_Q_LEARNING-  Architechitecture= ALL -  number of edge devices= 264
2026/05/07 21:30:36 - simulation time       0 (s) : SimulationManager- Simulation: 1  , iteration: 19
2026/05/07 21:30:41 - simulation time     650 (s) : 
2026/05/07 21:30:41 - simulation time     650 (s) : ------------------------------------------------------- OUTPUT -------------------------------------------------------
2026/05/07 21:30:41 - simulation time     650 (s) : 
2026/05/07 21:30:41 - simulation time     650 (s) : SimLog- Tasks not sent because device died (low energy)                         :               0 % (0 tasks)
2026/05/07 21:30:41 - simulation time     650 (s) : SimLog- Tasks sent from edge devices                                            :             100 % (3358 among 3358 generated tasks)
2026/05/07 21:30:41 - simulation time     650 (s) : -------------------------------------All values below are based on the sent tasks-------------------------------------
2026/05/07 21:30:41 - simulation time     650 (s) : SimLog- Tasks ETE delay                                                         :      4579.5109 seconds
2026/05/07 21:30:41 - simulation time     650 (s) : SimLog- Average tasks ETE delay                                                 :          1.365 seconds
2026/05/07 21:30:41 - simulation time     650 (s) : SimLog- Tasks execution delay                                                   :      3458.1681 seconds
2026/05/07 21:30:41 - simulation time     650 (s) : SimLog- Average tasks execution delay                                           :         1.0298 seconds
2026/05/07 21:30:41 - simulation time     650 (s) : SimLog- Tasks waiting time (from task submiting to the execution start)         :       770.1476 seconds
2026/05/07 21:30:41 - simulation time     650 (s) : SimLog- Average tasks waiting time (from task submiting to the execution start) :         0.2293 seconds
2026/05/07 21:30:41 - simulation time     650 (s) : SimLog- Tasks successfully executed                                             :        99.9107 % (3355 among 3358 sent tasks)
2026/05/07 21:30:41 - simulation time     650 (s) : SimLog- Tasks failures
2026/05/07 21:30:41 - simulation time     650 (s) :                                        Not executed due to resources unavailable:              0 % (0 tasks)
2026/05/07 21:30:41 - simulation time     650 (s) :                               Successfully executed but failed due to high delay:         0.0893 % (3 tasks from 3358 successfully sent tasks)
2026/05/07 21:30:41 - simulation time     650 (s) :                  Tasks execution results not returned because the device is dead:              0 % (0 tasks)
2026/05/07 21:30:41 - simulation time     650 (s) :                      Tasks execution results not returned due to device mobility:              0 % (0 tasks)
2026/05/07 21:30:41 - simulation time     650 (s) : SimLog- Tasks executed on each level                                : Cloud=             36 tasks (where 36 were successfully executed)
2026/05/07 21:30:41 - simulation time     650 (s) :                                                                        Edge=             32 tasks (where 32 were successfully executed)
2026/05/07 21:30:41 - simulation time     650 (s) :                                                                        Mist=           3290 tasks (where 3287 were successfully executed)
2026/05/07 21:30:41 - simulation time     650 (s) : SimLog- Network usage                                                           :            302 seconds (The total traffic: 818.5 (MBytes))
2026/05/07 21:30:41 - simulation time     650 (s) :                                                                         Wan=             36 seconds (11.9205 % of total usage, WAN used when downloading containers=0 % of WAN usage)
2026/05/07 21:30:41 - simulation time     650 (s) :                                                                         Lan=            302 seconds (100 % of total usage, LAN used when downloading containers=0 % of LAN usage)
2026/05/07 21:30:41 - simulation time     650 (s) :                                                    Average bandwidth per transfer=      1022.3046 Mbps  
2026/05/07 21:30:41 - simulation time     650 (s) : SimLog- Average vm CPU utilization                                              :         0.7497 %
2026/05/07 21:30:41 - simulation time     650 (s) : SimLog- Average vm CPU utilization per level                             : Cloud=              0 %
2026/05/07 21:30:41 - simulation time     650 (s) :                                                                             Edge=              0 %
2026/05/07 21:30:41 - simulation time     650 (s) :                                                                             Mist=          0.869 %
2026/05/07 21:30:41 - simulation time     650 (s) : SimLog- Energy consumption                                                      : 3279267328050683900 W,   185.1578 dBW
2026/05/07 21:30:41 - simulation time     650 (s) :                                                                                 :(Average:10716559895590470 W/data center(or device), 160.3006 dBW/data center(or device))
2026/05/07 21:30:41 - simulation time     650 (s) :                                                                                 :(Average:976553701027600.9 W/task, 149.897 dBW/task)
2026/05/07 21:30:41 - simulation time     650 (s) : SimLog- Energy Consumption per level                                     : Cloud= 1628166043646741250 W,    182.117 dBW
2026/05/07 21:30:41 - simulation time     650 (s) :                                                                                 :(Average:90453669091485632 W/data center, 169.5643 dBW/data center)
2026/05/07 21:30:41 - simulation time     650 (s) :                                                                             Edge=    1283254065531045 W,   151.0831 dBW
2026/05/07 21:30:41 - simulation time     650 (s) :                                                                                 :(Average:53468919397126.875 W/data center, 137.281 dBW/data center)
2026/05/07 21:30:41 - simulation time     650 (s) :                                                                             Mist= 1649818030338411520 W,   182.1744 dBW
2026/05/07 21:30:41 - simulation time     650 (s) :                                                                                 :(Average:6249310720978832 W/edge device, 157.9583 dBW/edge device)
2026/05/07 21:30:41 - simulation time     650 (s) : SimLog- Dead edge devices due to battery drain                                  :              0 devices (Among 0 devices with batteries (NaN %))
2026/05/07 21:30:41 - simulation time     650 (s) : SimLog- Average remaining power (devices with batteries that are still alive)   :              0 Wh (Average: 0 %)
2026/05/07 21:30:41 - simulation time     650 (s) : SimulationManager- the Scenario Simulation overflow times :1

================== Simulation finished at time 685.20 ==================


SimLog- Iteration finished...

######################################################################################################################################################################
Starting CloudSim Plus 4.3.0

2026/05/07 21:30:42 - simulation time       0 (s) : ServersManager- Datacenters and devices were generated
2026/05/07 21:30:42 - simulation time       0 (s) : SimulationManager-  Orchestration algorithm= TASK_CLF_Q_LEARNING-  Architechitecture= ALL -  number of edge devices= 330
2026/05/07 21:30:42 - simulation time       0 (s) : SimulationManager- Simulation: 1  , iteration: 20
2026/05/07 21:30:48 - simulation time     660 (s) : 
2026/05/07 21:30:48 - simulation time     660 (s) : ------------------------------------------------------- OUTPUT -------------------------------------------------------
2026/05/07 21:30:48 - simulation time     660 (s) : 
2026/05/07 21:30:48 - simulation time     660 (s) : SimLog- Tasks not sent because device died (low energy)                         :               0 % (0 tasks)
2026/05/07 21:30:48 - simulation time     660 (s) : SimLog- Tasks sent from edge devices                                            :             100 % (4164 among 4164 generated tasks)
2026/05/07 21:30:48 - simulation time     660 (s) : -------------------------------------All values below are based on the sent tasks-------------------------------------
2026/05/07 21:30:48 - simulation time     660 (s) : SimLog- Tasks ETE delay                                                         :      5639.3325 seconds
2026/05/07 21:30:48 - simulation time     660 (s) : SimLog- Average tasks ETE delay                                                 :         1.3569 seconds
2026/05/07 21:30:48 - simulation time     660 (s) : SimLog- Tasks execution delay                                                   :      4423.6764 seconds
2026/05/07 21:30:48 - simulation time     660 (s) : SimLog- Average tasks execution delay                                           :         1.0626 seconds
2026/05/07 21:30:48 - simulation time     660 (s) : SimLog- Tasks waiting time (from task submiting to the execution start)         :       723.6683 seconds
2026/05/07 21:30:48 - simulation time     660 (s) : SimLog- Average tasks waiting time (from task submiting to the execution start) :         0.1738 seconds
2026/05/07 21:30:48 - simulation time     660 (s) : SimLog- Tasks successfully executed                                             :        99.8079 % (4156 among 4164 sent tasks)
2026/05/07 21:30:48 - simulation time     660 (s) : SimLog- Tasks failures
2026/05/07 21:30:48 - simulation time     660 (s) :                                        Not executed due to resources unavailable:              0 % (0 tasks)
2026/05/07 21:30:48 - simulation time     660 (s) :                               Successfully executed but failed due to high delay:         0.1681 % (7 tasks from 4164 successfully sent tasks)
2026/05/07 21:30:48 - simulation time     660 (s) :                  Tasks execution results not returned because the device is dead:              0 % (0 tasks)
2026/05/07 21:30:48 - simulation time     660 (s) :                      Tasks execution results not returned due to device mobility:          0.024 % (1 tasks)
2026/05/07 21:30:48 - simulation time     660 (s) : SimLog- Tasks executed on each level                                : Cloud=             36 tasks (where 36 were successfully executed)
2026/05/07 21:30:48 - simulation time     660 (s) :                                                                        Edge=             36 tasks (where 35 were successfully executed)
2026/05/07 21:30:48 - simulation time     660 (s) :                                                                        Mist=           4092 tasks (where 4085 were successfully executed)
2026/05/07 21:30:48 - simulation time     660 (s) : SimLog- Network usage                                                           :            395 seconds (The total traffic: 817.8 (MBytes))
2026/05/07 21:30:48 - simulation time     660 (s) :                                                                         Wan=             36 seconds (9.1139 % of total usage, WAN used when downloading containers=0 % of WAN usage)
2026/05/07 21:30:48 - simulation time     660 (s) :                                                                         Lan=            395 seconds (100 % of total usage, LAN used when downloading containers=0 % of LAN usage)
2026/05/07 21:30:48 - simulation time     660 (s) :                                                    Average bandwidth per transfer=      1022.7038 Mbps  
2026/05/07 21:30:48 - simulation time     660 (s) : SimLog- Average vm CPU utilization                                              :         0.5716 %
2026/05/07 21:30:48 - simulation time     660 (s) : SimLog- Average vm CPU utilization per level                             : Cloud=              0 %
2026/05/07 21:30:48 - simulation time     660 (s) :                                                                             Edge=              0 %
2026/05/07 21:30:48 - simulation time     660 (s) :                                                                             Mist=         0.6444 %
2026/05/07 21:30:48 - simulation time     660 (s) : SimLog- Energy consumption                                                      : 3863434682229944300 W,   185.8697 dBW
2026/05/07 21:30:48 - simulation time     660 (s) :                                                                                 :(Average:10385577102768668 W/data center(or device), 160.1643 dBW/data center(or device))
2026/05/07 21:30:48 - simulation time     660 (s) :                                                                                 :(Average:928040999815023.9 W/task, 149.6757 dBW/task)
2026/05/07 21:30:48 - simulation time     660 (s) : SimLog- Energy Consumption per level                                     : Cloud= 1910945153136041470 W,   182.8125 dBW
2026/05/07 21:30:48 - simulation time     660 (s) :                                                                                 :(Average:106163619618668976 W/data center, 170.2598 dBW/data center)
2026/05/07 21:30:48 - simulation time     660 (s) :                                                                             Edge=    2468732719723584 W,   153.9247 dBW
2026/05/07 21:30:48 - simulation time     660 (s) :                                                                                 :(Average:102863863321816 W/data center, 140.1226 dBW/data center)
2026/05/07 21:30:48 - simulation time     660 (s) :                                                                             Mist= 1950020796374179580 W,   182.9004 dBW
2026/05/07 21:30:48 - simulation time     660 (s) :                                                                                 :(Average:5909153928406605 W/edge device, 157.7153 dBW/edge device)
2026/05/07 21:30:48 - simulation time     660 (s) : SimLog- Dead edge devices due to battery drain                                  :              0 devices (Among 0 devices with batteries (NaN %))
2026/05/07 21:30:48 - simulation time     660 (s) : SimLog- Average remaining power (devices with batteries that are still alive)   :              0 Wh (Average: 0 %)
2026/05/07 21:30:48 - simulation time     660 (s) : SimulationManager- the Scenario Simulation overflow times :1

================== Simulation finished at time 691.50 ==================


SimLog- Iteration finished...

######################################################################################################################################################################
Starting CloudSim Plus 4.3.0

2026/05/07 21:30:49 - simulation time       0 (s) : ServersManager- Datacenters and devices were generated
2026/05/07 21:30:49 - simulation time       0 (s) : SimulationManager-  Orchestration algorithm= TASK_CLF_Q_LEARNING-  Architechitecture= ALL -  number of edge devices= 396
2026/05/07 21:30:49 - simulation time       0 (s) : SimulationManager- Simulation: 1  , iteration: 21
2026/05/07 21:31:00 - simulation time     660 (s) : 
2026/05/07 21:31:00 - simulation time     660 (s) : ------------------------------------------------------- OUTPUT -------------------------------------------------------
2026/05/07 21:31:00 - simulation time     660 (s) : 
2026/05/07 21:31:00 - simulation time     660 (s) : SimLog- Tasks not sent because device died (low energy)                         :               0 % (0 tasks)
2026/05/07 21:31:00 - simulation time     660 (s) : SimLog- Tasks sent from edge devices                                            :             100 % (5016 among 5016 generated tasks)
2026/05/07 21:31:00 - simulation time     660 (s) : -------------------------------------All values below are based on the sent tasks-------------------------------------
2026/05/07 21:31:00 - simulation time     660 (s) : SimLog- Tasks ETE delay                                                         :      6534.5567 seconds
2026/05/07 21:31:00 - simulation time     660 (s) : SimLog- Average tasks ETE delay                                                 :         1.3051 seconds
2026/05/07 21:31:00 - simulation time     660 (s) : SimLog- Tasks execution delay                                                   :      4931.7157 seconds
2026/05/07 21:31:00 - simulation time     660 (s) : SimLog- Average tasks execution delay                                           :         0.9834 seconds
2026/05/07 21:31:00 - simulation time     660 (s) : SimLog- Tasks waiting time (from task submiting to the execution start)         :       952.7748 seconds
2026/05/07 21:31:00 - simulation time     660 (s) : SimLog- Average tasks waiting time (from task submiting to the execution start) :           0.19 seconds
2026/05/07 21:31:00 - simulation time     660 (s) : SimLog- Tasks successfully executed                                             :        99.8206 % (5007 among 5016 sent tasks)
2026/05/07 21:31:00 - simulation time     660 (s) : SimLog- Tasks failures
2026/05/07 21:31:00 - simulation time     660 (s) :                                        Not executed due to resources unavailable:              0 % (0 tasks)
2026/05/07 21:31:00 - simulation time     660 (s) :                               Successfully executed but failed due to high delay:         0.1794 % (9 tasks from 5016 successfully sent tasks)
2026/05/07 21:31:00 - simulation time     660 (s) :                  Tasks execution results not returned because the device is dead:              0 % (0 tasks)
2026/05/07 21:31:00 - simulation time     660 (s) :                      Tasks execution results not returned due to device mobility:              0 % (0 tasks)
2026/05/07 21:31:00 - simulation time     660 (s) : SimLog- Tasks executed on each level                                : Cloud=             44 tasks (where 44 were successfully executed)
2026/05/07 21:31:00 - simulation time     660 (s) :                                                                        Edge=             56 tasks (where 56 were successfully executed)
2026/05/07 21:31:00 - simulation time     660 (s) :                                                                        Mist=           4916 tasks (where 4907 were successfully executed)
2026/05/07 21:31:00 - simulation time     660 (s) : SimLog- Network usage                                                           :            501 seconds (The total traffic: 1006.3 (MBytes))
2026/05/07 21:31:00 - simulation time     660 (s) :                                                                         Wan=             44 seconds (8.7824 % of total usage, WAN used when downloading containers=0 % of WAN usage)
2026/05/07 21:31:00 - simulation time     660 (s) :                                                                         Lan=            501 seconds (100 % of total usage, LAN used when downloading containers=0 % of LAN usage)
2026/05/07 21:31:00 - simulation time     660 (s) :                                                    Average bandwidth per transfer=       1022.978 Mbps  
2026/05/07 21:31:00 - simulation time     660 (s) : SimLog- Average vm CPU utilization                                              :         0.6262 %
2026/05/07 21:31:00 - simulation time     660 (s) : SimLog- Average vm CPU utilization per level                             : Cloud=              0 %
2026/05/07 21:31:00 - simulation time     660 (s) :                                                                             Edge=              0 %
2026/05/07 21:31:00 - simulation time     660 (s) :                                                                             Mist=         0.6926 %
2026/05/07 21:31:00 - simulation time     660 (s) : SimLog- Energy consumption                                                      : 4653794615333889000 W,   186.6781 dBW
2026/05/07 21:31:00 - simulation time     660 (s) :                                                                                 :(Average:10625101861492898 W/data center(or device), 160.2633 dBW/data center(or device))
2026/05/07 21:31:00 - simulation time     660 (s) :                                                                                 :(Average:927789995082513.8 W/task, 149.6745 dBW/task)
2026/05/07 21:31:00 - simulation time     660 (s) : SimLog- Energy Consumption per level                                     : Cloud= 2300629935895446530 W,   183.6185 dBW
2026/05/07 21:31:00 - simulation time     660 (s) :                                                                                 :(Average:127812774216413696 W/data center, 171.0657 dBW/data center)
2026/05/07 21:31:00 - simulation time     660 (s) :                                                                             Edge=  2365548738085216.5 W,   153.7393 dBW
2026/05/07 21:31:00 - simulation time     660 (s) :                                                                                 :(Average:98564530753550.69 W/data center, 139.9372 dBW/data center)
2026/05/07 21:31:00 - simulation time     660 (s) :                                                                             Mist= 2350799130700357600 W,   183.7122 dBW
2026/05/07 21:31:00 - simulation time     660 (s) :                                                                                 :(Average:5936361441162519 W/edge device, 157.7352 dBW/edge device)
2026/05/07 21:31:00 - simulation time     660 (s) : SimLog- Dead edge devices due to battery drain                                  :              0 devices (Among 0 devices with batteries (NaN %))
2026/05/07 21:31:00 - simulation time     660 (s) : SimLog- Average remaining power (devices with batteries that are still alive)   :              0 Wh (Average: 0 %)
2026/05/07 21:31:00 - simulation time     660 (s) : SimulationManager- the Scenario Simulation overflow times :1

================== Simulation finished at time 691.50 ==================


SimLog- Iteration finished...

######################################################################################################################################################################
Starting CloudSim Plus 4.3.0

2026/05/07 21:31:00 - simulation time       0 (s) : ServersManager- Datacenters and devices were generated
2026/05/07 21:31:00 - simulation time       0 (s) : SimulationManager-  Orchestration algorithm= TASK_CLF_Q_LEARNING-  Architechitecture= ALL -  number of edge devices= 462
2026/05/07 21:31:00 - simulation time       0 (s) : SimulationManager- Simulation: 1  , iteration: 22
2026/05/07 21:31:13 - simulation time     650 (s) : 
2026/05/07 21:31:13 - simulation time     650 (s) : ------------------------------------------------------- OUTPUT -------------------------------------------------------
2026/05/07 21:31:13 - simulation time     650 (s) : 
2026/05/07 21:31:13 - simulation time     650 (s) : SimLog- Tasks not sent because device died (low energy)                         :               0 % (0 tasks)
2026/05/07 21:31:13 - simulation time     650 (s) : SimLog- Tasks sent from edge devices                                            :             100 % (5868 among 5868 generated tasks)
2026/05/07 21:31:13 - simulation time     650 (s) : -------------------------------------All values below are based on the sent tasks-------------------------------------
2026/05/07 21:31:13 - simulation time     650 (s) : SimLog- Tasks ETE delay                                                         :      7093.2609 seconds
2026/05/07 21:31:13 - simulation time     650 (s) : SimLog- Average tasks ETE delay                                                 :         1.2121 seconds
2026/05/07 21:31:13 - simulation time     650 (s) : SimLog- Tasks execution delay                                                   :      5358.6004 seconds
2026/05/07 21:31:13 - simulation time     650 (s) : SimLog- Average tasks execution delay                                           :         0.9135 seconds
2026/05/07 21:31:13 - simulation time     650 (s) : SimLog- Tasks waiting time (from task submiting to the execution start)         :       912.9154 seconds
2026/05/07 21:31:13 - simulation time     650 (s) : SimLog- Average tasks waiting time (from task submiting to the execution start) :         0.1556 seconds
2026/05/07 21:31:13 - simulation time     650 (s) : SimLog- Tasks successfully executed                                             :        99.7273 % (5852 among 5868 sent tasks)
2026/05/07 21:31:13 - simulation time     650 (s) : SimLog- Tasks failures
2026/05/07 21:31:13 - simulation time     650 (s) :                                        Not executed due to resources unavailable:              0 % (0 tasks)
2026/05/07 21:31:13 - simulation time     650 (s) :                               Successfully executed but failed due to high delay:         0.2556 % (15 tasks from 5868 successfully sent tasks)
2026/05/07 21:31:13 - simulation time     650 (s) :                  Tasks execution results not returned because the device is dead:              0 % (0 tasks)
2026/05/07 21:31:13 - simulation time     650 (s) :                      Tasks execution results not returned due to device mobility:          0.017 % (1 tasks)
2026/05/07 21:31:13 - simulation time     650 (s) : SimLog- Tasks executed on each level                                : Cloud=             64 tasks (where 64 were successfully executed)
2026/05/07 21:31:13 - simulation time     650 (s) :                                                                        Edge=             57 tasks (where 57 were successfully executed)
2026/05/07 21:31:13 - simulation time     650 (s) :                                                                        Mist=           5747 tasks (where 5731 were successfully executed)
2026/05/07 21:31:13 - simulation time     650 (s) : SimLog- Network usage                                                           :            612 seconds (The total traffic: 1395.6 (MBytes))
2026/05/07 21:31:13 - simulation time     650 (s) :                                                                         Wan=             64 seconds (10.4575 % of total usage, WAN used when downloading containers=0 % of WAN usage)
2026/05/07 21:31:13 - simulation time     650 (s) :                                                                         Lan=            612 seconds (100 % of total usage, LAN used when downloading containers=0 % of LAN usage)
2026/05/07 21:31:13 - simulation time     650 (s) :                                                    Average bandwidth per transfer=      1014.0166 Mbps  
2026/05/07 21:31:13 - simulation time     650 (s) : SimLog- Average vm CPU utilization                                              :         0.5094 %
2026/05/07 21:31:13 - simulation time     650 (s) : SimLog- Average vm CPU utilization per level                             : Cloud=              0 %
2026/05/07 21:31:13 - simulation time     650 (s) :                                                                             Edge=              0 %
2026/05/07 21:31:13 - simulation time     650 (s) :                                                                             Mist=         0.5557 %
2026/05/07 21:31:13 - simulation time     650 (s) : SimLog- Energy consumption                                                      : 5835686446251827200 W,   187.6609 dBW
2026/05/07 21:31:13 - simulation time     650 (s) :                                                                                 :(Average:11578742948912356 W/data center(or device), 160.6366 dBW/data center(or device))
2026/05/07 21:31:13 - simulation time     650 (s) :                                                                                 :(Average:994662765681238.6 W/task, 149.9768 dBW/task)
2026/05/07 21:31:13 - simulation time     650 (s) : SimLog- Energy Consumption per level                                     : Cloud= 2888902041665846300 W,   184.6073 dBW
2026/05/07 21:31:13 - simulation time     650 (s) :                                                                                 :(Average:160494557870324800 W/data center, 172.0546 dBW/data center)
2026/05/07 21:31:13 - simulation time     650 (s) :                                                                             Edge=    2901131758886941 W,   154.6257 dBW
2026/05/07 21:31:13 - simulation time     650 (s) :                                                                                 :(Average:120880489953622.55 W/data center, 140.8236 dBW/data center)
2026/05/07 21:31:13 - simulation time     650 (s) :                                                                             Mist= 2943883272827094500 W,   184.6892 dBW
2026/05/07 21:31:13 - simulation time     650 (s) :                                                                                 :(Average:6372041716075962 W/edge device, 158.0428 dBW/edge device)
2026/05/07 21:31:13 - simulation time     650 (s) : SimLog- Dead edge devices due to battery drain                                  :              0 devices (Among 0 devices with batteries (NaN %))
2026/05/07 21:31:13 - simulation time     650 (s) : SimLog- Average remaining power (devices with batteries that are still alive)   :              0 Wh (Average: 0 %)
2026/05/07 21:31:13 - simulation time     650 (s) : SimulationManager- the Scenario Simulation overflow times :1

================== Simulation finished at time 685.20 ==================


SimLog- Iteration finished...

######################################################################################################################################################################
Starting CloudSim Plus 4.3.0

2026/05/07 21:31:13 - simulation time       0 (s) : ServersManager- Datacenters and devices were generated
2026/05/07 21:31:13 - simulation time       0 (s) : SimulationManager-  Orchestration algorithm= TASK_CLF_Q_LEARNING-  Architechitecture= ALL -  number of edge devices= 528
2026/05/07 21:31:13 - simulation time       0 (s) : SimulationManager- Simulation: 1  , iteration: 23
2026/05/07 21:31:31 - simulation time     650 (s) : 
2026/05/07 21:31:31 - simulation time     650 (s) : ------------------------------------------------------- OUTPUT -------------------------------------------------------
2026/05/07 21:31:31 - simulation time     650 (s) : 
2026/05/07 21:31:31 - simulation time     650 (s) : SimLog- Tasks not sent because device died (low energy)                         :               0 % (0 tasks)
2026/05/07 21:31:31 - simulation time     650 (s) : SimLog- Tasks sent from edge devices                                            :             100 % (6698 among 6698 generated tasks)
2026/05/07 21:31:31 - simulation time     650 (s) : -------------------------------------All values below are based on the sent tasks-------------------------------------
2026/05/07 21:31:31 - simulation time     650 (s) : SimLog- Tasks ETE delay                                                         :      8818.2365 seconds
2026/05/07 21:31:31 - simulation time     650 (s) : SimLog- Average tasks ETE delay                                                 :         1.3205 seconds
2026/05/07 21:31:31 - simulation time     650 (s) : SimLog- Tasks execution delay                                                   :        6756.72 seconds
2026/05/07 21:31:31 - simulation time     650 (s) : SimLog- Average tasks execution delay                                           :         1.0088 seconds
2026/05/07 21:31:31 - simulation time     650 (s) : SimLog- Tasks waiting time (from task submiting to the execution start)         :      1170.2636 seconds
2026/05/07 21:31:31 - simulation time     650 (s) : SimLog- Average tasks waiting time (from task submiting to the execution start) :         0.1747 seconds
2026/05/07 21:31:31 - simulation time     650 (s) : SimLog- Tasks successfully executed                                             :        99.7014 % (6678 among 6698 sent tasks)
2026/05/07 21:31:31 - simulation time     650 (s) : SimLog- Tasks failures
2026/05/07 21:31:31 - simulation time     650 (s) :                                        Not executed due to resources unavailable:              0 % (0 tasks)
2026/05/07 21:31:31 - simulation time     650 (s) :                               Successfully executed but failed due to high delay:         0.2986 % (20 tasks from 6698 successfully sent tasks)
2026/05/07 21:31:31 - simulation time     650 (s) :                  Tasks execution results not returned because the device is dead:              0 % (0 tasks)
2026/05/07 21:31:31 - simulation time     650 (s) :                      Tasks execution results not returned due to device mobility:              0 % (0 tasks)
2026/05/07 21:31:31 - simulation time     650 (s) : SimLog- Tasks executed on each level                                : Cloud=             81 tasks (where 81 were successfully executed)
2026/05/07 21:31:31 - simulation time     650 (s) :                                                                        Edge=             56 tasks (where 56 were successfully executed)
2026/05/07 21:31:31 - simulation time     650 (s) :                                                                        Mist=           6561 tasks (where 6541 were successfully executed)
2026/05/07 21:31:31 - simulation time     650 (s) : SimLog- Network usage                                                           :            684 seconds (The total traffic: 1813.7 (MBytes))
2026/05/07 21:31:31 - simulation time     650 (s) :                                                                         Wan=             81 seconds (11.8421 % of total usage, WAN used when downloading containers=0 % of WAN usage)
2026/05/07 21:31:31 - simulation time     650 (s) :                                                                         Lan=            684 seconds (100 % of total usage, LAN used when downloading containers=0 % of LAN usage)
2026/05/07 21:31:31 - simulation time     650 (s) :                                                    Average bandwidth per transfer=      1013.3708 Mbps  
2026/05/07 21:31:31 - simulation time     650 (s) : SimLog- Average vm CPU utilization                                              :          0.608 %
2026/05/07 21:31:31 - simulation time     650 (s) : SimLog- Average vm CPU utilization per level                             : Cloud=              0 %
2026/05/07 21:31:31 - simulation time     650 (s) :                                                                             Edge=              0 %
2026/05/07 21:31:31 - simulation time     650 (s) :                                                                             Mist=         0.6564 %
2026/05/07 21:31:31 - simulation time     650 (s) : SimLog- Energy consumption                                                      : 8145178824964727800 W,    189.109 dBW
2026/05/07 21:31:31 - simulation time     650 (s) :                                                                                 :(Average:14289787412218820 W/data center(or device), 161.5503 dBW/data center(or device))
2026/05/07 21:31:31 - simulation time     650 (s) :                                                                                 :(Average:1216061335468009.5 W/task, 150.8496 dBW/task)
2026/05/07 21:31:31 - simulation time     650 (s) : SimLog- Energy Consumption per level                                     : Cloud= 4047731416477830700 W,   186.0721 dBW
2026/05/07 21:31:31 - simulation time     650 (s) :                                                                                 :(Average:224873967582101696 W/data center, 173.5194 dBW/data center)
2026/05/07 21:31:31 - simulation time     650 (s) :                                                                             Edge=  2887615761668414.5 W,   154.6054 dBW
2026/05/07 21:31:31 - simulation time     650 (s) :                                                                                 :(Average:120317323402850.61 W/data center, 140.8033 dBW/data center)
2026/05/07 21:31:31 - simulation time     650 (s) :                                                                             Mist= 4094559792725228500 W,   186.1221 dBW
2026/05/07 21:31:31 - simulation time     650 (s) :                                                                                 :(Average:7754848092282630 W/edge device, 158.8957 dBW/edge device)
2026/05/07 21:31:31 - simulation time     650 (s) : SimLog- Dead edge devices due to battery drain                                  :              0 devices (Among 0 devices with batteries (NaN %))
2026/05/07 21:31:31 - simulation time     650 (s) : SimLog- Average remaining power (devices with batteries that are still alive)   :              0 Wh (Average: 0 %)
2026/05/07 21:31:31 - simulation time     650 (s) : SimulationManager- the Scenario Simulation overflow times :1

================== Simulation finished at time 685.20 ==================


SimLog- Iteration finished...

######################################################################################################################################################################
Starting CloudSim Plus 4.3.0

2026/05/07 21:31:31 - simulation time       0 (s) : ServersManager- Datacenters and devices were generated
2026/05/07 21:31:31 - simulation time       0 (s) : SimulationManager-  Orchestration algorithm= TASK_CLF_Q_LEARNING-  Architechitecture= ALL -  number of edge devices= 594
2026/05/07 21:31:31 - simulation time       0 (s) : SimulationManager- Simulation: 1  , iteration: 24
2026/05/07 21:31:53 - simulation time     660 (s) : 
2026/05/07 21:31:53 - simulation time     660 (s) : ------------------------------------------------------- OUTPUT -------------------------------------------------------
2026/05/07 21:31:53 - simulation time     660 (s) : 
2026/05/07 21:31:53 - simulation time     660 (s) : SimLog- Tasks not sent because device died (low energy)                         :               0 % (0 tasks)
2026/05/07 21:31:53 - simulation time     660 (s) : SimLog- Tasks sent from edge devices                                            :             100 % (7518 among 7518 generated tasks)
2026/05/07 21:31:53 - simulation time     660 (s) : -------------------------------------All values below are based on the sent tasks-------------------------------------
2026/05/07 21:31:53 - simulation time     660 (s) : SimLog- Tasks ETE delay                                                         :     10826.8939 seconds
2026/05/07 21:31:53 - simulation time     660 (s) : SimLog- Average tasks ETE delay                                                 :         1.4467 seconds
2026/05/07 21:31:53 - simulation time     660 (s) : SimLog- Tasks execution delay                                                   :      8138.3785 seconds
2026/05/07 21:31:53 - simulation time     660 (s) : SimLog- Average tasks execution delay                                           :         1.0845 seconds
2026/05/07 21:31:53 - simulation time     660 (s) : SimLog- Tasks waiting time (from task submiting to the execution start)         :      1662.1596 seconds
2026/05/07 21:31:53 - simulation time     660 (s) : SimLog- Average tasks waiting time (from task submiting to the execution start) :         0.2215 seconds
2026/05/07 21:31:53 - simulation time     660 (s) : SimLog- Tasks successfully executed                                             :        99.5478 % (7484 among 7518 sent tasks)
2026/05/07 21:31:53 - simulation time     660 (s) : SimLog- Tasks failures
2026/05/07 21:31:53 - simulation time     660 (s) :                                        Not executed due to resources unavailable:              0 % (0 tasks)
2026/05/07 21:31:53 - simulation time     660 (s) :                               Successfully executed but failed due to high delay:         0.4256 % (32 tasks from 7518 successfully sent tasks)
2026/05/07 21:31:53 - simulation time     660 (s) :                  Tasks execution results not returned because the device is dead:              0 % (0 tasks)
2026/05/07 21:31:53 - simulation time     660 (s) :                      Tasks execution results not returned due to device mobility:         0.0266 % (2 tasks)
2026/05/07 21:31:53 - simulation time     660 (s) : SimLog- Tasks executed on each level                                : Cloud=            104 tasks (where 103 were successfully executed)
2026/05/07 21:31:53 - simulation time     660 (s) :                                                                        Edge=             65 tasks (where 64 were successfully executed)
2026/05/07 21:31:53 - simulation time     660 (s) :                                                                        Mist=           7349 tasks (where 7317 were successfully executed)
2026/05/07 21:31:53 - simulation time     660 (s) : SimLog- Network usage                                                           :            775 seconds (The total traffic: 2274.45 (MBytes))
2026/05/07 21:31:53 - simulation time     660 (s) :                                                                         Wan=            106 seconds (13.6774 % of total usage, WAN used when downloading containers=0 % of WAN usage)
2026/05/07 21:31:53 - simulation time     660 (s) :                                                                         Lan=            775 seconds (100 % of total usage, LAN used when downloading containers=0 % of LAN usage)
2026/05/07 21:31:53 - simulation time     660 (s) :                                                    Average bandwidth per transfer=       992.5791 Mbps  
2026/05/07 21:31:53 - simulation time     660 (s) : SimLog- Average vm CPU utilization                                              :         0.7034 %
2026/05/07 21:31:53 - simulation time     660 (s) : SimLog- Average vm CPU utilization per level                             : Cloud=         0.0078 %
2026/05/07 21:31:53 - simulation time     660 (s) :                                                                             Edge=         0.0004 %
2026/05/07 21:31:53 - simulation time     660 (s) :                                                                             Mist=         0.7529 %
2026/05/07 21:31:53 - simulation time     660 (s) : SimLog- Energy consumption                                                      :10373371635161395000 W,   190.1592 dBW
2026/05/07 21:31:53 - simulation time     660 (s) :                                                                                 :(Average:16310332759687728 W/data center(or device), 162.1246 dBW/data center(or device))
2026/05/07 21:31:53 - simulation time     660 (s) :                                                                                 :(Average:1380171851405188.2 W/task, 151.3993 dBW/task)
2026/05/07 21:31:53 - simulation time     660 (s) : SimLog- Energy Consumption per level                                     : Cloud= 5159335101200117800 W,   187.1259 dBW
2026/05/07 21:31:53 - simulation time     660 (s) :                                                                                 :(Average:286629727844450976 W/data center, 174.5732 dBW/data center)
2026/05/07 21:31:53 - simulation time     660 (s) :                                                                             Edge=  2435735284208169.5 W,   153.8663 dBW
2026/05/07 21:31:53 - simulation time     660 (s) :                                                                                 :(Average:101488970175340.39 W/data center, 140.0642 dBW/data center)
2026/05/07 21:31:53 - simulation time     660 (s) :                                                                             Mist= 5211600798677067800 W,   187.1697 dBW
2026/05/07 21:31:53 - simulation time     660 (s) :                                                                                 :(Average:8773738718311562 W/edge device, 159.4318 dBW/edge device)
2026/05/07 21:31:53 - simulation time     660 (s) : SimLog- Dead edge devices due to battery drain                                  :              0 devices (Among 0 devices with batteries (NaN %))
2026/05/07 21:31:53 - simulation time     660 (s) : SimLog- Average remaining power (devices with batteries that are still alive)   :              0 Wh (Average: 0 %)
2026/05/07 21:31:53 - simulation time     660 (s) : SimulationManager- the Scenario Simulation overflow times :1

================== Simulation finished at time 691.50 ==================


SimLog- Iteration finished...

######################################################################################################################################################################
Starting CloudSim Plus 4.3.0

2026/05/07 21:31:53 - simulation time       0 (s) : ServersManager- Datacenters and devices were generated
2026/05/07 21:31:53 - simulation time       0 (s) : SimulationManager-  Orchestration algorithm= TASK_CLF_Q_LEARNING-  Architechitecture= ALL -  number of edge devices= 660
2026/05/07 21:31:53 - simulation time       0 (s) : SimulationManager- Simulation: 1  , iteration: 25
2026/05/07 21:32:24 - simulation time     660 (s) : 
2026/05/07 21:32:24 - simulation time     660 (s) : ------------------------------------------------------- OUTPUT -------------------------------------------------------
2026/05/07 21:32:24 - simulation time     660 (s) : 
2026/05/07 21:32:24 - simulation time     660 (s) : SimLog- Tasks not sent because device died (low energy)                         :               0 % (0 tasks)
2026/05/07 21:32:24 - simulation time     660 (s) : SimLog- Tasks sent from edge devices                                            :             100 % (8344 among 8344 generated tasks)
2026/05/07 21:32:24 - simulation time     660 (s) : -------------------------------------All values below are based on the sent tasks-------------------------------------
2026/05/07 21:32:24 - simulation time     660 (s) : SimLog- Tasks ETE delay                                                         :     13123.4163 seconds
2026/05/07 21:32:24 - simulation time     660 (s) : SimLog- Average tasks ETE delay                                                 :         1.6039 seconds
2026/05/07 21:32:24 - simulation time     660 (s) : SimLog- Tasks execution delay                                                   :      9033.8628 seconds
2026/05/07 21:32:24 - simulation time     660 (s) : SimLog- Average tasks execution delay                                           :         1.0978 seconds
2026/05/07 21:32:24 - simulation time     660 (s) : SimLog- Tasks waiting time (from task submiting to the execution start)         :      2874.6046 seconds
2026/05/07 21:32:24 - simulation time     660 (s) : SimLog- Average tasks waiting time (from task submiting to the execution start) :         0.3493 seconds
2026/05/07 21:32:24 - simulation time     660 (s) : SimLog- Tasks successfully executed                                             :        98.0585 % (8182 among 8344 sent tasks)
2026/05/07 21:32:24 - simulation time     660 (s) : SimLog- Tasks failures
2026/05/07 21:32:24 - simulation time     660 (s) :                                        Not executed due to resources unavailable:              0 % (0 tasks)
2026/05/07 21:32:24 - simulation time     660 (s) :                               Successfully executed but failed due to high delay:         1.9175 % (160 tasks from 8344 successfully sent tasks)
2026/05/07 21:32:24 - simulation time     660 (s) :                  Tasks execution results not returned because the device is dead:              0 % (0 tasks)
2026/05/07 21:32:24 - simulation time     660 (s) :                      Tasks execution results not returned due to device mobility:          0.024 % (2 tasks)
2026/05/07 21:32:24 - simulation time     660 (s) : SimLog- Tasks executed on each level                                : Cloud=             76 tasks (where 76 were successfully executed)
2026/05/07 21:32:24 - simulation time     660 (s) :                                                                        Edge=             80 tasks (where 79 were successfully executed)
2026/05/07 21:32:24 - simulation time     660 (s) :                                                                        Mist=           8188 tasks (where 8027 were successfully executed)
2026/05/07 21:32:24 - simulation time     660 (s) : SimLog- Network usage                                                           :            985 seconds (The total traffic: 1580 (MBytes))
2026/05/07 21:32:24 - simulation time     660 (s) :                                                                         Wan=             76 seconds (7.7157 % of total usage, WAN used when downloading containers=0 % of WAN usage)
2026/05/07 21:32:24 - simulation time     660 (s) :                                                                         Lan=            985 seconds (100 % of total usage, LAN used when downloading containers=0 % of LAN usage)
2026/05/07 21:32:24 - simulation time     660 (s) :                                                    Average bandwidth per transfer=      1017.5892 Mbps  
2026/05/07 21:32:24 - simulation time     660 (s) : SimLog- Average vm CPU utilization                                              :         0.6832 %
2026/05/07 21:32:24 - simulation time     660 (s) : SimLog- Average vm CPU utilization per level                             : Cloud=         0.0006 %
2026/05/07 21:32:24 - simulation time     660 (s) :                                                                             Edge=              0 %
2026/05/07 21:32:24 - simulation time     660 (s) :                                                                             Mist=         0.7266 %
2026/05/07 21:32:24 - simulation time     660 (s) : SimLog- Energy consumption                                                      : 6773722406648946700 W,   188.3083 dBW
2026/05/07 21:32:24 - simulation time     660 (s) :                                                                                 :(Average:9649177217448642 W/data center(or device), 159.8449 dBW/data center(or device))
2026/05/07 21:32:24 - simulation time     660 (s) :                                                                                 :(Average:812002206503110.4 W/task, 149.0956 dBW/task)
2026/05/07 21:32:24 - simulation time     660 (s) : SimLog- Energy Consumption per level                                     : Cloud= 3356988435265796100 W,   185.2595 dBW
2026/05/07 21:32:24 - simulation time     660 (s) :                                                                                 :(Average:186499357514766464 W/data center, 172.7068 dBW/data center)
2026/05/07 21:32:24 - simulation time     660 (s) :                                                                             Edge=    2990990933871256 W,   154.7582 dBW
2026/05/07 21:32:24 - simulation time     660 (s) :                                                                                 :(Average:124624622244635.67 W/data center, 140.956 dBW/data center)
2026/05/07 21:32:24 - simulation time     660 (s) :                                                                             Mist= 3413742980449280000 W,   185.3323 dBW
2026/05/07 21:32:24 - simulation time     660 (s) :                                                                                 :(Average:5172337849165576 W/edge device, 157.1369 dBW/edge device)
2026/05/07 21:32:24 - simulation time     660 (s) : SimLog- Dead edge devices due to battery drain                                  :              0 devices (Among 0 devices with batteries (NaN %))
2026/05/07 21:32:24 - simulation time     660 (s) : SimLog- Average remaining power (devices with batteries that are still alive)   :              0 Wh (Average: 0 %)
2026/05/07 21:32:24 - simulation time     660 (s) : SimulationManager- the Scenario Simulation overflow times :1

================== Simulation finished at time 691.50 ==================


SimLog- Iteration finished...

######################################################################################################################################################################
Starting CloudSim Plus 4.3.0

2026/05/07 21:32:24 - simulation time       0 (s) : ServersManager- Datacenters and devices were generated
2026/05/07 21:32:24 - simulation time       0 (s) : SimulationManager-  Orchestration algorithm= TASK_CLF_Q_LEARNING-  Architechitecture= ALL -  number of edge devices= 726
2026/05/07 21:32:24 - simulation time       0 (s) : SimulationManager- Simulation: 1  , iteration: 26
2026/05/07 21:33:09 - simulation time     660 (s) : 
2026/05/07 21:33:09 - simulation time     660 (s) : ------------------------------------------------------- OUTPUT -------------------------------------------------------
2026/05/07 21:33:09 - simulation time     660 (s) : 
2026/05/07 21:33:09 - simulation time     660 (s) : SimLog- Tasks not sent because device died (low energy)                         :               0 % (0 tasks)
2026/05/07 21:33:09 - simulation time     660 (s) : SimLog- Tasks sent from edge devices                                            :             100 % (9188 among 9188 generated tasks)
2026/05/07 21:33:09 - simulation time     660 (s) : -------------------------------------All values below are based on the sent tasks-------------------------------------
2026/05/07 21:33:09 - simulation time     660 (s) : SimLog- Tasks ETE delay                                                         :     15610.3455 seconds
2026/05/07 21:33:09 - simulation time     660 (s) : SimLog- Average tasks ETE delay                                                 :         1.7601 seconds
2026/05/07 21:33:09 - simulation time     660 (s) : SimLog- Tasks execution delay                                                   :      8373.0994 seconds
2026/05/07 21:33:09 - simulation time     660 (s) : SimLog- Average tasks execution delay                                           :         0.9412 seconds
2026/05/07 21:33:09 - simulation time     660 (s) : SimLog- Tasks waiting time (from task submiting to the execution start)         :      5351.3491 seconds
2026/05/07 21:33:09 - simulation time     660 (s) : SimLog- Average tasks waiting time (from task submiting to the execution start) :         0.6015 seconds
2026/05/07 21:33:09 - simulation time     660 (s) : SimLog- Tasks successfully executed                                             :         96.539 % (8870 among 9188 sent tasks)
2026/05/07 21:33:09 - simulation time     660 (s) : SimLog- Tasks failures
2026/05/07 21:33:09 - simulation time     660 (s) :                                        Not executed due to resources unavailable:              0 % (0 tasks)
2026/05/07 21:33:09 - simulation time     660 (s) :                               Successfully executed but failed due to high delay:         3.4175 % (314 tasks from 9188 successfully sent tasks)
2026/05/07 21:33:09 - simulation time     660 (s) :                  Tasks execution results not returned because the device is dead:              0 % (0 tasks)
2026/05/07 21:33:09 - simulation time     660 (s) :                      Tasks execution results not returned due to device mobility:         0.0435 % (4 tasks)
2026/05/07 21:33:09 - simulation time     660 (s) : SimLog- Tasks executed on each level                                : Cloud=            184 tasks (where 182 were successfully executed)
2026/05/07 21:33:09 - simulation time     660 (s) :                                                                        Edge=            107 tasks (where 107 were successfully executed)
2026/05/07 21:33:09 - simulation time     660 (s) :                                                                        Mist=           8897 tasks (where 8581 were successfully executed)
2026/05/07 21:33:09 - simulation time     660 (s) : SimLog- Network usage                                                           :           1409 seconds (The total traffic: 3816.95 (MBytes))
2026/05/07 21:33:09 - simulation time     660 (s) :                                                                         Wan=            210 seconds (14.9042 % of total usage, WAN used when downloading containers=0 % of WAN usage)
2026/05/07 21:33:09 - simulation time     660 (s) :                                                                         Lan=           1409 seconds (100 % of total usage, LAN used when downloading containers=0 % of LAN usage)
2026/05/07 21:33:09 - simulation time     660 (s) :                                                    Average bandwidth per transfer=        930.084 Mbps  
2026/05/07 21:33:09 - simulation time     660 (s) : SimLog- Average vm CPU utilization                                              :         0.6584 %
2026/05/07 21:33:09 - simulation time     660 (s) : SimLog- Average vm CPU utilization per level                             : Cloud=           0.06 %
2026/05/07 21:33:09 - simulation time     660 (s) :                                                                             Edge=         0.2587 %
2026/05/07 21:33:09 - simulation time     660 (s) :                                                                             Mist=         0.6864 %
2026/05/07 21:33:09 - simulation time     660 (s) : SimLog- Energy consumption                                                      :23128819228328882000 W,   193.6415 dBW
2026/05/07 21:33:09 - simulation time     660 (s) :                                                                                 :(Average:30115650036886564 W/data center(or device), 164.7879 dBW/data center(or device))
2026/05/07 21:33:09 - simulation time     660 (s) :                                                                                 :(Average:2518381884617692 W/task, 154.0112 dBW/task)
2026/05/07 21:33:09 - simulation time     660 (s) : SimLog- Energy Consumption per level                                     : Cloud=11508304579770278000 W,   190.6101 dBW
2026/05/07 21:33:09 - simulation time     660 (s) :                                                                                 :(Average:639350254431682050 W/data center, 178.0574 dBW/data center)
2026/05/07 21:33:09 - simulation time     660 (s) :                                                                             Edge=    3671958149286624 W,    155.649 dBW
2026/05/07 21:33:09 - simulation time     660 (s) :                                                                                 :(Average:152998256220276 W/data center, 141.8469 dBW/data center)
2026/05/07 21:33:09 - simulation time     660 (s) :                                                                             Mist=11616842690409318000 W,   190.6509 dBW
2026/05/07 21:33:09 - simulation time     660 (s) :                                                                                 :(Average:16001160730591348 W/edge device, 162.0415 dBW/edge device)
2026/05/07 21:33:09 - simulation time     660 (s) : SimLog- Dead edge devices due to battery drain                                  :              0 devices (Among 0 devices with batteries (NaN %))
2026/05/07 21:33:09 - simulation time     660 (s) : SimLog- Average remaining power (devices with batteries that are still alive)   :              0 Wh (Average: 0 %)
2026/05/07 21:33:09 - simulation time     660 (s) : SimulationManager- the Scenario Simulation overflow times :2

================== Simulation finished at time 691.50 ==================


SimLog- Iteration finished...

######################################################################################################################################################################
Starting CloudSim Plus 4.3.0

2026/05/07 21:33:10 - simulation time       0 (s) : ServersManager- Datacenters and devices were generated
2026/05/07 21:33:10 - simulation time       0 (s) : SimulationManager-  Orchestration algorithm= TASK_CLF_Q_LEARNING-  Architechitecture= ALL -  number of edge devices= 792
2026/05/07 21:33:10 - simulation time       0 (s) : SimulationManager- Simulation: 1  , iteration: 27
2026/05/07 21:34:19 - simulation time     660 (s) : 
2026/05/07 21:34:19 - simulation time     660 (s) : ------------------------------------------------------- OUTPUT -------------------------------------------------------
2026/05/07 21:34:19 - simulation time     660 (s) : 
2026/05/07 21:34:19 - simulation time     660 (s) : SimLog- Tasks not sent because device died (low energy)                         :               0 % (0 tasks)
2026/05/07 21:34:19 - simulation time     660 (s) : SimLog- Tasks sent from edge devices                                            :             100 % (10032 among 10032 generated tasks)
2026/05/07 21:34:19 - simulation time     660 (s) : -------------------------------------All values below are based on the sent tasks-------------------------------------
2026/05/07 21:34:19 - simulation time     660 (s) : SimLog- Tasks ETE delay                                                         :     23503.1835 seconds
2026/05/07 21:34:19 - simulation time     660 (s) : SimLog- Average tasks ETE delay                                                 :         2.4482 seconds
2026/05/07 21:34:19 - simulation time     660 (s) : SimLog- Tasks execution delay                                                   :      10326.058 seconds
2026/05/07 21:34:19 - simulation time     660 (s) : SimLog- Average tasks execution delay                                           :         1.0726 seconds
2026/05/07 21:34:19 - simulation time     660 (s) : SimLog- Tasks waiting time (from task submiting to the execution start)         :     10222.5682 seconds
2026/05/07 21:34:19 - simulation time     660 (s) : SimLog- Average tasks waiting time (from task submiting to the execution start) :         1.0619 seconds
2026/05/07 21:34:19 - simulation time     660 (s) : SimLog- Tasks successfully executed                                             :        95.6938 % (9600 among 10032 sent tasks)
2026/05/07 21:34:19 - simulation time     660 (s) : SimLog- Tasks failures
2026/05/07 21:34:19 - simulation time     660 (s) :                                        Not executed due to resources unavailable:              0 % (0 tasks)
2026/05/07 21:34:19 - simulation time     660 (s) :                               Successfully executed but failed due to high delay:         4.2464 % (426 tasks from 10032 successfully sent tasks)
2026/05/07 21:34:19 - simulation time     660 (s) :                  Tasks execution results not returned because the device is dead:              0 % (0 tasks)
2026/05/07 21:34:19 - simulation time     660 (s) :                      Tasks execution results not returned due to device mobility:         0.0598 % (6 tasks)
2026/05/07 21:34:19 - simulation time     660 (s) : SimLog- Tasks executed on each level                                : Cloud=            326 tasks (where 321 were successfully executed)
2026/05/07 21:34:19 - simulation time     660 (s) :                                                                        Edge=            147 tasks (where 147 were successfully executed)
2026/05/07 21:34:19 - simulation time     660 (s) :                                                                        Mist=           9559 tasks (where 9132 were successfully executed)
2026/05/07 21:34:19 - simulation time     660 (s) : SimLog- Network usage                                                           :           2151 seconds (The total traffic: 6692.2 (MBytes))
2026/05/07 21:34:19 - simulation time     660 (s) :                                                                         Wan=            414 seconds (19.2469 % of total usage, WAN used when downloading containers=0 % of WAN usage)
2026/05/07 21:34:19 - simulation time     660 (s) :                                                                         Lan=           2151 seconds (100 % of total usage, LAN used when downloading containers=0 % of LAN usage)
2026/05/07 21:34:19 - simulation time     660 (s) :                                                    Average bandwidth per transfer=       870.5712 Mbps  
2026/05/07 21:34:19 - simulation time     660 (s) : SimLog- Average vm CPU utilization                                              :         0.6803 %
2026/05/07 21:34:19 - simulation time     660 (s) : SimLog- Average vm CPU utilization per level                             : Cloud=          0.119 %
2026/05/07 21:34:19 - simulation time     660 (s) :                                                                             Edge=              0 %
2026/05/07 21:34:19 - simulation time     660 (s) :                                                                             Mist=         0.7137 %
2026/05/07 21:34:19 - simulation time     660 (s) : SimLog- Energy consumption                                                      :35668309408599180000 W,   195.5228 dBW
2026/05/07 21:34:19 - simulation time     660 (s) :                                                                                 :(Average:42767757084651296 W/data center(or device), 166.3112 dBW/data center(or device))
2026/05/07 21:34:19 - simulation time     660 (s) :                                                                                 :(Average:3556517041439742.5 W/task, 155.5102 dBW/task)
2026/05/07 21:34:19 - simulation time     660 (s) : SimLog- Energy Consumption per level                                     : Cloud=17693939541716867000 W,   192.4782 dBW
2026/05/07 21:34:19 - simulation time     660 (s) :                                                                                 :(Average:982996641206492670 W/data center, 179.9255 dBW/data center)
2026/05/07 21:34:19 - simulation time     660 (s) :                                                                             Edge=    5275782350728512 W,   157.2229 dBW
2026/05/07 21:34:19 - simulation time     660 (s) :                                                                                 :(Average:219824264613688 W/data center, 143.4208 dBW/data center)
2026/05/07 21:34:19 - simulation time     660 (s) :                                                                             Mist=17969094084531585000 W,   192.5453 dBW
2026/05/07 21:34:19 - simulation time     660 (s) :                                                                                 :(Average:22688250106731800 W/edge device, 163.558 dBW/edge device)
2026/05/07 21:34:19 - simulation time     660 (s) : SimLog- Dead edge devices due to battery drain                                  :              0 devices (Among 0 devices with batteries (NaN %))
2026/05/07 21:34:19 - simulation time     660 (s) : SimLog- Average remaining power (devices with batteries that are still alive)   :              0 Wh (Average: 0 %)
2026/05/07 21:34:19 - simulation time     660 (s) : SimulationManager- the Scenario Simulation overflow times :2

================== Simulation finished at time 691.50 ==================


SimLog- Iteration finished...

######################################################################################################################################################################
Starting CloudSim Plus 4.3.0

2026/05/07 21:34:20 - simulation time       0 (s) : ServersManager- Datacenters and devices were generated
2026/05/07 21:34:20 - simulation time       0 (s) : SimulationManager-  Orchestration algorithm= TASK_CLF_Q_LEARNING-  Architechitecture= ALL -  number of edge devices= 858
2026/05/07 21:34:20 - simulation time       0 (s) : SimulationManager- Simulation: 1  , iteration: 28
2026/05/07 21:36:01 - simulation time     660 (s) : 
2026/05/07 21:36:01 - simulation time     660 (s) : ------------------------------------------------------- OUTPUT -------------------------------------------------------
2026/05/07 21:36:01 - simulation time     660 (s) : 
2026/05/07 21:36:01 - simulation time     660 (s) : SimLog- Tasks not sent because device died (low energy)                         :               0 % (0 tasks)
2026/05/07 21:36:01 - simulation time     660 (s) : SimLog- Tasks sent from edge devices                                            :             100 % (10864 among 10864 generated tasks)
2026/05/07 21:36:01 - simulation time     660 (s) : -------------------------------------All values below are based on the sent tasks-------------------------------------
2026/05/07 21:36:01 - simulation time     660 (s) : SimLog- Tasks ETE delay                                                         :     29140.2903 seconds
2026/05/07 21:36:01 - simulation time     660 (s) : SimLog- Average tasks ETE delay                                                 :         2.8101 seconds
2026/05/07 21:36:01 - simulation time     660 (s) : SimLog- Tasks execution delay                                                   :     10931.3585 seconds
2026/05/07 21:36:01 - simulation time     660 (s) : SimLog- Average tasks execution delay                                           :         1.0504 seconds
2026/05/07 21:36:01 - simulation time     660 (s) : SimLog- Tasks waiting time (from task submiting to the execution start)         :     16001.9038 seconds
2026/05/07 21:36:01 - simulation time     660 (s) : SimLog- Average tasks waiting time (from task submiting to the execution start) :         1.5376 seconds
2026/05/07 21:36:01 - simulation time     660 (s) : SimLog- Tasks successfully executed                                             :        95.4529 % (10370 among 10864 sent tasks)
2026/05/07 21:36:01 - simulation time     660 (s) : SimLog- Tasks failures
2026/05/07 21:36:01 - simulation time     660 (s) :                                        Not executed due to resources unavailable:              0 % (0 tasks)
2026/05/07 21:36:01 - simulation time     660 (s) :                               Successfully executed but failed due to high delay:         4.4551 % (484 tasks from 10864 successfully sent tasks)
2026/05/07 21:36:01 - simulation time     660 (s) :                  Tasks execution results not returned because the device is dead:              0 % (0 tasks)
2026/05/07 21:36:01 - simulation time     660 (s) :                      Tasks execution results not returned due to device mobility:          0.092 % (10 tasks)
2026/05/07 21:36:01 - simulation time     660 (s) : SimLog- Tasks executed on each level                                : Cloud=            352 tasks (where 342 were successfully executed)
2026/05/07 21:36:01 - simulation time     660 (s) :                                                                        Edge=             78 tasks (where 78 were successfully executed)
2026/05/07 21:36:01 - simulation time     660 (s) :                                                                        Mist=          10434 tasks (where 9950 were successfully executed)
2026/05/07 21:36:01 - simulation time     660 (s) : SimLog- Network usage                                                           :           1787 seconds (The total traffic: 7227.05 (MBytes))
2026/05/07 21:36:01 - simulation time     660 (s) :                                                                         Wan=            486 seconds (27.1964 % of total usage, WAN used when downloading containers=0 % of WAN usage)
2026/05/07 21:36:01 - simulation time     660 (s) :                                                                         Lan=           1787 seconds (100 % of total usage, LAN used when downloading containers=0 % of LAN usage)
2026/05/07 21:36:01 - simulation time     660 (s) :                                                    Average bandwidth per transfer=       827.3237 Mbps  
2026/05/07 21:36:01 - simulation time     660 (s) : SimLog- Average vm CPU utilization                                              :          0.787 %
2026/05/07 21:36:01 - simulation time     660 (s) : SimLog- Average vm CPU utilization per level                             : Cloud=         0.1411 %
2026/05/07 21:36:01 - simulation time     660 (s) :                                                                             Edge=         0.0009 %
2026/05/07 21:36:01 - simulation time     660 (s) :                                                                             Mist=         0.8225 %
2026/05/07 21:36:01 - simulation time     660 (s) : SimLog- Energy consumption                                                      :45248430221092930000 W,    196.556 dBW
2026/05/07 21:36:01 - simulation time     660 (s) :                                                                                 :(Average:50276033578992144 W/data center(or device), 167.0136 dBW/data center(or device))
2026/05/07 21:36:01 - simulation time     660 (s) :                                                                                 :(Average:4164988054224312.5 W/task, 156.1961 dBW/task)
2026/05/07 21:36:01 - simulation time     660 (s) : SimLog- Energy Consumption per level                                     : Cloud=22470211102192250000 W,   193.5161 dBW
2026/05/07 21:36:01 - simulation time     660 (s) :                                                                                 :(Average:1248345061232902910 W/data center, 180.9633 dBW/data center)
2026/05/07 21:36:01 - simulation time     660 (s) :                                                                             Edge=  4094015504192278.5 W,   156.1215 dBW
2026/05/07 21:36:01 - simulation time     660 (s) :                                                                                 :(Average:170583979341344.94 W/data center, 142.3194 dBW/data center)
2026/05/07 21:36:01 - simulation time     660 (s) :                                                                             Mist=22774125103396483000 W,   193.5744 dBW
2026/05/07 21:36:01 - simulation time     660 (s) :                                                                                 :(Average:26543269351277952 W/edge device, 164.2395 dBW/edge device)
2026/05/07 21:36:01 - simulation time     660 (s) : SimLog- Dead edge devices due to battery drain                                  :              0 devices (Among 0 devices with batteries (NaN %))
2026/05/07 21:36:01 - simulation time     660 (s) : SimLog- Average remaining power (devices with batteries that are still alive)   :              0 Wh (Average: 0 %)
2026/05/07 21:36:01 - simulation time     660 (s) : SimulationManager- the Scenario Simulation overflow times :2

================== Simulation finished at time 691.50 ==================


SimLog- Iteration finished...

######################################################################################################################################################################
Starting CloudSim Plus 4.3.0

2026/05/07 21:36:01 - simulation time       0 (s) : ServersManager- Datacenters and devices were generated
2026/05/07 21:36:01 - simulation time       0 (s) : SimulationManager-  Orchestration algorithm= TASK_CLF_Q_LEARNING-  Architechitecture= ALL -  number of edge devices= 924
2026/05/07 21:36:01 - simulation time       0 (s) : SimulationManager- Simulation: 1  , iteration: 29
2026/05/07 21:37:20 - simulation time     660 (s) : 
2026/05/07 21:37:20 - simulation time     660 (s) : ------------------------------------------------------- OUTPUT -------------------------------------------------------
2026/05/07 21:37:20 - simulation time     660 (s) : 
2026/05/07 21:37:20 - simulation time     660 (s) : SimLog- Tasks not sent because device died (low energy)                         :               0 % (0 tasks)
2026/05/07 21:37:20 - simulation time     660 (s) : SimLog- Tasks sent from edge devices                                            :             100 % (11710 among 11710 generated tasks)
2026/05/07 21:37:20 - simulation time     660 (s) : -------------------------------------All values below are based on the sent tasks-------------------------------------
2026/05/07 21:37:20 - simulation time     660 (s) : SimLog- Tasks ETE delay                                                         :     35989.3353 seconds
2026/05/07 21:37:20 - simulation time     660 (s) : SimLog- Average tasks ETE delay                                                 :         3.2312 seconds
2026/05/07 21:37:20 - simulation time     660 (s) : SimLog- Tasks execution delay                                                   :     11946.2697 seconds
2026/05/07 21:37:20 - simulation time     660 (s) : SimLog- Average tasks execution delay                                           :         1.0673 seconds
2026/05/07 21:37:20 - simulation time     660 (s) : SimLog- Tasks waiting time (from task submiting to the execution start)         :     22567.9229 seconds
2026/05/07 21:37:20 - simulation time     660 (s) : SimLog- Average tasks waiting time (from task submiting to the execution start) :         2.0163 seconds
2026/05/07 21:37:20 - simulation time     660 (s) : SimLog- Tasks successfully executed                                             :        95.1153 % (11138 among 11710 sent tasks)
2026/05/07 21:37:20 - simulation time     660 (s) : SimLog- Tasks failures
2026/05/07 21:37:20 - simulation time     660 (s) :                                        Not executed due to resources unavailable:              0 % (0 tasks)
2026/05/07 21:37:20 - simulation time     660 (s) :                               Successfully executed but failed due to high delay:         4.8591 % (569 tasks from 11710 successfully sent tasks)
2026/05/07 21:37:20 - simulation time     660 (s) :                  Tasks execution results not returned because the device is dead:              0 % (0 tasks)
2026/05/07 21:37:20 - simulation time     660 (s) :                      Tasks execution results not returned due to device mobility:         0.0256 % (3 tasks)
2026/05/07 21:37:20 - simulation time     660 (s) : SimLog- Tasks executed on each level                                : Cloud=            124 tasks (where 123 were successfully executed)
2026/05/07 21:37:20 - simulation time     660 (s) :                                                                        Edge=             84 tasks (where 82 were successfully executed)
2026/05/07 21:37:20 - simulation time     660 (s) :                                                                        Mist=          11502 tasks (where 10933 were successfully executed)
2026/05/07 21:37:20 - simulation time     660 (s) : SimLog- Network usage                                                           :           1158 seconds (The total traffic: 2735.25 (MBytes))
2026/05/07 21:37:20 - simulation time     660 (s) :                                                                         Wan=            124 seconds (10.7081 % of total usage, WAN used when downloading containers=0 % of WAN usage)
2026/05/07 21:37:20 - simulation time     660 (s) :                                                                         Lan=           1158 seconds (100 % of total usage, LAN used when downloading containers=0 % of LAN usage)
2026/05/07 21:37:20 - simulation time     660 (s) :                                                    Average bandwidth per transfer=      1019.5786 Mbps  
2026/05/07 21:37:20 - simulation time     660 (s) : SimLog- Average vm CPU utilization                                              :         0.7066 %
2026/05/07 21:37:20 - simulation time     660 (s) : SimLog- Average vm CPU utilization per level                             : Cloud=         0.0076 %
2026/05/07 21:37:20 - simulation time     660 (s) :                                                                             Edge=         0.0004 %
2026/05/07 21:37:20 - simulation time     660 (s) :                                                                             Mist=         0.7385 %
2026/05/07 21:37:20 - simulation time     660 (s) : SimLog- Energy consumption                                                      :12540780453598353000 W,   190.9832 dBW
2026/05/07 21:37:20 - simulation time     660 (s) :                                                                                 :(Average:12982174382606992 W/data center(or device), 161.1335 dBW/data center(or device))
2026/05/07 21:37:20 - simulation time     660 (s) :                                                                                 :(Average:1071129181209288.8 W/task, 150.2984 dBW/task)
2026/05/07 21:37:20 - simulation time     660 (s) : SimLog- Energy Consumption per level                                     : Cloud= 6232975580466503700 W,    187.947 dBW
2026/05/07 21:37:20 - simulation time     660 (s) :                                                                                 :(Average:346276421137027970 W/data center, 175.3942 dBW/data center)
2026/05/07 21:37:20 - simulation time     660 (s) :                                                                             Edge=    3495748695473026 W,   155.4354 dBW
2026/05/07 21:37:20 - simulation time     660 (s) :                                                                                 :(Average:145656195644709.4 W/data center, 141.6333 dBW/data center)
2026/05/07 21:37:20 - simulation time     660 (s) :                                                                             Mist= 6304309124436376600 W,   187.9964 dBW
2026/05/07 21:37:20 - simulation time     660 (s) :                                                                                 :(Average:6822845372766641 W/edge device, 158.3397 dBW/edge device)
2026/05/07 21:37:20 - simulation time     660 (s) : SimLog- Dead edge devices due to battery drain                                  :              0 devices (Among 0 devices with batteries (NaN %))
2026/05/07 21:37:20 - simulation time     660 (s) : SimLog- Average remaining power (devices with batteries that are still alive)   :              0 Wh (Average: 0 %)
2026/05/07 21:37:20 - simulation time     660 (s) : SimulationManager- the Scenario Simulation overflow times :2

================== Simulation finished at time 691.50 ==================


SimLog- Iteration finished...

######################################################################################################################################################################
Starting CloudSim Plus 4.3.0

2026/05/07 21:37:20 - simulation time       0 (s) : ServersManager- Datacenters and devices were generated
2026/05/07 21:37:20 - simulation time       0 (s) : SimulationManager-  Orchestration algorithm= TASK_CLF_Q_LEARNING-  Architechitecture= ALL -  number of edge devices= 990
2026/05/07 21:37:20 - simulation time       0 (s) : SimulationManager- Simulation: 1  , iteration: 30
2026/05/07 21:38:31 - simulation time     660 (s) : 
2026/05/07 21:38:31 - simulation time     660 (s) : ------------------------------------------------------- OUTPUT -------------------------------------------------------
2026/05/07 21:38:31 - simulation time     660 (s) : 
2026/05/07 21:38:31 - simulation time     660 (s) : SimLog- Tasks not sent because device died (low energy)                         :               0 % (0 tasks)
2026/05/07 21:38:31 - simulation time     660 (s) : SimLog- Tasks sent from edge devices                                            :             100 % (12518 among 12518 generated tasks)
2026/05/07 21:38:31 - simulation time     660 (s) : -------------------------------------All values below are based on the sent tasks-------------------------------------
2026/05/07 21:38:31 - simulation time     660 (s) : SimLog- Tasks ETE delay                                                         :     40892.5423 seconds
2026/05/07 21:38:31 - simulation time     660 (s) : SimLog- Average tasks ETE delay                                                 :         3.4529 seconds
2026/05/07 21:38:31 - simulation time     660 (s) : SimLog- Tasks execution delay                                                   :      11761.155 seconds
2026/05/07 21:38:31 - simulation time     660 (s) : SimLog- Average tasks execution delay                                           :         0.9881 seconds
2026/05/07 21:38:31 - simulation time     660 (s) : SimLog- Tasks waiting time (from task submiting to the execution start)         :     27294.9549 seconds
2026/05/07 21:38:31 - simulation time     660 (s) : SimLog- Average tasks waiting time (from task submiting to the execution start) :         2.2931 seconds
2026/05/07 21:38:31 - simulation time     660 (s) : SimLog- Tasks successfully executed                                             :        94.6078 % (11843 among 12518 sent tasks)
2026/05/07 21:38:31 - simulation time     660 (s) : SimLog- Tasks failures
2026/05/07 21:38:31 - simulation time     660 (s) :                                        Not executed due to resources unavailable:              0 % (0 tasks)
2026/05/07 21:38:31 - simulation time     660 (s) :                               Successfully executed but failed due to high delay:         5.3203 % (666 tasks from 12518 successfully sent tasks)
2026/05/07 21:38:31 - simulation time     660 (s) :                  Tasks execution results not returned because the device is dead:              0 % (0 tasks)
2026/05/07 21:38:31 - simulation time     660 (s) :                      Tasks execution results not returned due to device mobility:         0.0719 % (9 tasks)
2026/05/07 21:38:31 - simulation time     660 (s) : SimLog- Tasks executed on each level                                : Cloud=            136 tasks (where 132 were successfully executed)
2026/05/07 21:38:31 - simulation time     660 (s) :                                                                        Edge=            127 tasks (where 126 were successfully executed)
2026/05/07 21:38:31 - simulation time     660 (s) :                                                                        Mist=          12255 tasks (where 11585 were successfully executed)
2026/05/07 21:38:31 - simulation time     660 (s) : SimLog- Network usage                                                           :           1603 seconds (The total traffic: 2748.45 (MBytes))
2026/05/07 21:38:31 - simulation time     660 (s) :                                                                         Wan=            136 seconds (8.4841 % of total usage, WAN used when downloading containers=0 % of WAN usage)
2026/05/07 21:38:31 - simulation time     660 (s) :                                                                         Lan=           1603 seconds (100 % of total usage, LAN used when downloading containers=0 % of LAN usage)
2026/05/07 21:38:31 - simulation time     660 (s) :                                                    Average bandwidth per transfer=      1020.5931 Mbps  
2026/05/07 21:38:31 - simulation time     660 (s) : SimLog- Average vm CPU utilization                                              :         0.6802 %
2026/05/07 21:38:31 - simulation time     660 (s) : SimLog- Average vm CPU utilization per level                             : Cloud=         0.0047 %
2026/05/07 21:38:31 - simulation time     660 (s) :                                                                             Edge=              0 %
2026/05/07 21:38:31 - simulation time     660 (s) :                                                                             Mist=          0.709 %
2026/05/07 21:38:31 - simulation time     660 (s) : SimLog- Energy consumption                                                      :11985090940340556000 W,   190.7864 dBW
2026/05/07 21:38:31 - simulation time     660 (s) :                                                                                 :(Average:11613460213508290 W/data center(or device), 160.6496 dBW/data center(or device))
2026/05/07 21:38:31 - simulation time     660 (s) :                                                                                 :(Average:957505068334309.8 W/task, 149.8114 dBW/task)
2026/05/07 21:38:31 - simulation time     660 (s) : SimLog- Energy Consumption per level                                     : Cloud= 5925690703657152500 W,   187.7274 dBW
2026/05/07 21:38:31 - simulation time     660 (s) :                                                                                 :(Average:329205039092064000 W/data center, 175.1747 dBW/data center)
2026/05/07 21:38:31 - simulation time     660 (s) :                                                                             Edge=    4744749412522976 W,   156.7621 dBW
2026/05/07 21:38:31 - simulation time     660 (s) :                                                                                 :(Average:197697892188457.34 W/data center, 142.96 dBW/data center)
2026/05/07 21:38:31 - simulation time     660 (s) :                                                                             Mist= 6054655487270880300 W,   187.8209 dBW
2026/05/07 21:38:31 - simulation time     660 (s) :                                                                                 :(Average:6115813623505940 W/edge device, 157.8645 dBW/edge device)
2026/05/07 21:38:31 - simulation time     660 (s) : SimLog- Dead edge devices due to battery drain                                  :              0 devices (Among 0 devices with batteries (NaN %))
2026/05/07 21:38:31 - simulation time     660 (s) : SimLog- Average remaining power (devices with batteries that are still alive)   :              0 Wh (Average: 0 %)
2026/05/07 21:38:31 - simulation time     660 (s) : SimulationManager- the Scenario Simulation overflow times :2

================== Simulation finished at time 691.50 ==================


SimLog- Iteration finished...

######################################################################################################################################################################
Starting CloudSim Plus 4.3.0

2026/05/07 21:38:31 - simulation time       0 (s) : ServersManager- Datacenters and devices were generated
2026/05/07 21:38:31 - simulation time       0 (s) : SimulationManager-  Orchestration algorithm= WEIGHT_GREEDY-  Architechitecture= ALL -  number of edge devices= 66
2026/05/07 21:38:31 - simulation time       0 (s) : SimulationManager- Simulation: 1  , iteration: 31
2026/05/07 21:38:32 - simulation time     660 (s) : 
2026/05/07 21:38:32 - simulation time     660 (s) : ------------------------------------------------------- OUTPUT -------------------------------------------------------
2026/05/07 21:38:32 - simulation time     660 (s) : 
2026/05/07 21:38:32 - simulation time     660 (s) : SimLog- Tasks not sent because device died (low energy)                         :               0 % (0 tasks)
2026/05/07 21:38:32 - simulation time     660 (s) : SimLog- Tasks sent from edge devices                                            :             100 % (848 among 848 generated tasks)
2026/05/07 21:38:32 - simulation time     660 (s) : -------------------------------------All values below are based on the sent tasks-------------------------------------
2026/05/07 21:38:32 - simulation time     660 (s) : SimLog- Tasks ETE delay                                                         :      2543.9491 seconds
2026/05/07 21:38:32 - simulation time     660 (s) : SimLog- Average tasks ETE delay                                                 :         3.3429 seconds
2026/05/07 21:38:32 - simulation time     660 (s) : SimLog- Tasks execution delay                                                   :       333.8041 seconds
2026/05/07 21:38:32 - simulation time     660 (s) : SimLog- Average tasks execution delay                                           :         0.3941 seconds
2026/05/07 21:38:32 - simulation time     660 (s) : SimLog- Tasks waiting time (from task submiting to the execution start)         :        14.2723 seconds
2026/05/07 21:38:32 - simulation time     660 (s) : SimLog- Average tasks waiting time (from task submiting to the execution start) :         0.0169 seconds
2026/05/07 21:38:32 - simulation time     660 (s) : SimLog- Tasks successfully executed                                             :        89.7406 % (761 among 848 sent tasks)
2026/05/07 21:38:32 - simulation time     660 (s) : SimLog- Tasks failures
2026/05/07 21:38:32 - simulation time     660 (s) :                                        Not executed due to resources unavailable:              0 % (0 tasks)
2026/05/07 21:38:32 - simulation time     660 (s) :                               Successfully executed but failed due to high delay:        10.1415 % (86 tasks from 848 successfully sent tasks)
2026/05/07 21:38:32 - simulation time     660 (s) :                  Tasks execution results not returned because the device is dead:              0 % (0 tasks)
2026/05/07 21:38:32 - simulation time     660 (s) :                      Tasks execution results not returned due to device mobility:         0.1179 % (1 tasks)
2026/05/07 21:38:32 - simulation time     660 (s) : SimLog- Tasks executed on each level                                : Cloud=            465 tasks (where 409 were successfully executed)
2026/05/07 21:38:32 - simulation time     660 (s) :                                                                        Edge=            254 tasks (where 231 were successfully executed)
2026/05/07 21:38:32 - simulation time     660 (s) :                                                                        Mist=            129 tasks (where 121 were successfully executed)
2026/05/07 21:38:32 - simulation time     660 (s) : SimLog- Network usage                                                           :           1557 seconds (The total traffic: 3807.5 (MBytes))
2026/05/07 21:38:32 - simulation time     660 (s) :                                                                         Wan=            465 seconds (29.8651 % of total usage, WAN used when downloading containers=0 % of WAN usage)
2026/05/07 21:38:32 - simulation time     660 (s) :                                                                         Lan=           1557 seconds (100 % of total usage, LAN used when downloading containers=0 % of LAN usage)
2026/05/07 21:38:32 - simulation time     660 (s) :                                                    Average bandwidth per transfer=        933.101 Mbps  
2026/05/07 21:38:32 - simulation time     660 (s) : SimLog- Average vm CPU utilization                                              :         0.0299 %
2026/05/07 21:38:32 - simulation time     660 (s) : SimLog- Average vm CPU utilization per level                             : Cloud=              0 %
2026/05/07 21:38:32 - simulation time     660 (s) :                                                                             Edge=         0.0185 %
2026/05/07 21:38:32 - simulation time     660 (s) :                                                                             Mist=         0.0422 %
2026/05/07 21:38:32 - simulation time     660 (s) : SimLog- Energy consumption                                                      :16407595473259235000 W,   192.1504 dBW
2026/05/07 21:38:32 - simulation time     660 (s) :                                                                                 :(Average:151922180307955872 W/data center(or device), 171.8162 dBW/data center(or device))
2026/05/07 21:38:32 - simulation time     660 (s) :                                                                                 :(Average:19371423226988472 W/task, 162.8716 dBW/task)
2026/05/07 21:38:32 - simulation time     660 (s) : SimLog- Energy Consumption per level                                     : Cloud= 6502006322155520000 W,   188.1305 dBW
2026/05/07 21:38:32 - simulation time     660 (s) :                                                                                 :(Average:361222573453084420 W/data center, 175.5777 dBW/data center)
2026/05/07 21:38:32 - simulation time     660 (s) :                                                                             Edge=  855434924940017150 W,   179.3219 dBW
2026/05/07 21:38:32 - simulation time     660 (s) :                                                                                 :(Average:35643121872500716 W/data center, 165.5198 dBW/data center)
2026/05/07 21:38:32 - simulation time     660 (s) :                                                                             Mist= 9050154226163697700 W,   189.5666 dBW
2026/05/07 21:38:32 - simulation time     660 (s) :                                                                                 :(Average:137123548881268144 W/edge device, 171.3711 dBW/edge device)
2026/05/07 21:38:32 - simulation time     660 (s) : SimLog- Dead edge devices due to battery drain                                  :              0 devices (Among 0 devices with batteries (NaN %))
2026/05/07 21:38:32 - simulation time     660 (s) : SimLog- Average remaining power (devices with batteries that are still alive)   :              0 Wh (Average: 0 %)
2026/05/07 21:38:32 - simulation time     660 (s) : SimulationManager- the Scenario Simulation overflow times :2

================== Simulation finished at time 691.50 ==================


SimLog- Iteration finished...

######################################################################################################################################################################
Starting CloudSim Plus 4.3.0

2026/05/07 21:38:32 - simulation time       0 (s) : ServersManager- Datacenters and devices were generated
2026/05/07 21:38:32 - simulation time       0 (s) : SimulationManager-  Orchestration algorithm= WEIGHT_GREEDY-  Architechitecture= ALL -  number of edge devices= 132
2026/05/07 21:38:32 - simulation time       0 (s) : SimulationManager- Simulation: 1  , iteration: 32
2026/05/07 21:38:34 - simulation time     650 (s) : 
2026/05/07 21:38:34 - simulation time     650 (s) : ------------------------------------------------------- OUTPUT -------------------------------------------------------
2026/05/07 21:38:34 - simulation time     650 (s) : 
2026/05/07 21:38:34 - simulation time     650 (s) : SimLog- Tasks not sent because device died (low energy)                         :               0 % (0 tasks)
2026/05/07 21:38:34 - simulation time     650 (s) : SimLog- Tasks sent from edge devices                                            :             100 % (1682 among 1682 generated tasks)
2026/05/07 21:38:34 - simulation time     650 (s) : -------------------------------------All values below are based on the sent tasks-------------------------------------
2026/05/07 21:38:34 - simulation time     650 (s) : SimLog- Tasks ETE delay                                                         :      4992.8067 seconds
2026/05/07 21:38:34 - simulation time     650 (s) : SimLog- Average tasks ETE delay                                                 :         3.3087 seconds
2026/05/07 21:38:34 - simulation time     650 (s) : SimLog- Tasks execution delay                                                   :       773.8522 seconds
2026/05/07 21:38:34 - simulation time     650 (s) : SimLog- Average tasks execution delay                                           :         0.4667 seconds
2026/05/07 21:38:34 - simulation time     650 (s) : SimLog- Tasks waiting time (from task submiting to the execution start)         :         24.009 seconds
2026/05/07 21:38:34 - simulation time     650 (s) : SimLog- Average tasks waiting time (from task submiting to the execution start) :         0.0145 seconds
2026/05/07 21:38:34 - simulation time     650 (s) : SimLog- Tasks successfully executed                                             :        89.7146 % (1509 among 1682 sent tasks)
2026/05/07 21:38:34 - simulation time     650 (s) : SimLog- Tasks failures
2026/05/07 21:38:34 - simulation time     650 (s) :                                        Not executed due to resources unavailable:              0 % (0 tasks)
2026/05/07 21:38:34 - simulation time     650 (s) :                               Successfully executed but failed due to high delay:        10.1665 % (171 tasks from 1682 successfully sent tasks)
2026/05/07 21:38:34 - simulation time     650 (s) :                  Tasks execution results not returned because the device is dead:              0 % (0 tasks)
2026/05/07 21:38:34 - simulation time     650 (s) :                      Tasks execution results not returned due to device mobility:         0.1189 % (2 tasks)
2026/05/07 21:38:34 - simulation time     650 (s) : SimLog- Tasks executed on each level                                : Cloud=            825 tasks (where 724 were successfully executed)
2026/05/07 21:38:34 - simulation time     650 (s) :                                                                        Edge=            422 tasks (where 372 were successfully executed)
2026/05/07 21:38:34 - simulation time     650 (s) :                                                                        Mist=            435 tasks (where 413 were successfully executed)
2026/05/07 21:38:34 - simulation time     650 (s) : SimLog- Network usage                                                           :           2932 seconds (The total traffic: 7645.35 (MBytes))
2026/05/07 21:38:34 - simulation time     650 (s) :                                                                         Wan=            827 seconds (28.206 % of total usage, WAN used when downloading containers=0 % of WAN usage)
2026/05/07 21:38:34 - simulation time     650 (s) :                                                                         Lan=           2932 seconds (100 % of total usage, LAN used when downloading containers=0 % of LAN usage)
2026/05/07 21:38:34 - simulation time     650 (s) :                                                    Average bandwidth per transfer=       872.1358 Mbps  
2026/05/07 21:38:34 - simulation time     650 (s) : SimLog- Average vm CPU utilization                                              :         0.0797 %
2026/05/07 21:38:34 - simulation time     650 (s) : SimLog- Average vm CPU utilization per level                             : Cloud=         0.0005 %
2026/05/07 21:38:34 - simulation time     650 (s) :                                                                             Edge=         0.0333 %
2026/05/07 21:38:34 - simulation time     650 (s) :                                                                             Mist=         0.0989 %
2026/05/07 21:38:34 - simulation time     650 (s) : SimLog- Energy consumption                                                      :25146032220814100000 W,   194.0047 dBW
2026/05/07 21:38:34 - simulation time     650 (s) :                                                                                 :(Average:144517426556402880 W/data center(or device), 171.5992 dBW/data center(or device))
2026/05/07 21:38:34 - simulation time     650 (s) :                                                                                 :(Average:14967876321913154 W/task, 161.7516 dBW/task)
2026/05/07 21:38:34 - simulation time     650 (s) : SimLog- Energy Consumption per level                                     : Cloud=10453484657368715000 W,   190.1926 dBW
2026/05/07 21:38:34 - simulation time     650 (s) :                                                                                 :(Average:580749147631595260 W/data center, 177.6399 dBW/data center)
2026/05/07 21:38:34 - simulation time     650 (s) :                                                                             Edge=  744133283617015810 W,   178.7165 dBW
2026/05/07 21:38:34 - simulation time     650 (s) :                                                                                 :(Average:31005553484042324 W/data center, 164.9144 dBW/data center)
2026/05/07 21:38:34 - simulation time     650 (s) :                                                                             Mist=13948414279828370000 W,   191.4452 dBW
2026/05/07 21:38:34 - simulation time     650 (s) :                                                                                 :(Average:105669805150214912 W/edge device, 170.2395 dBW/edge device)
2026/05/07 21:38:34 - simulation time     650 (s) : SimLog- Dead edge devices due to battery drain                                  :              0 devices (Among 0 devices with batteries (NaN %))
2026/05/07 21:38:34 - simulation time     650 (s) : SimLog- Average remaining power (devices with batteries that are still alive)   :              0 Wh (Average: 0 %)
2026/05/07 21:38:34 - simulation time     650 (s) : SimulationManager- the Scenario Simulation overflow times :2

================== Simulation finished at time 685.20 ==================


SimLog- Iteration finished...

######################################################################################################################################################################
Starting CloudSim Plus 4.3.0

2026/05/07 21:38:34 - simulation time       0 (s) : ServersManager- Datacenters and devices were generated
2026/05/07 21:38:34 - simulation time       0 (s) : SimulationManager-  Orchestration algorithm= WEIGHT_GREEDY-  Architechitecture= ALL -  number of edge devices= 198
2026/05/07 21:38:34 - simulation time       0 (s) : SimulationManager- Simulation: 1  , iteration: 33
2026/05/07 21:38:38 - simulation time     650 (s) : 
2026/05/07 21:38:38 - simulation time     650 (s) : ------------------------------------------------------- OUTPUT -------------------------------------------------------
2026/05/07 21:38:38 - simulation time     650 (s) : 
2026/05/07 21:38:38 - simulation time     650 (s) : SimLog- Tasks not sent because device died (low energy)                         :               0 % (0 tasks)
2026/05/07 21:38:38 - simulation time     650 (s) : SimLog- Tasks sent from edge devices                                            :             100 % (2528 among 2528 generated tasks)
2026/05/07 21:38:38 - simulation time     650 (s) : -------------------------------------All values below are based on the sent tasks-------------------------------------
2026/05/07 21:38:38 - simulation time     650 (s) : SimLog- Tasks ETE delay                                                         :      7582.0112 seconds
2026/05/07 21:38:38 - simulation time     650 (s) : SimLog- Average tasks ETE delay                                                 :         3.3298 seconds
2026/05/07 21:38:38 - simulation time     650 (s) : SimLog- Tasks execution delay                                                   :      1331.2236 seconds
2026/05/07 21:38:38 - simulation time     650 (s) : SimLog- Average tasks execution delay                                           :         0.5366 seconds
2026/05/07 21:38:38 - simulation time     650 (s) : SimLog- Tasks waiting time (from task submiting to the execution start)         :        37.4952 seconds
2026/05/07 21:38:38 - simulation time     650 (s) : SimLog- Average tasks waiting time (from task submiting to the execution start) :         0.0151 seconds
2026/05/07 21:38:38 - simulation time     650 (s) : SimLog- Tasks successfully executed                                             :        90.0712 % (2277 among 2528 sent tasks)
2026/05/07 21:38:38 - simulation time     650 (s) : SimLog- Tasks failures
2026/05/07 21:38:38 - simulation time     650 (s) :                                        Not executed due to resources unavailable:              0 % (0 tasks)
2026/05/07 21:38:38 - simulation time     650 (s) :                               Successfully executed but failed due to high delay:         9.6519 % (244 tasks from 2528 successfully sent tasks)
2026/05/07 21:38:38 - simulation time     650 (s) :                  Tasks execution results not returned because the device is dead:              0 % (0 tasks)
2026/05/07 21:38:38 - simulation time     650 (s) :                      Tasks execution results not returned due to device mobility:         0.2769 % (7 tasks)
2026/05/07 21:38:38 - simulation time     650 (s) : SimLog- Tasks executed on each level                                : Cloud=           1122 tasks (where 988 were successfully executed)
2026/05/07 21:38:38 - simulation time     650 (s) :                                                                        Edge=            557 tasks (where 498 were successfully executed)
2026/05/07 21:38:38 - simulation time     650 (s) :                                                                        Mist=            849 tasks (where 791 were successfully executed)
2026/05/07 21:38:38 - simulation time     650 (s) : SimLog- Network usage                                                           :           4290 seconds (The total traffic: 12818.25 (MBytes))
2026/05/07 21:38:38 - simulation time     650 (s) :                                                                         Wan=           1141 seconds (26.5967 % of total usage, WAN used when downloading containers=0 % of WAN usage)
2026/05/07 21:38:38 - simulation time     650 (s) :                                                                         Lan=           4290 seconds (100 % of total usage, LAN used when downloading containers=0 % of LAN usage)
2026/05/07 21:38:38 - simulation time     650 (s) :                                                    Average bandwidth per transfer=        855.333 Mbps  
2026/05/07 21:38:38 - simulation time     650 (s) : SimLog- Average vm CPU utilization                                              :         0.1234 %
2026/05/07 21:38:38 - simulation time     650 (s) : SimLog- Average vm CPU utilization per level                             : Cloud=              0 %
2026/05/07 21:38:38 - simulation time     650 (s) :                                                                             Edge=         0.0617 %
2026/05/07 21:38:38 - simulation time     650 (s) :                                                                             Mist=         0.1421 %
2026/05/07 21:38:38 - simulation time     650 (s) : SimLog- Energy consumption                                                      :40399615856053390000 W,   196.0638 dBW
2026/05/07 21:38:38 - simulation time     650 (s) :                                                                                 :(Average:168331732733555776 W/data center(or device), 172.2617 dBW/data center(or device))
2026/05/07 21:38:38 - simulation time     650 (s) :                                                                                 :(Average:16025234373682422 W/task, 162.048 dBW/task)
2026/05/07 21:38:38 - simulation time     650 (s) : SimLog- Energy Consumption per level                                     : Cloud=16621468438505832000 W,   192.2067 dBW
2026/05/07 21:38:38 - simulation time     650 (s) :                                                                                 :(Average:923414913250323970 W/data center, 179.654 dBW/data center)
2026/05/07 21:38:38 - simulation time     650 (s) :                                                                             Edge= 1622306864983863810 W,   182.1013 dBW
2026/05/07 21:38:38 - simulation time     650 (s) :                                                                                 :(Average:67596119374327656 W/data center, 168.2992 dBW/data center)
2026/05/07 21:38:38 - simulation time     650 (s) :                                                                             Mist=22155840552563687000 W,   193.4549 dBW
2026/05/07 21:38:38 - simulation time     650 (s) :                                                                                 :(Average:111898184608907520 W/edge device, 170.4882 dBW/edge device)
2026/05/07 21:38:38 - simulation time     650 (s) : SimLog- Dead edge devices due to battery drain                                  :              0 devices (Among 0 devices with batteries (NaN %))
2026/05/07 21:38:38 - simulation time     650 (s) : SimLog- Average remaining power (devices with batteries that are still alive)   :              0 Wh (Average: 0 %)
2026/05/07 21:38:38 - simulation time     650 (s) : SimulationManager- the Scenario Simulation overflow times :2

================== Simulation finished at time 685.20 ==================


SimLog- Iteration finished...

######################################################################################################################################################################
Starting CloudSim Plus 4.3.0

2026/05/07 21:38:38 - simulation time       0 (s) : ServersManager- Datacenters and devices were generated
2026/05/07 21:38:38 - simulation time       0 (s) : SimulationManager-  Orchestration algorithm= WEIGHT_GREEDY-  Architechitecture= ALL -  number of edge devices= 264
2026/05/07 21:38:38 - simulation time       0 (s) : SimulationManager- Simulation: 1  , iteration: 34
2026/05/07 21:38:44 - simulation time     660 (s) : 
2026/05/07 21:38:44 - simulation time     660 (s) : ------------------------------------------------------- OUTPUT -------------------------------------------------------
2026/05/07 21:38:44 - simulation time     660 (s) : 
2026/05/07 21:38:44 - simulation time     660 (s) : SimLog- Tasks not sent because device died (low energy)                         :               0 % (0 tasks)
2026/05/07 21:38:44 - simulation time     660 (s) : SimLog- Tasks sent from edge devices                                            :             100 % (3374 among 3374 generated tasks)
2026/05/07 21:38:44 - simulation time     660 (s) : -------------------------------------All values below are based on the sent tasks-------------------------------------
2026/05/07 21:38:44 - simulation time     660 (s) : SimLog- Tasks ETE delay                                                         :      9727.6602 seconds
2026/05/07 21:38:44 - simulation time     660 (s) : SimLog- Average tasks ETE delay                                                 :         3.2211 seconds
2026/05/07 21:38:44 - simulation time     660 (s) : SimLog- Tasks execution delay                                                   :      1559.4991 seconds
2026/05/07 21:38:44 - simulation time     660 (s) : SimLog- Average tasks execution delay                                           :         0.4744 seconds
2026/05/07 21:38:44 - simulation time     660 (s) : SimLog- Tasks waiting time (from task submiting to the execution start)         :        41.3672 seconds
2026/05/07 21:38:44 - simulation time     660 (s) : SimLog- Average tasks waiting time (from task submiting to the execution start) :         0.0126 seconds
2026/05/07 21:38:44 - simulation time     660 (s) : SimLog- Tasks successfully executed                                             :         89.508 % (3020 among 3374 sent tasks)
2026/05/07 21:38:44 - simulation time     660 (s) : SimLog- Tasks failures
2026/05/07 21:38:44 - simulation time     660 (s) :                                        Not executed due to resources unavailable:              0 % (0 tasks)
2026/05/07 21:38:44 - simulation time     660 (s) :                               Successfully executed but failed due to high delay:        10.3142 % (348 tasks from 3374 successfully sent tasks)
2026/05/07 21:38:44 - simulation time     660 (s) :                  Tasks execution results not returned because the device is dead:              0 % (0 tasks)
2026/05/07 21:38:44 - simulation time     660 (s) :                      Tasks execution results not returned due to device mobility:         0.1778 % (6 tasks)
2026/05/07 21:38:44 - simulation time     660 (s) : SimLog- Tasks executed on each level                                : Cloud=           1388 tasks (where 1201 were successfully executed)
2026/05/07 21:38:44 - simulation time     660 (s) :                                                                        Edge=            653 tasks (where 563 were successfully executed)
2026/05/07 21:38:44 - simulation time     660 (s) :                                                                        Mist=           1333 tasks (where 1256 were successfully executed)
2026/05/07 21:38:44 - simulation time     660 (s) : SimLog- Network usage                                                           :           5621 seconds (The total traffic: 12193.3 (MBytes))
2026/05/07 21:38:44 - simulation time     660 (s) :                                                                         Wan=           1402 seconds (24.9422 % of total usage, WAN used when downloading containers=0 % of WAN usage)
2026/05/07 21:38:44 - simulation time     660 (s) :                                                                         Lan=           5621 seconds (100 % of total usage, LAN used when downloading containers=0 % of LAN usage)
2026/05/07 21:38:44 - simulation time     660 (s) :                                                    Average bandwidth per transfer=       861.3764 Mbps  
2026/05/07 21:38:44 - simulation time     660 (s) : SimLog- Average vm CPU utilization                                              :         0.0887 %
2026/05/07 21:38:44 - simulation time     660 (s) : SimLog- Average vm CPU utilization per level                             : Cloud=           0.01 %
2026/05/07 21:38:44 - simulation time     660 (s) :                                                                             Edge=          0.041 %
2026/05/07 21:38:44 - simulation time     660 (s) :                                                                             Mist=         0.0984 %
2026/05/07 21:38:44 - simulation time     660 (s) : SimLog- Energy consumption                                                      :30310486907328012000 W,   194.8159 dBW
2026/05/07 21:38:44 - simulation time     660 (s) :                                                                                 :(Average:99053878782117680 W/data center(or device), 169.9587 dBW/data center(or device))
2026/05/07 21:38:44 - simulation time     660 (s) :                                                                                 :(Average:8999550744456061 W/task, 159.5422 dBW/task)
2026/05/07 21:38:44 - simulation time     660 (s) : SimLog- Energy Consumption per level                                     : Cloud=12566717620971241000 W,   190.9922 dBW
2026/05/07 21:38:44 - simulation time     660 (s) :                                                                                 :(Average:698150978942846720 W/data center, 178.4395 dBW/data center)
2026/05/07 21:38:44 - simulation time     660 (s) :                                                                             Edge=  888891172735528190 W,   179.4885 dBW
2026/05/07 21:38:44 - simulation time     660 (s) :                                                                                 :(Average:37037132197313672 W/data center, 165.6864 dBW/data center)
2026/05/07 21:38:44 - simulation time     660 (s) :                                                                             Mist=16854878113621240000 W,   192.2673 dBW
2026/05/07 21:38:44 - simulation time     660 (s) :                                                                                 :(Average:63844235278868336 W/edge device, 168.0512 dBW/edge device)
2026/05/07 21:38:44 - simulation time     660 (s) : SimLog- Dead edge devices due to battery drain                                  :              0 devices (Among 0 devices with batteries (NaN %))
2026/05/07 21:38:44 - simulation time     660 (s) : SimLog- Average remaining power (devices with batteries that are still alive)   :              0 Wh (Average: 0 %)
2026/05/07 21:38:44 - simulation time     660 (s) : SimulationManager- the Scenario Simulation overflow times :2

================== Simulation finished at time 691.50 ==================


SimLog- Iteration finished...

######################################################################################################################################################################
Starting CloudSim Plus 4.3.0

2026/05/07 21:38:44 - simulation time       0 (s) : ServersManager- Datacenters and devices were generated
2026/05/07 21:38:44 - simulation time       0 (s) : SimulationManager-  Orchestration algorithm= WEIGHT_GREEDY-  Architechitecture= ALL -  number of edge devices= 330
2026/05/07 21:38:44 - simulation time       0 (s) : SimulationManager- Simulation: 1  , iteration: 35
2026/05/07 21:38:51 - simulation time     660 (s) : 
2026/05/07 21:38:51 - simulation time     660 (s) : ------------------------------------------------------- OUTPUT -------------------------------------------------------
2026/05/07 21:38:51 - simulation time     660 (s) : 
2026/05/07 21:38:51 - simulation time     660 (s) : SimLog- Tasks not sent because device died (low energy)                         :               0 % (0 tasks)
2026/05/07 21:38:51 - simulation time     660 (s) : SimLog- Tasks sent from edge devices                                            :             100 % (4186 among 4186 generated tasks)
2026/05/07 21:38:51 - simulation time     660 (s) : -------------------------------------All values below are based on the sent tasks-------------------------------------
2026/05/07 21:38:51 - simulation time     660 (s) : SimLog- Tasks ETE delay                                                         :     12040.1309 seconds
2026/05/07 21:38:51 - simulation time     660 (s) : SimLog- Average tasks ETE delay                                                 :         3.2056 seconds
2026/05/07 21:38:51 - simulation time     660 (s) : SimLog- Tasks execution delay                                                   :      2135.8941 seconds
2026/05/07 21:38:51 - simulation time     660 (s) : SimLog- Average tasks execution delay                                           :         0.5203 seconds
2026/05/07 21:38:51 - simulation time     660 (s) : SimLog- Tasks waiting time (from task submiting to the execution start)         :        55.5148 seconds
2026/05/07 21:38:51 - simulation time     660 (s) : SimLog- Average tasks waiting time (from task submiting to the execution start) :         0.0135 seconds
2026/05/07 21:38:51 - simulation time     660 (s) : SimLog- Tasks successfully executed                                             :        89.7277 % (3756 among 4186 sent tasks)
2026/05/07 21:38:51 - simulation time     660 (s) : SimLog- Tasks failures
2026/05/07 21:38:51 - simulation time     660 (s) :                                        Not executed due to resources unavailable:              0 % (0 tasks)
2026/05/07 21:38:51 - simulation time     660 (s) :                               Successfully executed but failed due to high delay:        10.1529 % (425 tasks from 4186 successfully sent tasks)
2026/05/07 21:38:51 - simulation time     660 (s) :                  Tasks execution results not returned because the device is dead:              0 % (0 tasks)
2026/05/07 21:38:51 - simulation time     660 (s) :                      Tasks execution results not returned due to device mobility:         0.1194 % (5 tasks)
2026/05/07 21:38:51 - simulation time     660 (s) : SimLog- Tasks executed on each level                                : Cloud=           1510 tasks (where 1325 were successfully executed)
2026/05/07 21:38:51 - simulation time     660 (s) :                                                                        Edge=            770 tasks (where 660 were successfully executed)
2026/05/07 21:38:51 - simulation time     660 (s) :                                                                        Mist=           1906 tasks (where 1771 were successfully executed)
2026/05/07 21:38:51 - simulation time     660 (s) : SimLog- Network usage                                                           :           6837 seconds (The total traffic: 16219.3 (MBytes))
2026/05/07 21:38:51 - simulation time     660 (s) :                                                                         Wan=           1538 seconds (22.4952 % of total usage, WAN used when downloading containers=0 % of WAN usage)
2026/05/07 21:38:51 - simulation time     660 (s) :                                                                         Lan=           6837 seconds (100 % of total usage, LAN used when downloading containers=0 % of LAN usage)
2026/05/07 21:38:51 - simulation time     660 (s) :                                                    Average bandwidth per transfer=       867.5234 Mbps  
2026/05/07 21:38:51 - simulation time     660 (s) : SimLog- Average vm CPU utilization                                              :         0.1442 %
2026/05/07 21:38:51 - simulation time     660 (s) : SimLog- Average vm CPU utilization per level                             : Cloud=              0 %
2026/05/07 21:38:51 - simulation time     660 (s) :                                                                             Edge=         0.0493 %
2026/05/07 21:38:51 - simulation time     660 (s) :                                                                             Mist=          0.159 %
2026/05/07 21:38:51 - simulation time     660 (s) : SimLog- Energy consumption                                                      :36328943286220050000 W,   195.6025 dBW
2026/05/07 21:38:51 - simulation time     660 (s) :                                                                                 :(Average:97658449694139920 W/data center(or device), 169.8971 dBW/data center(or device))
2026/05/07 21:38:51 - simulation time     660 (s) :                                                                                 :(Average:8689056035929216 W/task, 159.3897 dBW/task)
2026/05/07 21:38:51 - simulation time     660 (s) : SimLog- Energy Consumption per level                                     : Cloud=14919500149702097000 W,   191.7375 dBW
2026/05/07 21:38:51 - simulation time     660 (s) :                                                                                 :(Average:828861119427894270 W/data center, 179.1848 dBW/data center)
2026/05/07 21:38:51 - simulation time     660 (s) :                                                                             Edge= 1088464531260729470 W,   180.3681 dBW
2026/05/07 21:38:51 - simulation time     660 (s) :                                                                                 :(Average:45352688802530392 W/data center, 166.566 dBW/data center)
2026/05/07 21:38:51 - simulation time     660 (s) :                                                                             Mist=20320978605257224000 W,   193.0794 dBW
2026/05/07 21:38:51 - simulation time     660 (s) :                                                                                 :(Average:61578723046234016 W/edge device, 167.8943 dBW/edge device)
2026/05/07 21:38:51 - simulation time     660 (s) : SimLog- Dead edge devices due to battery drain                                  :              0 devices (Among 0 devices with batteries (NaN %))
2026/05/07 21:38:51 - simulation time     660 (s) : SimLog- Average remaining power (devices with batteries that are still alive)   :              0 Wh (Average: 0 %)
2026/05/07 21:38:51 - simulation time     660 (s) : SimulationManager- the Scenario Simulation overflow times :2

================== Simulation finished at time 691.50 ==================


SimLog- Iteration finished...

######################################################################################################################################################################
Starting CloudSim Plus 4.3.0

2026/05/07 21:38:51 - simulation time       0 (s) : ServersManager- Datacenters and devices were generated
2026/05/07 21:38:51 - simulation time       0 (s) : SimulationManager-  Orchestration algorithm= WEIGHT_GREEDY-  Architechitecture= ALL -  number of edge devices= 396
2026/05/07 21:38:51 - simulation time       0 (s) : SimulationManager- Simulation: 1  , iteration: 36
2026/05/07 21:39:03 - simulation time     660 (s) : 
2026/05/07 21:39:03 - simulation time     660 (s) : ------------------------------------------------------- OUTPUT -------------------------------------------------------
2026/05/07 21:39:03 - simulation time     660 (s) : 
2026/05/07 21:39:03 - simulation time     660 (s) : SimLog- Tasks not sent because device died (low energy)                         :               0 % (0 tasks)
2026/05/07 21:39:03 - simulation time     660 (s) : SimLog- Tasks sent from edge devices                                            :             100 % (5036 among 5036 generated tasks)
2026/05/07 21:39:03 - simulation time     660 (s) : -------------------------------------All values below are based on the sent tasks-------------------------------------
2026/05/07 21:39:03 - simulation time     660 (s) : SimLog- Tasks ETE delay                                                         :     13706.2991 seconds
2026/05/07 21:39:03 - simulation time     660 (s) : SimLog- Average tasks ETE delay                                                 :         3.0581 seconds
2026/05/07 21:39:03 - simulation time     660 (s) : SimLog- Tasks execution delay                                                   :      2427.3219 seconds
2026/05/07 21:39:03 - simulation time     660 (s) : SimLog- Average tasks execution delay                                           :         0.4942 seconds
2026/05/07 21:39:03 - simulation time     660 (s) : SimLog- Tasks waiting time (from task submiting to the execution start)         :        67.0404 seconds
2026/05/07 21:39:03 - simulation time     660 (s) : SimLog- Average tasks waiting time (from task submiting to the execution start) :         0.0136 seconds
2026/05/07 21:39:03 - simulation time     660 (s) : SimLog- Tasks successfully executed                                             :        88.9992 % (4482 among 5036 sent tasks)
2026/05/07 21:39:03 - simulation time     660 (s) : SimLog- Tasks failures
2026/05/07 21:39:03 - simulation time     660 (s) :                                        Not executed due to resources unavailable:              0 % (0 tasks)
2026/05/07 21:39:03 - simulation time     660 (s) :                               Successfully executed but failed due to high delay:        10.5242 % (530 tasks from 5036 successfully sent tasks)
2026/05/07 21:39:03 - simulation time     660 (s) :                  Tasks execution results not returned because the device is dead:              0 % (0 tasks)
2026/05/07 21:39:03 - simulation time     660 (s) :                      Tasks execution results not returned due to device mobility:         0.4766 % (24 tasks)
2026/05/07 21:39:03 - simulation time     660 (s) : SimLog- Tasks executed on each level                                : Cloud=           1735 tasks (where 1494 were successfully executed)
2026/05/07 21:39:03 - simulation time     660 (s) :                                                                        Edge=            858 tasks (where 735 were successfully executed)
2026/05/07 21:39:03 - simulation time     660 (s) :                                                                        Mist=           2443 tasks (where 2253 were successfully executed)
2026/05/07 21:39:03 - simulation time     660 (s) : SimLog- Network usage                                                           :           7932 seconds (The total traffic: 15522.7 (MBytes))
2026/05/07 21:39:03 - simulation time     660 (s) :                                                                         Wan=           1753 seconds (22.1004 % of total usage, WAN used when downloading containers=0 % of WAN usage)
2026/05/07 21:39:03 - simulation time     660 (s) :                                                                         Lan=           7932 seconds (100 % of total usage, LAN used when downloading containers=0 % of LAN usage)
2026/05/07 21:39:03 - simulation time     660 (s) :                                                    Average bandwidth per transfer=       864.8074 Mbps  
2026/05/07 21:39:03 - simulation time     660 (s) : SimLog- Average vm CPU utilization                                              :         0.1276 %
2026/05/07 21:39:03 - simulation time     660 (s) : SimLog- Average vm CPU utilization per level                             : Cloud=         0.0005 %
2026/05/07 21:39:03 - simulation time     660 (s) :                                                                             Edge=         0.0498 %
2026/05/07 21:39:03 - simulation time     660 (s) :                                                                             Mist=         0.1381 %
2026/05/07 21:39:03 - simulation time     660 (s) : SimLog- Energy consumption                                                      :31542696926752834000 W,    194.989 dBW
2026/05/07 21:39:03 - simulation time     660 (s) :                                                                                 :(Average:72015289787106928 W/data center(or device), 168.5742 dBW/data center(or device))
2026/05/07 21:39:03 - simulation time     660 (s) :                                                                                 :(Average:6293435141012138 W/task, 157.9889 dBW/task)
2026/05/07 21:39:03 - simulation time     660 (s) : SimLog- Energy Consumption per level                                     : Cloud=12345392388146862000 W,    190.915 dBW
2026/05/07 21:39:03 - simulation time     660 (s) :                                                                                 :(Average:685855132674825730 W/data center, 178.3623 dBW/data center)
2026/05/07 21:39:03 - simulation time     660 (s) :                                                                             Edge=  813573406786409220 W,    179.104 dBW
2026/05/07 21:39:03 - simulation time     660 (s) :                                                                                 :(Average:33898891949433716 W/data center, 165.3019 dBW/data center)
2026/05/07 21:39:03 - simulation time     660 (s) :                                                                             Mist=18383731131819563000 W,   192.6443 dBW
2026/05/07 21:39:03 - simulation time     660 (s) :                                                                                 :(Average:46423563464190816 W/edge device, 166.6674 dBW/edge device)
2026/05/07 21:39:03 - simulation time     660 (s) : SimLog- Dead edge devices due to battery drain                                  :              0 devices (Among 0 devices with batteries (NaN %))
2026/05/07 21:39:03 - simulation time     660 (s) : SimLog- Average remaining power (devices with batteries that are still alive)   :              0 Wh (Average: 0 %)
2026/05/07 21:39:03 - simulation time     660 (s) : SimulationManager- the Scenario Simulation overflow times :2

================== Simulation finished at time 691.50 ==================


SimLog- Iteration finished...

######################################################################################################################################################################
Starting CloudSim Plus 4.3.0

2026/05/07 21:39:03 - simulation time       0 (s) : ServersManager- Datacenters and devices were generated
2026/05/07 21:39:03 - simulation time       0 (s) : SimulationManager-  Orchestration algorithm= WEIGHT_GREEDY-  Architechitecture= ALL -  number of edge devices= 462
2026/05/07 21:39:03 - simulation time       0 (s) : SimulationManager- Simulation: 1  , iteration: 37
2026/05/07 21:39:18 - simulation time     660 (s) : 
2026/05/07 21:39:18 - simulation time     660 (s) : ------------------------------------------------------- OUTPUT -------------------------------------------------------
2026/05/07 21:39:18 - simulation time     660 (s) : 
2026/05/07 21:39:18 - simulation time     660 (s) : SimLog- Tasks not sent because device died (low energy)                         :               0 % (0 tasks)
2026/05/07 21:39:18 - simulation time     660 (s) : SimLog- Tasks sent from edge devices                                            :             100 % (5840 among 5840 generated tasks)
2026/05/07 21:39:18 - simulation time     660 (s) : -------------------------------------All values below are based on the sent tasks-------------------------------------
2026/05/07 21:39:18 - simulation time     660 (s) : SimLog- Tasks ETE delay                                                         :     16660.6125 seconds
2026/05/07 21:39:18 - simulation time     660 (s) : SimLog- Average tasks ETE delay                                                 :         3.1602 seconds
2026/05/07 21:39:18 - simulation time     660 (s) : SimLog- Tasks execution delay                                                   :      3412.1074 seconds
2026/05/07 21:39:18 - simulation time     660 (s) : SimLog- Average tasks execution delay                                           :         0.5961 seconds
2026/05/07 21:39:18 - simulation time     660 (s) : SimLog- Tasks waiting time (from task submiting to the execution start)         :        77.3859 seconds
2026/05/07 21:39:18 - simulation time     660 (s) : SimLog- Average tasks waiting time (from task submiting to the execution start) :         0.0135 seconds
2026/05/07 21:39:18 - simulation time     660 (s) : SimLog- Tasks successfully executed                                             :         90.274 % (5272 among 5840 sent tasks)
2026/05/07 21:39:18 - simulation time     660 (s) : SimLog- Tasks failures
2026/05/07 21:39:18 - simulation time     660 (s) :                                        Not executed due to resources unavailable:              0 % (0 tasks)
2026/05/07 21:39:18 - simulation time     660 (s) :                               Successfully executed but failed due to high delay:          9.589 % (560 tasks from 5840 successfully sent tasks)
2026/05/07 21:39:18 - simulation time     660 (s) :                  Tasks execution results not returned because the device is dead:              0 % (0 tasks)
2026/05/07 21:39:18 - simulation time     660 (s) :                      Tasks execution results not returned due to device mobility:          0.137 % (8 tasks)
2026/05/07 21:39:18 - simulation time     660 (s) : SimLog- Tasks executed on each level                                : Cloud=           1866 tasks (where 1619 were successfully executed)
2026/05/07 21:39:18 - simulation time     660 (s) :                                                                        Edge=            909 tasks (where 788 were successfully executed)
2026/05/07 21:39:18 - simulation time     660 (s) :                                                                        Mist=           3065 tasks (where 2865 were successfully executed)
2026/05/07 21:39:18 - simulation time     660 (s) : SimLog- Network usage                                                           :           9128 seconds (The total traffic: 24764.7 (MBytes))
2026/05/07 21:39:18 - simulation time     660 (s) :                                                                         Wan=           1916 seconds (20.9904 % of total usage, WAN used when downloading containers=0 % of WAN usage)
2026/05/07 21:39:18 - simulation time     660 (s) :                                                                         Lan=           9128 seconds (100 % of total usage, LAN used when downloading containers=0 % of LAN usage)
2026/05/07 21:39:18 - simulation time     660 (s) :                                                    Average bandwidth per transfer=       860.4284 Mbps  
2026/05/07 21:39:18 - simulation time     660 (s) : SimLog- Average vm CPU utilization                                              :         0.1901 %
2026/05/07 21:39:18 - simulation time     660 (s) : SimLog- Average vm CPU utilization per level                             : Cloud=              0 %
2026/05/07 21:39:18 - simulation time     660 (s) :                                                                             Edge=         0.0779 %
2026/05/07 21:39:18 - simulation time     660 (s) :                                                                             Mist=         0.2033 %
2026/05/07 21:39:18 - simulation time     660 (s) : SimLog- Energy consumption                                                      :39069307754466300000 W,   195.9184 dBW
2026/05/07 21:39:18 - simulation time     660 (s) :                                                                                 :(Average:77518467766798224 W/data center(or device), 168.8941 dBW/data center(or device))
2026/05/07 21:39:18 - simulation time     660 (s) :                                                                                 :(Average:6699126844044291 W/task, 158.2602 dBW/task)
2026/05/07 21:39:18 - simulation time     660 (s) : SimLog- Energy Consumption per level                                     : Cloud=16039431160068720000 W,   192.0519 dBW
2026/05/07 21:39:18 - simulation time     660 (s) :                                                                                 :(Average:891079508892706690 W/data center, 179.4992 dBW/data center)
2026/05/07 21:39:18 - simulation time     660 (s) :                                                                             Edge= 1032045094916478460 W,    180.137 dBW
2026/05/07 21:39:18 - simulation time     660 (s) :                                                                                 :(Average:43001878954853272 W/data center, 166.3349 dBW/data center)
2026/05/07 21:39:18 - simulation time     660 (s) :                                                                             Mist=21997831499481104000 W,   193.4238 dBW
2026/05/07 21:39:18 - simulation time     660 (s) :                                                                                 :(Average:47614353894980744 W/edge device, 166.7774 dBW/edge device)
2026/05/07 21:39:18 - simulation time     660 (s) : SimLog- Dead edge devices due to battery drain                                  :              0 devices (Among 0 devices with batteries (NaN %))
2026/05/07 21:39:18 - simulation time     660 (s) : SimLog- Average remaining power (devices with batteries that are still alive)   :              0 Wh (Average: 0 %)
2026/05/07 21:39:18 - simulation time     660 (s) : SimulationManager- the Scenario Simulation overflow times :2

================== Simulation finished at time 691.50 ==================


SimLog- Iteration finished...

######################################################################################################################################################################
Starting CloudSim Plus 4.3.0

2026/05/07 21:39:18 - simulation time       0 (s) : ServersManager- Datacenters and devices were generated
2026/05/07 21:39:18 - simulation time       0 (s) : SimulationManager-  Orchestration algorithm= WEIGHT_GREEDY-  Architechitecture= ALL -  number of edge devices= 528
2026/05/07 21:39:18 - simulation time       0 (s) : SimulationManager- Simulation: 1  , iteration: 38
2026/05/07 21:39:44 - simulation time     660 (s) : 
2026/05/07 21:39:44 - simulation time     660 (s) : ------------------------------------------------------- OUTPUT -------------------------------------------------------
2026/05/07 21:39:44 - simulation time     660 (s) : 
2026/05/07 21:39:44 - simulation time     660 (s) : SimLog- Tasks not sent because device died (low energy)                         :               0 % (0 tasks)
2026/05/07 21:39:44 - simulation time     660 (s) : SimLog- Tasks sent from edge devices                                            :             100 % (6718 among 6718 generated tasks)
2026/05/07 21:39:44 - simulation time     660 (s) : -------------------------------------All values below are based on the sent tasks-------------------------------------
2026/05/07 21:39:44 - simulation time     660 (s) : SimLog- Tasks ETE delay                                                         :     18594.8347 seconds
2026/05/07 21:39:44 - simulation time     660 (s) : SimLog- Average tasks ETE delay                                                 :         3.0868 seconds
2026/05/07 21:39:44 - simulation time     660 (s) : SimLog- Tasks execution delay                                                   :      3660.9593 seconds
2026/05/07 21:39:44 - simulation time     660 (s) : SimLog- Average tasks execution delay                                           :         0.5567 seconds
2026/05/07 21:39:44 - simulation time     660 (s) : SimLog- Tasks waiting time (from task submiting to the execution start)         :        92.5272 seconds
2026/05/07 21:39:44 - simulation time     660 (s) : SimLog- Average tasks waiting time (from task submiting to the execution start) :         0.0141 seconds
2026/05/07 21:39:44 - simulation time     660 (s) : SimLog- Tasks successfully executed                                             :        89.6695 % (6024 among 6718 sent tasks)
2026/05/07 21:39:44 - simulation time     660 (s) : SimLog- Tasks failures
2026/05/07 21:39:44 - simulation time     660 (s) :                                        Not executed due to resources unavailable:              0 % (0 tasks)
2026/05/07 21:39:44 - simulation time     660 (s) :                               Successfully executed but failed due to high delay:        10.0327 % (674 tasks from 6718 successfully sent tasks)
2026/05/07 21:39:44 - simulation time     660 (s) :                  Tasks execution results not returned because the device is dead:              0 % (0 tasks)
2026/05/07 21:39:44 - simulation time     660 (s) :                      Tasks execution results not returned due to device mobility:         0.2977 % (20 tasks)
2026/05/07 21:39:44 - simulation time     660 (s) : SimLog- Tasks executed on each level                                : Cloud=           2056 tasks (where 1772 were successfully executed)
2026/05/07 21:39:44 - simulation time     660 (s) :                                                                        Edge=            973 tasks (where 832 were successfully executed)
2026/05/07 21:39:44 - simulation time     660 (s) :                                                                        Mist=           3689 tasks (where 3420 were successfully executed)
2026/05/07 21:39:44 - simulation time     660 (s) : SimLog- Network usage                                                           :          10374 seconds (The total traffic: 23570.4 (MBytes))
2026/05/07 21:39:44 - simulation time     660 (s) :                                                                         Wan=           2126 seconds (20.4935 % of total usage, WAN used when downloading containers=0 % of WAN usage)
2026/05/07 21:39:44 - simulation time     660 (s) :                                                                         Lan=          10374 seconds (100 % of total usage, LAN used when downloading containers=0 % of LAN usage)
2026/05/07 21:39:44 - simulation time     660 (s) :                                                    Average bandwidth per transfer=        859.522 Mbps  
2026/05/07 21:39:44 - simulation time     660 (s) : SimLog- Average vm CPU utilization                                              :         0.1929 %
2026/05/07 21:39:44 - simulation time     660 (s) : SimLog- Average vm CPU utilization per level                             : Cloud=         0.0362 %
2026/05/07 21:39:44 - simulation time     660 (s) :                                                                             Edge=         0.0656 %
2026/05/07 21:39:44 - simulation time     660 (s) :                                                                             Mist=          0.204 %
2026/05/07 21:39:44 - simulation time     660 (s) : SimLog- Energy consumption                                                      :35832445876388420000 W,   195.5428 dBW
2026/05/07 21:39:44 - simulation time     660 (s) :                                                                                 :(Average:62863940134014776 W/data center(or device), 167.984 dBW/data center(or device))
2026/05/07 21:39:44 - simulation time     660 (s) :                                                                                 :(Average:5348924597162027 W/task, 157.2827 dBW/task)
2026/05/07 21:39:44 - simulation time     660 (s) : SimLog- Energy Consumption per level                                     : Cloud=14248402961333527000 W,   191.5377 dBW
2026/05/07 21:39:44 - simulation time     660 (s) :                                                                                 :(Average:791577942296307070 W/data center, 178.9849 dBW/data center)
2026/05/07 21:39:44 - simulation time     660 (s) :                                                                             Edge=  934277223150898560 W,   179.7048 dBW
2026/05/07 21:39:44 - simulation time     660 (s) :                                                                                 :(Average:38928217631287440 W/data center, 165.9026 dBW/data center)
2026/05/07 21:39:44 - simulation time     660 (s) :                                                                             Mist=20649765691903996000 W,   193.1492 dBW
2026/05/07 21:39:44 - simulation time     660 (s) :                                                                                 :(Average:39109404719515144 W/edge device, 165.9228 dBW/edge device)
2026/05/07 21:39:44 - simulation time     660 (s) : SimLog- Dead edge devices due to battery drain                                  :              0 devices (Among 0 devices with batteries (NaN %))
2026/05/07 21:39:44 - simulation time     660 (s) : SimLog- Average remaining power (devices with batteries that are still alive)   :              0 Wh (Average: 0 %)
2026/05/07 21:39:44 - simulation time     660 (s) : SimulationManager- the Scenario Simulation overflow times :2

================== Simulation finished at time 691.50 ==================


SimLog- Iteration finished...

######################################################################################################################################################################
Starting CloudSim Plus 4.3.0

2026/05/07 21:39:44 - simulation time       0 (s) : ServersManager- Datacenters and devices were generated
2026/05/07 21:39:44 - simulation time       0 (s) : SimulationManager-  Orchestration algorithm= WEIGHT_GREEDY-  Architechitecture= ALL -  number of edge devices= 594
2026/05/07 21:39:44 - simulation time       0 (s) : SimulationManager- Simulation: 1  , iteration: 39
2026/05/07 21:40:04 - simulation time     660 (s) : 
2026/05/07 21:40:04 - simulation time     660 (s) : ------------------------------------------------------- OUTPUT -------------------------------------------------------
2026/05/07 21:40:04 - simulation time     660 (s) : 
2026/05/07 21:40:04 - simulation time     660 (s) : SimLog- Tasks not sent because device died (low energy)                         :               0 % (0 tasks)
2026/05/07 21:40:04 - simulation time     660 (s) : SimLog- Tasks sent from edge devices                                            :             100 % (7522 among 7522 generated tasks)
2026/05/07 21:40:04 - simulation time     660 (s) : -------------------------------------All values below are based on the sent tasks-------------------------------------
2026/05/07 21:40:04 - simulation time     660 (s) : SimLog- Tasks ETE delay                                                         :     21164.7599 seconds
2026/05/07 21:40:04 - simulation time     660 (s) : SimLog- Average tasks ETE delay                                                 :         3.1472 seconds
2026/05/07 21:40:04 - simulation time     660 (s) : SimLog- Tasks execution delay                                                   :      4333.5525 seconds
2026/05/07 21:40:04 - simulation time     660 (s) : SimLog- Average tasks execution delay                                           :         0.5908 seconds
2026/05/07 21:40:04 - simulation time     660 (s) : SimLog- Tasks waiting time (from task submiting to the execution start)         :       377.3064 seconds
2026/05/07 21:40:04 - simulation time     660 (s) : SimLog- Average tasks waiting time (from task submiting to the execution start) :         0.0514 seconds
2026/05/07 21:40:04 - simulation time     660 (s) : SimLog- Tasks successfully executed                                             :        89.4044 % (6725 among 7522 sent tasks)
2026/05/07 21:40:04 - simulation time     660 (s) : SimLog- Tasks failures
2026/05/07 21:40:04 - simulation time     660 (s) :                                        Not executed due to resources unavailable:              0 % (0 tasks)
2026/05/07 21:40:04 - simulation time     660 (s) :                               Successfully executed but failed due to high delay:        10.4095 % (783 tasks from 7522 successfully sent tasks)
2026/05/07 21:40:04 - simulation time     660 (s) :                  Tasks execution results not returned because the device is dead:              0 % (0 tasks)
2026/05/07 21:40:04 - simulation time     660 (s) :                      Tasks execution results not returned due to device mobility:         0.1861 % (14 tasks)
2026/05/07 21:40:04 - simulation time     660 (s) : SimLog- Tasks executed on each level                                : Cloud=           2099 tasks (where 1805 were successfully executed)
2026/05/07 21:40:04 - simulation time     660 (s) :                                                                        Edge=           1038 tasks (where 910 were successfully executed)
2026/05/07 21:40:04 - simulation time     660 (s) :                                                                        Mist=           4385 tasks (where 4010 were successfully executed)
2026/05/07 21:40:04 - simulation time     660 (s) : SimLog- Network usage                                                           :          11578 seconds (The total traffic: 27242.35 (MBytes))
2026/05/07 21:40:04 - simulation time     660 (s) :                                                                         Wan=           2177 seconds (18.8029 % of total usage, WAN used when downloading containers=0 % of WAN usage)
2026/05/07 21:40:04 - simulation time     660 (s) :                                                                         Lan=          11578 seconds (100 % of total usage, LAN used when downloading containers=0 % of LAN usage)
2026/05/07 21:40:04 - simulation time     660 (s) :                                                    Average bandwidth per transfer=       865.8681 Mbps  
2026/05/07 21:40:04 - simulation time     660 (s) : SimLog- Average vm CPU utilization                                              :         0.2289 %
2026/05/07 21:40:04 - simulation time     660 (s) : SimLog- Average vm CPU utilization per level                             : Cloud=         0.0017 %
2026/05/07 21:40:04 - simulation time     660 (s) :                                                                             Edge=         0.0899 %
2026/05/07 21:40:04 - simulation time     660 (s) :                                                                             Mist=         0.2415 %
2026/05/07 21:40:04 - simulation time     660 (s) : SimLog- Energy consumption                                                      :39235046591159370000 W,   195.9367 dBW
2026/05/07 21:40:04 - simulation time     660 (s) :                                                                                 :(Average:61690324828866936 W/data center(or device), 167.9022 dBW/data center(or device))
2026/05/07 21:40:04 - simulation time     660 (s) :                                                                                 :(Average:5225069462133356 W/task, 157.1809 dBW/task)
2026/05/07 21:40:04 - simulation time     660 (s) : SimLog- Energy Consumption per level                                     : Cloud=15690381566806200000 W,   191.9563 dBW
2026/05/07 21:40:04 - simulation time     660 (s) :                                                                                 :(Average:871687864822566660 W/data center, 179.4036 dBW/data center)
2026/05/07 21:40:04 - simulation time     660 (s) :                                                                             Edge=  953272742061642500 W,   179.7922 dBW
2026/05/07 21:40:04 - simulation time     660 (s) :                                                                                 :(Average:39719697585901768 W/data center, 165.9901 dBW/data center)
2026/05/07 21:40:04 - simulation time     660 (s) :                                                                             Mist=22591392282291530000 W,   193.5394 dBW
2026/05/07 21:40:04 - simulation time     660 (s) :                                                                                 :(Average:38032646939884736 W/edge device, 165.8016 dBW/edge device)
2026/05/07 21:40:04 - simulation time     660 (s) : SimLog- Dead edge devices due to battery drain                                  :              0 devices (Among 0 devices with batteries (NaN %))
2026/05/07 21:40:04 - simulation time     660 (s) : SimLog- Average remaining power (devices with batteries that are still alive)   :              0 Wh (Average: 0 %)
2026/05/07 21:40:04 - simulation time     660 (s) : SimulationManager- the Scenario Simulation overflow times :2

================== Simulation finished at time 691.50 ==================


SimLog- Iteration finished...

######################################################################################################################################################################
Starting CloudSim Plus 4.3.0

2026/05/07 21:40:04 - simulation time       0 (s) : ServersManager- Datacenters and devices were generated
2026/05/07 21:40:04 - simulation time       0 (s) : SimulationManager-  Orchestration algorithm= WEIGHT_GREEDY-  Architechitecture= ALL -  number of edge devices= 660
2026/05/07 21:40:04 - simulation time       0 (s) : SimulationManager- Simulation: 1  , iteration: 40
2026/05/07 21:40:29 - simulation time     660 (s) : 
2026/05/07 21:40:29 - simulation time     660 (s) : ------------------------------------------------------- OUTPUT -------------------------------------------------------
2026/05/07 21:40:29 - simulation time     660 (s) : 
2026/05/07 21:40:29 - simulation time     660 (s) : SimLog- Tasks not sent because device died (low energy)                         :               0 % (0 tasks)
2026/05/07 21:40:29 - simulation time     660 (s) : SimLog- Tasks sent from edge devices                                            :             100 % (8344 among 8344 generated tasks)
2026/05/07 21:40:29 - simulation time     660 (s) : -------------------------------------All values below are based on the sent tasks-------------------------------------
2026/05/07 21:40:29 - simulation time     660 (s) : SimLog- Tasks ETE delay                                                         :     24681.2007 seconds
2026/05/07 21:40:29 - simulation time     660 (s) : SimLog- Average tasks ETE delay                                                 :         3.3045 seconds
2026/05/07 21:40:29 - simulation time     660 (s) : SimLog- Tasks execution delay                                                   :      4913.1664 seconds
2026/05/07 21:40:29 - simulation time     660 (s) : SimLog- Average tasks execution delay                                           :         0.6078 seconds
2026/05/07 21:40:29 - simulation time     660 (s) : SimLog- Tasks waiting time (from task submiting to the execution start)         :      1283.3472 seconds
2026/05/07 21:40:29 - simulation time     660 (s) : SimLog- Average tasks waiting time (from task submiting to the execution start) :         0.1588 seconds
2026/05/07 21:40:29 - simulation time     660 (s) : SimLog- Tasks successfully executed                                             :        89.5134 % (7469 among 8344 sent tasks)
2026/05/07 21:40:29 - simulation time     660 (s) : SimLog- Tasks failures
2026/05/07 21:40:29 - simulation time     660 (s) :                                        Not executed due to resources unavailable:              0 % (0 tasks)
2026/05/07 21:40:29 - simulation time     660 (s) :                               Successfully executed but failed due to high delay:         10.187 % (850 tasks from 8344 successfully sent tasks)
2026/05/07 21:40:29 - simulation time     660 (s) :                  Tasks execution results not returned because the device is dead:              0 % (0 tasks)
2026/05/07 21:40:29 - simulation time     660 (s) :                      Tasks execution results not returned due to device mobility:         0.2996 % (25 tasks)
2026/05/07 21:40:29 - simulation time     660 (s) : SimLog- Tasks executed on each level                                : Cloud=           2227 tasks (where 1945 were successfully executed)
2026/05/07 21:40:29 - simulation time     660 (s) :                                                                        Edge=           1068 tasks (where 925 were successfully executed)
2026/05/07 21:40:29 - simulation time     660 (s) :                                                                        Mist=           5049 tasks (where 4599 were successfully executed)
2026/05/07 21:40:29 - simulation time     660 (s) : SimLog- Network usage                                                           :          12814 seconds (The total traffic: 33684.15 (MBytes))
2026/05/07 21:40:29 - simulation time     660 (s) :                                                                         Wan=           2368 seconds (18.4798 % of total usage, WAN used when downloading containers=0 % of WAN usage)
2026/05/07 21:40:29 - simulation time     660 (s) :                                                                         Lan=          12814 seconds (100 % of total usage, LAN used when downloading containers=0 % of LAN usage)
2026/05/07 21:40:29 - simulation time     660 (s) :                                                    Average bandwidth per transfer=        870.401 Mbps  
2026/05/07 21:40:29 - simulation time     660 (s) : SimLog- Average vm CPU utilization                                              :         0.2444 %
2026/05/07 21:40:29 - simulation time     660 (s) : SimLog- Average vm CPU utilization per level                             : Cloud=          0.019 %
2026/05/07 21:40:29 - simulation time     660 (s) :                                                                             Edge=         0.0971 %
2026/05/07 21:40:29 - simulation time     660 (s) :                                                                             Mist=         0.2559 %
2026/05/07 21:40:29 - simulation time     660 (s) : SimLog- Energy consumption                                                      :37338503417661410000 W,   195.7216 dBW
2026/05/07 21:40:29 - simulation time     660 (s) :                                                                                 :(Average:53188751307209984 W/data center(or device), 167.2582 dBW/data center(or device))
2026/05/07 21:40:29 - simulation time     660 (s) :                                                                                 :(Average:4486722352518794.5 W/task, 156.5193 dBW/task)
2026/05/07 21:40:29 - simulation time     660 (s) : SimLog- Energy Consumption per level                                     : Cloud=14945789924008327000 W,   191.7452 dBW
2026/05/07 21:40:29 - simulation time     660 (s) :                                                                                 :(Average:830321662444907010 W/data center, 179.1925 dBW/data center)
2026/05/07 21:40:29 - simulation time     660 (s) :                                                                             Edge= 1236434622839225600 W,   180.9217 dBW
2026/05/07 21:40:29 - simulation time     660 (s) :                                                                                 :(Average:51518109284967736 W/data center, 167.1196 dBW/data center)
2026/05/07 21:40:29 - simulation time     660 (s) :                                                                             Mist=21156278870813856000 W,   193.2544 dBW
2026/05/07 21:40:29 - simulation time     660 (s) :                                                                                 :(Average:32054967986081600 W/edge device, 165.059 dBW/edge device)
2026/05/07 21:40:29 - simulation time     660 (s) : SimLog- Dead edge devices due to battery drain                                  :              0 devices (Among 0 devices with batteries (NaN %))
2026/05/07 21:40:29 - simulation time     660 (s) : SimLog- Average remaining power (devices with batteries that are still alive)   :              0 Wh (Average: 0 %)
2026/05/07 21:40:29 - simulation time     660 (s) : SimulationManager- the Scenario Simulation overflow times :2

================== Simulation finished at time 691.50 ==================


SimLog- Iteration finished...

######################################################################################################################################################################
Starting CloudSim Plus 4.3.0

2026/05/07 21:40:29 - simulation time       0 (s) : ServersManager- Datacenters and devices were generated
2026/05/07 21:40:29 - simulation time       0 (s) : SimulationManager-  Orchestration algorithm= WEIGHT_GREEDY-  Architechitecture= ALL -  number of edge devices= 726
2026/05/07 21:40:29 - simulation time       0 (s) : SimulationManager- Simulation: 1  , iteration: 41
2026/05/07 21:41:05 - simulation time     660 (s) : 
2026/05/07 21:41:05 - simulation time     660 (s) : ------------------------------------------------------- OUTPUT -------------------------------------------------------
2026/05/07 21:41:05 - simulation time     660 (s) : 
2026/05/07 21:41:05 - simulation time     660 (s) : SimLog- Tasks not sent because device died (low energy)                         :               0 % (0 tasks)
2026/05/07 21:41:05 - simulation time     660 (s) : SimLog- Tasks sent from edge devices                                            :             100 % (9210 among 9210 generated tasks)
2026/05/07 21:41:05 - simulation time     660 (s) : -------------------------------------All values below are based on the sent tasks-------------------------------------
2026/05/07 21:41:05 - simulation time     660 (s) : SimLog- Tasks ETE delay                                                         :     28712.5791 seconds
2026/05/07 21:41:05 - simulation time     660 (s) : SimLog- Average tasks ETE delay                                                 :         3.5265 seconds
2026/05/07 21:41:05 - simulation time     660 (s) : SimLog- Tasks execution delay                                                   :      5238.1901 seconds
2026/05/07 21:41:05 - simulation time     660 (s) : SimLog- Average tasks execution delay                                           :         0.5963 seconds
2026/05/07 21:41:05 - simulation time     660 (s) : SimLog- Tasks waiting time (from task submiting to the execution start)         :      3573.6788 seconds
2026/05/07 21:41:05 - simulation time     660 (s) : SimLog- Average tasks waiting time (from task submiting to the execution start) :         0.4068 seconds
2026/05/07 21:41:05 - simulation time     660 (s) : SimLog- Tasks successfully executed                                             :        88.4039 % (8142 among 9210 sent tasks)
2026/05/07 21:41:05 - simulation time     660 (s) : SimLog- Tasks failures
2026/05/07 21:41:05 - simulation time     660 (s) :                                        Not executed due to resources unavailable:              0 % (0 tasks)
2026/05/07 21:41:05 - simulation time     660 (s) :                               Successfully executed but failed due to high delay:        11.2921 % (1040 tasks from 9210 successfully sent tasks)
2026/05/07 21:41:05 - simulation time     660 (s) :                  Tasks execution results not returned because the device is dead:              0 % (0 tasks)
2026/05/07 21:41:05 - simulation time     660 (s) :                      Tasks execution results not returned due to device mobility:          0.304 % (28 tasks)
2026/05/07 21:41:05 - simulation time     660 (s) : SimLog- Tasks executed on each level                                : Cloud=           2226 tasks (where 1908 were successfully executed)
2026/05/07 21:41:05 - simulation time     660 (s) :                                                                        Edge=           1109 tasks (where 939 were successfully executed)
2026/05/07 21:41:05 - simulation time     660 (s) :                                                                        Mist=           5875 tasks (where 5295 were successfully executed)
2026/05/07 21:41:05 - simulation time     660 (s) : SimLog- Network usage                                                           :          13829 seconds (The total traffic: 31895.2 (MBytes))
2026/05/07 21:41:05 - simulation time     660 (s) :                                                                         Wan=           2394 seconds (17.3114 % of total usage, WAN used when downloading containers=0 % of WAN usage)
2026/05/07 21:41:05 - simulation time     660 (s) :                                                                         Lan=          13829 seconds (100 % of total usage, LAN used when downloading containers=0 % of LAN usage)
2026/05/07 21:41:05 - simulation time     660 (s) :                                                    Average bandwidth per transfer=       873.8513 Mbps  
2026/05/07 21:41:05 - simulation time     660 (s) : SimLog- Average vm CPU utilization                                              :         0.2837 %
2026/05/07 21:41:05 - simulation time     660 (s) : SimLog- Average vm CPU utilization per level                             : Cloud=         0.0662 %
2026/05/07 21:41:05 - simulation time     660 (s) :                                                                             Edge=         0.0918 %
2026/05/07 21:41:05 - simulation time     660 (s) :                                                                             Mist=         0.2954 %
2026/05/07 21:41:05 - simulation time     660 (s) : SimLog- Energy consumption                                                      :35415921499038663000 W,    195.492 dBW
2026/05/07 21:41:05 - simulation time     660 (s) :                                                                                 :(Average:46114481118539928 W/data center(or device), 166.6384 dBW/data center(or device))
2026/05/07 21:41:05 - simulation time     660 (s) :                                                                                 :(Average:3855423633685898.5 W/task, 155.8607 dBW/task)
2026/05/07 21:41:05 - simulation time     660 (s) : SimLog- Energy Consumption per level                                     : Cloud=14644482753583634000 W,   191.6567 dBW
2026/05/07 21:41:05 - simulation time     660 (s) :                                                                                 :(Average:813582375199090820 W/data center, 179.104 dBW/data center)
2026/05/07 21:41:05 - simulation time     660 (s) :                                                                             Edge=  700353088248051330 W,   178.4532 dBW
2026/05/07 21:41:05 - simulation time     660 (s) :                                                                                 :(Average:29181378677002140 W/data center, 164.6511 dBW/data center)
2026/05/07 21:41:05 - simulation time     660 (s) :                                                                             Mist=20071085657206977000 W,   193.0257 dBW
2026/05/07 21:41:05 - simulation time     660 (s) :                                                                                 :(Average:27646123494775448 W/edge device, 164.4163 dBW/edge device)
2026/05/07 21:41:05 - simulation time     660 (s) : SimLog- Dead edge devices due to battery drain                                  :              0 devices (Among 0 devices with batteries (NaN %))
2026/05/07 21:41:05 - simulation time     660 (s) : SimLog- Average remaining power (devices with batteries that are still alive)   :              0 Wh (Average: 0 %)
2026/05/07 21:41:05 - simulation time     660 (s) : SimulationManager- the Scenario Simulation overflow times :2

================== Simulation finished at time 691.50 ==================


SimLog- Iteration finished...

######################################################################################################################################################################
Starting CloudSim Plus 4.3.0

2026/05/07 21:41:05 - simulation time       0 (s) : ServersManager- Datacenters and devices were generated
2026/05/07 21:41:05 - simulation time       0 (s) : SimulationManager-  Orchestration algorithm= WEIGHT_GREEDY-  Architechitecture= ALL -  number of edge devices= 792
2026/05/07 21:41:05 - simulation time       0 (s) : SimulationManager- Simulation: 1  , iteration: 42
2026/05/07 21:42:02 - simulation time     660 (s) : 
2026/05/07 21:42:02 - simulation time     660 (s) : ------------------------------------------------------- OUTPUT -------------------------------------------------------
2026/05/07 21:42:02 - simulation time     660 (s) : 
2026/05/07 21:42:02 - simulation time     660 (s) : SimLog- Tasks not sent because device died (low energy)                         :               0 % (0 tasks)
2026/05/07 21:42:02 - simulation time     660 (s) : SimLog- Tasks sent from edge devices                                            :             100 % (10048 among 10048 generated tasks)
2026/05/07 21:42:02 - simulation time     660 (s) : -------------------------------------All values below are based on the sent tasks-------------------------------------
2026/05/07 21:42:02 - simulation time     660 (s) : SimLog- Tasks ETE delay                                                         :     33262.1708 seconds
2026/05/07 21:42:02 - simulation time     660 (s) : SimLog- Average tasks ETE delay                                                 :          3.852 seconds
2026/05/07 21:42:02 - simulation time     660 (s) : SimLog- Tasks execution delay                                                   :      5639.7312 seconds
2026/05/07 21:42:02 - simulation time     660 (s) : SimLog- Average tasks execution delay                                           :         0.5993 seconds
2026/05/07 21:42:02 - simulation time     660 (s) : SimLog- Tasks waiting time (from task submiting to the execution start)         :      7210.0018 seconds
2026/05/07 21:42:02 - simulation time     660 (s) : SimLog- Average tasks waiting time (from task submiting to the execution start) :         0.7661 seconds
2026/05/07 21:42:02 - simulation time     660 (s) : SimLog- Tasks successfully executed                                             :        85.9375 % (8635 among 10048 sent tasks)
2026/05/07 21:42:02 - simulation time     660 (s) : SimLog- Tasks failures
2026/05/07 21:42:02 - simulation time     660 (s) :                                        Not executed due to resources unavailable:              0 % (0 tasks)
2026/05/07 21:42:02 - simulation time     660 (s) :                               Successfully executed but failed due to high delay:        13.8137 % (1388 tasks from 10048 successfully sent tasks)
2026/05/07 21:42:02 - simulation time     660 (s) :                  Tasks execution results not returned because the device is dead:              0 % (0 tasks)
2026/05/07 21:42:02 - simulation time     660 (s) :                      Tasks execution results not returned due to device mobility:         0.2488 % (25 tasks)
2026/05/07 21:42:02 - simulation time     660 (s) : SimLog- Tasks executed on each level                                : Cloud=           2452 tasks (where 1984 were successfully executed)
2026/05/07 21:42:02 - simulation time     660 (s) :                                                                        Edge=           1126 tasks (where 904 were successfully executed)
2026/05/07 21:42:02 - simulation time     660 (s) :                                                                        Mist=           6470 tasks (where 5747 were successfully executed)
2026/05/07 21:42:02 - simulation time     660 (s) : SimLog- Network usage                                                           :          14762 seconds (The total traffic: 32100.75 (MBytes))
2026/05/07 21:42:02 - simulation time     660 (s) :                                                                         Wan=           2575 seconds (17.4434 % of total usage, WAN used when downloading containers=0 % of WAN usage)
2026/05/07 21:42:02 - simulation time     660 (s) :                                                                         Lan=          14762 seconds (100 % of total usage, LAN used when downloading containers=0 % of LAN usage)
2026/05/07 21:42:02 - simulation time     660 (s) :                                                    Average bandwidth per transfer=       872.2922 Mbps  
2026/05/07 21:42:02 - simulation time     660 (s) : SimLog- Average vm CPU utilization                                              :         0.2805 %
2026/05/07 21:42:02 - simulation time     660 (s) : SimLog- Average vm CPU utilization per level                             : Cloud=         0.0275 %
2026/05/07 21:42:02 - simulation time     660 (s) :                                                                             Edge=          0.071 %
2026/05/07 21:42:02 - simulation time     660 (s) :                                                                             Mist=         0.2926 %
2026/05/07 21:42:02 - simulation time     660 (s) : SimLog- Energy consumption                                                      :35286560532989927000 W,   195.4761 dBW
2026/05/07 21:42:02 - simulation time     660 (s) :                                                                                 :(Average:42310024619892000 W/data center(or device), 166.2644 dBW/data center(or device))
2026/05/07 21:42:02 - simulation time     660 (s) :                                                                                 :(Average:3517400372108246.5 W/task, 155.4622 dBW/task)
2026/05/07 21:42:02 - simulation time     660 (s) : SimLog- Energy Consumption per level                                     : Cloud=14302227250180882000 W,    191.554 dBW
2026/05/07 21:42:02 - simulation time     660 (s) :                                                                                 :(Average:794568180565604610 W/data center, 179.0013 dBW/data center)
2026/05/07 21:42:02 - simulation time     660 (s) :                                                                             Edge=  803507189645499780 W,   179.0499 dBW
2026/05/07 21:42:02 - simulation time     660 (s) :                                                                                 :(Average:33479466235229156 W/data center, 165.2478 dBW/data center)
2026/05/07 21:42:02 - simulation time     660 (s) :                                                                             Mist=20180826093163545000 W,   193.0494 dBW
2026/05/07 21:42:02 - simulation time     660 (s) :                                                                                 :(Average:25480841026721648 W/edge device, 164.0621 dBW/edge device)
2026/05/07 21:42:02 - simulation time     660 (s) : SimLog- Dead edge devices due to battery drain                                  :              0 devices (Among 0 devices with batteries (NaN %))
2026/05/07 21:42:02 - simulation time     660 (s) : SimLog- Average remaining power (devices with batteries that are still alive)   :              0 Wh (Average: 0 %)
2026/05/07 21:42:02 - simulation time     660 (s) : SimulationManager- the Scenario Simulation overflow times :2

================== Simulation finished at time 691.50 ==================


SimLog- Iteration finished...

######################################################################################################################################################################
Starting CloudSim Plus 4.3.0

2026/05/07 21:42:02 - simulation time       0 (s) : ServersManager- Datacenters and devices were generated
2026/05/07 21:42:02 - simulation time       0 (s) : SimulationManager-  Orchestration algorithm= WEIGHT_GREEDY-  Architechitecture= ALL -  number of edge devices= 858
2026/05/07 21:42:02 - simulation time       0 (s) : SimulationManager- Simulation: 1  , iteration: 43
2026/05/07 21:43:12 - simulation time     660 (s) : 
2026/05/07 21:43:12 - simulation time     660 (s) : ------------------------------------------------------- OUTPUT -------------------------------------------------------
2026/05/07 21:43:12 - simulation time     660 (s) : 
2026/05/07 21:43:12 - simulation time     660 (s) : SimLog- Tasks not sent because device died (low energy)                         :               0 % (0 tasks)
2026/05/07 21:43:12 - simulation time     660 (s) : SimLog- Tasks sent from edge devices                                            :             100 % (10890 among 10890 generated tasks)
2026/05/07 21:43:12 - simulation time     660 (s) : -------------------------------------All values below are based on the sent tasks-------------------------------------
2026/05/07 21:43:12 - simulation time     660 (s) : SimLog- Tasks ETE delay                                                         :     40869.0457 seconds
2026/05/07 21:43:12 - simulation time     660 (s) : SimLog- Average tasks ETE delay                                                 :         4.3682 seconds
2026/05/07 21:43:12 - simulation time     660 (s) : SimLog- Tasks execution delay                                                   :      6172.9483 seconds
2026/05/07 21:43:12 - simulation time     660 (s) : SimLog- Average tasks execution delay                                           :         0.6086 seconds
2026/05/07 21:43:12 - simulation time     660 (s) : SimLog- Tasks waiting time (from task submiting to the execution start)         :     12189.4407 seconds
2026/05/07 21:43:12 - simulation time     660 (s) : SimLog- Average tasks waiting time (from task submiting to the execution start) :         1.2018 seconds
2026/05/07 21:43:12 - simulation time     660 (s) : SimLog- Tasks successfully executed                                             :        85.9137 % (9356 among 10890 sent tasks)
2026/05/07 21:43:12 - simulation time     660 (s) : SimLog- Tasks failures
2026/05/07 21:43:12 - simulation time     660 (s) :                                        Not executed due to resources unavailable:              0 % (0 tasks)
2026/05/07 21:43:12 - simulation time     660 (s) :                               Successfully executed but failed due to high delay:        13.7374 % (1496 tasks from 10890 successfully sent tasks)
2026/05/07 21:43:12 - simulation time     660 (s) :                  Tasks execution results not returned because the device is dead:              0 % (0 tasks)
2026/05/07 21:43:12 - simulation time     660 (s) :                      Tasks execution results not returned due to device mobility:         0.3489 % (38 tasks)
2026/05/07 21:43:12 - simulation time     660 (s) : SimLog- Tasks executed on each level                                : Cloud=           2512 tasks (where 2047 were successfully executed)
2026/05/07 21:43:12 - simulation time     660 (s) :                                                                        Edge=           1184 tasks (where 978 were successfully executed)
2026/05/07 21:43:12 - simulation time     660 (s) :                                                                        Mist=           7194 tasks (where 6331 were successfully executed)
2026/05/07 21:43:12 - simulation time     660 (s) : SimLog- Network usage                                                           :          16102 seconds (The total traffic: 37355.8 (MBytes))
2026/05/07 21:43:12 - simulation time     660 (s) :                                                                         Wan=           2714 seconds (16.855 % of total usage, WAN used when downloading containers=0 % of WAN usage)
2026/05/07 21:43:12 - simulation time     660 (s) :                                                                         Lan=          16102 seconds (100 % of total usage, LAN used when downloading containers=0 % of LAN usage)
2026/05/07 21:43:12 - simulation time     660 (s) :                                                    Average bandwidth per transfer=       873.0434 Mbps  
2026/05/07 21:43:12 - simulation time     660 (s) : SimLog- Average vm CPU utilization                                              :         0.3095 %
2026/05/07 21:43:12 - simulation time     660 (s) : SimLog- Average vm CPU utilization per level                             : Cloud=         0.1717 %
2026/05/07 21:43:12 - simulation time     660 (s) :                                                                             Edge=         0.1729 %
2026/05/07 21:43:12 - simulation time     660 (s) :                                                                             Mist=         0.3163 %
2026/05/07 21:43:12 - simulation time     660 (s) : SimLog- Energy consumption                                                      :35044747148003213000 W,   195.4462 dBW
2026/05/07 21:43:12 - simulation time     660 (s) :                                                                                 :(Average:38938607942225792 W/data center(or device), 165.9038 dBW/data center(or device))
2026/05/07 21:43:12 - simulation time     660 (s) :                                                                                 :(Average:3225174594883417.5 W/task, 155.0855 dBW/task)
2026/05/07 21:43:12 - simulation time     660 (s) : SimLog- Energy Consumption per level                                     : Cloud=13852336808259994000 W,   191.4152 dBW
2026/05/07 21:43:12 - simulation time     660 (s) :                                                                                 :(Average:769574267125555200 W/data center, 178.8625 dBW/data center)
2026/05/07 21:43:12 - simulation time     660 (s) :                                                                             Edge=  738633864590015100 W,   178.6843 dBW
2026/05/07 21:43:12 - simulation time     660 (s) :                                                                                 :(Average:30776411024583964 W/data center, 164.8822 dBW/data center)
2026/05/07 21:43:12 - simulation time     660 (s) :                                                                             Mist=20453776475153207000 W,   193.1077 dBW
2026/05/07 21:43:12 - simulation time     660 (s) :                                                                                 :(Average:23838900320691384 W/edge device, 163.7729 dBW/edge device)
2026/05/07 21:43:12 - simulation time     660 (s) : SimLog- Dead edge devices due to battery drain                                  :              0 devices (Among 0 devices with batteries (NaN %))
2026/05/07 21:43:12 - simulation time     660 (s) : SimLog- Average remaining power (devices with batteries that are still alive)   :              0 Wh (Average: 0 %)
2026/05/07 21:43:12 - simulation time     660 (s) : SimulationManager- the Scenario Simulation overflow times :2

================== Simulation finished at time 691.50 ==================


SimLog- Iteration finished...

######################################################################################################################################################################
Starting CloudSim Plus 4.3.0

2026/05/07 21:43:13 - simulation time       0 (s) : ServersManager- Datacenters and devices were generated
2026/05/07 21:43:13 - simulation time       0 (s) : SimulationManager-  Orchestration algorithm= WEIGHT_GREEDY-  Architechitecture= ALL -  number of edge devices= 924
2026/05/07 21:43:13 - simulation time       0 (s) : SimulationManager- Simulation: 1  , iteration: 44
2026/05/07 21:44:41 - simulation time     660 (s) : 
2026/05/07 21:44:41 - simulation time     660 (s) : ------------------------------------------------------- OUTPUT -------------------------------------------------------
2026/05/07 21:44:41 - simulation time     660 (s) : 
2026/05/07 21:44:41 - simulation time     660 (s) : SimLog- Tasks not sent because device died (low energy)                         :               0 % (0 tasks)
2026/05/07 21:44:41 - simulation time     660 (s) : SimLog- Tasks sent from edge devices                                            :             100 % (11698 among 11698 generated tasks)
2026/05/07 21:44:41 - simulation time     660 (s) : -------------------------------------All values below are based on the sent tasks-------------------------------------
2026/05/07 21:44:41 - simulation time     660 (s) : SimLog- Tasks ETE delay                                                         :     50508.2734 seconds
2026/05/07 21:44:41 - simulation time     660 (s) : SimLog- Average tasks ETE delay                                                 :         4.9615 seconds
2026/05/07 21:44:41 - simulation time     660 (s) : SimLog- Tasks execution delay                                                   :      6644.0471 seconds
2026/05/07 21:44:41 - simulation time     660 (s) : SimLog- Average tasks execution delay                                           :         0.6074 seconds
2026/05/07 21:44:41 - simulation time     660 (s) : SimLog- Tasks waiting time (from task submiting to the execution start)         :     18800.0759 seconds
2026/05/07 21:44:41 - simulation time     660 (s) : SimLog- Average tasks waiting time (from task submiting to the execution start) :         1.7188 seconds
2026/05/07 21:44:41 - simulation time     660 (s) : SimLog- Tasks successfully executed                                             :        87.0234 % (10180 among 11698 sent tasks)
2026/05/07 21:44:41 - simulation time     660 (s) : SimLog- Tasks failures
2026/05/07 21:44:41 - simulation time     660 (s) :                                        Not executed due to resources unavailable:              0 % (0 tasks)
2026/05/07 21:44:41 - simulation time     660 (s) :                               Successfully executed but failed due to high delay:        12.5577 % (1469 tasks from 11698 successfully sent tasks)
2026/05/07 21:44:41 - simulation time     660 (s) :                  Tasks execution results not returned because the device is dead:              0 % (0 tasks)
2026/05/07 21:44:41 - simulation time     660 (s) :                      Tasks execution results not returned due to device mobility:         0.4189 % (49 tasks)
2026/05/07 21:44:41 - simulation time     660 (s) : SimLog- Tasks executed on each level                                : Cloud=           2398 tasks (where 1985 were successfully executed)
2026/05/07 21:44:41 - simulation time     660 (s) :                                                                        Edge=           1203 tasks (where 1008 were successfully executed)
2026/05/07 21:44:41 - simulation time     660 (s) :                                                                        Mist=           8097 tasks (where 7187 were successfully executed)
2026/05/07 21:44:41 - simulation time     660 (s) : SimLog- Network usage                                                           :          17463 seconds (The total traffic: 39011.55 (MBytes))
2026/05/07 21:44:41 - simulation time     660 (s) :                                                                         Wan=           2603 seconds (14.9058 % of total usage, WAN used when downloading containers=0 % of WAN usage)
2026/05/07 21:44:41 - simulation time     660 (s) :                                                                         Lan=          17463 seconds (100 % of total usage, LAN used when downloading containers=0 % of LAN usage)
2026/05/07 21:44:41 - simulation time     660 (s) :                                                    Average bandwidth per transfer=       892.2315 Mbps  
2026/05/07 21:44:41 - simulation time     660 (s) : SimLog- Average vm CPU utilization                                              :         0.2824 %
2026/05/07 21:44:41 - simulation time     660 (s) : SimLog- Average vm CPU utilization per level                             : Cloud=         0.0327 %
2026/05/07 21:44:41 - simulation time     660 (s) :                                                                             Edge=         0.1071 %
2026/05/07 21:44:41 - simulation time     660 (s) :                                                                             Mist=         0.2918 %
2026/05/07 21:44:41 - simulation time     660 (s) : SimLog- Energy consumption                                                      :32290815397397440000 W,   195.0908 dBW
2026/05/07 21:44:41 - simulation time     660 (s) :                                                                                 :(Average:33427345131881408 W/data center(or device), 165.241 dBW/data center(or device))
2026/05/07 21:44:41 - simulation time     660 (s) :                                                                                 :(Average:2764861323520630 W/task, 154.4167 dBW/task)
2026/05/07 21:44:41 - simulation time     660 (s) : SimLog- Energy Consumption per level                                     : Cloud=12940675590835016000 W,   191.1196 dBW
2026/05/07 21:44:41 - simulation time     660 (s) :                                                                                 :(Average:718926421713056380 W/data center, 178.5668 dBW/data center)
2026/05/07 21:44:41 - simulation time     660 (s) :                                                                             Edge=  749926540772108930 W,   178.7502 dBW
2026/05/07 21:44:41 - simulation time     660 (s) :                                                                                 :(Average:31246939198837872 W/data center, 164.9481 dBW/data center)
2026/05/07 21:44:41 - simulation time     660 (s) :                                                                             Mist=18600213265790317000 W,   192.6952 dBW
2026/05/07 21:44:41 - simulation time     660 (s) :                                                                                 :(Average:20130100937002508 W/edge device, 163.0385 dBW/edge device)
2026/05/07 21:44:41 - simulation time     660 (s) : SimLog- Dead edge devices due to battery drain                                  :              0 devices (Among 0 devices with batteries (NaN %))
2026/05/07 21:44:41 - simulation time     660 (s) : SimLog- Average remaining power (devices with batteries that are still alive)   :              0 Wh (Average: 0 %)
2026/05/07 21:44:41 - simulation time     660 (s) : SimulationManager- the Scenario Simulation overflow times :2

================== Simulation finished at time 691.50 ==================


SimLog- Iteration finished...

######################################################################################################################################################################
Starting CloudSim Plus 4.3.0

2026/05/07 21:44:42 - simulation time       0 (s) : ServersManager- Datacenters and devices were generated
2026/05/07 21:44:42 - simulation time       0 (s) : SimulationManager-  Orchestration algorithm= WEIGHT_GREEDY-  Architechitecture= ALL -  number of edge devices= 990
2026/05/07 21:44:42 - simulation time       0 (s) : SimulationManager- Simulation: 1  , iteration: 45
2026/05/07 21:46:39 - simulation time     660 (s) : 
2026/05/07 21:46:39 - simulation time     660 (s) : ------------------------------------------------------- OUTPUT -------------------------------------------------------
2026/05/07 21:46:39 - simulation time     660 (s) : 
2026/05/07 21:46:39 - simulation time     660 (s) : SimLog- Tasks not sent because device died (low energy)                         :               0 % (0 tasks)
2026/05/07 21:46:39 - simulation time     660 (s) : SimLog- Tasks sent from edge devices                                            :             100 % (12524 among 12524 generated tasks)
2026/05/07 21:46:39 - simulation time     660 (s) : -------------------------------------All values below are based on the sent tasks-------------------------------------
2026/05/07 21:46:39 - simulation time     660 (s) : SimLog- Tasks ETE delay                                                         :       59659.77 seconds
2026/05/07 21:46:39 - simulation time     660 (s) : SimLog- Average tasks ETE delay                                                 :         5.4714 seconds
2026/05/07 21:46:39 - simulation time     660 (s) : SimLog- Tasks execution delay                                                   :      7316.5432 seconds
2026/05/07 21:46:39 - simulation time     660 (s) : SimLog- Average tasks execution delay                                           :         0.6245 seconds
2026/05/07 21:46:39 - simulation time     660 (s) : SimLog- Tasks waiting time (from task submiting to the execution start)         :     25649.8959 seconds
2026/05/07 21:46:39 - simulation time     660 (s) : SimLog- Average tasks waiting time (from task submiting to the execution start) :         2.1895 seconds
2026/05/07 21:46:39 - simulation time     660 (s) : SimLog- Tasks successfully executed                                             :        87.0648 % (10904 among 12524 sent tasks)
2026/05/07 21:46:39 - simulation time     660 (s) : SimLog- Tasks failures
2026/05/07 21:46:39 - simulation time     660 (s) :                                        Not executed due to resources unavailable:              0 % (0 tasks)
2026/05/07 21:46:39 - simulation time     660 (s) :                               Successfully executed but failed due to high delay:          12.48 % (1563 tasks from 12524 successfully sent tasks)
2026/05/07 21:46:39 - simulation time     660 (s) :                  Tasks execution results not returned because the device is dead:              0 % (0 tasks)
2026/05/07 21:46:39 - simulation time     660 (s) :                      Tasks execution results not returned due to device mobility:         0.4551 % (57 tasks)
2026/05/07 21:46:39 - simulation time     660 (s) : SimLog- Tasks executed on each level                                : Cloud=           2676 tasks (where 2248 were successfully executed)
2026/05/07 21:46:39 - simulation time     660 (s) :                                                                        Edge=           1177 tasks (where 977 were successfully executed)
2026/05/07 21:46:39 - simulation time     660 (s) :                                                                        Mist=           8671 tasks (where 7679 were successfully executed)
2026/05/07 21:46:39 - simulation time     660 (s) : SimLog- Network usage                                                           :          18551 seconds (The total traffic: 43784 (MBytes))
2026/05/07 21:46:39 - simulation time     660 (s) :                                                                         Wan=           2905 seconds (15.6595 % of total usage, WAN used when downloading containers=0 % of WAN usage)
2026/05/07 21:46:39 - simulation time     660 (s) :                                                                         Lan=          18551 seconds (100 % of total usage, LAN used when downloading containers=0 % of LAN usage)
2026/05/07 21:46:39 - simulation time     660 (s) :                                                    Average bandwidth per transfer=       883.0748 Mbps  
2026/05/07 21:46:39 - simulation time     660 (s) : SimLog- Average vm CPU utilization                                              :          0.256 %
2026/05/07 21:46:39 - simulation time     660 (s) : SimLog- Average vm CPU utilization per level                             : Cloud=         0.0355 %
2026/05/07 21:46:39 - simulation time     660 (s) :                                                                             Edge=         0.1118 %
2026/05/07 21:46:39 - simulation time     660 (s) :                                                                             Mist=         0.2635 %
2026/05/07 21:46:39 - simulation time     660 (s) : SimLog- Energy consumption                                                      :36231095095575433000 W,   195.5908 dBW
2026/05/07 21:46:39 - simulation time     660 (s) :                                                                                 :(Average:35107650286410304 W/data center(or device), 165.454 dBW/data center(or device))
2026/05/07 21:46:39 - simulation time     660 (s) :                                                                                 :(Average:2899183411664834 W/task, 154.6228 dBW/task)
2026/05/07 21:46:39 - simulation time     660 (s) : SimLog- Energy Consumption per level                                     : Cloud=14506530056034286000 W,   191.6156 dBW
2026/05/07 21:46:39 - simulation time     660 (s) :                                                                                 :(Average:805918336446349180 W/data center, 179.0629 dBW/data center)
2026/05/07 21:46:39 - simulation time     660 (s) :                                                                             Edge=  916167047954769790 W,   179.6197 dBW
2026/05/07 21:46:39 - simulation time     660 (s) :                                                                                 :(Average:38173626998115408 W/data center, 165.8176 dBW/data center)
2026/05/07 21:46:39 - simulation time     660 (s) :                                                                             Mist=20808397991586378000 W,   193.1824 dBW
2026/05/07 21:46:39 - simulation time     660 (s) :                                                                                 :(Average:21018583829885232 W/edge device, 163.226 dBW/edge device)
2026/05/07 21:46:39 - simulation time     660 (s) : SimLog- Dead edge devices due to battery drain                                  :              0 devices (Among 0 devices with batteries (NaN %))
2026/05/07 21:46:39 - simulation time     660 (s) : SimLog- Average remaining power (devices with batteries that are still alive)   :              0 Wh (Average: 0 %)
2026/05/07 21:46:39 - simulation time     660 (s) : SimulationManager- the Scenario Simulation overflow times :2

================== Simulation finished at time 691.50 ==================


SimLog- Iteration finished...

######################################################################################################################################################################
Starting CloudSim Plus 4.3.0

2026/05/07 21:46:39 - simulation time       0 (s) : ServersManager- Datacenters and devices were generated
2026/05/07 21:46:39 - simulation time       0 (s) : SimulationManager-  Orchestration algorithm= ROUND_ROBIN-  Architechitecture= ALL -  number of edge devices= 66
2026/05/07 21:46:39 - simulation time       0 (s) : SimulationManager- Simulation: 1  , iteration: 46
2026/05/07 21:46:41 - simulation time     650 (s) : 
2026/05/07 21:46:41 - simulation time     650 (s) : ------------------------------------------------------- OUTPUT -------------------------------------------------------
2026/05/07 21:46:41 - simulation time     650 (s) : 
2026/05/07 21:46:41 - simulation time     650 (s) : SimLog- Tasks not sent because device died (low energy)                         :               0 % (0 tasks)
2026/05/07 21:46:41 - simulation time     650 (s) : SimLog- Tasks sent from edge devices                                            :             100 % (848 among 848 generated tasks)
2026/05/07 21:46:41 - simulation time     650 (s) : -------------------------------------All values below are based on the sent tasks-------------------------------------
2026/05/07 21:46:41 - simulation time     650 (s) : SimLog- Tasks ETE delay                                                         :      2460.2766 seconds
2026/05/07 21:46:41 - simulation time     650 (s) : SimLog- Average tasks ETE delay                                                 :         3.4076 seconds
2026/05/07 21:46:41 - simulation time     650 (s) : SimLog- Tasks execution delay                                                   :       290.4113 seconds
2026/05/07 21:46:41 - simulation time     650 (s) : SimLog- Average tasks execution delay                                           :         0.3437 seconds
2026/05/07 21:46:41 - simulation time     650 (s) : SimLog- Tasks waiting time (from task submiting to the execution start)         :        17.3348 seconds
2026/05/07 21:46:41 - simulation time     650 (s) : SimLog- Average tasks waiting time (from task submiting to the execution start) :         0.0205 seconds
2026/05/07 21:46:41 - simulation time     650 (s) : SimLog- Tasks successfully executed                                             :        85.1415 % (722 among 848 sent tasks)
2026/05/07 21:46:41 - simulation time     650 (s) : SimLog- Tasks failures
2026/05/07 21:46:41 - simulation time     650 (s) :                                        Not executed due to resources unavailable:              0 % (0 tasks)
2026/05/07 21:46:41 - simulation time     650 (s) :                               Successfully executed but failed due to high delay:        14.6226 % (124 tasks from 848 successfully sent tasks)
2026/05/07 21:46:41 - simulation time     650 (s) :                  Tasks execution results not returned because the device is dead:              0 % (0 tasks)
2026/05/07 21:46:41 - simulation time     650 (s) :                      Tasks execution results not returned due to device mobility:         0.2358 % (2 tasks)
2026/05/07 21:46:41 - simulation time     650 (s) : SimLog- Tasks executed on each level                                : Cloud=            497 tasks (where 425 were successfully executed)
2026/05/07 21:46:41 - simulation time     650 (s) :                                                                        Edge=            193 tasks (where 159 were successfully executed)
2026/05/07 21:46:41 - simulation time     650 (s) :                                                                        Mist=            158 tasks (where 138 were successfully executed)
2026/05/07 21:46:41 - simulation time     650 (s) : SimLog- Network usage                                                           :           1633 seconds (The total traffic: 2201.55 (MBytes))
2026/05/07 21:46:41 - simulation time     650 (s) :                                                                         Wan=            497 seconds (30.4348 % of total usage, WAN used when downloading containers=0 % of WAN usage)
2026/05/07 21:46:41 - simulation time     650 (s) :                                                                         Lan=           1633 seconds (100 % of total usage, LAN used when downloading containers=0 % of LAN usage)
2026/05/07 21:46:41 - simulation time     650 (s) :                                                    Average bandwidth per transfer=       895.8241 Mbps  
2026/05/07 21:46:41 - simulation time     650 (s) : SimLog- Average vm CPU utilization                                              :         0.0207 %
2026/05/07 21:46:41 - simulation time     650 (s) : SimLog- Average vm CPU utilization per level                             : Cloud=              0 %
2026/05/07 21:46:41 - simulation time     650 (s) :                                                                             Edge=         0.0084 %
2026/05/07 21:46:41 - simulation time     650 (s) :                                                                             Mist=         0.0309 %
2026/05/07 21:46:41 - simulation time     650 (s) : SimLog- Energy consumption                                                      :14252942603159245000 W,    191.539 dBW
2026/05/07 21:46:41 - simulation time     650 (s) :                                                                                 :(Average:131971690769993008 W/data center(or device), 171.2048 dBW/data center(or device))
2026/05/07 21:46:41 - simulation time     650 (s) :                                                                                 :(Average:16847449885531022 W/task, 162.2653 dBW/task)
2026/05/07 21:46:41 - simulation time     650 (s) : SimLog- Energy Consumption per level                                     : Cloud= 4903391430226251800 W,    186.905 dBW
2026/05/07 21:46:41 - simulation time     650 (s) :                                                                                 :(Average:272410635012569536 W/data center, 174.3522 dBW/data center)
2026/05/07 21:46:41 - simulation time     650 (s) :                                                                             Edge=  695857248648390660 W,   178.4252 dBW
2026/05/07 21:46:41 - simulation time     650 (s) :                                                                                 :(Average:28994052027016276 W/data center, 164.6231 dBW/data center)
2026/05/07 21:46:41 - simulation time     650 (s) :                                                                             Mist= 8653693924284601300 W,    189.372 dBW
2026/05/07 21:46:41 - simulation time     650 (s) :                                                                                 :(Average:131116574610372752 W/edge device, 171.1766 dBW/edge device)
2026/05/07 21:46:41 - simulation time     650 (s) : SimLog- Dead edge devices due to battery drain                                  :              0 devices (Among 0 devices with batteries (NaN %))
2026/05/07 21:46:41 - simulation time     650 (s) : SimLog- Average remaining power (devices with batteries that are still alive)   :              0 Wh (Average: 0 %)
2026/05/07 21:46:41 - simulation time     650 (s) : SimulationManager- the Scenario Simulation overflow times :2

================== Simulation finished at time 685.20 ==================


SimLog- Iteration finished...

######################################################################################################################################################################
Starting CloudSim Plus 4.3.0

2026/05/07 21:46:41 - simulation time       0 (s) : ServersManager- Datacenters and devices were generated
2026/05/07 21:46:41 - simulation time       0 (s) : SimulationManager-  Orchestration algorithm= ROUND_ROBIN-  Architechitecture= ALL -  number of edge devices= 132
2026/05/07 21:46:41 - simulation time       0 (s) : SimulationManager- Simulation: 1  , iteration: 47
2026/05/07 21:46:42 - simulation time     660 (s) : 
2026/05/07 21:46:42 - simulation time     660 (s) : ------------------------------------------------------- OUTPUT -------------------------------------------------------
2026/05/07 21:46:42 - simulation time     660 (s) : 
2026/05/07 21:46:42 - simulation time     660 (s) : SimLog- Tasks not sent because device died (low energy)                         :               0 % (0 tasks)
2026/05/07 21:46:42 - simulation time     660 (s) : SimLog- Tasks sent from edge devices                                            :             100 % (1694 among 1694 generated tasks)
2026/05/07 21:46:42 - simulation time     660 (s) : -------------------------------------All values below are based on the sent tasks-------------------------------------
2026/05/07 21:46:42 - simulation time     660 (s) : SimLog- Tasks ETE delay                                                         :      5431.7752 seconds
2026/05/07 21:46:42 - simulation time     660 (s) : SimLog- Average tasks ETE delay                                                 :         3.6876 seconds
2026/05/07 21:46:42 - simulation time     660 (s) : SimLog- Tasks execution delay                                                   :       856.9075 seconds
2026/05/07 21:46:42 - simulation time     660 (s) : SimLog- Average tasks execution delay                                           :         0.5147 seconds
2026/05/07 21:46:42 - simulation time     660 (s) : SimLog- Tasks waiting time (from task submiting to the execution start)         :        31.7204 seconds
2026/05/07 21:46:42 - simulation time     660 (s) : SimLog- Average tasks waiting time (from task submiting to the execution start) :         0.0191 seconds
2026/05/07 21:46:42 - simulation time     660 (s) : SimLog- Tasks successfully executed                                             :         86.954 % (1473 among 1694 sent tasks)
2026/05/07 21:46:42 - simulation time     660 (s) : SimLog- Tasks failures
2026/05/07 21:46:42 - simulation time     660 (s) :                                        Not executed due to resources unavailable:              0 % (0 tasks)
2026/05/07 21:46:42 - simulation time     660 (s) :                               Successfully executed but failed due to high delay:        12.7509 % (216 tasks from 1694 successfully sent tasks)
2026/05/07 21:46:42 - simulation time     660 (s) :                  Tasks execution results not returned because the device is dead:              0 % (0 tasks)
2026/05/07 21:46:42 - simulation time     660 (s) :                      Tasks execution results not returned due to device mobility:         0.2952 % (5 tasks)
2026/05/07 21:46:42 - simulation time     660 (s) : SimLog- Tasks executed on each level                                : Cloud=            800 tasks (where 691 were successfully executed)
2026/05/07 21:46:42 - simulation time     660 (s) :                                                                        Edge=            366 tasks (where 312 were successfully executed)
2026/05/07 21:46:42 - simulation time     660 (s) :                                                                        Mist=            528 tasks (where 470 were successfully executed)
2026/05/07 21:46:42 - simulation time     660 (s) : SimLog- Network usage                                                           :           3264 seconds (The total traffic: 6319 (MBytes))
2026/05/07 21:46:42 - simulation time     660 (s) :                                                                         Wan=            803 seconds (24.6017 % of total usage, WAN used when downloading containers=0 % of WAN usage)
2026/05/07 21:46:42 - simulation time     660 (s) :                                                                         Lan=           3264 seconds (100 % of total usage, LAN used when downloading containers=0 % of LAN usage)
2026/05/07 21:46:42 - simulation time     660 (s) :                                                    Average bandwidth per transfer=        864.126 Mbps  
2026/05/07 21:46:42 - simulation time     660 (s) : SimLog- Average vm CPU utilization                                              :         0.0961 %
2026/05/07 21:46:42 - simulation time     660 (s) : SimLog- Average vm CPU utilization per level                             : Cloud=         0.0005 %
2026/05/07 21:46:42 - simulation time     660 (s) :                                                                             Edge=         0.0201 %
2026/05/07 21:46:42 - simulation time     660 (s) :                                                                             Mist=          0.123 %
2026/05/07 21:46:42 - simulation time     660 (s) : SimLog- Energy consumption                                                      :37728271686309510000 W,   195.7667 dBW
2026/05/07 21:46:42 - simulation time     660 (s) :                                                                                 :(Average:216829147622468448 W/data center(or device), 173.3612 dBW/data center(or device))
2026/05/07 21:46:42 - simulation time     660 (s) :                                                                                 :(Average:22337638653824460 W/task, 163.4904 dBW/task)
2026/05/07 21:46:42 - simulation time     660 (s) : SimLog- Energy Consumption per level                                     : Cloud=13341163614898199000 W,   191.2519 dBW
2026/05/07 21:46:42 - simulation time     660 (s) :                                                                                 :(Average:741175756383233280 W/data center, 178.6992 dBW/data center)
2026/05/07 21:46:42 - simulation time     660 (s) :                                                                             Edge= 2091868526314265600 W,   183.2053 dBW
2026/05/07 21:46:42 - simulation time     660 (s) :                                                                                 :(Average:87161188596427728 W/data center, 169.4032 dBW/data center)
2026/05/07 21:46:42 - simulation time     660 (s) :                                                                             Mist=22295239545097044000 W,   193.4821 dBW
2026/05/07 21:46:42 - simulation time     660 (s) :                                                                                 :(Average:168903329887098816 W/edge device, 172.2764 dBW/edge device)
2026/05/07 21:46:42 - simulation time     660 (s) : SimLog- Dead edge devices due to battery drain                                  :              0 devices (Among 0 devices with batteries (NaN %))
2026/05/07 21:46:42 - simulation time     660 (s) : SimLog- Average remaining power (devices with batteries that are still alive)   :              0 Wh (Average: 0 %)
2026/05/07 21:46:42 - simulation time     660 (s) : SimulationManager- the Scenario Simulation overflow times :2

================== Simulation finished at time 691.50 ==================


SimLog- Iteration finished...

######################################################################################################################################################################
Starting CloudSim Plus 4.3.0

2026/05/07 21:46:42 - simulation time       0 (s) : ServersManager- Datacenters and devices were generated
2026/05/07 21:46:42 - simulation time       0 (s) : SimulationManager-  Orchestration algorithm= ROUND_ROBIN-  Architechitecture= ALL -  number of edge devices= 198
2026/05/07 21:46:42 - simulation time       0 (s) : SimulationManager- Simulation: 1  , iteration: 48
2026/05/07 21:46:45 - simulation time     660 (s) : 
2026/05/07 21:46:45 - simulation time     660 (s) : ------------------------------------------------------- OUTPUT -------------------------------------------------------
2026/05/07 21:46:45 - simulation time     660 (s) : 
2026/05/07 21:46:45 - simulation time     660 (s) : SimLog- Tasks not sent because device died (low energy)                         :               0 % (0 tasks)
2026/05/07 21:46:45 - simulation time     660 (s) : SimLog- Tasks sent from edge devices                                            :             100 % (2524 among 2524 generated tasks)
2026/05/07 21:46:45 - simulation time     660 (s) : -------------------------------------All values below are based on the sent tasks-------------------------------------
2026/05/07 21:46:45 - simulation time     660 (s) : SimLog- Tasks ETE delay                                                         :      8405.7123 seconds
2026/05/07 21:46:45 - simulation time     660 (s) : SimLog- Average tasks ETE delay                                                 :         3.8754 seconds
2026/05/07 21:46:45 - simulation time     660 (s) : SimLog- Tasks execution delay                                                   :      1567.4499 seconds
2026/05/07 21:46:45 - simulation time     660 (s) : SimLog- Average tasks execution delay                                           :         0.6429 seconds
2026/05/07 21:46:45 - simulation time     660 (s) : SimLog- Tasks waiting time (from task submiting to the execution start)         :        44.1672 seconds
2026/05/07 21:46:45 - simulation time     660 (s) : SimLog- Average tasks waiting time (from task submiting to the execution start) :         0.0181 seconds
2026/05/07 21:46:45 - simulation time     660 (s) : SimLog- Tasks successfully executed                                             :        86.0143 % (2171 among 2524 sent tasks)
2026/05/07 21:46:45 - simulation time     660 (s) : SimLog- Tasks failures
2026/05/07 21:46:45 - simulation time     660 (s) :                                        Not executed due to resources unavailable:              0 % (0 tasks)
2026/05/07 21:46:45 - simulation time     660 (s) :                               Successfully executed but failed due to high delay:        13.4707 % (340 tasks from 2524 successfully sent tasks)
2026/05/07 21:46:45 - simulation time     660 (s) :                  Tasks execution results not returned because the device is dead:              0 % (0 tasks)
2026/05/07 21:46:45 - simulation time     660 (s) :                      Tasks execution results not returned due to device mobility:         0.5151 % (13 tasks)
2026/05/07 21:46:45 - simulation time     660 (s) : SimLog- Tasks executed on each level                                : Cloud=           1080 tasks (where 938 were successfully executed)
2026/05/07 21:46:45 - simulation time     660 (s) :                                                                        Edge=            454 tasks (where 395 were successfully executed)
2026/05/07 21:46:45 - simulation time     660 (s) :                                                                        Mist=            990 tasks (where 838 were successfully executed)
2026/05/07 21:46:45 - simulation time     660 (s) : SimLog- Network usage                                                           :           4889 seconds (The total traffic: 11534.9 (MBytes))
2026/05/07 21:46:45 - simulation time     660 (s) :                                                                         Wan=           1108 seconds (22.6631 % of total usage, WAN used when downloading containers=0 % of WAN usage)
2026/05/07 21:46:45 - simulation time     660 (s) :                                                                         Lan=           4889 seconds (100 % of total usage, LAN used when downloading containers=0 % of LAN usage)
2026/05/07 21:46:45 - simulation time     660 (s) :                                                    Average bandwidth per transfer=        830.644 Mbps  
2026/05/07 21:46:45 - simulation time     660 (s) : SimLog- Average vm CPU utilization                                              :         0.1684 %
2026/05/07 21:46:45 - simulation time     660 (s) : SimLog- Average vm CPU utilization per level                             : Cloud=         0.0779 %
2026/05/07 21:46:45 - simulation time     660 (s) :                                                                             Edge=         0.0178 %
2026/05/07 21:46:45 - simulation time     660 (s) :                                                                             Mist=         0.1949 %
2026/05/07 21:46:45 - simulation time     660 (s) : SimLog- Energy consumption                                                      :57788397171321350000 W,   197.6184 dBW
2026/05/07 21:46:45 - simulation time     660 (s) :                                                                                 :(Average:240784988213838944 W/data center(or device), 173.8163 dBW/data center(or device))
2026/05/07 21:46:45 - simulation time     660 (s) :                                                                                 :(Average:23014096842421884 W/task, 163.6199 dBW/task)
2026/05/07 21:46:45 - simulation time     660 (s) : SimLog- Energy Consumption per level                                     : Cloud=20942803503931500000 W,   193.2103 dBW
2026/05/07 21:46:45 - simulation time     660 (s) :                                                                                 :(Average:1163489083551749890 W/data center, 180.6576 dBW/data center)
2026/05/07 21:46:45 - simulation time     660 (s) :                                                                             Edge= 2770866928743111200 W,   184.4262 dBW
2026/05/07 21:46:45 - simulation time     660 (s) :                                                                                 :(Average:115452788697629632 W/data center, 170.624 dBW/data center)
2026/05/07 21:46:45 - simulation time     660 (s) :                                                                             Mist=34074726738646737000 W,   195.3243 dBW
2026/05/07 21:46:45 - simulation time     660 (s) :                                                                                 :(Average:172094579488114848 W/edge device, 172.3577 dBW/edge device)
2026/05/07 21:46:45 - simulation time     660 (s) : SimLog- Dead edge devices due to battery drain                                  :              0 devices (Among 0 devices with batteries (NaN %))
2026/05/07 21:46:45 - simulation time     660 (s) : SimLog- Average remaining power (devices with batteries that are still alive)   :              0 Wh (Average: 0 %)
2026/05/07 21:46:45 - simulation time     660 (s) : SimulationManager- the Scenario Simulation overflow times :3

================== Simulation finished at time 691.50 ==================


SimLog- Iteration finished...

######################################################################################################################################################################
Starting CloudSim Plus 4.3.0

2026/05/07 21:46:45 - simulation time       0 (s) : ServersManager- Datacenters and devices were generated
2026/05/07 21:46:45 - simulation time       0 (s) : SimulationManager-  Orchestration algorithm= ROUND_ROBIN-  Architechitecture= ALL -  number of edge devices= 264
2026/05/07 21:46:45 - simulation time       0 (s) : SimulationManager- Simulation: 1  , iteration: 49
2026/05/07 21:46:51 - simulation time     660 (s) : 
2026/05/07 21:46:51 - simulation time     660 (s) : ------------------------------------------------------- OUTPUT -------------------------------------------------------
2026/05/07 21:46:51 - simulation time     660 (s) : 
2026/05/07 21:46:51 - simulation time     660 (s) : SimLog- Tasks not sent because device died (low energy)                         :               0 % (0 tasks)
2026/05/07 21:46:51 - simulation time     660 (s) : SimLog- Tasks sent from edge devices                                            :             100 % (3356 among 3356 generated tasks)
2026/05/07 21:46:51 - simulation time     660 (s) : -------------------------------------All values below are based on the sent tasks-------------------------------------
2026/05/07 21:46:51 - simulation time     660 (s) : SimLog- Tasks ETE delay                                                         :     11290.5071 seconds
2026/05/07 21:46:51 - simulation time     660 (s) : SimLog- Average tasks ETE delay                                                 :         3.9135 seconds
2026/05/07 21:46:51 - simulation time     660 (s) : SimLog- Tasks execution delay                                                   :      2155.3217 seconds
2026/05/07 21:46:51 - simulation time     660 (s) : SimLog- Average tasks execution delay                                           :         0.6652 seconds
2026/05/07 21:46:51 - simulation time     660 (s) : SimLog- Tasks waiting time (from task submiting to the execution start)         :         57.272 seconds
2026/05/07 21:46:51 - simulation time     660 (s) : SimLog- Average tasks waiting time (from task submiting to the execution start) :         0.0177 seconds
2026/05/07 21:46:51 - simulation time     660 (s) : SimLog- Tasks successfully executed                                             :        85.9654 % (2885 among 3356 sent tasks)
2026/05/07 21:46:51 - simulation time     660 (s) : SimLog- Tasks failures
2026/05/07 21:46:51 - simulation time     660 (s) :                                        Not executed due to resources unavailable:              0 % (0 tasks)
2026/05/07 21:46:51 - simulation time     660 (s) :                               Successfully executed but failed due to high delay:        13.6472 % (458 tasks from 3356 successfully sent tasks)
2026/05/07 21:46:51 - simulation time     660 (s) :                  Tasks execution results not returned because the device is dead:              0 % (0 tasks)
2026/05/07 21:46:51 - simulation time     660 (s) :                      Tasks execution results not returned due to device mobility:         0.3874 % (13 tasks)
2026/05/07 21:46:51 - simulation time     660 (s) : SimLog- Tasks executed on each level                                : Cloud=           1300 tasks (where 1127 were successfully executed)
2026/05/07 21:46:51 - simulation time     660 (s) :                                                                        Edge=            497 tasks (where 433 were successfully executed)
2026/05/07 21:46:51 - simulation time     660 (s) :                                                                        Mist=           1559 tasks (where 1325 were successfully executed)
2026/05/07 21:46:51 - simulation time     660 (s) : SimLog- Network usage                                                           :           6514 seconds (The total traffic: 14632.05 (MBytes))
2026/05/07 21:46:51 - simulation time     660 (s) :                                                                         Wan=           1326 seconds (20.3562 % of total usage, WAN used when downloading containers=0 % of WAN usage)
2026/05/07 21:46:51 - simulation time     660 (s) :                                                                         Lan=           6514 seconds (100 % of total usage, LAN used when downloading containers=0 % of LAN usage)
2026/05/07 21:46:51 - simulation time     660 (s) :                                                    Average bandwidth per transfer=       840.3707 Mbps  
2026/05/07 21:46:51 - simulation time     660 (s) : SimLog- Average vm CPU utilization                                              :          0.174 %
2026/05/07 21:46:51 - simulation time     660 (s) : SimLog- Average vm CPU utilization per level                             : Cloud=         0.0079 %
2026/05/07 21:46:51 - simulation time     660 (s) :                                                                             Edge=         0.0375 %
2026/05/07 21:46:51 - simulation time     660 (s) :                                                                             Mist=         0.1977 %
2026/05/07 21:46:51 - simulation time     660 (s) : SimLog- Energy consumption                                                      :76194176794899970000 W,   198.8192 dBW
2026/05/07 21:46:51 - simulation time     660 (s) :                                                                                 :(Average:249000577761111008 W/data center(or device), 173.962 dBW/data center(or device))
2026/05/07 21:46:51 - simulation time     660 (s) :                                                                                 :(Average:22771720500567832 W/task, 163.574 dBW/task)
2026/05/07 21:46:51 - simulation time     660 (s) : SimLog- Energy Consumption per level                                     : Cloud=26907974878843950000 W,   194.2988 dBW
2026/05/07 21:46:51 - simulation time     660 (s) :                                                                                 :(Average:1494887493269108220 W/data center, 181.7461 dBW/data center)
2026/05/07 21:46:51 - simulation time     660 (s) :                                                                             Edge= 4280051613560727000 W,   186.3145 dBW
2026/05/07 21:46:51 - simulation time     660 (s) :                                                                                 :(Average:178335483898363616 W/data center, 172.5124 dBW/data center)
2026/05/07 21:46:51 - simulation time     660 (s) :                                                                             Mist=45006150302495300000 W,   196.5327 dBW
2026/05/07 21:46:51 - simulation time     660 (s) :                                                                                 :(Average:170477842054906432 W/edge device, 172.3167 dBW/edge device)
2026/05/07 21:46:51 - simulation time     660 (s) : SimLog- Dead edge devices due to battery drain                                  :              0 devices (Among 0 devices with batteries (NaN %))
2026/05/07 21:46:51 - simulation time     660 (s) : SimLog- Average remaining power (devices with batteries that are still alive)   :              0 Wh (Average: 0 %)
2026/05/07 21:46:51 - simulation time     660 (s) : SimulationManager- the Scenario Simulation overflow times :3

================== Simulation finished at time 691.50 ==================


SimLog- Iteration finished...

######################################################################################################################################################################
Starting CloudSim Plus 4.3.0

2026/05/07 21:46:51 - simulation time       0 (s) : ServersManager- Datacenters and devices were generated
2026/05/07 21:46:51 - simulation time       0 (s) : SimulationManager-  Orchestration algorithm= ROUND_ROBIN-  Architechitecture= ALL -  number of edge devices= 330
2026/05/07 21:46:51 - simulation time       0 (s) : SimulationManager- Simulation: 1  , iteration: 50
2026/05/07 21:46:57 - simulation time     650 (s) : 
2026/05/07 21:46:57 - simulation time     650 (s) : ------------------------------------------------------- OUTPUT -------------------------------------------------------
2026/05/07 21:46:57 - simulation time     650 (s) : 
2026/05/07 21:46:57 - simulation time     650 (s) : SimLog- Tasks not sent because device died (low energy)                         :               0 % (0 tasks)
2026/05/07 21:46:57 - simulation time     650 (s) : SimLog- Tasks sent from edge devices                                            :             100 % (4180 among 4180 generated tasks)
2026/05/07 21:46:57 - simulation time     650 (s) : -------------------------------------All values below are based on the sent tasks-------------------------------------
2026/05/07 21:46:57 - simulation time     650 (s) : SimLog- Tasks ETE delay                                                         :     13825.6387 seconds
2026/05/07 21:46:57 - simulation time     650 (s) : SimLog- Average tasks ETE delay                                                 :         3.9344 seconds
2026/05/07 21:46:57 - simulation time     650 (s) : SimLog- Tasks execution delay                                                   :      2969.2504 seconds
2026/05/07 21:46:57 - simulation time     650 (s) : SimLog- Average tasks execution delay                                           :         0.7364 seconds
2026/05/07 21:46:57 - simulation time     650 (s) : SimLog- Tasks waiting time (from task submiting to the execution start)         :        68.1693 seconds
2026/05/07 21:46:57 - simulation time     650 (s) : SimLog- Average tasks waiting time (from task submiting to the execution start) :         0.0169 seconds
2026/05/07 21:46:57 - simulation time     650 (s) : SimLog- Tasks successfully executed                                             :         84.067 % (3514 among 4180 sent tasks)
2026/05/07 21:46:57 - simulation time     650 (s) : SimLog- Tasks failures
2026/05/07 21:46:57 - simulation time     650 (s) :                                        Not executed due to resources unavailable:              0 % (0 tasks)
2026/05/07 21:46:57 - simulation time     650 (s) :                               Successfully executed but failed due to high delay:        15.5981 % (652 tasks from 4180 successfully sent tasks)
2026/05/07 21:46:57 - simulation time     650 (s) :                  Tasks execution results not returned because the device is dead:              0 % (0 tasks)
2026/05/07 21:46:57 - simulation time     650 (s) :                      Tasks execution results not returned due to device mobility:         0.3349 % (14 tasks)
2026/05/07 21:46:57 - simulation time     650 (s) : SimLog- Tasks executed on each level                                : Cloud=           1514 tasks (where 1290 were successfully executed)
2026/05/07 21:46:57 - simulation time     650 (s) :                                                                        Edge=            576 tasks (where 486 were successfully executed)
2026/05/07 21:46:57 - simulation time     650 (s) :                                                                        Mist=           2090 tasks (where 1738 were successfully executed)
2026/05/07 21:46:57 - simulation time     650 (s) : SimLog- Network usage                                                           :           8144 seconds (The total traffic: 19512.3 (MBytes))
2026/05/07 21:46:57 - simulation time     650 (s) :                                                                         Wan=           1582 seconds (19.4253 % of total usage, WAN used when downloading containers=0 % of WAN usage)
2026/05/07 21:46:57 - simulation time     650 (s) :                                                                         Lan=           8144 seconds (100 % of total usage, LAN used when downloading containers=0 % of LAN usage)
2026/05/07 21:46:57 - simulation time     650 (s) :                                                    Average bandwidth per transfer=       831.1273 Mbps  
2026/05/07 21:46:57 - simulation time     650 (s) : SimLog- Average vm CPU utilization                                              :         0.2063 %
2026/05/07 21:46:57 - simulation time     650 (s) : SimLog- Average vm CPU utilization per level                             : Cloud=         0.0043 %
2026/05/07 21:46:57 - simulation time     650 (s) :                                                                             Edge=         0.0444 %
2026/05/07 21:46:57 - simulation time     650 (s) :                                                                             Mist=          0.229 %
2026/05/07 21:46:57 - simulation time     650 (s) : SimLog- Energy consumption                                                      :83324286862141440000 W,   199.2077 dBW
2026/05/07 21:46:57 - simulation time     650 (s) :                                                                                 :(Average:223990018446616768 W/data center(or device), 173.5023 dBW/data center(or device))
2026/05/07 21:46:57 - simulation time     650 (s) :                                                                                 :(Average:19986636330568828 W/task, 163.0074 dBW/task)
2026/05/07 21:46:57 - simulation time     650 (s) : SimLog- Energy Consumption per level                                     : Cloud=27230477535396008000 W,   194.3506 dBW
2026/05/07 21:46:57 - simulation time     650 (s) :                                                                                 :(Average:1512804307522000380 W/data center, 181.7978 dBW/data center)
2026/05/07 21:46:57 - simulation time     650 (s) :                                                                             Edge= 4756596762097265700 W,    186.773 dBW
2026/05/07 21:46:57 - simulation time     650 (s) :                                                                                 :(Average:198191531754052736 W/data center, 172.9709 dBW/data center)
2026/05/07 21:46:57 - simulation time     650 (s) :                                                                             Mist=51337212564648165000 W,   197.1043 dBW
2026/05/07 21:46:57 - simulation time     650 (s) :                                                                                 :(Average:155567310801964128 W/edge device, 171.9192 dBW/edge device)
2026/05/07 21:46:57 - simulation time     650 (s) : SimLog- Dead edge devices due to battery drain                                  :              0 devices (Among 0 devices with batteries (NaN %))
2026/05/07 21:46:57 - simulation time     650 (s) : SimLog- Average remaining power (devices with batteries that are still alive)   :              0 Wh (Average: 0 %)
2026/05/07 21:46:57 - simulation time     650 (s) : SimulationManager- the Scenario Simulation overflow times :3

================== Simulation finished at time 685.20 ==================


SimLog- Iteration finished...

######################################################################################################################################################################
Starting CloudSim Plus 4.3.0

2026/05/07 21:46:57 - simulation time       0 (s) : ServersManager- Datacenters and devices were generated
2026/05/07 21:46:57 - simulation time       0 (s) : SimulationManager-  Orchestration algorithm= ROUND_ROBIN-  Architechitecture= ALL -  number of edge devices= 396
2026/05/07 21:46:57 - simulation time       0 (s) : SimulationManager- Simulation: 1  , iteration: 51
2026/05/07 21:47:06 - simulation time     660 (s) : 
2026/05/07 21:47:06 - simulation time     660 (s) : ------------------------------------------------------- OUTPUT -------------------------------------------------------
2026/05/07 21:47:06 - simulation time     660 (s) : 
2026/05/07 21:47:06 - simulation time     660 (s) : SimLog- Tasks not sent because device died (low energy)                         :               0 % (0 tasks)
2026/05/07 21:47:06 - simulation time     660 (s) : SimLog- Tasks sent from edge devices                                            :             100 % (5026 among 5026 generated tasks)
2026/05/07 21:47:06 - simulation time     660 (s) : -------------------------------------All values below are based on the sent tasks-------------------------------------
2026/05/07 21:47:06 - simulation time     660 (s) : SimLog- Tasks ETE delay                                                         :     17633.5994 seconds
2026/05/07 21:47:06 - simulation time     660 (s) : SimLog- Average tasks ETE delay                                                 :         4.0324 seconds
2026/05/07 21:47:06 - simulation time     660 (s) : SimLog- Tasks execution delay                                                   :      3526.2303 seconds
2026/05/07 21:47:06 - simulation time     660 (s) : SimLog- Average tasks execution delay                                           :         0.7217 seconds
2026/05/07 21:47:06 - simulation time     660 (s) : SimLog- Tasks waiting time (from task submiting to the execution start)         :        80.9147 seconds
2026/05/07 21:47:06 - simulation time     660 (s) : SimLog- Average tasks waiting time (from task submiting to the execution start) :         0.0166 seconds
2026/05/07 21:47:06 - simulation time     660 (s) : SimLog- Tasks successfully executed                                             :        87.0076 % (4373 among 5026 sent tasks)
2026/05/07 21:47:06 - simulation time     660 (s) : SimLog- Tasks failures
2026/05/07 21:47:06 - simulation time     660 (s) :                                        Not executed due to resources unavailable:              0 % (0 tasks)
2026/05/07 21:47:06 - simulation time     660 (s) :                               Successfully executed but failed due to high delay:        12.7139 % (639 tasks from 5026 successfully sent tasks)
2026/05/07 21:47:06 - simulation time     660 (s) :                  Tasks execution results not returned because the device is dead:              0 % (0 tasks)
2026/05/07 21:47:06 - simulation time     660 (s) :                      Tasks execution results not returned due to device mobility:         0.2786 % (14 tasks)
2026/05/07 21:47:06 - simulation time     660 (s) : SimLog- Tasks executed on each level                                : Cloud=           1595 tasks (where 1394 were successfully executed)
2026/05/07 21:47:06 - simulation time     660 (s) :                                                                        Edge=            661 tasks (where 574 were successfully executed)
2026/05/07 21:47:06 - simulation time     660 (s) :                                                                        Mist=           2770 tasks (where 2405 were successfully executed)
2026/05/07 21:47:06 - simulation time     660 (s) : SimLog- Network usage                                                           :           9842 seconds (The total traffic: 21653.15 (MBytes))
2026/05/07 21:47:06 - simulation time     660 (s) :                                                                         Wan=           1705 seconds (17.3237 % of total usage, WAN used when downloading containers=0 % of WAN usage)
2026/05/07 21:47:06 - simulation time     660 (s) :                                                                         Lan=           9842 seconds (100 % of total usage, LAN used when downloading containers=0 % of LAN usage)
2026/05/07 21:47:06 - simulation time     660 (s) :                                                    Average bandwidth per transfer=       838.4741 Mbps  
2026/05/07 21:47:06 - simulation time     660 (s) : SimLog- Average vm CPU utilization                                              :         0.2286 %
2026/05/07 21:47:06 - simulation time     660 (s) : SimLog- Average vm CPU utilization per level                             : Cloud=         0.0011 %
2026/05/07 21:47:06 - simulation time     660 (s) :                                                                             Edge=          0.049 %
2026/05/07 21:47:06 - simulation time     660 (s) :                                                                             Mist=         0.2499 %
2026/05/07 21:47:06 - simulation time     660 (s) : SimLog- Energy consumption                                                      :94856730025423240000 W,   199.7707 dBW
2026/05/07 21:47:06 - simulation time     660 (s) :                                                                                 :(Average:216567876770372704 W/data center(or device), 173.3559 dBW/data center(or device))
2026/05/07 21:47:06 - simulation time     660 (s) :                                                                                 :(Average:18907061994304016 W/task, 162.7662 dBW/task)
2026/05/07 21:47:06 - simulation time     660 (s) : SimLog- Energy Consumption per level                                     : Cloud=32824892356073610000 W,    195.162 dBW
2026/05/07 21:47:06 - simulation time     660 (s) :                                                                                 :(Average:1823605130892978430 W/data center, 182.6093 dBW/data center)
2026/05/07 21:47:06 - simulation time     660 (s) :                                                                             Edge= 4652062084638007300 W,   186.6765 dBW
2026/05/07 21:47:06 - simulation time     660 (s) :                                                                                 :(Average:193835920193250304 W/data center, 172.8743 dBW/data center)
2026/05/07 21:47:06 - simulation time     660 (s) :                                                                             Mist=57379775584711614000 W,   197.5876 dBW
2026/05/07 21:47:06 - simulation time     660 (s) :                                                                                 :(Average:144898423193716192 W/edge device, 171.6106 dBW/edge device)
2026/05/07 21:47:06 - simulation time     660 (s) : SimLog- Dead edge devices due to battery drain                                  :              0 devices (Among 0 devices with batteries (NaN %))
2026/05/07 21:47:06 - simulation time     660 (s) : SimLog- Average remaining power (devices with batteries that are still alive)   :              0 Wh (Average: 0 %)
2026/05/07 21:47:06 - simulation time     660 (s) : SimulationManager- the Scenario Simulation overflow times :3

================== Simulation finished at time 691.50 ==================


SimLog- Iteration finished...

######################################################################################################################################################################
Starting CloudSim Plus 4.3.0

2026/05/07 21:47:06 - simulation time       0 (s) : ServersManager- Datacenters and devices were generated
2026/05/07 21:47:07 - simulation time       0 (s) : SimulationManager-  Orchestration algorithm= ROUND_ROBIN-  Architechitecture= ALL -  number of edge devices= 462
2026/05/07 21:47:07 - simulation time       0 (s) : SimulationManager- Simulation: 1  , iteration: 52
2026/05/07 21:47:16 - simulation time     660 (s) : 
2026/05/07 21:47:16 - simulation time     660 (s) : ------------------------------------------------------- OUTPUT -------------------------------------------------------
2026/05/07 21:47:16 - simulation time     660 (s) : 
2026/05/07 21:47:16 - simulation time     660 (s) : SimLog- Tasks not sent because device died (low energy)                         :               0 % (0 tasks)
2026/05/07 21:47:16 - simulation time     660 (s) : SimLog- Tasks sent from edge devices                                            :             100 % (5846 among 5846 generated tasks)
2026/05/07 21:47:16 - simulation time     660 (s) : -------------------------------------All values below are based on the sent tasks-------------------------------------
2026/05/07 21:47:16 - simulation time     660 (s) : SimLog- Tasks ETE delay                                                         :     20220.7028 seconds
2026/05/07 21:47:16 - simulation time     660 (s) : SimLog- Average tasks ETE delay                                                 :         4.0571 seconds
2026/05/07 21:47:16 - simulation time     660 (s) : SimLog- Tasks execution delay                                                   :      4327.0871 seconds
2026/05/07 21:47:16 - simulation time     660 (s) : SimLog- Average tasks execution delay                                           :         0.7646 seconds
2026/05/07 21:47:16 - simulation time     660 (s) : SimLog- Tasks waiting time (from task submiting to the execution start)         :        98.6129 seconds
2026/05/07 21:47:16 - simulation time     660 (s) : SimLog- Average tasks waiting time (from task submiting to the execution start) :         0.0174 seconds
2026/05/07 21:47:16 - simulation time     660 (s) : SimLog- Tasks successfully executed                                             :        85.2549 % (4984 among 5846 sent tasks)
2026/05/07 21:47:16 - simulation time     660 (s) : SimLog- Tasks failures
2026/05/07 21:47:16 - simulation time     660 (s) :                                        Not executed due to resources unavailable:              0 % (0 tasks)
2026/05/07 21:47:16 - simulation time     660 (s) :                               Successfully executed but failed due to high delay:         14.403 % (842 tasks from 5846 successfully sent tasks)
2026/05/07 21:47:16 - simulation time     660 (s) :                  Tasks execution results not returned because the device is dead:              0 % (0 tasks)
2026/05/07 21:47:16 - simulation time     660 (s) :                      Tasks execution results not returned due to device mobility:         0.3421 % (20 tasks)
2026/05/07 21:47:16 - simulation time     660 (s) : SimLog- Tasks executed on each level                                : Cloud=           1828 tasks (where 1569 were successfully executed)
2026/05/07 21:47:16 - simulation time     660 (s) :                                                                        Edge=            672 tasks (where 580 were successfully executed)
2026/05/07 21:47:16 - simulation time     660 (s) :                                                                        Mist=           3346 tasks (where 2835 were successfully executed)
2026/05/07 21:47:16 - simulation time     660 (s) : SimLog- Network usage                                                           :          11529 seconds (The total traffic: 27647.3 (MBytes))
2026/05/07 21:47:16 - simulation time     660 (s) :                                                                         Wan=           1980 seconds (17.1741 % of total usage, WAN used when downloading containers=0 % of WAN usage)
2026/05/07 21:47:16 - simulation time     660 (s) :                                                                         Lan=          11529 seconds (100 % of total usage, LAN used when downloading containers=0 % of LAN usage)
2026/05/07 21:47:16 - simulation time     660 (s) :                                                    Average bandwidth per transfer=       839.2374 Mbps  
2026/05/07 21:47:16 - simulation time     660 (s) : SimLog- Average vm CPU utilization                                              :         0.2418 %
2026/05/07 21:47:16 - simulation time     660 (s) : SimLog- Average vm CPU utilization per level                             : Cloud=         0.0081 %
2026/05/07 21:47:16 - simulation time     660 (s) :                                                                             Edge=         0.0548 %
2026/05/07 21:47:16 - simulation time     660 (s) :                                                                             Mist=         0.2606 %
2026/05/07 21:47:16 - simulation time     660 (s) : SimLog- Energy consumption                                                      :121179113290094500000 W,   200.8343 dBW
2026/05/07 21:47:16 - simulation time     660 (s) :                                                                                 :(Average:240434748591457344 W/data center(or device), 173.81 dBW/data center(or device))
2026/05/07 21:47:16 - simulation time     660 (s) :                                                                                 :(Average:20792572630421156 W/task, 163.1791 dBW/task)
2026/05/07 21:47:16 - simulation time     660 (s) : SimLog- Energy Consumption per level                                     : Cloud=44097386395896160000 W,   196.4441 dBW
2026/05/07 21:47:16 - simulation time     660 (s) :                                                                                 :(Average:2449854799772009000 W/data center, 183.8914 dBW/data center)
2026/05/07 21:47:16 - simulation time     660 (s) :                                                                             Edge= 4917178235324941300 W,   186.9172 dBW
2026/05/07 21:47:16 - simulation time     660 (s) :                                                                                 :(Average:204882426471872544 W/data center, 173.115 dBW/data center)
2026/05/07 21:47:16 - simulation time     660 (s) :                                                                             Mist=72164548658873390000 W,   198.5832 dBW
2026/05/07 21:47:16 - simulation time     660 (s) :                                                                                 :(Average:156200321772453216 W/edge device, 171.9368 dBW/edge device)
2026/05/07 21:47:16 - simulation time     660 (s) : SimLog- Dead edge devices due to battery drain                                  :              0 devices (Among 0 devices with batteries (NaN %))
2026/05/07 21:47:16 - simulation time     660 (s) : SimLog- Average remaining power (devices with batteries that are still alive)   :              0 Wh (Average: 0 %)
2026/05/07 21:47:16 - simulation time     660 (s) : SimulationManager- the Scenario Simulation overflow times :3

================== Simulation finished at time 691.50 ==================


SimLog- Iteration finished...

######################################################################################################################################################################
Starting CloudSim Plus 4.3.0

2026/05/07 21:47:17 - simulation time       0 (s) : ServersManager- Datacenters and devices were generated
2026/05/07 21:47:17 - simulation time       0 (s) : SimulationManager-  Orchestration algorithm= ROUND_ROBIN-  Architechitecture= ALL -  number of edge devices= 528
2026/05/07 21:47:17 - simulation time       0 (s) : SimulationManager- Simulation: 1  , iteration: 53
2026/05/07 21:47:33 - simulation time     660 (s) : 
2026/05/07 21:47:33 - simulation time     660 (s) : ------------------------------------------------------- OUTPUT -------------------------------------------------------
2026/05/07 21:47:33 - simulation time     660 (s) : 
2026/05/07 21:47:33 - simulation time     660 (s) : SimLog- Tasks not sent because device died (low energy)                         :               0 % (0 tasks)
2026/05/07 21:47:33 - simulation time     660 (s) : SimLog- Tasks sent from edge devices                                            :             100 % (6702 among 6702 generated tasks)
2026/05/07 21:47:33 - simulation time     660 (s) : -------------------------------------All values below are based on the sent tasks-------------------------------------
2026/05/07 21:47:33 - simulation time     660 (s) : SimLog- Tasks ETE delay                                                         :     24420.6923 seconds
2026/05/07 21:47:33 - simulation time     660 (s) : SimLog- Average tasks ETE delay                                                 :         4.1982 seconds
2026/05/07 21:47:33 - simulation time     660 (s) : SimLog- Tasks execution delay                                                   :      5471.7328 seconds
2026/05/07 21:47:33 - simulation time     660 (s) : SimLog- Average tasks execution delay                                           :         0.8404 seconds
2026/05/07 21:47:33 - simulation time     660 (s) : SimLog- Tasks waiting time (from task submiting to the execution start)         :       109.9042 seconds
2026/05/07 21:47:33 - simulation time     660 (s) : SimLog- Average tasks waiting time (from task submiting to the execution start) :         0.0169 seconds
2026/05/07 21:47:33 - simulation time     660 (s) : SimLog- Tasks successfully executed                                             :         86.795 % (5817 among 6702 sent tasks)
2026/05/07 21:47:33 - simulation time     660 (s) : SimLog- Tasks failures
2026/05/07 21:47:33 - simulation time     660 (s) :                                        Not executed due to resources unavailable:              0 % (0 tasks)
2026/05/07 21:47:33 - simulation time     660 (s) :                               Successfully executed but failed due to high delay:        12.9215 % (866 tasks from 6702 successfully sent tasks)
2026/05/07 21:47:33 - simulation time     660 (s) :                  Tasks execution results not returned because the device is dead:              0 % (0 tasks)
2026/05/07 21:47:33 - simulation time     660 (s) :                      Tasks execution results not returned due to device mobility:         0.2835 % (19 tasks)
2026/05/07 21:47:33 - simulation time     660 (s) : SimLog- Tasks executed on each level                                : Cloud=           1779 tasks (where 1567 were successfully executed)
2026/05/07 21:47:33 - simulation time     660 (s) :                                                                        Edge=            710 tasks (where 610 were successfully executed)
2026/05/07 21:47:33 - simulation time     660 (s) :                                                                        Mist=           4213 tasks (where 3640 were successfully executed)
2026/05/07 21:47:33 - simulation time     660 (s) : SimLog- Network usage                                                           :          13258 seconds (The total traffic: 34343.5 (MBytes))
2026/05/07 21:47:33 - simulation time     660 (s) :                                                                         Wan=           1960 seconds (14.7835 % of total usage, WAN used when downloading containers=0 % of WAN usage)
2026/05/07 21:47:33 - simulation time     660 (s) :                                                                         Lan=          13258 seconds (100 % of total usage, LAN used when downloading containers=0 % of LAN usage)
2026/05/07 21:47:33 - simulation time     660 (s) :                                                    Average bandwidth per transfer=       860.3298 Mbps  
2026/05/07 21:47:33 - simulation time     660 (s) : SimLog- Average vm CPU utilization                                              :         0.3084 %
2026/05/07 21:47:33 - simulation time     660 (s) : SimLog- Average vm CPU utilization per level                             : Cloud=         0.0022 %
2026/05/07 21:47:33 - simulation time     660 (s) :                                                                             Edge=         0.0639 %
2026/05/07 21:47:33 - simulation time     660 (s) :                                                                             Mist=           0.33 %
2026/05/07 21:47:33 - simulation time     660 (s) : SimLog- Energy consumption                                                      :128037072300090690000 W,   201.0734 dBW
2026/05/07 21:47:33 - simulation time     660 (s) :                                                                                 :(Average:224626442631738048 W/data center(or device), 173.5146 dBW/data center(or device))
2026/05/07 21:47:33 - simulation time     660 (s) :                                                                                 :(Average:19144299087932220 W/task, 162.8204 dBW/task)
2026/05/07 21:47:33 - simulation time     660 (s) : SimLog- Energy Consumption per level                                     : Cloud=44272736768993610000 W,   196.4614 dBW
2026/05/07 21:47:33 - simulation time     660 (s) :                                                                                 :(Average:2459596487166311400 W/data center, 183.9086 dBW/data center)
2026/05/07 21:47:33 - simulation time     660 (s) :                                                                             Edge= 6222474797351643100 W,   187.9396 dBW
2026/05/07 21:47:33 - simulation time     660 (s) :                                                                                 :(Average:259269783222985120 W/data center, 174.1375 dBW/data center)
2026/05/07 21:47:33 - simulation time     660 (s) :                                                                             Mist=77541860733745430000 W,   198.8954 dBW
2026/05/07 21:47:33 - simulation time     660 (s) :                                                                                 :(Average:146859584723002720 W/edge device, 171.669 dBW/edge device)
2026/05/07 21:47:33 - simulation time     660 (s) : SimLog- Dead edge devices due to battery drain                                  :              0 devices (Among 0 devices with batteries (NaN %))
2026/05/07 21:47:33 - simulation time     660 (s) : SimLog- Average remaining power (devices with batteries that are still alive)   :              0 Wh (Average: 0 %)
2026/05/07 21:47:33 - simulation time     660 (s) : SimulationManager- the Scenario Simulation overflow times :3

================== Simulation finished at time 691.50 ==================


SimLog- Iteration finished...

######################################################################################################################################################################
Starting CloudSim Plus 4.3.0

2026/05/07 21:47:33 - simulation time       0 (s) : ServersManager- Datacenters and devices were generated
2026/05/07 21:47:33 - simulation time       0 (s) : SimulationManager-  Orchestration algorithm= ROUND_ROBIN-  Architechitecture= ALL -  number of edge devices= 594
2026/05/07 21:47:33 - simulation time       0 (s) : SimulationManager- Simulation: 1  , iteration: 54
2026/05/07 21:47:50 - simulation time     660 (s) : 
2026/05/07 21:47:50 - simulation time     660 (s) : ------------------------------------------------------- OUTPUT -------------------------------------------------------
2026/05/07 21:47:50 - simulation time     660 (s) : 
2026/05/07 21:47:50 - simulation time     660 (s) : SimLog- Tasks not sent because device died (low energy)                         :               0 % (0 tasks)
2026/05/07 21:47:50 - simulation time     660 (s) : SimLog- Tasks sent from edge devices                                            :             100 % (7522 among 7522 generated tasks)
2026/05/07 21:47:50 - simulation time     660 (s) : -------------------------------------All values below are based on the sent tasks-------------------------------------
2026/05/07 21:47:50 - simulation time     660 (s) : SimLog- Tasks ETE delay                                                         :     27156.5351 seconds
2026/05/07 21:47:50 - simulation time     660 (s) : SimLog- Average tasks ETE delay                                                 :         4.1511 seconds
2026/05/07 21:47:50 - simulation time     660 (s) : SimLog- Tasks execution delay                                                   :      5786.0172 seconds
2026/05/07 21:47:50 - simulation time     660 (s) : SimLog- Average tasks execution delay                                           :         0.7934 seconds
2026/05/07 21:47:50 - simulation time     660 (s) : SimLog- Tasks waiting time (from task submiting to the execution start)         :       261.2445 seconds
2026/05/07 21:47:50 - simulation time     660 (s) : SimLog- Average tasks waiting time (from task submiting to the execution start) :         0.0358 seconds
2026/05/07 21:47:50 - simulation time     660 (s) : SimLog- Tasks successfully executed                                             :        86.9716 % (6542 among 7522 sent tasks)
2026/05/07 21:47:50 - simulation time     660 (s) : SimLog- Tasks failures
2026/05/07 21:47:50 - simulation time     660 (s) :                                        Not executed due to resources unavailable:              0 % (0 tasks)
2026/05/07 21:47:50 - simulation time     660 (s) :                               Successfully executed but failed due to high delay:        12.6961 % (955 tasks from 7522 successfully sent tasks)
2026/05/07 21:47:50 - simulation time     660 (s) :                  Tasks execution results not returned because the device is dead:              0 % (0 tasks)
2026/05/07 21:47:50 - simulation time     660 (s) :                      Tasks execution results not returned due to device mobility:         0.3324 % (25 tasks)
2026/05/07 21:47:50 - simulation time     660 (s) : SimLog- Tasks executed on each level                                : Cloud=           1996 tasks (where 1764 were successfully executed)
2026/05/07 21:47:50 - simulation time     660 (s) :                                                                        Edge=            768 tasks (where 672 were successfully executed)
2026/05/07 21:47:50 - simulation time     660 (s) :                                                                        Mist=           4758 tasks (where 4106 were successfully executed)
2026/05/07 21:47:50 - simulation time     660 (s) : SimLog- Network usage                                                           :          14918 seconds (The total traffic: 33983.95 (MBytes))
2026/05/07 21:47:50 - simulation time     660 (s) :                                                                         Wan=           2222 seconds (14.8948 % of total usage, WAN used when downloading containers=0 % of WAN usage)
2026/05/07 21:47:50 - simulation time     660 (s) :                                                                         Lan=          14918 seconds (100 % of total usage, LAN used when downloading containers=0 % of LAN usage)
2026/05/07 21:47:50 - simulation time     660 (s) :                                                    Average bandwidth per transfer=       851.2798 Mbps  
2026/05/07 21:47:50 - simulation time     660 (s) : SimLog- Average vm CPU utilization                                              :         0.2725 %
2026/05/07 21:47:50 - simulation time     660 (s) : SimLog- Average vm CPU utilization per level                             : Cloud=         0.0033 %
2026/05/07 21:47:50 - simulation time     660 (s) :                                                                             Edge=         0.0634 %
2026/05/07 21:47:50 - simulation time     660 (s) :                                                                             Mist=         0.2891 %
2026/05/07 21:47:50 - simulation time     660 (s) : SimLog- Energy consumption                                                      :120034820489981030000 W,   200.7931 dBW
2026/05/07 21:47:50 - simulation time     660 (s) :                                                                                 :(Average:188733994481102240 W/data center(or device), 172.7585 dBW/data center(or device))
2026/05/07 21:47:50 - simulation time     660 (s) :                                                                                 :(Average:15996111472545448 W/task, 162.0401 dBW/task)
2026/05/07 21:47:50 - simulation time     660 (s) : SimLog- Energy Consumption per level                                     : Cloud=38929041522377150000 W,   195.9027 dBW
2026/05/07 21:47:50 - simulation time     660 (s) :                                                                                 :(Average:2162724529020952580 W/data center, 183.35 dBW/data center)
2026/05/07 21:47:50 - simulation time     660 (s) :                                                                             Edge= 5794136812053375000 W,   187.6299 dBW
2026/05/07 21:47:50 - simulation time     660 (s) :                                                                                 :(Average:241422367168890624 W/data center, 173.8278 dBW/data center)
2026/05/07 21:47:50 - simulation time     660 (s) :                                                                             Mist=75311642155550520000 W,   198.7686 dBW
2026/05/07 21:47:50 - simulation time     660 (s) :                                                                                 :(Average:126787276356145664 W/edge device, 171.0308 dBW/edge device)
2026/05/07 21:47:50 - simulation time     660 (s) : SimLog- Dead edge devices due to battery drain                                  :              0 devices (Among 0 devices with batteries (NaN %))
2026/05/07 21:47:50 - simulation time     660 (s) : SimLog- Average remaining power (devices with batteries that are still alive)   :              0 Wh (Average: 0 %)
2026/05/07 21:47:50 - simulation time     660 (s) : SimulationManager- the Scenario Simulation overflow times :3

================== Simulation finished at time 691.50 ==================


SimLog- Iteration finished...

######################################################################################################################################################################
Starting CloudSim Plus 4.3.0

2026/05/07 21:47:50 - simulation time       0 (s) : ServersManager- Datacenters and devices were generated
2026/05/07 21:47:50 - simulation time       0 (s) : SimulationManager-  Orchestration algorithm= ROUND_ROBIN-  Architechitecture= ALL -  number of edge devices= 660
2026/05/07 21:47:50 - simulation time       0 (s) : SimulationManager- Simulation: 1  , iteration: 55
2026/05/07 21:48:13 - simulation time     660 (s) : 
2026/05/07 21:48:13 - simulation time     660 (s) : ------------------------------------------------------- OUTPUT -------------------------------------------------------
2026/05/07 21:48:13 - simulation time     660 (s) : 
2026/05/07 21:48:13 - simulation time     660 (s) : SimLog- Tasks not sent because device died (low energy)                         :               0 % (0 tasks)
2026/05/07 21:48:13 - simulation time     660 (s) : SimLog- Tasks sent from edge devices                                            :             100 % (8346 among 8346 generated tasks)
2026/05/07 21:48:13 - simulation time     660 (s) : -------------------------------------All values below are based on the sent tasks-------------------------------------
2026/05/07 21:48:13 - simulation time     660 (s) : SimLog- Tasks ETE delay                                                         :     29613.9335 seconds
2026/05/07 21:48:13 - simulation time     660 (s) : SimLog- Average tasks ETE delay                                                 :         4.2233 seconds
2026/05/07 21:48:13 - simulation time     660 (s) : SimLog- Tasks execution delay                                                   :      6201.0306 seconds
2026/05/07 21:48:13 - simulation time     660 (s) : SimLog- Average tasks execution delay                                           :         0.7783 seconds
2026/05/07 21:48:13 - simulation time     660 (s) : SimLog- Tasks waiting time (from task submiting to the execution start)         :      1112.1714 seconds
2026/05/07 21:48:13 - simulation time     660 (s) : SimLog- Average tasks waiting time (from task submiting to the execution start) :         0.1396 seconds
2026/05/07 21:48:13 - simulation time     660 (s) : SimLog- Tasks successfully executed                                             :        84.0163 % (7012 among 8346 sent tasks)
2026/05/07 21:48:13 - simulation time     660 (s) : SimLog- Tasks failures
2026/05/07 21:48:13 - simulation time     660 (s) :                                        Not executed due to resources unavailable:              0 % (0 tasks)
2026/05/07 21:48:13 - simulation time     660 (s) :                               Successfully executed but failed due to high delay:        15.5883 % (1301 tasks from 8346 successfully sent tasks)
2026/05/07 21:48:13 - simulation time     660 (s) :                  Tasks execution results not returned because the device is dead:              0 % (0 tasks)
2026/05/07 21:48:13 - simulation time     660 (s) :                      Tasks execution results not returned due to device mobility:         0.3954 % (33 tasks)
2026/05/07 21:48:13 - simulation time     660 (s) : SimLog- Tasks executed on each level                                : Cloud=           2001 tasks (where 1752 were successfully executed)
2026/05/07 21:48:13 - simulation time     660 (s) :                                                                        Edge=            768 tasks (where 670 were successfully executed)
2026/05/07 21:48:13 - simulation time     660 (s) :                                                                        Mist=           5577 tasks (where 4590 were successfully executed)
2026/05/07 21:48:13 - simulation time     660 (s) : SimLog- Network usage                                                           :          16388 seconds (The total traffic: 35735.05 (MBytes))
2026/05/07 21:48:13 - simulation time     660 (s) :                                                                         Wan=           2188 seconds (13.3512 % of total usage, WAN used when downloading containers=0 % of WAN usage)
2026/05/07 21:48:13 - simulation time     660 (s) :                                                                         Lan=          16388 seconds (100 % of total usage, LAN used when downloading containers=0 % of LAN usage)
2026/05/07 21:48:13 - simulation time     660 (s) :                                                    Average bandwidth per transfer=        867.333 Mbps  
2026/05/07 21:48:13 - simulation time     660 (s) : SimLog- Average vm CPU utilization                                              :         0.2763 %
2026/05/07 21:48:13 - simulation time     660 (s) : SimLog- Average vm CPU utilization per level                             : Cloud=         0.0006 %
2026/05/07 21:48:13 - simulation time     660 (s) :                                                                             Edge=          0.067 %
2026/05/07 21:48:13 - simulation time     660 (s) :                                                                             Mist=         0.2914 %
2026/05/07 21:48:13 - simulation time     660 (s) : SimLog- Energy consumption                                                      :129419081844300430000 W,     201.12 dBW
2026/05/07 21:48:13 - simulation time     660 (s) :                                                                                 :(Average:184357666444872416 W/data center(or device), 172.6566 dBW/data center(or device))
2026/05/07 21:48:13 - simulation time     660 (s) :                                                                                 :(Average:15551439779416058 W/task, 161.9177 dBW/task)
2026/05/07 21:48:13 - simulation time     660 (s) : SimLog- Energy Consumption per level                                     : Cloud=43142842591337630000 W,   196.3491 dBW
2026/05/07 21:48:13 - simulation time     660 (s) :                                                                                 :(Average:2396824588407646200 W/data center, 183.7964 dBW/data center)
2026/05/07 21:48:13 - simulation time     660 (s) :                                                                             Edge= 6586986895737063400 W,   188.1869 dBW
2026/05/07 21:48:13 - simulation time     660 (s) :                                                                                 :(Average:274457787322377632 W/data center, 174.3848 dBW/data center)
2026/05/07 21:48:13 - simulation time     660 (s) :                                                                             Mist=79689252357225740000 W,    199.014 dBW
2026/05/07 21:48:13 - simulation time     660 (s) :                                                                                 :(Average:120741291450342032 W/edge device, 170.8186 dBW/edge device)
2026/05/07 21:48:13 - simulation time     660 (s) : SimLog- Dead edge devices due to battery drain                                  :              0 devices (Among 0 devices with batteries (NaN %))
2026/05/07 21:48:13 - simulation time     660 (s) : SimLog- Average remaining power (devices with batteries that are still alive)   :              0 Wh (Average: 0 %)
2026/05/07 21:48:13 - simulation time     660 (s) : SimulationManager- the Scenario Simulation overflow times :3

================== Simulation finished at time 691.50 ==================


SimLog- Iteration finished...

######################################################################################################################################################################
Starting CloudSim Plus 4.3.0

2026/05/07 21:48:14 - simulation time       0 (s) : ServersManager- Datacenters and devices were generated
2026/05/07 21:48:14 - simulation time       0 (s) : SimulationManager-  Orchestration algorithm= ROUND_ROBIN-  Architechitecture= ALL -  number of edge devices= 726
2026/05/07 21:48:14 - simulation time       0 (s) : SimulationManager- Simulation: 1  , iteration: 56
2026/05/07 21:48:54 - simulation time     660 (s) : 
2026/05/07 21:48:54 - simulation time     660 (s) : ------------------------------------------------------- OUTPUT -------------------------------------------------------
2026/05/07 21:48:54 - simulation time     660 (s) : 
2026/05/07 21:48:54 - simulation time     660 (s) : SimLog- Tasks not sent because device died (low energy)                         :               0 % (0 tasks)
2026/05/07 21:48:54 - simulation time     660 (s) : SimLog- Tasks sent from edge devices                                            :             100 % (9218 among 9218 generated tasks)
2026/05/07 21:48:54 - simulation time     660 (s) : -------------------------------------All values below are based on the sent tasks-------------------------------------
2026/05/07 21:48:54 - simulation time     660 (s) : SimLog- Tasks ETE delay                                                         :     36937.7766 seconds
2026/05/07 21:48:54 - simulation time     660 (s) : SimLog- Average tasks ETE delay                                                 :         4.7435 seconds
2026/05/07 21:48:54 - simulation time     660 (s) : SimLog- Tasks execution delay                                                   :      7583.8221 seconds
2026/05/07 21:48:54 - simulation time     660 (s) : SimLog- Average tasks execution delay                                           :         0.8707 seconds
2026/05/07 21:48:54 - simulation time     660 (s) : SimLog- Tasks waiting time (from task submiting to the execution start)         :      4135.3271 seconds
2026/05/07 21:48:54 - simulation time     660 (s) : SimLog- Average tasks waiting time (from task submiting to the execution start) :         0.4748 seconds
2026/05/07 21:48:54 - simulation time     660 (s) : SimLog- Tasks successfully executed                                             :         84.476 % (7787 among 9218 sent tasks)
2026/05/07 21:48:54 - simulation time     660 (s) : SimLog- Tasks failures
2026/05/07 21:48:54 - simulation time     660 (s) :                                        Not executed due to resources unavailable:              0 % (0 tasks)
2026/05/07 21:48:54 - simulation time     660 (s) :                               Successfully executed but failed due to high delay:         15.166 % (1398 tasks from 9218 successfully sent tasks)
2026/05/07 21:48:54 - simulation time     660 (s) :                  Tasks execution results not returned because the device is dead:              0 % (0 tasks)
2026/05/07 21:48:54 - simulation time     660 (s) :                      Tasks execution results not returned due to device mobility:          0.358 % (33 tasks)
2026/05/07 21:48:54 - simulation time     660 (s) : SimLog- Tasks executed on each level                                : Cloud=           2126 tasks (where 1879 were successfully executed)
2026/05/07 21:48:54 - simulation time     660 (s) :                                                                        Edge=            768 tasks (where 656 were successfully executed)
2026/05/07 21:48:54 - simulation time     660 (s) :                                                                        Mist=           6324 tasks (where 5252 were successfully executed)
2026/05/07 21:48:54 - simulation time     660 (s) : SimLog- Network usage                                                           :          18126 seconds (The total traffic: 44167.15 (MBytes))
2026/05/07 21:48:54 - simulation time     660 (s) :                                                                         Wan=           2447 seconds (13.4999 % of total usage, WAN used when downloading containers=0 % of WAN usage)
2026/05/07 21:48:54 - simulation time     660 (s) :                                                                         Lan=          18126 seconds (100 % of total usage, LAN used when downloading containers=0 % of LAN usage)
2026/05/07 21:48:54 - simulation time     660 (s) :                                                    Average bandwidth per transfer=       866.4369 Mbps  
2026/05/07 21:48:54 - simulation time     660 (s) : SimLog- Average vm CPU utilization                                              :         0.3507 %
2026/05/07 21:48:54 - simulation time     660 (s) : SimLog- Average vm CPU utilization per level                             : Cloud=         0.0617 %
2026/05/07 21:48:54 - simulation time     660 (s) :                                                                             Edge=          0.074 %
2026/05/07 21:48:54 - simulation time     660 (s) :                                                                             Mist=         0.3671 %
2026/05/07 21:48:54 - simulation time     660 (s) : SimLog- Energy consumption                                                      :150853744604742520000 W,   201.7856 dBW
2026/05/07 21:48:54 - simulation time     660 (s) :                                                                                 :(Average:196424146620758496 W/data center(or device), 172.9319 dBW/data center(or device))
2026/05/07 21:48:54 - simulation time     660 (s) :                                                                                 :(Average:16411416950037262 W/task, 162.1515 dBW/task)
2026/05/07 21:48:54 - simulation time     660 (s) : SimLog- Energy Consumption per level                                     : Cloud=49650833177154580000 W,   196.9593 dBW
2026/05/07 21:48:54 - simulation time     660 (s) :                                                                                 :(Average:2758379620953032200 W/data center, 184.4065 dBW/data center)
2026/05/07 21:48:54 - simulation time     660 (s) :                                                                             Edge= 6567700596387661800 W,   188.1741 dBW
2026/05/07 21:48:54 - simulation time     660 (s) :                                                                                 :(Average:273654191516152576 W/data center, 174.372 dBW/data center)
2026/05/07 21:48:54 - simulation time     660 (s) :                                                                             Mist=94635210831200290000 W,   199.7605 dBW
2026/05/07 21:48:54 - simulation time     660 (s) :                                                                                 :(Average:130351530070523808 W/edge device, 171.1512 dBW/edge device)
2026/05/07 21:48:54 - simulation time     660 (s) : SimLog- Dead edge devices due to battery drain                                  :              0 devices (Among 0 devices with batteries (NaN %))
2026/05/07 21:48:54 - simulation time     660 (s) : SimLog- Average remaining power (devices with batteries that are still alive)   :              0 Wh (Average: 0 %)
2026/05/07 21:48:54 - simulation time     660 (s) : SimulationManager- the Scenario Simulation overflow times :3

================== Simulation finished at time 691.50 ==================


SimLog- Iteration finished...

######################################################################################################################################################################
Starting CloudSim Plus 4.3.0

2026/05/07 21:48:54 - simulation time       0 (s) : ServersManager- Datacenters and devices were generated
2026/05/07 21:48:54 - simulation time       0 (s) : SimulationManager-  Orchestration algorithm= ROUND_ROBIN-  Architechitecture= ALL -  number of edge devices= 792
2026/05/07 21:48:54 - simulation time       0 (s) : SimulationManager- Simulation: 1  , iteration: 57
2026/05/07 21:49:30 - simulation time     650 (s) : 
2026/05/07 21:49:30 - simulation time     650 (s) : ------------------------------------------------------- OUTPUT -------------------------------------------------------
2026/05/07 21:49:30 - simulation time     650 (s) : 
2026/05/07 21:49:30 - simulation time     650 (s) : SimLog- Tasks not sent because device died (low energy)                         :               0 % (0 tasks)
2026/05/07 21:49:30 - simulation time     650 (s) : SimLog- Tasks sent from edge devices                                            :             100 % (10030 among 10030 generated tasks)
2026/05/07 21:49:30 - simulation time     650 (s) : -------------------------------------All values below are based on the sent tasks-------------------------------------
2026/05/07 21:49:30 - simulation time     650 (s) : SimLog- Tasks ETE delay                                                         :     42123.3062 seconds
2026/05/07 21:49:30 - simulation time     650 (s) : SimLog- Average tasks ETE delay                                                 :         5.0423 seconds
2026/05/07 21:49:30 - simulation time     650 (s) : SimLog- Tasks execution delay                                                   :      7585.2886 seconds
2026/05/07 21:49:30 - simulation time     650 (s) : SimLog- Average tasks execution delay                                           :         0.8136 seconds
2026/05/07 21:49:30 - simulation time     650 (s) : SimLog- Tasks waiting time (from task submiting to the execution start)         :      7494.9003 seconds
2026/05/07 21:49:30 - simulation time     650 (s) : SimLog- Average tasks waiting time (from task submiting to the execution start) :         0.8039 seconds
2026/05/07 21:49:30 - simulation time     650 (s) : SimLog- Tasks successfully executed                                             :        83.2901 % (8354 among 10030 sent tasks)
2026/05/07 21:49:30 - simulation time     650 (s) : SimLog- Tasks failures
2026/05/07 21:49:30 - simulation time     650 (s) :                                        Not executed due to resources unavailable:              0 % (0 tasks)
2026/05/07 21:49:30 - simulation time     650 (s) :                               Successfully executed but failed due to high delay:        16.1316 % (1618 tasks from 10030 successfully sent tasks)
2026/05/07 21:49:30 - simulation time     650 (s) :                  Tasks execution results not returned because the device is dead:              0 % (0 tasks)
2026/05/07 21:49:30 - simulation time     650 (s) :                      Tasks execution results not returned due to device mobility:         0.5783 % (58 tasks)
2026/05/07 21:49:30 - simulation time     650 (s) : SimLog- Tasks executed on each level                                : Cloud=           2117 tasks (where 1803 were successfully executed)
2026/05/07 21:49:30 - simulation time     650 (s) :                                                                        Edge=            796 tasks (where 677 were successfully executed)
2026/05/07 21:49:30 - simulation time     650 (s) :                                                                        Mist=           7117 tasks (where 5874 were successfully executed)
2026/05/07 21:49:30 - simulation time     650 (s) : SimLog- Network usage                                                           :          19395 seconds (The total traffic: 41452.25 (MBytes))
2026/05/07 21:49:30 - simulation time     650 (s) :                                                                         Wan=           2295 seconds (11.8329 % of total usage, WAN used when downloading containers=0 % of WAN usage)
2026/05/07 21:49:30 - simulation time     650 (s) :                                                                         Lan=          19395 seconds (100 % of total usage, LAN used when downloading containers=0 % of LAN usage)
2026/05/07 21:49:30 - simulation time     650 (s) :                                                    Average bandwidth per transfer=       889.5725 Mbps  
2026/05/07 21:49:30 - simulation time     650 (s) : SimLog- Average vm CPU utilization                                              :          0.329 %
2026/05/07 21:49:30 - simulation time     650 (s) : SimLog- Average vm CPU utilization per level                             : Cloud=         0.0227 %
2026/05/07 21:49:30 - simulation time     650 (s) :                                                                             Edge=         0.0509 %
2026/05/07 21:49:30 - simulation time     650 (s) :                                                                             Mist=         0.3443 %
2026/05/07 21:49:30 - simulation time     650 (s) : SimLog- Energy consumption                                                      :133018002554800650000 W,   201.2391 dBW
2026/05/07 21:49:30 - simulation time     650 (s) :                                                                                 :(Average:159494007859473216 W/data center(or device), 172.0274 dBW/data center(or device))
2026/05/07 21:49:30 - simulation time     650 (s) :                                                                                 :(Average:13316448348663596 W/task, 161.2439 dBW/task)
2026/05/07 21:49:30 - simulation time     650 (s) : SimLog- Energy Consumption per level                                     : Cloud=43619924968676550000 W,   196.3968 dBW
2026/05/07 21:49:30 - simulation time     650 (s) :                                                                                 :(Average:2423329164926474800 W/data center, 183.8441 dBW/data center)
2026/05/07 21:49:30 - simulation time     650 (s) :                                                                             Edge= 5601609424474333200 W,   187.4831 dBW
2026/05/07 21:49:30 - simulation time     650 (s) :                                                                                 :(Average:233400392686430560 W/data center, 173.681 dBW/data center)
2026/05/07 21:49:30 - simulation time     650 (s) :                                                                             Mist=83796468161649770000 W,   199.2323 dBW
2026/05/07 21:49:30 - simulation time     650 (s) :                                                                                 :(Average:105803621416224464 W/edge device, 170.245 dBW/edge device)
2026/05/07 21:49:30 - simulation time     650 (s) : SimLog- Dead edge devices due to battery drain                                  :              0 devices (Among 0 devices with batteries (NaN %))
2026/05/07 21:49:30 - simulation time     650 (s) : SimLog- Average remaining power (devices with batteries that are still alive)   :              0 Wh (Average: 0 %)
2026/05/07 21:49:30 - simulation time     650 (s) : SimulationManager- the Scenario Simulation overflow times :3

================== Simulation finished at time 685.20 ==================


SimLog- Iteration finished...

######################################################################################################################################################################
Starting CloudSim Plus 4.3.0

2026/05/07 21:49:30 - simulation time       0 (s) : ServersManager- Datacenters and devices were generated
2026/05/07 21:49:30 - simulation time       0 (s) : SimulationManager-  Orchestration algorithm= ROUND_ROBIN-  Architechitecture= ALL -  number of edge devices= 858
2026/05/07 21:49:30 - simulation time       0 (s) : SimulationManager- Simulation: 1  , iteration: 58
2026/05/07 21:50:46 - simulation time     660 (s) : 
2026/05/07 21:50:46 - simulation time     660 (s) : ------------------------------------------------------- OUTPUT -------------------------------------------------------
2026/05/07 21:50:46 - simulation time     660 (s) : 
2026/05/07 21:50:46 - simulation time     660 (s) : SimLog- Tasks not sent because device died (low energy)                         :               0 % (0 tasks)
2026/05/07 21:50:46 - simulation time     660 (s) : SimLog- Tasks sent from edge devices                                            :             100 % (10870 among 10870 generated tasks)
2026/05/07 21:50:46 - simulation time     660 (s) : -------------------------------------All values below are based on the sent tasks-------------------------------------
2026/05/07 21:50:46 - simulation time     660 (s) : SimLog- Tasks ETE delay                                                         :     52207.3115 seconds
2026/05/07 21:50:46 - simulation time     660 (s) : SimLog- Average tasks ETE delay                                                 :         5.7207 seconds
2026/05/07 21:50:46 - simulation time     660 (s) : SimLog- Tasks execution delay                                                   :        9448.03 seconds
2026/05/07 21:50:46 - simulation time     660 (s) : SimLog- Average tasks execution delay                                           :         0.9331 seconds
2026/05/07 21:50:46 - simulation time     660 (s) : SimLog- Tasks waiting time (from task submiting to the execution start)         :     12877.4797 seconds
2026/05/07 21:50:46 - simulation time     660 (s) : SimLog- Average tasks waiting time (from task submiting to the execution start) :         1.2718 seconds
2026/05/07 21:50:46 - simulation time     660 (s) : SimLog- Tasks successfully executed                                             :        83.9558 % (9126 among 10870 sent tasks)
2026/05/07 21:50:46 - simulation time     660 (s) : SimLog- Tasks failures
2026/05/07 21:50:46 - simulation time     660 (s) :                                        Not executed due to resources unavailable:              0 % (0 tasks)
2026/05/07 21:50:46 - simulation time     660 (s) :                               Successfully executed but failed due to high delay:        15.4922 % (1684 tasks from 10870 successfully sent tasks)
2026/05/07 21:50:46 - simulation time     660 (s) :                  Tasks execution results not returned because the device is dead:              0 % (0 tasks)
2026/05/07 21:50:46 - simulation time     660 (s) :                      Tasks execution results not returned due to device mobility:          0.552 % (60 tasks)
2026/05/07 21:50:46 - simulation time     660 (s) : SimLog- Tasks executed on each level                                : Cloud=           2277 tasks (where 1947 were successfully executed)
2026/05/07 21:50:46 - simulation time     660 (s) :                                                                        Edge=            864 tasks (where 728 were successfully executed)
2026/05/07 21:50:46 - simulation time     660 (s) :                                                                        Mist=           7729 tasks (where 6451 were successfully executed)
2026/05/07 21:50:46 - simulation time     660 (s) : SimLog- Network usage                                                           :          21054 seconds (The total traffic: 55162.2 (MBytes))
2026/05/07 21:50:46 - simulation time     660 (s) :                                                                         Wan=           2483 seconds (11.7935 % of total usage, WAN used when downloading containers=0 % of WAN usage)
2026/05/07 21:50:46 - simulation time     660 (s) :                                                                         Lan=          21054 seconds (100 % of total usage, LAN used when downloading containers=0 % of LAN usage)
2026/05/07 21:50:46 - simulation time     660 (s) :                                                    Average bandwidth per transfer=       887.7045 Mbps  
2026/05/07 21:50:46 - simulation time     660 (s) : SimLog- Average vm CPU utilization                                              :         0.4369 %
2026/05/07 21:50:46 - simulation time     660 (s) : SimLog- Average vm CPU utilization per level                             : Cloud=         0.1984 %
2026/05/07 21:50:46 - simulation time     660 (s) :                                                                             Edge=         0.1098 %
2026/05/07 21:50:46 - simulation time     660 (s) :                                                                             Mist=         0.4511 %
2026/05/07 21:50:46 - simulation time     660 (s) : SimLog- Energy consumption                                                      :170789236808584400000 W,   202.3246 dBW
2026/05/07 21:50:46 - simulation time     660 (s) :                                                                                 :(Average:189765818676204896 W/data center(or device), 172.7822 dBW/data center(or device))
2026/05/07 21:50:46 - simulation time     660 (s) :                                                                                 :(Average:15746748737652996 W/task, 161.9719 dBW/task)
2026/05/07 21:50:46 - simulation time     660 (s) : SimLog- Energy Consumption per level                                     : Cloud=56570721781334245000 W,   197.5259 dBW
2026/05/07 21:50:46 - simulation time     660 (s) :                                                                                 :(Average:3142817876740791300 W/data center, 184.9732 dBW/data center)
2026/05/07 21:50:46 - simulation time     660 (s) :                                                                             Edge= 6110650687129993200 W,   187.8609 dBW
2026/05/07 21:50:46 - simulation time     660 (s) :                                                                                 :(Average:254610445297083040 W/data center, 174.0588 dBW/data center)
2026/05/07 21:50:46 - simulation time     660 (s) :                                                                             Mist=108107864340120140000 W,   200.3386 dBW
2026/05/07 21:50:46 - simulation time     660 (s) :                                                                                 :(Average:125999841888251920 W/edge device, 171.0037 dBW/edge device)
2026/05/07 21:50:46 - simulation time     660 (s) : SimLog- Dead edge devices due to battery drain                                  :              0 devices (Among 0 devices with batteries (NaN %))
2026/05/07 21:50:46 - simulation time     660 (s) : SimLog- Average remaining power (devices with batteries that are still alive)   :              0 Wh (Average: 0 %)
2026/05/07 21:50:46 - simulation time     660 (s) : SimulationManager- the Scenario Simulation overflow times :3

================== Simulation finished at time 691.50 ==================


SimLog- Iteration finished...

######################################################################################################################################################################
Starting CloudSim Plus 4.3.0

2026/05/07 21:50:46 - simulation time       0 (s) : ServersManager- Datacenters and devices were generated
2026/05/07 21:50:46 - simulation time       0 (s) : SimulationManager-  Orchestration algorithm= ROUND_ROBIN-  Architechitecture= ALL -  number of edge devices= 924
2026/05/07 21:50:46 - simulation time       0 (s) : SimulationManager- Simulation: 1  , iteration: 59
2026/05/07 21:52:06 - simulation time     660 (s) : 
2026/05/07 21:52:06 - simulation time     660 (s) : ------------------------------------------------------- OUTPUT -------------------------------------------------------
2026/05/07 21:52:06 - simulation time     660 (s) : 
2026/05/07 21:52:06 - simulation time     660 (s) : SimLog- Tasks not sent because device died (low energy)                         :               0 % (0 tasks)
2026/05/07 21:52:06 - simulation time     660 (s) : SimLog- Tasks sent from edge devices                                            :             100 % (11736 among 11736 generated tasks)
2026/05/07 21:52:06 - simulation time     660 (s) : -------------------------------------All values below are based on the sent tasks-------------------------------------
2026/05/07 21:52:06 - simulation time     660 (s) : SimLog- Tasks ETE delay                                                         :     58928.7945 seconds
2026/05/07 21:52:06 - simulation time     660 (s) : SimLog- Average tasks ETE delay                                                 :         6.0839 seconds
2026/05/07 21:52:06 - simulation time     660 (s) : SimLog- Tasks execution delay                                                   :      9182.4974 seconds
2026/05/07 21:52:06 - simulation time     660 (s) : SimLog- Average tasks execution delay                                           :         0.8463 seconds
2026/05/07 21:52:06 - simulation time     660 (s) : SimLog- Tasks waiting time (from task submiting to the execution start)         :     18189.5358 seconds
2026/05/07 21:52:06 - simulation time     660 (s) : SimLog- Average tasks waiting time (from task submiting to the execution start) :         1.6765 seconds
2026/05/07 21:52:06 - simulation time     660 (s) : SimLog- Tasks successfully executed                                             :        82.5324 % (9686 among 11736 sent tasks)
2026/05/07 21:52:06 - simulation time     660 (s) : SimLog- Tasks failures
2026/05/07 21:52:06 - simulation time     660 (s) :                                        Not executed due to resources unavailable:              0 % (0 tasks)
2026/05/07 21:52:06 - simulation time     660 (s) :                               Successfully executed but failed due to high delay:        17.0331 % (1999 tasks from 11736 successfully sent tasks)
2026/05/07 21:52:06 - simulation time     660 (s) :                  Tasks execution results not returned because the device is dead:              0 % (0 tasks)
2026/05/07 21:52:06 - simulation time     660 (s) :                      Tasks execution results not returned due to device mobility:         0.4346 % (51 tasks)
2026/05/07 21:52:06 - simulation time     660 (s) : SimLog- Tasks executed on each level                                : Cloud=           2398 tasks (where 2007 were successfully executed)
2026/05/07 21:52:06 - simulation time     660 (s) :                                                                        Edge=            864 tasks (where 705 were successfully executed)
2026/05/07 21:52:06 - simulation time     660 (s) :                                                                        Mist=           8474 tasks (where 6974 were successfully executed)
2026/05/07 21:52:06 - simulation time     660 (s) : SimLog- Network usage                                                           :          22883 seconds (The total traffic: 51547.15 (MBytes))
2026/05/07 21:52:06 - simulation time     660 (s) :                                                                         Wan=           2789 seconds (12.1881 % of total usage, WAN used when downloading containers=0 % of WAN usage)
2026/05/07 21:52:06 - simulation time     660 (s) :                                                                         Lan=          22883 seconds (100 % of total usage, LAN used when downloading containers=0 % of LAN usage)
2026/05/07 21:52:06 - simulation time     660 (s) :                                                    Average bandwidth per transfer=       878.3523 Mbps  
2026/05/07 21:52:06 - simulation time     660 (s) : SimLog- Average vm CPU utilization                                              :         0.3468 %
2026/05/07 21:52:06 - simulation time     660 (s) : SimLog- Average vm CPU utilization per level                             : Cloud=         0.0316 %
2026/05/07 21:52:06 - simulation time     660 (s) :                                                                             Edge=         0.0874 %
2026/05/07 21:52:06 - simulation time     660 (s) :                                                                             Mist=         0.3597 %
2026/05/07 21:52:06 - simulation time     660 (s) : SimLog- Energy consumption                                                      :157327209279703840000 W,    201.968 dBW
2026/05/07 21:52:06 - simulation time     660 (s) :                                                                                 :(Average:162864605879610592 W/data center(or device), 172.1183 dBW/data center(or device))
2026/05/07 21:52:06 - simulation time     660 (s) :                                                                                 :(Average:13431845750849812 W/task, 161.2814 dBW/task)
2026/05/07 21:52:06 - simulation time     660 (s) : SimLog- Energy Consumption per level                                     : Cloud=51197669001796250000 W,   197.0925 dBW
2026/05/07 21:52:06 - simulation time     660 (s) :                                                                                 :(Average:2844314944544236000 W/data center, 184.5398 dBW/data center)
2026/05/07 21:52:06 - simulation time     660 (s) :                                                                             Edge= 6554066079425384400 W,   188.1651 dBW
2026/05/07 21:52:06 - simulation time     660 (s) :                                                                                 :(Average:273086086642724352 W/data center, 174.363 dBW/data center)
2026/05/07 21:52:06 - simulation time     660 (s) :                                                                             Mist=99575474198482200000 W,   199.9815 dBW
2026/05/07 21:52:06 - simulation time     660 (s) :                                                                                 :(Average:107765664716972080 W/edge device, 170.3248 dBW/edge device)
2026/05/07 21:52:06 - simulation time     660 (s) : SimLog- Dead edge devices due to battery drain                                  :              0 devices (Among 0 devices with batteries (NaN %))
2026/05/07 21:52:06 - simulation time     660 (s) : SimLog- Average remaining power (devices with batteries that are still alive)   :              0 Wh (Average: 0 %)
2026/05/07 21:52:06 - simulation time     660 (s) : SimulationManager- the Scenario Simulation overflow times :3

================== Simulation finished at time 691.50 ==================


SimLog- Iteration finished...

######################################################################################################################################################################
Starting CloudSim Plus 4.3.0

2026/05/07 21:52:06 - simulation time       0 (s) : ServersManager- Datacenters and devices were generated
2026/05/07 21:52:06 - simulation time       0 (s) : SimulationManager-  Orchestration algorithm= ROUND_ROBIN-  Architechitecture= ALL -  number of edge devices= 990
2026/05/07 21:52:06 - simulation time       0 (s) : SimulationManager- Simulation: 1  , iteration: 60
2026/05/07 21:53:13 - simulation time     660 (s) : 
2026/05/07 21:53:13 - simulation time     660 (s) : ------------------------------------------------------- OUTPUT -------------------------------------------------------
2026/05/07 21:53:13 - simulation time     660 (s) : 
2026/05/07 21:53:13 - simulation time     660 (s) : SimLog- Tasks not sent because device died (low energy)                         :               0 % (0 tasks)
2026/05/07 21:53:13 - simulation time     660 (s) : SimLog- Tasks sent from edge devices                                            :             100 % (12526 among 12526 generated tasks)
2026/05/07 21:53:13 - simulation time     660 (s) : -------------------------------------All values below are based on the sent tasks-------------------------------------
2026/05/07 21:53:13 - simulation time     660 (s) : SimLog- Tasks ETE delay                                                         :     69151.0325 seconds
2026/05/07 21:53:13 - simulation time     660 (s) : SimLog- Average tasks ETE delay                                                 :         6.6903 seconds
2026/05/07 21:53:13 - simulation time     660 (s) : SimLog- Tasks execution delay                                                   :     10743.6543 seconds
2026/05/07 21:53:13 - simulation time     660 (s) : SimLog- Average tasks execution delay                                           :         0.9294 seconds
2026/05/07 21:53:13 - simulation time     660 (s) : SimLog- Tasks waiting time (from task submiting to the execution start)         :      24714.479 seconds
2026/05/07 21:53:13 - simulation time     660 (s) : SimLog- Average tasks waiting time (from task submiting to the execution start) :         2.1379 seconds
2026/05/07 21:53:13 - simulation time     660 (s) : SimLog- Tasks successfully executed                                             :        82.5243 % (10337 among 12526 sent tasks)
2026/05/07 21:53:13 - simulation time     660 (s) : SimLog- Tasks failures
2026/05/07 21:53:13 - simulation time     660 (s) :                                        Not executed due to resources unavailable:              0 % (0 tasks)
2026/05/07 21:53:13 - simulation time     660 (s) :                               Successfully executed but failed due to high delay:        16.8609 % (2112 tasks from 12526 successfully sent tasks)
2026/05/07 21:53:13 - simulation time     660 (s) :                  Tasks execution results not returned because the device is dead:              0 % (0 tasks)
2026/05/07 21:53:13 - simulation time     660 (s) :                      Tasks execution results not returned due to device mobility:         0.6147 % (77 tasks)
2026/05/07 21:53:13 - simulation time     660 (s) : SimLog- Tasks executed on each level                                : Cloud=           2358 tasks (where 1956 were successfully executed)
2026/05/07 21:53:13 - simulation time     660 (s) :                                                                        Edge=            864 tasks (where 758 were successfully executed)
2026/05/07 21:53:13 - simulation time     660 (s) :                                                                        Mist=           9304 tasks (where 7623 were successfully executed)
2026/05/07 21:53:13 - simulation time     660 (s) : SimLog- Network usage                                                           :          24479 seconds (The total traffic: 58544 (MBytes))
2026/05/07 21:53:13 - simulation time     660 (s) :                                                                         Wan=           2857 seconds (11.6712 % of total usage, WAN used when downloading containers=0 % of WAN usage)
2026/05/07 21:53:13 - simulation time     660 (s) :                                                                         Lan=          24479 seconds (100 % of total usage, LAN used when downloading containers=0 % of LAN usage)
2026/05/07 21:53:13 - simulation time     660 (s) :                                                    Average bandwidth per transfer=       884.0187 Mbps  
2026/05/07 21:53:13 - simulation time     660 (s) : SimLog- Average vm CPU utilization                                              :         0.3475 %
2026/05/07 21:53:13 - simulation time     660 (s) : SimLog- Average vm CPU utilization per level                             : Cloud=         0.0668 %
2026/05/07 21:53:13 - simulation time     660 (s) :                                                                             Edge=         0.0645 %
2026/05/07 21:53:13 - simulation time     660 (s) :                                                                             Mist=         0.3594 %
2026/05/07 21:53:13 - simulation time     660 (s) : SimLog- Energy consumption                                                      :172653266102839080000 W,   202.3717 dBW
2026/05/07 21:53:13 - simulation time     660 (s) :                                                                                 :(Average:167299676456239424 W/data center(or device), 172.235 dBW/data center(or device))
2026/05/07 21:53:13 - simulation time     660 (s) :                                                                                 :(Average:13818894357518736 W/task, 161.4047 dBW/task)
2026/05/07 21:53:13 - simulation time     660 (s) : SimLog- Energy Consumption per level                                     : Cloud=54721022398202420000 W,   197.3815 dBW
2026/05/07 21:53:13 - simulation time     660 (s) :                                                                                 :(Average:3040056799900134400 W/data center, 184.8288 dBW/data center)
2026/05/07 21:53:13 - simulation time     660 (s) :                                                                             Edge= 5770518174258139100 W,   187.6121 dBW
2026/05/07 21:53:13 - simulation time     660 (s) :                                                                                 :(Average:240438257260755808 W/data center, 173.81 dBW/data center)
2026/05/07 21:53:13 - simulation time     660 (s) :                                                                             Mist=112161725530378500000 W,   200.4984 dBW
2026/05/07 21:53:13 - simulation time     660 (s) :                                                                                 :(Average:113294672252907584 W/edge device, 170.5421 dBW/edge device)
2026/05/07 21:53:13 - simulation time     660 (s) : SimLog- Dead edge devices due to battery drain                                  :              0 devices (Among 0 devices with batteries (NaN %))
2026/05/07 21:53:13 - simulation time     660 (s) : SimLog- Average remaining power (devices with batteries that are still alive)   :              0 Wh (Average: 0 %)
2026/05/07 21:53:13 - simulation time     660 (s) : SimulationManager- the Scenario Simulation overflow times :4

================== Simulation finished at time 691.50 ==================


SimLog- Iteration finished...

######################################################################################################################################################################
Starting CloudSim Plus 4.3.0

2026/05/07 21:53:13 - simulation time       0 (s) : ServersManager- Datacenters and devices were generated
2026/05/07 21:53:13 - simulation time       0 (s) : SimulationManager-  Orchestration algorithm= TRADE_OFF-  Architechitecture= ALL -  number of edge devices= 66
2026/05/07 21:53:13 - simulation time       0 (s) : SimulationManager- Simulation: 1  , iteration: 61
2026/05/07 21:53:14 - simulation time     650 (s) : 
2026/05/07 21:53:14 - simulation time     650 (s) : ------------------------------------------------------- OUTPUT -------------------------------------------------------
2026/05/07 21:53:14 - simulation time     650 (s) : 
2026/05/07 21:53:14 - simulation time     650 (s) : SimLog- Tasks not sent because device died (low energy)                         :               0 % (0 tasks)
2026/05/07 21:53:14 - simulation time     650 (s) : SimLog- Tasks sent from edge devices                                            :             100 % (850 among 850 generated tasks)
2026/05/07 21:53:14 - simulation time     650 (s) : -------------------------------------All values below are based on the sent tasks-------------------------------------
2026/05/07 21:53:14 - simulation time     650 (s) : SimLog- Tasks ETE delay                                                         :      2832.9165 seconds
2026/05/07 21:53:14 - simulation time     650 (s) : SimLog- Average tasks ETE delay                                                 :         3.6413 seconds
2026/05/07 21:53:14 - simulation time     650 (s) : SimLog- Tasks execution delay                                                   :       348.9855 seconds
2026/05/07 21:53:14 - simulation time     650 (s) : SimLog- Average tasks execution delay                                           :         0.4111 seconds
2026/05/07 21:53:14 - simulation time     650 (s) : SimLog- Tasks waiting time (from task submiting to the execution start)         :        19.2607 seconds
2026/05/07 21:53:14 - simulation time     650 (s) : SimLog- Average tasks waiting time (from task submiting to the execution start) :         0.0227 seconds
2026/05/07 21:53:14 - simulation time     650 (s) : SimLog- Tasks successfully executed                                             :        91.5294 % (778 among 850 sent tasks)
2026/05/07 21:53:14 - simulation time     650 (s) : SimLog- Tasks failures
2026/05/07 21:53:14 - simulation time     650 (s) :                                        Not executed due to resources unavailable:              0 % (0 tasks)
2026/05/07 21:53:14 - simulation time     650 (s) :                               Successfully executed but failed due to high delay:         8.3529 % (71 tasks from 850 successfully sent tasks)
2026/05/07 21:53:14 - simulation time     650 (s) :                  Tasks execution results not returned because the device is dead:              0 % (0 tasks)
2026/05/07 21:53:14 - simulation time     650 (s) :                      Tasks execution results not returned due to device mobility:         0.1176 % (1 tasks)
2026/05/07 21:53:14 - simulation time     650 (s) : SimLog- Tasks executed on each level                                : Cloud=            571 tasks (where 516 were successfully executed)
2026/05/07 21:53:14 - simulation time     650 (s) :                                                                        Edge=            238 tasks (where 221 were successfully executed)
2026/05/07 21:53:14 - simulation time     650 (s) :                                                                        Mist=             41 tasks (where 41 were successfully executed)
2026/05/07 21:53:14 - simulation time     650 (s) : SimLog- Network usage                                                           :           1681 seconds (The total traffic: 5192.1 (MBytes))
2026/05/07 21:53:14 - simulation time     650 (s) :                                                                         Wan=            571 seconds (33.9679 % of total usage, WAN used when downloading containers=0 % of WAN usage)
2026/05/07 21:53:14 - simulation time     650 (s) :                                                                         Lan=           1681 seconds (100 % of total usage, LAN used when downloading containers=0 % of LAN usage)
2026/05/07 21:53:14 - simulation time     650 (s) :                                                    Average bandwidth per transfer=       888.1822 Mbps  
2026/05/07 21:53:14 - simulation time     650 (s) : SimLog- Average vm CPU utilization                                              :         0.0323 %
2026/05/07 21:53:14 - simulation time     650 (s) : SimLog- Average vm CPU utilization per level                             : Cloud=              0 %
2026/05/07 21:53:14 - simulation time     650 (s) :                                                                             Edge=          0.026 %
2026/05/07 21:53:14 - simulation time     650 (s) :                                                                             Mist=         0.0434 %
2026/05/07 21:53:14 - simulation time     650 (s) : SimLog- Energy consumption                                                      :44464986421237790000 W,   196.4802 dBW
2026/05/07 21:53:14 - simulation time     650 (s) :                                                                                 :(Average:411712837233683260 W/data center(or device), 176.1459 dBW/data center(or device))
2026/05/07 21:53:14 - simulation time     650 (s) :                                                                                 :(Average:52373364453754760 W/task, 167.1911 dBW/task)
2026/05/07 21:53:14 - simulation time     650 (s) : SimLog- Energy Consumption per level                                     : Cloud=17663747108647807000 W,   192.4708 dBW
2026/05/07 21:53:14 - simulation time     650 (s) :                                                                                 :(Average:981319283813767040 W/data center, 179.9181 dBW/data center)
2026/05/07 21:53:14 - simulation time     650 (s) :                                                                             Edge= 2493173241731826200 W,   183.9675 dBW
2026/05/07 21:53:14 - simulation time     650 (s) :                                                                                 :(Average:103882218405492752 W/data center, 170.1654 dBW/data center)
2026/05/07 21:53:14 - simulation time     650 (s) :                                                                             Mist=24308066070858162000 W,   193.8575 dBW
2026/05/07 21:53:14 - simulation time     650 (s) :                                                                                 :(Average:368304031376638850 W/edge device, 175.6621 dBW/edge device)
2026/05/07 21:53:14 - simulation time     650 (s) : SimLog- Dead edge devices due to battery drain                                  :              0 devices (Among 0 devices with batteries (NaN %))
2026/05/07 21:53:14 - simulation time     650 (s) : SimLog- Average remaining power (devices with batteries that are still alive)   :              0 Wh (Average: 0 %)
2026/05/07 21:53:14 - simulation time     650 (s) : SimulationManager- the Scenario Simulation overflow times :4

================== Simulation finished at time 685.20 ==================


SimLog- Iteration finished...

######################################################################################################################################################################
Starting CloudSim Plus 4.3.0

2026/05/07 21:53:14 - simulation time       0 (s) : ServersManager- Datacenters and devices were generated
2026/05/07 21:53:14 - simulation time       0 (s) : SimulationManager-  Orchestration algorithm= TRADE_OFF-  Architechitecture= ALL -  number of edge devices= 132
2026/05/07 21:53:14 - simulation time       0 (s) : SimulationManager- Simulation: 1  , iteration: 62
2026/05/07 21:53:16 - simulation time     660 (s) : 
2026/05/07 21:53:16 - simulation time     660 (s) : ------------------------------------------------------- OUTPUT -------------------------------------------------------
2026/05/07 21:53:16 - simulation time     660 (s) : 
2026/05/07 21:53:16 - simulation time     660 (s) : SimLog- Tasks not sent because device died (low energy)                         :               0 % (0 tasks)
2026/05/07 21:53:16 - simulation time     660 (s) : SimLog- Tasks sent from edge devices                                            :             100 % (1680 among 1680 generated tasks)
2026/05/07 21:53:16 - simulation time     660 (s) : -------------------------------------All values below are based on the sent tasks-------------------------------------
2026/05/07 21:53:16 - simulation time     660 (s) : SimLog- Tasks ETE delay                                                         :      5499.7357 seconds
2026/05/07 21:53:16 - simulation time     660 (s) : SimLog- Average tasks ETE delay                                                 :         3.6985 seconds
2026/05/07 21:53:16 - simulation time     660 (s) : SimLog- Tasks execution delay                                                   :       644.9311 seconds
2026/05/07 21:53:16 - simulation time     660 (s) : SimLog- Average tasks execution delay                                           :         0.3899 seconds
2026/05/07 21:53:16 - simulation time     660 (s) : SimLog- Tasks waiting time (from task submiting to the execution start)         :        35.3551 seconds
2026/05/07 21:53:16 - simulation time     660 (s) : SimLog- Average tasks waiting time (from task submiting to the execution start) :         0.0214 seconds
2026/05/07 21:53:16 - simulation time     660 (s) : SimLog- Tasks successfully executed                                             :        88.5119 % (1487 among 1680 sent tasks)
2026/05/07 21:53:16 - simulation time     660 (s) : SimLog- Tasks failures
2026/05/07 21:53:16 - simulation time     660 (s) :                                        Not executed due to resources unavailable:              0 % (0 tasks)
2026/05/07 21:53:16 - simulation time     660 (s) :                               Successfully executed but failed due to high delay:          11.25 % (189 tasks from 1680 successfully sent tasks)
2026/05/07 21:53:16 - simulation time     660 (s) :                  Tasks execution results not returned because the device is dead:              0 % (0 tasks)
2026/05/07 21:53:16 - simulation time     660 (s) :                      Tasks execution results not returned due to device mobility:         0.2381 % (4 tasks)
2026/05/07 21:53:16 - simulation time     660 (s) : SimLog- Tasks executed on each level                                : Cloud=           1034 tasks (where 917 were successfully executed)
2026/05/07 21:53:16 - simulation time     660 (s) :                                                                        Edge=            480 tasks (where 422 were successfully executed)
2026/05/07 21:53:16 - simulation time     660 (s) :                                                                        Mist=            166 tasks (where 148 were successfully executed)
2026/05/07 21:53:16 - simulation time     660 (s) : SimLog- Network usage                                                           :           3308 seconds (The total traffic: 8514.9 (MBytes))
2026/05/07 21:53:16 - simulation time     660 (s) :                                                                         Wan=           1042 seconds (31.4994 % of total usage, WAN used when downloading containers=0 % of WAN usage)
2026/05/07 21:53:16 - simulation time     660 (s) :                                                                         Lan=           3308 seconds (100 % of total usage, LAN used when downloading containers=0 % of LAN usage)
2026/05/07 21:53:16 - simulation time     660 (s) :                                                    Average bandwidth per transfer=       799.0315 Mbps  
2026/05/07 21:53:16 - simulation time     660 (s) : SimLog- Average vm CPU utilization                                              :         0.0407 %
2026/05/07 21:53:16 - simulation time     660 (s) : SimLog- Average vm CPU utilization per level                             : Cloud=              0 %
2026/05/07 21:53:16 - simulation time     660 (s) :                                                                             Edge=         0.0387 %
2026/05/07 21:53:16 - simulation time     660 (s) :                                                                             Mist=         0.0466 %
2026/05/07 21:53:16 - simulation time     660 (s) : SimLog- Energy consumption                                                      :64040968754073110000 W,   198.0646 dBW
2026/05/07 21:53:16 - simulation time     660 (s) :                                                                                 :(Average:368051544563638530 W/data center(or device), 175.6591 dBW/data center(or device))
2026/05/07 21:53:16 - simulation time     660 (s) :                                                                                 :(Average:38210601881905192 W/task, 165.8218 dBW/task)
2026/05/07 21:53:16 - simulation time     660 (s) : SimLog- Energy Consumption per level                                     : Cloud=25066956839277640000 W,    193.991 dBW
2026/05/07 21:53:16 - simulation time     660 (s) :                                                                                 :(Average:1392608713293202430 W/data center, 181.4383 dBW/data center)
2026/05/07 21:53:16 - simulation time     660 (s) :                                                                             Edge= 3894180511908100600 W,   185.9042 dBW
2026/05/07 21:53:16 - simulation time     660 (s) :                                                                                 :(Average:162257521329504192 W/data center, 172.102 dBW/data center)
2026/05/07 21:53:16 - simulation time     660 (s) :                                                                             Mist=35079831402887370000 W,   195.4506 dBW
2026/05/07 21:53:16 - simulation time     660 (s) :                                                                                 :(Average:265756298506722496 W/edge device, 174.2448 dBW/edge device)
2026/05/07 21:53:16 - simulation time     660 (s) : SimLog- Dead edge devices due to battery drain                                  :              0 devices (Among 0 devices with batteries (NaN %))
2026/05/07 21:53:16 - simulation time     660 (s) : SimLog- Average remaining power (devices with batteries that are still alive)   :              0 Wh (Average: 0 %)
2026/05/07 21:53:16 - simulation time     660 (s) : SimulationManager- the Scenario Simulation overflow times :4

================== Simulation finished at time 691.50 ==================


SimLog- Iteration finished...

######################################################################################################################################################################
Starting CloudSim Plus 4.3.0

2026/05/07 21:53:16 - simulation time       0 (s) : ServersManager- Datacenters and devices were generated
2026/05/07 21:53:16 - simulation time       0 (s) : SimulationManager-  Orchestration algorithm= TRADE_OFF-  Architechitecture= ALL -  number of edge devices= 198
2026/05/07 21:53:16 - simulation time       0 (s) : SimulationManager- Simulation: 1  , iteration: 63
2026/05/07 21:53:20 - simulation time     660 (s) : 
2026/05/07 21:53:20 - simulation time     660 (s) : ------------------------------------------------------- OUTPUT -------------------------------------------------------
2026/05/07 21:53:20 - simulation time     660 (s) : 
2026/05/07 21:53:20 - simulation time     660 (s) : SimLog- Tasks not sent because device died (low energy)                         :               0 % (0 tasks)
2026/05/07 21:53:20 - simulation time     660 (s) : SimLog- Tasks sent from edge devices                                            :             100 % (2528 among 2528 generated tasks)
2026/05/07 21:53:20 - simulation time     660 (s) : -------------------------------------All values below are based on the sent tasks-------------------------------------
2026/05/07 21:53:20 - simulation time     660 (s) : SimLog- Tasks ETE delay                                                         :       8693.874 seconds
2026/05/07 21:53:20 - simulation time     660 (s) : SimLog- Average tasks ETE delay                                                 :         3.8232 seconds
2026/05/07 21:53:20 - simulation time     660 (s) : SimLog- Tasks execution delay                                                   :      1136.5347 seconds
2026/05/07 21:53:20 - simulation time     660 (s) : SimLog- Average tasks execution delay                                           :         0.4596 seconds
2026/05/07 21:53:20 - simulation time     660 (s) : SimLog- Tasks waiting time (from task submiting to the execution start)         :        52.1898 seconds
2026/05/07 21:53:20 - simulation time     660 (s) : SimLog- Average tasks waiting time (from task submiting to the execution start) :         0.0211 seconds
2026/05/07 21:53:20 - simulation time     660 (s) : SimLog- Tasks successfully executed                                             :        89.9525 % (2274 among 2528 sent tasks)
2026/05/07 21:53:20 - simulation time     660 (s) : SimLog- Tasks failures
2026/05/07 21:53:20 - simulation time     660 (s) :                                        Not executed due to resources unavailable:              0 % (0 tasks)
2026/05/07 21:53:20 - simulation time     660 (s) :                               Successfully executed but failed due to high delay:         9.9288 % (251 tasks from 2528 successfully sent tasks)
2026/05/07 21:53:20 - simulation time     660 (s) :                  Tasks execution results not returned because the device is dead:              0 % (0 tasks)
2026/05/07 21:53:20 - simulation time     660 (s) :                      Tasks execution results not returned due to device mobility:         0.1187 % (3 tasks)
2026/05/07 21:53:20 - simulation time     660 (s) : SimLog- Tasks executed on each level                                : Cloud=           1440 tasks (where 1291 were successfully executed)
2026/05/07 21:53:20 - simulation time     660 (s) :                                                                        Edge=            705 tasks (where 641 were successfully executed)
2026/05/07 21:53:20 - simulation time     660 (s) :                                                                        Mist=            383 tasks (where 342 were successfully executed)
2026/05/07 21:53:20 - simulation time     660 (s) : SimLog- Network usage                                                           :           5011 seconds (The total traffic: 14342.7 (MBytes))
2026/05/07 21:53:20 - simulation time     660 (s) :                                                                         Wan=           1492 seconds (29.7745 % of total usage, WAN used when downloading containers=0 % of WAN usage)
2026/05/07 21:53:20 - simulation time     660 (s) :                                                                         Lan=           5011 seconds (100 % of total usage, LAN used when downloading containers=0 % of LAN usage)
2026/05/07 21:53:20 - simulation time     660 (s) :                                                    Average bandwidth per transfer=       763.5918 Mbps  
2026/05/07 21:53:20 - simulation time     660 (s) : SimLog- Average vm CPU utilization                                              :         0.0661 %
2026/05/07 21:53:20 - simulation time     660 (s) : SimLog- Average vm CPU utilization per level                             : Cloud=         0.0263 %
2026/05/07 21:53:20 - simulation time     660 (s) :                                                                             Edge=          0.071 %
2026/05/07 21:53:20 - simulation time     660 (s) :                                                                             Mist=         0.0692 %
2026/05/07 21:53:20 - simulation time     660 (s) : SimLog- Energy consumption                                                      :113619679425874030000 W,   200.5545 dBW
2026/05/07 21:53:20 - simulation time     660 (s) :                                                                                 :(Average:473415330941141820 W/data center(or device), 176.7524 dBW/data center(or device))
2026/05/07 21:53:20 - simulation time     660 (s) :                                                                                 :(Average:44980078949277128 W/task, 166.5302 dBW/task)
2026/05/07 21:53:20 - simulation time     660 (s) : SimLog- Energy Consumption per level                                     : Cloud=43269131672838504000 W,   196.3618 dBW
2026/05/07 21:53:20 - simulation time     660 (s) :                                                                                 :(Average:2403840648491028000 W/data center, 183.8091 dBW/data center)
2026/05/07 21:53:20 - simulation time     660 (s) :                                                                             Edge= 8122936476245514200 W,   189.0971 dBW
2026/05/07 21:53:20 - simulation time     660 (s) :                                                                                 :(Average:338455686510229760 W/data center, 175.295 dBW/data center)
2026/05/07 21:53:20 - simulation time     660 (s) :                                                                             Mist=62227611276790006000 W,   197.9398 dBW
2026/05/07 21:53:20 - simulation time     660 (s) :                                                                                 :(Average:314280865034292930 W/edge device, 174.9732 dBW/edge device)
2026/05/07 21:53:20 - simulation time     660 (s) : SimLog- Dead edge devices due to battery drain                                  :              0 devices (Among 0 devices with batteries (NaN %))
2026/05/07 21:53:20 - simulation time     660 (s) : SimLog- Average remaining power (devices with batteries that are still alive)   :              0 Wh (Average: 0 %)
2026/05/07 21:53:20 - simulation time     660 (s) : SimulationManager- the Scenario Simulation overflow times :4

================== Simulation finished at time 691.50 ==================


SimLog- Iteration finished...

######################################################################################################################################################################
Starting CloudSim Plus 4.3.0

2026/05/07 21:53:20 - simulation time       0 (s) : ServersManager- Datacenters and devices were generated
2026/05/07 21:53:20 - simulation time       0 (s) : SimulationManager-  Orchestration algorithm= TRADE_OFF-  Architechitecture= ALL -  number of edge devices= 264
2026/05/07 21:53:20 - simulation time       0 (s) : SimulationManager- Simulation: 1  , iteration: 64
2026/05/07 21:53:24 - simulation time     660 (s) : 
2026/05/07 21:53:24 - simulation time     660 (s) : ------------------------------------------------------- OUTPUT -------------------------------------------------------
2026/05/07 21:53:24 - simulation time     660 (s) : 
2026/05/07 21:53:24 - simulation time     660 (s) : SimLog- Tasks not sent because device died (low energy)                         :               0 % (0 tasks)
2026/05/07 21:53:24 - simulation time     660 (s) : SimLog- Tasks sent from edge devices                                            :             100 % (3374 among 3374 generated tasks)
2026/05/07 21:53:24 - simulation time     660 (s) : -------------------------------------All values below are based on the sent tasks-------------------------------------
2026/05/07 21:53:24 - simulation time     660 (s) : SimLog- Tasks ETE delay                                                         :      11261.195 seconds
2026/05/07 21:53:24 - simulation time     660 (s) : SimLog- Average tasks ETE delay                                                 :         3.7764 seconds
2026/05/07 21:53:24 - simulation time     660 (s) : SimLog- Tasks execution delay                                                   :      1403.7353 seconds
2026/05/07 21:53:24 - simulation time     660 (s) : SimLog- Average tasks execution delay                                           :          0.425 seconds
2026/05/07 21:53:24 - simulation time     660 (s) : SimLog- Tasks waiting time (from task submiting to the execution start)         :        67.9925 seconds
2026/05/07 21:53:24 - simulation time     660 (s) : SimLog- Average tasks waiting time (from task submiting to the execution start) :         0.0206 seconds
2026/05/07 21:53:24 - simulation time     660 (s) : SimLog- Tasks successfully executed                                             :        88.3817 % (2982 among 3374 sent tasks)
2026/05/07 21:53:24 - simulation time     660 (s) : SimLog- Tasks failures
2026/05/07 21:53:24 - simulation time     660 (s) :                                        Not executed due to resources unavailable:              0 % (0 tasks)
2026/05/07 21:53:24 - simulation time     660 (s) :                               Successfully executed but failed due to high delay:        11.3811 % (384 tasks from 3374 successfully sent tasks)
2026/05/07 21:53:24 - simulation time     660 (s) :                  Tasks execution results not returned because the device is dead:              0 % (0 tasks)
2026/05/07 21:53:24 - simulation time     660 (s) :                      Tasks execution results not returned due to device mobility:         0.2371 % (8 tasks)
2026/05/07 21:53:24 - simulation time     660 (s) : SimLog- Tasks executed on each level                                : Cloud=           1864 tasks (where 1651 were successfully executed)
2026/05/07 21:53:24 - simulation time     660 (s) :                                                                        Edge=            875 tasks (where 784 were successfully executed)
2026/05/07 21:53:24 - simulation time     660 (s) :                                                                        Mist=            635 tasks (where 547 were successfully executed)
2026/05/07 21:53:24 - simulation time     660 (s) : SimLog- Network usage                                                           :           6718 seconds (The total traffic: 15699.5 (MBytes))
2026/05/07 21:53:24 - simulation time     660 (s) :                                                                         Wan=           1971 seconds (29.3391 % of total usage, WAN used when downloading containers=0 % of WAN usage)
2026/05/07 21:53:24 - simulation time     660 (s) :                                                                         Lan=           6718 seconds (100 % of total usage, LAN used when downloading containers=0 % of LAN usage)
2026/05/07 21:53:24 - simulation time     660 (s) :                                                    Average bandwidth per transfer=       757.6244 Mbps  
2026/05/07 21:53:24 - simulation time     660 (s) : SimLog- Average vm CPU utilization                                              :         0.0777 %
2026/05/07 21:53:24 - simulation time     660 (s) : SimLog- Average vm CPU utilization per level                             : Cloud=         0.0021 %
2026/05/07 21:53:24 - simulation time     660 (s) :                                                                             Edge=         0.0687 %
2026/05/07 21:53:24 - simulation time     660 (s) :                                                                             Mist=         0.0837 %
2026/05/07 21:53:24 - simulation time     660 (s) : SimLog- Energy consumption                                                      :115769048807964300000 W,   200.6359 dBW
2026/05/07 21:53:24 - simulation time     660 (s) :                                                                                 :(Average:378330224862628420 W/data center(or device), 175.7787 dBW/data center(or device))
2026/05/07 21:53:24 - simulation time     660 (s) :                                                                                 :(Average:34393656805693492 W/task, 165.3648 dBW/task)
2026/05/07 21:53:24 - simulation time     660 (s) : SimLog- Energy Consumption per level                                     : Cloud=42812921564613750000 W,   196.3157 dBW
2026/05/07 21:53:24 - simulation time     660 (s) :                                                                                 :(Average:2378495642478541300 W/data center, 183.763 dBW/data center)
2026/05/07 21:53:24 - simulation time     660 (s) :                                                                             Edge= 8105688311696118800 W,   189.0879 dBW
2026/05/07 21:53:24 - simulation time     660 (s) :                                                                                 :(Average:337737012987338300 W/data center, 175.2858 dBW/data center)
2026/05/07 21:53:24 - simulation time     660 (s) :                                                                             Mist=64850438931654430000 W,   198.1191 dBW
2026/05/07 21:53:24 - simulation time     660 (s) :                                                                                 :(Average:245645602013842528 W/edge device, 173.9031 dBW/edge device)
2026/05/07 21:53:24 - simulation time     660 (s) : SimLog- Dead edge devices due to battery drain                                  :              0 devices (Among 0 devices with batteries (NaN %))
2026/05/07 21:53:24 - simulation time     660 (s) : SimLog- Average remaining power (devices with batteries that are still alive)   :              0 Wh (Average: 0 %)
2026/05/07 21:53:24 - simulation time     660 (s) : SimulationManager- the Scenario Simulation overflow times :4

================== Simulation finished at time 691.50 ==================


SimLog- Iteration finished...

######################################################################################################################################################################
Starting CloudSim Plus 4.3.0

2026/05/07 21:53:24 - simulation time       0 (s) : ServersManager- Datacenters and devices were generated
2026/05/07 21:53:24 - simulation time       0 (s) : SimulationManager-  Orchestration algorithm= TRADE_OFF-  Architechitecture= ALL -  number of edge devices= 330
2026/05/07 21:53:24 - simulation time       0 (s) : SimulationManager- Simulation: 1  , iteration: 65
2026/05/07 21:53:37 - simulation time     650 (s) : 
2026/05/07 21:53:37 - simulation time     650 (s) : ------------------------------------------------------- OUTPUT -------------------------------------------------------
2026/05/07 21:53:37 - simulation time     650 (s) : 
2026/05/07 21:53:37 - simulation time     650 (s) : SimLog- Tasks not sent because device died (low energy)                         :               0 % (0 tasks)
2026/05/07 21:53:37 - simulation time     650 (s) : SimLog- Tasks sent from edge devices                                            :             100 % (4172 among 4172 generated tasks)
2026/05/07 21:53:37 - simulation time     650 (s) : -------------------------------------All values below are based on the sent tasks-------------------------------------
2026/05/07 21:53:37 - simulation time     650 (s) : SimLog- Tasks ETE delay                                                         :     13683.3542 seconds
2026/05/07 21:53:37 - simulation time     650 (s) : SimLog- Average tasks ETE delay                                                 :         3.7852 seconds
2026/05/07 21:53:37 - simulation time     650 (s) : SimLog- Tasks execution delay                                                   :      1827.4376 seconds
2026/05/07 21:53:37 - simulation time     650 (s) : SimLog- Average tasks execution delay                                           :         0.4499 seconds
2026/05/07 21:53:37 - simulation time     650 (s) : SimLog- Tasks waiting time (from task submiting to the execution start)         :        80.8515 seconds
2026/05/07 21:53:37 - simulation time     650 (s) : SimLog- Average tasks waiting time (from task submiting to the execution start) :         0.0199 seconds
2026/05/07 21:53:37 - simulation time     650 (s) : SimLog- Tasks successfully executed                                             :        86.6491 % (3615 among 4172 sent tasks)
2026/05/07 21:53:37 - simulation time     650 (s) : SimLog- Tasks failures
2026/05/07 21:53:37 - simulation time     650 (s) :                                        Not executed due to resources unavailable:              0 % (0 tasks)
2026/05/07 21:53:37 - simulation time     650 (s) :                               Successfully executed but failed due to high delay:        13.1831 % (550 tasks from 4172 successfully sent tasks)
2026/05/07 21:53:37 - simulation time     650 (s) :                  Tasks execution results not returned because the device is dead:              0 % (0 tasks)
2026/05/07 21:53:37 - simulation time     650 (s) :                      Tasks execution results not returned due to device mobility:         0.1678 % (7 tasks)
2026/05/07 21:53:37 - simulation time     650 (s) : SimLog- Tasks executed on each level                                : Cloud=           2126 tasks (where 1850 were successfully executed)
2026/05/07 21:53:37 - simulation time     650 (s) :                                                                        Edge=           1056 tasks (where 914 were successfully executed)
2026/05/07 21:53:37 - simulation time     650 (s) :                                                                        Mist=            990 tasks (where 851 were successfully executed)
2026/05/07 21:53:37 - simulation time     650 (s) : SimLog- Network usage                                                           :           8281 seconds (The total traffic: 17644.75 (MBytes))
2026/05/07 21:53:37 - simulation time     650 (s) :                                                                         Wan=           2249 seconds (27.1586 % of total usage, WAN used when downloading containers=0 % of WAN usage)
2026/05/07 21:53:37 - simulation time     650 (s) :                                                                         Lan=           8281 seconds (100 % of total usage, LAN used when downloading containers=0 % of LAN usage)
2026/05/07 21:53:37 - simulation time     650 (s) :                                                    Average bandwidth per transfer=        747.717 Mbps  
2026/05/07 21:53:37 - simulation time     650 (s) : SimLog- Average vm CPU utilization                                              :         0.0946 %
2026/05/07 21:53:37 - simulation time     650 (s) : SimLog- Average vm CPU utilization per level                             : Cloud=         0.0755 %
2026/05/07 21:53:37 - simulation time     650 (s) :                                                                             Edge=         0.0763 %
2026/05/07 21:53:37 - simulation time     650 (s) :                                                                             Mist=         0.0969 %
2026/05/07 21:53:37 - simulation time     650 (s) : SimLog- Energy consumption                                                      :121101697073751920000 W,   200.8315 dBW
2026/05/07 21:53:37 - simulation time     650 (s) :                                                                                 :(Average:325542196434816960 W/data center(or device), 175.1261 dBW/data center(or device))
2026/05/07 21:53:37 - simulation time     650 (s) :                                                                                 :(Average:29076037712785576 W/task, 164.6354 dBW/task)
2026/05/07 21:53:37 - simulation time     650 (s) : SimLog- Energy Consumption per level                                     : Cloud=44314999827896430000 W,   196.4655 dBW
2026/05/07 21:53:37 - simulation time     650 (s) :                                                                                 :(Average:2461944434883135000 W/data center, 183.9128 dBW/data center)
2026/05/07 21:53:37 - simulation time     650 (s) :                                                                             Edge= 7397309235040727000 W,   188.6907 dBW
2026/05/07 21:53:37 - simulation time     650 (s) :                                                                                 :(Average:308221218126696960 W/data center, 174.8886 dBW/data center)
2026/05/07 21:53:37 - simulation time     650 (s) :                                                                             Mist=69389388010814775000 W,   198.4129 dBW
2026/05/07 21:53:37 - simulation time     650 (s) :                                                                                 :(Average:210270872760044768 W/edge device, 173.2278 dBW/edge device)
2026/05/07 21:53:37 - simulation time     650 (s) : SimLog- Dead edge devices due to battery drain                                  :              0 devices (Among 0 devices with batteries (NaN %))
2026/05/07 21:53:37 - simulation time     650 (s) : SimLog- Average remaining power (devices with batteries that are still alive)   :              0 Wh (Average: 0 %)
2026/05/07 21:53:37 - simulation time     650 (s) : SimulationManager- the Scenario Simulation overflow times :4

================== Simulation finished at time 685.20 ==================


SimLog- Iteration finished...

######################################################################################################################################################################
Starting CloudSim Plus 4.3.0

2026/05/07 21:53:37 - simulation time       0 (s) : ServersManager- Datacenters and devices were generated
2026/05/07 21:53:37 - simulation time       0 (s) : SimulationManager-  Orchestration algorithm= TRADE_OFF-  Architechitecture= ALL -  number of edge devices= 396
2026/05/07 21:53:37 - simulation time       0 (s) : SimulationManager- Simulation: 1  , iteration: 66
2026/05/07 21:53:47 - simulation time     660 (s) : 
2026/05/07 21:53:47 - simulation time     660 (s) : ------------------------------------------------------- OUTPUT -------------------------------------------------------
2026/05/07 21:53:47 - simulation time     660 (s) : 
2026/05/07 21:53:47 - simulation time     660 (s) : SimLog- Tasks not sent because device died (low energy)                         :               0 % (0 tasks)
2026/05/07 21:53:47 - simulation time     660 (s) : SimLog- Tasks sent from edge devices                                            :             100 % (5036 among 5036 generated tasks)
2026/05/07 21:53:47 - simulation time     660 (s) : -------------------------------------All values below are based on the sent tasks-------------------------------------
2026/05/07 21:53:47 - simulation time     660 (s) : SimLog- Tasks ETE delay                                                         :     17736.5523 seconds
2026/05/07 21:53:47 - simulation time     660 (s) : SimLog- Average tasks ETE delay                                                 :         3.9795 seconds
2026/05/07 21:53:47 - simulation time     660 (s) : SimLog- Tasks execution delay                                                   :      2732.3449 seconds
2026/05/07 21:53:47 - simulation time     660 (s) : SimLog- Average tasks execution delay                                           :         0.5565 seconds
2026/05/07 21:53:47 - simulation time     660 (s) : SimLog- Tasks waiting time (from task submiting to the execution start)         :        94.6278 seconds
2026/05/07 21:53:47 - simulation time     660 (s) : SimLog- Average tasks waiting time (from task submiting to the execution start) :         0.0193 seconds
2026/05/07 21:53:47 - simulation time     660 (s) : SimLog- Tasks successfully executed                                             :        88.5028 % (4457 among 5036 sent tasks)
2026/05/07 21:53:47 - simulation time     660 (s) : SimLog- Tasks failures
2026/05/07 21:53:47 - simulation time     660 (s) :                                        Not executed due to resources unavailable:              0 % (0 tasks)
2026/05/07 21:53:47 - simulation time     660 (s) :                               Successfully executed but failed due to high delay:        11.2391 % (566 tasks from 5036 successfully sent tasks)
2026/05/07 21:53:47 - simulation time     660 (s) :                  Tasks execution results not returned because the device is dead:              0 % (0 tasks)
2026/05/07 21:53:47 - simulation time     660 (s) :                      Tasks execution results not returned due to device mobility:         0.2581 % (13 tasks)
2026/05/07 21:53:47 - simulation time     660 (s) : SimLog- Tasks executed on each level                                : Cloud=           2483 tasks (where 2202 were successfully executed)
2026/05/07 21:53:47 - simulation time     660 (s) :                                                                        Edge=           1164 tasks (where 1029 were successfully executed)
2026/05/07 21:53:47 - simulation time     660 (s) :                                                                        Mist=           1389 tasks (where 1226 were successfully executed)
2026/05/07 21:53:47 - simulation time     660 (s) : SimLog- Network usage                                                           :          10202 seconds (The total traffic: 28452.25 (MBytes))
2026/05/07 21:53:47 - simulation time     660 (s) :                                                                         Wan=           2831 seconds (27.7495 % of total usage, WAN used when downloading containers=0 % of WAN usage)
2026/05/07 21:53:47 - simulation time     660 (s) :                                                                         Lan=          10202 seconds (100 % of total usage, LAN used when downloading containers=0 % of LAN usage)
2026/05/07 21:53:47 - simulation time     660 (s) :                                                    Average bandwidth per transfer=       737.7439 Mbps  
2026/05/07 21:53:47 - simulation time     660 (s) : SimLog- Average vm CPU utilization                                              :         0.1477 %
2026/05/07 21:53:47 - simulation time     660 (s) : SimLog- Average vm CPU utilization per level                             : Cloud=         0.0429 %
2026/05/07 21:53:47 - simulation time     660 (s) :                                                                             Edge=         0.1116 %
2026/05/07 21:53:47 - simulation time     660 (s) :                                                                             Mist=         0.1547 %
2026/05/07 21:53:47 - simulation time     660 (s) : SimLog- Energy consumption                                                      :183207513972992100000 W,   202.6294 dBW
2026/05/07 21:53:47 - simulation time     660 (s) :                                                                                 :(Average:418281995372128130 W/data center(or device), 176.2147 dBW/data center(or device))
2026/05/07 21:53:47 - simulation time     660 (s) :                                                                                 :(Average:36473723665736040 W/task, 165.6198 dBW/task)
2026/05/07 21:53:47 - simulation time     660 (s) : SimLog- Energy Consumption per level                                     : Cloud=70400779195418650000 W,   198.4758 dBW
2026/05/07 21:53:47 - simulation time     660 (s) :                                                                                 :(Average:3911154399745480700 W/data center, 185.923 dBW/data center)
2026/05/07 21:53:47 - simulation time     660 (s) :                                                                             Edge=10444043925928739000 W,   190.1887 dBW
2026/05/07 21:53:47 - simulation time     660 (s) :                                                                                 :(Average:435168496913697470 W/data center, 176.3866 dBW/data center)
2026/05/07 21:53:47 - simulation time     660 (s) :                                                                             Mist=102362690851644750000 W,   200.1014 dBW
2026/05/07 21:53:47 - simulation time     660 (s) :                                                                                 :(Average:258491643564759488 W/edge device, 174.1245 dBW/edge device)
2026/05/07 21:53:47 - simulation time     660 (s) : SimLog- Dead edge devices due to battery drain                                  :              0 devices (Among 0 devices with batteries (NaN %))
2026/05/07 21:53:47 - simulation time     660 (s) : SimLog- Average remaining power (devices with batteries that are still alive)   :              0 Wh (Average: 0 %)
2026/05/07 21:53:47 - simulation time     660 (s) : SimulationManager- the Scenario Simulation overflow times :4

================== Simulation finished at time 691.50 ==================


SimLog- Iteration finished...

######################################################################################################################################################################
Starting CloudSim Plus 4.3.0

2026/05/07 21:53:47 - simulation time       0 (s) : ServersManager- Datacenters and devices were generated
2026/05/07 21:53:47 - simulation time       0 (s) : SimulationManager-  Orchestration algorithm= TRADE_OFF-  Architechitecture= ALL -  number of edge devices= 462
2026/05/07 21:53:47 - simulation time       0 (s) : SimulationManager- Simulation: 1  , iteration: 67
2026/05/07 21:54:01 - simulation time     660 (s) : 
2026/05/07 21:54:01 - simulation time     660 (s) : ------------------------------------------------------- OUTPUT -------------------------------------------------------
2026/05/07 21:54:01 - simulation time     660 (s) : 
2026/05/07 21:54:01 - simulation time     660 (s) : SimLog- Tasks not sent because device died (low energy)                         :               0 % (0 tasks)
2026/05/07 21:54:01 - simulation time     660 (s) : SimLog- Tasks sent from edge devices                                            :             100 % (5862 among 5862 generated tasks)
2026/05/07 21:54:01 - simulation time     660 (s) : -------------------------------------All values below are based on the sent tasks-------------------------------------
2026/05/07 21:54:01 - simulation time     660 (s) : SimLog- Tasks ETE delay                                                         :     19826.0576 seconds
2026/05/07 21:54:01 - simulation time     660 (s) : SimLog- Average tasks ETE delay                                                 :         3.8662 seconds
2026/05/07 21:54:01 - simulation time     660 (s) : SimLog- Tasks execution delay                                                   :      2630.2734 seconds
2026/05/07 21:54:01 - simulation time     660 (s) : SimLog- Average tasks execution delay                                           :         0.4603 seconds
2026/05/07 21:54:01 - simulation time     660 (s) : SimLog- Tasks waiting time (from task submiting to the execution start)         :       106.7261 seconds
2026/05/07 21:54:01 - simulation time     660 (s) : SimLog- Average tasks waiting time (from task submiting to the execution start) :         0.0187 seconds
2026/05/07 21:54:01 - simulation time     660 (s) : SimLog- Tasks successfully executed                                             :        87.5128 % (5130 among 5862 sent tasks)
2026/05/07 21:54:01 - simulation time     660 (s) : SimLog- Tasks failures
2026/05/07 21:54:01 - simulation time     660 (s) :                                        Not executed due to resources unavailable:              0 % (0 tasks)
2026/05/07 21:54:01 - simulation time     660 (s) :                               Successfully executed but failed due to high delay:        12.2313 % (717 tasks from 5862 successfully sent tasks)
2026/05/07 21:54:01 - simulation time     660 (s) :                  Tasks execution results not returned because the device is dead:              0 % (0 tasks)
2026/05/07 21:54:01 - simulation time     660 (s) :                      Tasks execution results not returned due to device mobility:         0.2559 % (15 tasks)
2026/05/07 21:54:01 - simulation time     660 (s) : SimLog- Tasks executed on each level                                : Cloud=           2626 tasks (where 2305 were successfully executed)
2026/05/07 21:54:01 - simulation time     660 (s) :                                                                        Edge=           1341 tasks (where 1180 were successfully executed)
2026/05/07 21:54:01 - simulation time     660 (s) :                                                                        Mist=           1895 tasks (where 1645 were successfully executed)
2026/05/07 21:54:01 - simulation time     660 (s) : SimLog- Network usage                                                           :          11775 seconds (The total traffic: 23939.5 (MBytes))
2026/05/07 21:54:01 - simulation time     660 (s) :                                                                         Wan=           2907 seconds (24.6879 % of total usage, WAN used when downloading containers=0 % of WAN usage)
2026/05/07 21:54:01 - simulation time     660 (s) :                                                                         Lan=          11775 seconds (100 % of total usage, LAN used when downloading containers=0 % of LAN usage)
2026/05/07 21:54:01 - simulation time     660 (s) :                                                    Average bandwidth per transfer=       754.6989 Mbps  
2026/05/07 21:54:01 - simulation time     660 (s) : SimLog- Average vm CPU utilization                                              :         0.1097 %
2026/05/07 21:54:01 - simulation time     660 (s) : SimLog- Average vm CPU utilization per level                             : Cloud=          0.019 %
2026/05/07 21:54:01 - simulation time     660 (s) :                                                                             Edge=         0.0848 %
2026/05/07 21:54:01 - simulation time     660 (s) :                                                                             Mist=         0.1146 %
2026/05/07 21:54:01 - simulation time     660 (s) : SimLog- Energy consumption                                                      :163498181886116230000 W,   202.1351 dBW
2026/05/07 21:54:01 - simulation time     660 (s) :                                                                                 :(Average:324401154535944900 W/data center(or device), 175.1108 dBW/data center(or device))
2026/05/07 21:54:01 - simulation time     660 (s) :                                                                                 :(Average:27953185482324540 W/task, 164.4643 dBW/task)
2026/05/07 21:54:01 - simulation time     660 (s) : SimLog- Energy Consumption per level                                     : Cloud=62879215722776986000 W,   197.9851 dBW
2026/05/07 21:54:01 - simulation time     660 (s) :                                                                                 :(Average:3493289762376499200 W/data center, 185.4323 dBW/data center)
2026/05/07 21:54:01 - simulation time     660 (s) :                                                                             Edge= 7924272601540445200 W,   188.9896 dBW
2026/05/07 21:54:01 - simulation time     660 (s) :                                                                                 :(Average:330178025064185220 W/data center, 175.1875 dBW/data center)
2026/05/07 21:54:01 - simulation time     660 (s) :                                                                             Mist=92694693561798790000 W,   199.6705 dBW
2026/05/07 21:54:01 - simulation time     660 (s) :                                                                                 :(Average:200637864852378336 W/edge device, 173.0241 dBW/edge device)
2026/05/07 21:54:01 - simulation time     660 (s) : SimLog- Dead edge devices due to battery drain                                  :              0 devices (Among 0 devices with batteries (NaN %))
2026/05/07 21:54:01 - simulation time     660 (s) : SimLog- Average remaining power (devices with batteries that are still alive)   :              0 Wh (Average: 0 %)
2026/05/07 21:54:01 - simulation time     660 (s) : SimulationManager- the Scenario Simulation overflow times :5

================== Simulation finished at time 691.50 ==================


SimLog- Iteration finished...

######################################################################################################################################################################
Starting CloudSim Plus 4.3.0

2026/05/07 21:54:02 - simulation time       0 (s) : ServersManager- Datacenters and devices were generated
2026/05/07 21:54:02 - simulation time       0 (s) : SimulationManager-  Orchestration algorithm= TRADE_OFF-  Architechitecture= ALL -  number of edge devices= 528
2026/05/07 21:54:02 - simulation time       0 (s) : SimulationManager- Simulation: 1  , iteration: 68
2026/05/07 21:54:18 - simulation time     660 (s) : 
2026/05/07 21:54:18 - simulation time     660 (s) : ------------------------------------------------------- OUTPUT -------------------------------------------------------
2026/05/07 21:54:18 - simulation time     660 (s) : 
2026/05/07 21:54:18 - simulation time     660 (s) : SimLog- Tasks not sent because device died (low energy)                         :               0 % (0 tasks)
2026/05/07 21:54:18 - simulation time     660 (s) : SimLog- Tasks sent from edge devices                                            :             100 % (6706 among 6706 generated tasks)
2026/05/07 21:54:18 - simulation time     660 (s) : -------------------------------------All values below are based on the sent tasks-------------------------------------
2026/05/07 21:54:18 - simulation time     660 (s) : SimLog- Tasks ETE delay                                                         :     22743.5185 seconds
2026/05/07 21:54:18 - simulation time     660 (s) : SimLog- Average tasks ETE delay                                                 :         3.9145 seconds
2026/05/07 21:54:18 - simulation time     660 (s) : SimLog- Tasks execution delay                                                   :      3489.5349 seconds
2026/05/07 21:54:18 - simulation time     660 (s) : SimLog- Average tasks execution delay                                           :         0.5351 seconds
2026/05/07 21:54:18 - simulation time     660 (s) : SimLog- Tasks waiting time (from task submiting to the execution start)         :       121.4223 seconds
2026/05/07 21:54:18 - simulation time     660 (s) : SimLog- Average tasks waiting time (from task submiting to the execution start) :         0.0186 seconds
2026/05/07 21:54:18 - simulation time     660 (s) : SimLog- Tasks successfully executed                                             :        86.6388 % (5810 among 6706 sent tasks)
2026/05/07 21:54:18 - simulation time     660 (s) : SimLog- Tasks failures
2026/05/07 21:54:18 - simulation time     660 (s) :                                        Not executed due to resources unavailable:              0 % (0 tasks)
2026/05/07 21:54:18 - simulation time     660 (s) :                               Successfully executed but failed due to high delay:        12.9585 % (869 tasks from 6706 successfully sent tasks)
2026/05/07 21:54:18 - simulation time     660 (s) :                  Tasks execution results not returned because the device is dead:              0 % (0 tasks)
2026/05/07 21:54:18 - simulation time     660 (s) :                      Tasks execution results not returned due to device mobility:         0.4026 % (27 tasks)
2026/05/07 21:54:18 - simulation time     660 (s) : SimLog- Tasks executed on each level                                : Cloud=           3034 tasks (where 2651 were successfully executed)
2026/05/07 21:54:18 - simulation time     660 (s) :                                                                        Edge=           1450 tasks (where 1254 were successfully executed)
2026/05/07 21:54:18 - simulation time     660 (s) :                                                                        Mist=           2222 tasks (where 1905 were successfully executed)
2026/05/07 21:54:18 - simulation time     660 (s) : SimLog- Network usage                                                           :          13516 seconds (The total traffic: 33488.95 (MBytes))
2026/05/07 21:54:18 - simulation time     660 (s) :                                                                         Wan=           3393 seconds (25.1036 % of total usage, WAN used when downloading containers=0 % of WAN usage)
2026/05/07 21:54:18 - simulation time     660 (s) :                                                                         Lan=          13516 seconds (100 % of total usage, LAN used when downloading containers=0 % of LAN usage)
2026/05/07 21:54:18 - simulation time     660 (s) :                                                    Average bandwidth per transfer=       745.8678 Mbps  
2026/05/07 21:54:18 - simulation time     660 (s) : SimLog- Average vm CPU utilization                                              :         0.1551 %
2026/05/07 21:54:18 - simulation time     660 (s) : SimLog- Average vm CPU utilization per level                             : Cloud=         0.0822 %
2026/05/07 21:54:18 - simulation time     660 (s) :                                                                             Edge=         0.1266 %
2026/05/07 21:54:18 - simulation time     660 (s) :                                                                             Mist=         0.1588 %
2026/05/07 21:54:18 - simulation time     660 (s) : SimLog- Energy consumption                                                      :193719928609532580000 W,   202.8717 dBW
2026/05/07 21:54:18 - simulation time     660 (s) :                                                                                 :(Average:339859523876372930 W/data center(or device), 175.313 dBW/data center(or device))
2026/05/07 21:54:18 - simulation time     660 (s) :                                                                                 :(Average:28982634441880996 W/task, 164.6214 dBW/task)
2026/05/07 21:54:18 - simulation time     660 (s) : SimLog- Energy Consumption per level                                     : Cloud=72421174992815720000 W,   198.5987 dBW
2026/05/07 21:54:18 - simulation time     660 (s) :                                                                                 :(Average:4023398610711984100 W/data center, 186.0459 dBW/data center)
2026/05/07 21:54:18 - simulation time     660 (s) :                                                                             Edge=10755463459456025000 W,   190.3163 dBW
2026/05/07 21:54:18 - simulation time     660 (s) :                                                                                 :(Average:448144310810667710 W/data center, 176.5142 dBW/data center)
2026/05/07 21:54:18 - simulation time     660 (s) :                                                                             Mist=110543290157260830000 W,   200.4353 dBW
2026/05/07 21:54:18 - simulation time     660 (s) :                                                                                 :(Average:209362291964509152 W/edge device, 173.209 dBW/edge device)
2026/05/07 21:54:18 - simulation time     660 (s) : SimLog- Dead edge devices due to battery drain                                  :              0 devices (Among 0 devices with batteries (NaN %))
2026/05/07 21:54:18 - simulation time     660 (s) : SimLog- Average remaining power (devices with batteries that are still alive)   :              0 Wh (Average: 0 %)
2026/05/07 21:54:18 - simulation time     660 (s) : SimulationManager- the Scenario Simulation overflow times :5

================== Simulation finished at time 691.50 ==================


SimLog- Iteration finished...

######################################################################################################################################################################
Starting CloudSim Plus 4.3.0

2026/05/07 21:54:18 - simulation time       0 (s) : ServersManager- Datacenters and devices were generated
2026/05/07 21:54:18 - simulation time       0 (s) : SimulationManager-  Orchestration algorithm= TRADE_OFF-  Architechitecture= ALL -  number of edge devices= 594
2026/05/07 21:54:18 - simulation time       0 (s) : SimulationManager- Simulation: 1  , iteration: 69
2026/05/07 21:54:43 - simulation time     660 (s) : 
2026/05/07 21:54:43 - simulation time     660 (s) : ------------------------------------------------------- OUTPUT -------------------------------------------------------
2026/05/07 21:54:43 - simulation time     660 (s) : 
2026/05/07 21:54:43 - simulation time     660 (s) : SimLog- Tasks not sent because device died (low energy)                         :               0 % (0 tasks)
2026/05/07 21:54:43 - simulation time     660 (s) : SimLog- Tasks sent from edge devices                                            :             100 % (7548 among 7548 generated tasks)
2026/05/07 21:54:43 - simulation time     660 (s) : -------------------------------------All values below are based on the sent tasks-------------------------------------
2026/05/07 21:54:43 - simulation time     660 (s) : SimLog- Tasks ETE delay                                                         :     26325.0847 seconds
2026/05/07 21:54:43 - simulation time     660 (s) : SimLog- Average tasks ETE delay                                                 :         4.0056 seconds
2026/05/07 21:54:43 - simulation time     660 (s) : SimLog- Tasks execution delay                                                   :      4105.2367 seconds
2026/05/07 21:54:43 - simulation time     660 (s) : SimLog- Average tasks execution delay                                           :         0.5594 seconds
2026/05/07 21:54:43 - simulation time     660 (s) : SimLog- Tasks waiting time (from task submiting to the execution start)         :         326.21 seconds
2026/05/07 21:54:43 - simulation time     660 (s) : SimLog- Average tasks waiting time (from task submiting to the execution start) :         0.0445 seconds
2026/05/07 21:54:43 - simulation time     660 (s) : SimLog- Tasks successfully executed                                             :        87.0694 % (6572 among 7548 sent tasks)
2026/05/07 21:54:43 - simulation time     660 (s) : SimLog- Tasks failures
2026/05/07 21:54:43 - simulation time     660 (s) :                                        Not executed due to resources unavailable:              0 % (0 tasks)
2026/05/07 21:54:43 - simulation time     660 (s) :                               Successfully executed but failed due to high delay:        12.6126 % (952 tasks from 7548 successfully sent tasks)
2026/05/07 21:54:43 - simulation time     660 (s) :                  Tasks execution results not returned because the device is dead:              0 % (0 tasks)
2026/05/07 21:54:43 - simulation time     660 (s) :                      Tasks execution results not returned due to device mobility:          0.318 % (24 tasks)
2026/05/07 21:54:43 - simulation time     660 (s) : SimLog- Tasks executed on each level                                : Cloud=           3184 tasks (where 2797 were successfully executed)
2026/05/07 21:54:43 - simulation time     660 (s) :                                                                        Edge=           1546 tasks (where 1325 were successfully executed)
2026/05/07 21:54:43 - simulation time     660 (s) :                                                                        Mist=           2818 tasks (where 2450 were successfully executed)
2026/05/07 21:54:43 - simulation time     660 (s) : SimLog- Network usage                                                           :          15250 seconds (The total traffic: 37069.25 (MBytes))
2026/05/07 21:54:43 - simulation time     660 (s) :                                                                         Wan=           3626 seconds (23.777 % of total usage, WAN used when downloading containers=0 % of WAN usage)
2026/05/07 21:54:43 - simulation time     660 (s) :                                                                         Lan=          15250 seconds (100 % of total usage, LAN used when downloading containers=0 % of LAN usage)
2026/05/07 21:54:43 - simulation time     660 (s) :                                                    Average bandwidth per transfer=       753.2208 Mbps  
2026/05/07 21:54:43 - simulation time     660 (s) : SimLog- Average vm CPU utilization                                              :         0.1886 %
2026/05/07 21:54:43 - simulation time     660 (s) : SimLog- Average vm CPU utilization per level                             : Cloud=         0.0919 %
2026/05/07 21:54:43 - simulation time     660 (s) :                                                                             Edge=         0.1445 %
2026/05/07 21:54:43 - simulation time     660 (s) :                                                                             Mist=         0.1933 %
2026/05/07 21:54:43 - simulation time     660 (s) : SimLog- Energy consumption                                                      :201026969822178180000 W,   203.0325 dBW
2026/05/07 21:54:43 - simulation time     660 (s) :                                                                                 :(Average:316080141229839940 W/data center(or device), 174.998 dBW/data center(or device))
2026/05/07 21:54:43 - simulation time     660 (s) :                                                                                 :(Average:26703901411022608 W/task, 164.2657 dBW/task)
2026/05/07 21:54:43 - simulation time     660 (s) : SimLog- Energy Consumption per level                                     : Cloud=74706072807786890000 W,   198.7336 dBW
2026/05/07 21:54:43 - simulation time     660 (s) :                                                                                 :(Average:4150337378210382800 W/data center, 186.1808 dBW/data center)
2026/05/07 21:54:43 - simulation time     660 (s) :                                                                             Edge=11470645444227238000 W,   190.5959 dBW
2026/05/07 21:54:43 - simulation time     660 (s) :                                                                                 :(Average:477943560176134910 W/data center, 176.7938 dBW/data center)
2026/05/07 21:54:43 - simulation time     660 (s) :                                                                             Mist=114850251570164070000 W,   200.6013 dBW
2026/05/07 21:54:43 - simulation time     660 (s) :                                                                                 :(Average:193350591868963072 W/edge device, 172.8635 dBW/edge device)
2026/05/07 21:54:43 - simulation time     660 (s) : SimLog- Dead edge devices due to battery drain                                  :              0 devices (Among 0 devices with batteries (NaN %))
2026/05/07 21:54:43 - simulation time     660 (s) : SimLog- Average remaining power (devices with batteries that are still alive)   :              0 Wh (Average: 0 %)
2026/05/07 21:54:43 - simulation time     660 (s) : SimulationManager- the Scenario Simulation overflow times :5

================== Simulation finished at time 691.50 ==================


SimLog- Iteration finished...

######################################################################################################################################################################
Starting CloudSim Plus 4.3.0

2026/05/07 21:54:43 - simulation time       0 (s) : ServersManager- Datacenters and devices were generated
2026/05/07 21:54:43 - simulation time       0 (s) : SimulationManager-  Orchestration algorithm= TRADE_OFF-  Architechitecture= ALL -  number of edge devices= 660
2026/05/07 21:54:43 - simulation time       0 (s) : SimulationManager- Simulation: 1  , iteration: 70
2026/05/07 21:55:15 - simulation time     660 (s) : 
2026/05/07 21:55:15 - simulation time     660 (s) : ------------------------------------------------------- OUTPUT -------------------------------------------------------
2026/05/07 21:55:15 - simulation time     660 (s) : 
2026/05/07 21:55:15 - simulation time     660 (s) : SimLog- Tasks not sent because device died (low energy)                         :               0 % (0 tasks)
2026/05/07 21:55:15 - simulation time     660 (s) : SimLog- Tasks sent from edge devices                                            :             100 % (8356 among 8356 generated tasks)
2026/05/07 21:55:15 - simulation time     660 (s) : -------------------------------------All values below are based on the sent tasks-------------------------------------
2026/05/07 21:55:15 - simulation time     660 (s) : SimLog- Tasks ETE delay                                                         :     29600.2185 seconds
2026/05/07 21:55:15 - simulation time     660 (s) : SimLog- Average tasks ETE delay                                                 :         4.1266 seconds
2026/05/07 21:55:15 - simulation time     660 (s) : SimLog- Tasks execution delay                                                   :      4482.7728 seconds
2026/05/07 21:55:15 - simulation time     660 (s) : SimLog- Average tasks execution delay                                           :          0.558 seconds
2026/05/07 21:55:15 - simulation time     660 (s) : SimLog- Tasks waiting time (from task submiting to the execution start)         :      1104.0676 seconds
2026/05/07 21:55:15 - simulation time     660 (s) : SimLog- Average tasks waiting time (from task submiting to the execution start) :         0.1374 seconds
2026/05/07 21:55:15 - simulation time     660 (s) : SimLog- Tasks successfully executed                                             :        85.8545 % (7174 among 8356 sent tasks)
2026/05/07 21:55:15 - simulation time     660 (s) : SimLog- Tasks failures
2026/05/07 21:55:15 - simulation time     660 (s) :                                        Not executed due to resources unavailable:              0 % (0 tasks)
2026/05/07 21:55:15 - simulation time     660 (s) :                               Successfully executed but failed due to high delay:        13.8703 % (1159 tasks from 8356 successfully sent tasks)
2026/05/07 21:55:15 - simulation time     660 (s) :                  Tasks execution results not returned because the device is dead:              0 % (0 tasks)
2026/05/07 21:55:15 - simulation time     660 (s) :                      Tasks execution results not returned due to device mobility:         0.2753 % (23 tasks)
2026/05/07 21:55:15 - simulation time     660 (s) : SimLog- Tasks executed on each level                                : Cloud=           3456 tasks (where 2946 were successfully executed)
2026/05/07 21:55:15 - simulation time     660 (s) :                                                                        Edge=           1642 tasks (where 1399 were successfully executed)
2026/05/07 21:55:15 - simulation time     660 (s) :                                                                        Mist=           3258 tasks (where 2829 were successfully executed)
2026/05/07 21:55:15 - simulation time     660 (s) : SimLog- Network usage                                                           :          16971 seconds (The total traffic: 39361.25 (MBytes))
2026/05/07 21:55:15 - simulation time     660 (s) :                                                                         Wan=           4141 seconds (24.4004 % of total usage, WAN used when downloading containers=0 % of WAN usage)
2026/05/07 21:55:15 - simulation time     660 (s) :                                                                         Lan=          16971 seconds (100 % of total usage, LAN used when downloading containers=0 % of LAN usage)
2026/05/07 21:55:15 - simulation time     660 (s) :                                                    Average bandwidth per transfer=       748.1346 Mbps  
2026/05/07 21:55:15 - simulation time     660 (s) : SimLog- Average vm CPU utilization                                              :         0.1899 %
2026/05/07 21:55:15 - simulation time     660 (s) : SimLog- Average vm CPU utilization per level                             : Cloud=         0.0571 %
2026/05/07 21:55:15 - simulation time     660 (s) :                                                                             Edge=         0.1281 %
2026/05/07 21:55:15 - simulation time     660 (s) :                                                                             Mist=         0.1958 %
2026/05/07 21:55:15 - simulation time     660 (s) : SimLog- Energy consumption                                                      :215872636474009680000 W,    203.342 dBW
2026/05/07 21:55:15 - simulation time     660 (s) :                                                                                 :(Average:307510878168104960 W/data center(or device), 174.8786 dBW/data center(or device))
2026/05/07 21:55:15 - simulation time     660 (s) :                                                                                 :(Average:25902644165347932 W/task, 164.1334 dBW/task)
2026/05/07 21:55:15 - simulation time     660 (s) : SimLog- Energy Consumption per level                                     : Cloud=78235205309018130000 W,    198.934 dBW
2026/05/07 21:55:15 - simulation time     660 (s) :                                                                                 :(Average:4346400294945451500 W/data center, 186.3813 dBW/data center)
2026/05/07 21:55:15 - simulation time     660 (s) :                                                                             Edge=12596223268416512000 W,   191.0024 dBW
2026/05/07 21:55:15 - simulation time     660 (s) :                                                                                 :(Average:524842636184021310 W/data center, 177.2003 dBW/data center)
2026/05/07 21:55:15 - simulation time     660 (s) :                                                                             Mist=125041207896575050000 W,   200.9705 dBW
2026/05/07 21:55:15 - simulation time     660 (s) :                                                                                 :(Average:189456375600871296 W/edge device, 172.7751 dBW/edge device)
2026/05/07 21:55:15 - simulation time     660 (s) : SimLog- Dead edge devices due to battery drain                                  :              0 devices (Among 0 devices with batteries (NaN %))
2026/05/07 21:55:15 - simulation time     660 (s) : SimLog- Average remaining power (devices with batteries that are still alive)   :              0 Wh (Average: 0 %)
2026/05/07 21:55:15 - simulation time     660 (s) : SimulationManager- the Scenario Simulation overflow times :6

================== Simulation finished at time 691.50 ==================


SimLog- Iteration finished...

######################################################################################################################################################################
Starting CloudSim Plus 4.3.0

2026/05/07 21:55:15 - simulation time       0 (s) : ServersManager- Datacenters and devices were generated
2026/05/07 21:55:15 - simulation time       0 (s) : SimulationManager-  Orchestration algorithm= TRADE_OFF-  Architechitecture= ALL -  number of edge devices= 726
2026/05/07 21:55:15 - simulation time       0 (s) : SimulationManager- Simulation: 1  , iteration: 71
2026/05/07 21:55:52 - simulation time     660 (s) : 
2026/05/07 21:55:52 - simulation time     660 (s) : ------------------------------------------------------- OUTPUT -------------------------------------------------------
2026/05/07 21:55:52 - simulation time     660 (s) : 
2026/05/07 21:55:52 - simulation time     660 (s) : SimLog- Tasks not sent because device died (low energy)                         :               0 % (0 tasks)
2026/05/07 21:55:52 - simulation time     660 (s) : SimLog- Tasks sent from edge devices                                            :             100 % (9216 among 9216 generated tasks)
2026/05/07 21:55:52 - simulation time     660 (s) : -------------------------------------All values below are based on the sent tasks-------------------------------------
2026/05/07 21:55:52 - simulation time     660 (s) : SimLog- Tasks ETE delay                                                         :     34538.8252 seconds
2026/05/07 21:55:52 - simulation time     660 (s) : SimLog- Average tasks ETE delay                                                 :         4.4601 seconds
2026/05/07 21:55:52 - simulation time     660 (s) : SimLog- Tasks execution delay                                                   :      5186.0252 seconds
2026/05/07 21:55:52 - simulation time     660 (s) : SimLog- Average tasks execution delay                                           :         0.5958 seconds
2026/05/07 21:55:52 - simulation time     660 (s) : SimLog- Tasks waiting time (from task submiting to the execution start)         :      3636.9927 seconds
2026/05/07 21:55:52 - simulation time     660 (s) : SimLog- Average tasks waiting time (from task submiting to the execution start) :         0.4179 seconds
2026/05/07 21:55:52 - simulation time     660 (s) : SimLog- Tasks successfully executed                                             :        84.0278 % (7744 among 9216 sent tasks)
2026/05/07 21:55:52 - simulation time     660 (s) : SimLog- Tasks failures
2026/05/07 21:55:52 - simulation time     660 (s) :                                        Not executed due to resources unavailable:              0 % (0 tasks)
2026/05/07 21:55:52 - simulation time     660 (s) :                               Successfully executed but failed due to high delay:        15.6359 % (1441 tasks from 9216 successfully sent tasks)
2026/05/07 21:55:52 - simulation time     660 (s) :                  Tasks execution results not returned because the device is dead:              0 % (0 tasks)
2026/05/07 21:55:52 - simulation time     660 (s) :                      Tasks execution results not returned due to device mobility:         0.3364 % (31 tasks)
2026/05/07 21:55:52 - simulation time     660 (s) : SimLog- Tasks executed on each level                                : Cloud=           3624 tasks (where 3084 were successfully executed)
2026/05/07 21:55:52 - simulation time     660 (s) :                                                                        Edge=           1740 tasks (where 1463 were successfully executed)
2026/05/07 21:55:52 - simulation time     660 (s) :                                                                        Mist=           3852 tasks (where 3197 were successfully executed)
2026/05/07 21:55:52 - simulation time     660 (s) : SimLog- Network usage                                                           :          18546 seconds (The total traffic: 45792.45 (MBytes))
2026/05/07 21:55:52 - simulation time     660 (s) :                                                                         Wan=           4306 seconds (23.2179 % of total usage, WAN used when downloading containers=0 % of WAN usage)
2026/05/07 21:55:52 - simulation time     660 (s) :                                                                         Lan=          18546 seconds (100 % of total usage, LAN used when downloading containers=0 % of LAN usage)
2026/05/07 21:55:52 - simulation time     660 (s) :                                                    Average bandwidth per transfer=       768.5937 Mbps  
2026/05/07 21:55:52 - simulation time     660 (s) : SimLog- Average vm CPU utilization                                              :         0.2192 %
2026/05/07 21:55:52 - simulation time     660 (s) : SimLog- Average vm CPU utilization per level                             : Cloud=         0.1024 %
2026/05/07 21:55:52 - simulation time     660 (s) :                                                                             Edge=         0.1738 %
2026/05/07 21:55:52 - simulation time     660 (s) :                                                                             Mist=         0.2236 %
2026/05/07 21:55:52 - simulation time     660 (s) : SimLog- Energy consumption                                                      :250646093772467080000 W,   203.9906 dBW
2026/05/07 21:55:52 - simulation time     660 (s) :                                                                                 :(Average:326362101266233150 W/data center(or device), 175.137 dBW/data center(or device))
2026/05/07 21:55:52 - simulation time     660 (s) :                                                                                 :(Average:27261920140577232 W/task, 164.3556 dBW/task)
2026/05/07 21:55:52 - simulation time     660 (s) : SimLog- Energy Consumption per level                                     : Cloud=94471961243105640000 W,    199.753 dBW
2026/05/07 21:55:52 - simulation time     660 (s) :                                                                                 :(Average:5248442291283646500 W/data center, 187.2003 dBW/data center)
2026/05/07 21:55:52 - simulation time     660 (s) :                                                                             Edge=12768342074706827000 W,   191.0613 dBW
2026/05/07 21:55:52 - simulation time     660 (s) :                                                                                 :(Average:532014253112784450 W/data center, 177.2592 dBW/data center)
2026/05/07 21:55:52 - simulation time     660 (s) :                                                                             Mist=143405790454654630000 W,   201.5657 dBW
2026/05/07 21:55:52 - simulation time     660 (s) :                                                                                 :(Average:197528636989882400 W/edge device, 172.9563 dBW/edge device)
2026/05/07 21:55:52 - simulation time     660 (s) : SimLog- Dead edge devices due to battery drain                                  :              0 devices (Among 0 devices with batteries (NaN %))
2026/05/07 21:55:52 - simulation time     660 (s) : SimLog- Average remaining power (devices with batteries that are still alive)   :              0 Wh (Average: 0 %)
2026/05/07 21:55:52 - simulation time     660 (s) : SimulationManager- the Scenario Simulation overflow times :6

================== Simulation finished at time 691.50 ==================


SimLog- Iteration finished...

######################################################################################################################################################################
Starting CloudSim Plus 4.3.0

2026/05/07 21:55:52 - simulation time       0 (s) : ServersManager- Datacenters and devices were generated
2026/05/07 21:55:52 - simulation time       0 (s) : SimulationManager-  Orchestration algorithm= TRADE_OFF-  Architechitecture= ALL -  number of edge devices= 792
2026/05/07 21:55:52 - simulation time       0 (s) : SimulationManager- Simulation: 1  , iteration: 72
2026/05/07 21:56:34 - simulation time     660 (s) : 
2026/05/07 21:56:34 - simulation time     660 (s) : ------------------------------------------------------- OUTPUT -------------------------------------------------------
2026/05/07 21:56:34 - simulation time     660 (s) : 
2026/05/07 21:56:34 - simulation time     660 (s) : SimLog- Tasks not sent because device died (low energy)                         :               0 % (0 tasks)
2026/05/07 21:56:34 - simulation time     660 (s) : SimLog- Tasks sent from edge devices                                            :             100 % (10028 among 10028 generated tasks)
2026/05/07 21:56:34 - simulation time     660 (s) : -------------------------------------All values below are based on the sent tasks-------------------------------------
2026/05/07 21:56:34 - simulation time     660 (s) : SimLog- Tasks ETE delay                                                         :     41673.0369 seconds
2026/05/07 21:56:34 - simulation time     660 (s) : SimLog- Average tasks ETE delay                                                 :         4.9405 seconds
2026/05/07 21:56:34 - simulation time     660 (s) : SimLog- Tasks execution delay                                                   :      5509.2075 seconds
2026/05/07 21:56:34 - simulation time     660 (s) : SimLog- Average tasks execution delay                                           :          0.589 seconds
2026/05/07 21:56:34 - simulation time     660 (s) : SimLog- Tasks waiting time (from task submiting to the execution start)         :      8028.8969 seconds
2026/05/07 21:56:34 - simulation time     660 (s) : SimLog- Average tasks waiting time (from task submiting to the execution start) :         0.8583 seconds
2026/05/07 21:56:34 - simulation time     660 (s) : SimLog- Tasks successfully executed                                             :        84.1145 % (8435 among 10028 sent tasks)
2026/05/07 21:56:34 - simulation time     660 (s) : SimLog- Tasks failures
2026/05/07 21:56:34 - simulation time     660 (s) :                                        Not executed due to resources unavailable:              0 % (0 tasks)
2026/05/07 21:56:34 - simulation time     660 (s) :                               Successfully executed but failed due to high delay:        15.5166 % (1556 tasks from 10028 successfully sent tasks)
2026/05/07 21:56:34 - simulation time     660 (s) :                  Tasks execution results not returned because the device is dead:              0 % (0 tasks)
2026/05/07 21:56:34 - simulation time     660 (s) :                      Tasks execution results not returned due to device mobility:          0.369 % (37 tasks)
2026/05/07 21:56:34 - simulation time     660 (s) : SimLog- Tasks executed on each level                                : Cloud=           3759 tasks (where 3165 were successfully executed)
2026/05/07 21:56:34 - simulation time     660 (s) :                                                                        Edge=           1834 tasks (where 1563 were successfully executed)
2026/05/07 21:56:34 - simulation time     660 (s) :                                                                        Mist=           4435 tasks (where 3707 were successfully executed)
2026/05/07 21:56:34 - simulation time     660 (s) : SimLog- Network usage                                                           :          19854 seconds (The total traffic: 46313.35 (MBytes))
2026/05/07 21:56:34 - simulation time     660 (s) :                                                                         Wan=           4318 seconds (21.7488 % of total usage, WAN used when downloading containers=0 % of WAN usage)
2026/05/07 21:56:34 - simulation time     660 (s) :                                                                         Lan=          19854 seconds (100 % of total usage, LAN used when downloading containers=0 % of LAN usage)
2026/05/07 21:56:34 - simulation time     660 (s) :                                                    Average bandwidth per transfer=       773.3151 Mbps  
2026/05/07 21:56:34 - simulation time     660 (s) : SimLog- Average vm CPU utilization                                              :         0.2321 %
2026/05/07 21:56:34 - simulation time     660 (s) : SimLog- Average vm CPU utilization per level                             : Cloud=          0.084 %
2026/05/07 21:56:34 - simulation time     660 (s) :                                                                             Edge=         0.1509 %
2026/05/07 21:56:34 - simulation time     660 (s) :                                                                             Mist=         0.2379 %
2026/05/07 21:56:34 - simulation time     660 (s) : SimLog- Energy consumption                                                      :237981393155906100000 W,   203.7654 dBW
2026/05/07 21:56:34 - simulation time     660 (s) :                                                                                 :(Average:285349392273268704 W/data center(or device), 174.5538 dBW/data center(or device))
2026/05/07 21:56:34 - simulation time     660 (s) :                                                                                 :(Average:23786246192494364 W/task, 163.7633 dBW/task)
2026/05/07 21:56:34 - simulation time     660 (s) : SimLog- Energy Consumption per level                                     : Cloud=85142040686887270000 W,   199.3014 dBW
2026/05/07 21:56:34 - simulation time     660 (s) :                                                                                 :(Average:4730113371493737500 W/data center, 186.7487 dBW/data center)
2026/05/07 21:56:34 - simulation time     660 (s) :                                                                             Edge=13704726876149205000 W,   191.3687 dBW
2026/05/07 21:56:34 - simulation time     660 (s) :                                                                                 :(Average:571030286506216900 W/data center, 177.5666 dBW/data center)
2026/05/07 21:56:34 - simulation time     660 (s) :                                                                             Mist=139134625592869630000 W,   201.4344 dBW
2026/05/07 21:56:34 - simulation time     660 (s) :                                                                                 :(Average:175675032314229344 W/edge device, 172.4471 dBW/edge device)
2026/05/07 21:56:34 - simulation time     660 (s) : SimLog- Dead edge devices due to battery drain                                  :              0 devices (Among 0 devices with batteries (NaN %))
2026/05/07 21:56:34 - simulation time     660 (s) : SimLog- Average remaining power (devices with batteries that are still alive)   :              0 Wh (Average: 0 %)
2026/05/07 21:56:34 - simulation time     660 (s) : SimulationManager- the Scenario Simulation overflow times :6

================== Simulation finished at time 691.50 ==================


SimLog- Iteration finished...

######################################################################################################################################################################
Starting CloudSim Plus 4.3.0

2026/05/07 21:56:34 - simulation time       0 (s) : ServersManager- Datacenters and devices were generated
2026/05/07 21:56:34 - simulation time       0 (s) : SimulationManager-  Orchestration algorithm= TRADE_OFF-  Architechitecture= ALL -  number of edge devices= 858
2026/05/07 21:56:34 - simulation time       0 (s) : SimulationManager- Simulation: 1  , iteration: 73
2026/05/07 21:57:01 - simulation time     660 (s) : 
2026/05/07 21:57:01 - simulation time     660 (s) : ------------------------------------------------------- OUTPUT -------------------------------------------------------
2026/05/07 21:57:01 - simulation time     660 (s) : 
2026/05/07 21:57:01 - simulation time     660 (s) : SimLog- Tasks not sent because device died (low energy)                         :               0 % (0 tasks)
2026/05/07 21:57:01 - simulation time     660 (s) : SimLog- Tasks sent from edge devices                                            :             100 % (10888 among 10888 generated tasks)
2026/05/07 21:57:01 - simulation time     660 (s) : -------------------------------------All values below are based on the sent tasks-------------------------------------
2026/05/07 21:57:01 - simulation time     660 (s) : SimLog- Tasks ETE delay                                                         :     51060.6476 seconds
2026/05/07 21:57:01 - simulation time     660 (s) : SimLog- Average tasks ETE delay                                                 :         5.5052 seconds
2026/05/07 21:57:01 - simulation time     660 (s) : SimLog- Tasks execution delay                                                   :      6347.9654 seconds
2026/05/07 21:57:01 - simulation time     660 (s) : SimLog- Average tasks execution delay                                           :          0.623 seconds
2026/05/07 21:57:01 - simulation time     660 (s) : SimLog- Tasks waiting time (from task submiting to the execution start)         :     13012.0871 seconds
2026/05/07 21:57:01 - simulation time     660 (s) : SimLog- Average tasks waiting time (from task submiting to the execution start) :         1.2769 seconds
2026/05/07 21:57:01 - simulation time     660 (s) : SimLog- Tasks successfully executed                                             :        85.1947 % (9276 among 10888 sent tasks)
2026/05/07 21:57:01 - simulation time     660 (s) : SimLog- Tasks failures
2026/05/07 21:57:01 - simulation time     660 (s) :                                        Not executed due to resources unavailable:              0 % (0 tasks)
2026/05/07 21:57:01 - simulation time     660 (s) :                               Successfully executed but failed due to high delay:        14.2359 % (1550 tasks from 10888 successfully sent tasks)
2026/05/07 21:57:01 - simulation time     660 (s) :                  Tasks execution results not returned because the device is dead:              0 % (0 tasks)
2026/05/07 21:57:01 - simulation time     660 (s) :                      Tasks execution results not returned due to device mobility:         0.5694 % (62 tasks)
2026/05/07 21:57:01 - simulation time     660 (s) : SimLog- Tasks executed on each level                                : Cloud=           4032 tasks (where 3447 were successfully executed)
2026/05/07 21:57:01 - simulation time     660 (s) :                                                                        Edge=           1873 tasks (where 1601 were successfully executed)
2026/05/07 21:57:01 - simulation time     660 (s) :                                                                        Mist=           4983 tasks (where 4228 were successfully executed)
2026/05/07 21:57:01 - simulation time     660 (s) : SimLog- Network usage                                                           :          21938 seconds (The total traffic: 54830.4 (MBytes))
2026/05/07 21:57:01 - simulation time     660 (s) :                                                                         Wan=           4963 seconds (22.6228 % of total usage, WAN used when downloading containers=0 % of WAN usage)
2026/05/07 21:57:01 - simulation time     660 (s) :                                                                         Lan=          21938 seconds (100 % of total usage, LAN used when downloading containers=0 % of LAN usage)
2026/05/07 21:57:01 - simulation time     660 (s) :                                                    Average bandwidth per transfer=       767.0532 Mbps  
2026/05/07 21:57:01 - simulation time     660 (s) : SimLog- Average vm CPU utilization                                              :         0.2895 %
2026/05/07 21:57:01 - simulation time     660 (s) : SimLog- Average vm CPU utilization per level                             : Cloud=         0.2573 %
2026/05/07 21:57:01 - simulation time     660 (s) :                                                                             Edge=         0.2619 %
2026/05/07 21:57:01 - simulation time     660 (s) :                                                                             Mist=         0.2909 %
2026/05/07 21:57:01 - simulation time     660 (s) : SimLog- Energy consumption                                                      :279168659280296200000 W,   204.4587 dBW
2026/05/07 21:57:01 - simulation time     660 (s) :                                                                                 :(Average:310187399200329150 W/data center(or device), 174.9162 dBW/data center(or device))
2026/05/07 21:57:01 - simulation time     660 (s) :                                                                                 :(Average:25701404831550012 W/task, 164.0996 dBW/task)
2026/05/07 21:57:01 - simulation time     660 (s) : SimLog- Energy Consumption per level                                     : Cloud=99976855549799530000 W,    199.999 dBW
2026/05/07 21:57:01 - simulation time     660 (s) :                                                                                 :(Average:5554269752766640100 W/data center, 187.4463 dBW/data center)
2026/05/07 21:57:01 - simulation time     660 (s) :                                                                             Edge=17129507305770486000 W,   192.3374 dBW
2026/05/07 21:57:01 - simulation time     660 (s) :                                                                                 :(Average:713729471073770240 W/data center, 178.5353 dBW/data center)
2026/05/07 21:57:01 - simulation time     660 (s) :                                                                             Mist=162062296424726200000 W,   202.0968 dBW
2026/05/07 21:57:01 - simulation time     660 (s) :                                                                                 :(Average:188883795366813760 W/edge device, 172.7619 dBW/edge device)
2026/05/07 21:57:01 - simulation time     660 (s) : SimLog- Dead edge devices due to battery drain                                  :              0 devices (Among 0 devices with batteries (NaN %))
2026/05/07 21:57:01 - simulation time     660 (s) : SimLog- Average remaining power (devices with batteries that are still alive)   :              0 Wh (Average: 0 %)
2026/05/07 21:57:01 - simulation time     660 (s) : SimulationManager- the Scenario Simulation overflow times :7

================== Simulation finished at time 691.50 ==================


SimLog- Iteration finished...

######################################################################################################################################################################
Starting CloudSim Plus 4.3.0

2026/05/07 21:57:01 - simulation time       0 (s) : ServersManager- Datacenters and devices were generated
2026/05/07 21:57:01 - simulation time       0 (s) : SimulationManager-  Orchestration algorithm= TRADE_OFF-  Architechitecture= ALL -  number of edge devices= 924
2026/05/07 21:57:01 - simulation time       0 (s) : SimulationManager- Simulation: 1  , iteration: 74
2026/05/07 21:57:30 - simulation time     660 (s) : 
2026/05/07 21:57:30 - simulation time     660 (s) : ------------------------------------------------------- OUTPUT -------------------------------------------------------
2026/05/07 21:57:30 - simulation time     660 (s) : 
2026/05/07 21:57:30 - simulation time     660 (s) : SimLog- Tasks not sent because device died (low energy)                         :               0 % (0 tasks)
2026/05/07 21:57:30 - simulation time     660 (s) : SimLog- Tasks sent from edge devices                                            :             100 % (11734 among 11734 generated tasks)
2026/05/07 21:57:30 - simulation time     660 (s) : -------------------------------------All values below are based on the sent tasks-------------------------------------
2026/05/07 21:57:30 - simulation time     660 (s) : SimLog- Tasks ETE delay                                                         :     58706.1887 seconds
2026/05/07 21:57:30 - simulation time     660 (s) : SimLog- Average tasks ETE delay                                                 :         5.9825 seconds
2026/05/07 21:57:30 - simulation time     660 (s) : SimLog- Tasks execution delay                                                   :      6921.8549 seconds
2026/05/07 21:57:30 - simulation time     660 (s) : SimLog- Average tasks execution delay                                           :         0.6348 seconds
2026/05/07 21:57:30 - simulation time     660 (s) : SimLog- Tasks waiting time (from task submiting to the execution start)         :     18551.0567 seconds
2026/05/07 21:57:30 - simulation time     660 (s) : SimLog- Average tasks waiting time (from task submiting to the execution start) :         1.7013 seconds
2026/05/07 21:57:30 - simulation time     660 (s) : SimLog- Tasks successfully executed                                             :        83.6288 % (9813 among 11734 sent tasks)
2026/05/07 21:57:30 - simulation time     660 (s) : SimLog- Tasks failures
2026/05/07 21:57:30 - simulation time     660 (s) :                                        Not executed due to resources unavailable:              0 % (0 tasks)
2026/05/07 21:57:30 - simulation time     660 (s) :                               Successfully executed but failed due to high delay:        15.8002 % (1854 tasks from 11734 successfully sent tasks)
2026/05/07 21:57:30 - simulation time     660 (s) :                  Tasks execution results not returned because the device is dead:              0 % (0 tasks)
2026/05/07 21:57:30 - simulation time     660 (s) :                      Tasks execution results not returned due to device mobility:          0.571 % (67 tasks)
2026/05/07 21:57:30 - simulation time     660 (s) : SimLog- Tasks executed on each level                                : Cloud=           4248 tasks (where 3546 were successfully executed)
2026/05/07 21:57:30 - simulation time     660 (s) :                                                                        Edge=           2030 tasks (where 1727 were successfully executed)
2026/05/07 21:57:30 - simulation time     660 (s) :                                                                        Mist=           5456 tasks (where 4540 were successfully executed)
2026/05/07 21:57:30 - simulation time     660 (s) : SimLog- Network usage                                                           :          23609 seconds (The total traffic: 60825.2 (MBytes))
2026/05/07 21:57:30 - simulation time     660 (s) :                                                                         Wan=           5283 seconds (22.3771 % of total usage, WAN used when downloading containers=0 % of WAN usage)
2026/05/07 21:57:30 - simulation time     660 (s) :                                                                         Lan=          23609 seconds (100 % of total usage, LAN used when downloading containers=0 % of LAN usage)
2026/05/07 21:57:30 - simulation time     660 (s) :                                                    Average bandwidth per transfer=       770.2508 Mbps  
2026/05/07 21:57:30 - simulation time     660 (s) : SimLog- Average vm CPU utilization                                              :         0.2705 %
2026/05/07 21:57:30 - simulation time     660 (s) : SimLog- Average vm CPU utilization per level                             : Cloud=          0.107 %
2026/05/07 21:57:30 - simulation time     660 (s) :                                                                             Edge=          0.215 %
2026/05/07 21:57:30 - simulation time     660 (s) :                                                                             Mist=         0.2751 %
2026/05/07 21:57:30 - simulation time     660 (s) : SimLog- Energy consumption                                                      :290846526335418140000 W,   204.6366 dBW
2026/05/07 21:57:30 - simulation time     660 (s) :                                                                                 :(Average:301083360595670980 W/data center(or device), 174.7869 dBW/data center(or device))
2026/05/07 21:57:30 - simulation time     660 (s) :                                                                                 :(Average:24856552972858572 W/task, 163.9544 dBW/task)
2026/05/07 21:57:30 - simulation time     660 (s) : SimLog- Energy Consumption per level                                     : Cloud=106193613650968070000 W,    200.261 dBW
2026/05/07 21:57:30 - simulation time     660 (s) :                                                                                 :(Average:5899645202831559700 W/data center, 187.7083 dBW/data center)
2026/05/07 21:57:30 - simulation time     660 (s) :                                                                             Edge=16293006696108570000 W,     192.12 dBW
2026/05/07 21:57:30 - simulation time     660 (s) :                                                                                 :(Average:678875279004523780 W/data center, 178.3179 dBW/data center)
2026/05/07 21:57:30 - simulation time     660 (s) :                                                                             Mist=168359905988341500000 W,   202.2624 dBW
2026/05/07 21:57:30 - simulation time     660 (s) :                                                                                 :(Average:182207690463573056 W/edge device, 172.6057 dBW/edge device)
2026/05/07 21:57:30 - simulation time     660 (s) : SimLog- Dead edge devices due to battery drain                                  :              0 devices (Among 0 devices with batteries (NaN %))
2026/05/07 21:57:30 - simulation time     660 (s) : SimLog- Average remaining power (devices with batteries that are still alive)   :              0 Wh (Average: 0 %)
2026/05/07 21:57:30 - simulation time     660 (s) : SimulationManager- the Scenario Simulation overflow times :7

================== Simulation finished at time 691.50 ==================


SimLog- Iteration finished...

######################################################################################################################################################################
Starting CloudSim Plus 4.3.0

2026/05/07 21:57:30 - simulation time       0 (s) : ServersManager- Datacenters and devices were generated
2026/05/07 21:57:30 - simulation time       0 (s) : SimulationManager-  Orchestration algorithm= TRADE_OFF-  Architechitecture= ALL -  number of edge devices= 990
2026/05/07 21:57:30 - simulation time       0 (s) : SimulationManager- Simulation: 1  , iteration: 75
2026/05/07 22:00:09 - simulation time     660 (s) : 
2026/05/07 22:00:09 - simulation time     660 (s) : ------------------------------------------------------- OUTPUT -------------------------------------------------------
2026/05/07 22:00:09 - simulation time     660 (s) : 
2026/05/07 22:00:09 - simulation time     660 (s) : SimLog- Tasks not sent because device died (low energy)                         :               0 % (0 tasks)
2026/05/07 22:00:09 - simulation time     660 (s) : SimLog- Tasks sent from edge devices                                            :             100 % (12524 among 12524 generated tasks)
2026/05/07 22:00:09 - simulation time     660 (s) : -------------------------------------All values below are based on the sent tasks-------------------------------------
2026/05/07 22:00:09 - simulation time     660 (s) : SimLog- Tasks ETE delay                                                         :     67023.9201 seconds
2026/05/07 22:00:09 - simulation time     660 (s) : SimLog- Average tasks ETE delay                                                 :         6.4193 seconds
2026/05/07 22:00:09 - simulation time     660 (s) : SimLog- Tasks execution delay                                                   :      7468.2688 seconds
2026/05/07 22:00:09 - simulation time     660 (s) : SimLog- Average tasks execution delay                                           :         0.6452 seconds
2026/05/07 22:00:09 - simulation time     660 (s) : SimLog- Tasks waiting time (from task submiting to the execution start)         :     23877.0745 seconds
2026/05/07 22:00:09 - simulation time     660 (s) : SimLog- Average tasks waiting time (from task submiting to the execution start) :         2.0626 seconds
2026/05/07 22:00:09 - simulation time     660 (s) : SimLog- Tasks successfully executed                                             :        83.3679 % (10441 among 12524 sent tasks)
2026/05/07 22:00:09 - simulation time     660 (s) : SimLog- Tasks failures
2026/05/07 22:00:09 - simulation time     660 (s) :                                        Not executed due to resources unavailable:              0 % (0 tasks)
2026/05/07 22:00:09 - simulation time     660 (s) :                               Successfully executed but failed due to high delay:        15.9055 % (1992 tasks from 12524 successfully sent tasks)
2026/05/07 22:00:09 - simulation time     660 (s) :                  Tasks execution results not returned because the device is dead:              0 % (0 tasks)
2026/05/07 22:00:09 - simulation time     660 (s) :                      Tasks execution results not returned due to device mobility:         0.7266 % (91 tasks)
2026/05/07 22:00:09 - simulation time     660 (s) : SimLog- Tasks executed on each level                                : Cloud=           4320 tasks (where 3578 were successfully executed)
2026/05/07 22:00:09 - simulation time     660 (s) :                                                                        Edge=           2116 tasks (where 1768 were successfully executed)
2026/05/07 22:00:09 - simulation time     660 (s) :                                                                        Mist=           6088 tasks (where 5095 were successfully executed)
2026/05/07 22:00:09 - simulation time     660 (s) : SimLog- Network usage                                                           :          25529 seconds (The total traffic: 64365.6 (MBytes))
2026/05/07 22:00:09 - simulation time     660 (s) :                                                                         Wan=           5814 seconds (22.7741 % of total usage, WAN used when downloading containers=0 % of WAN usage)
2026/05/07 22:00:09 - simulation time     660 (s) :                                                                         Lan=          25529 seconds (100 % of total usage, LAN used when downloading containers=0 % of LAN usage)
2026/05/07 22:00:09 - simulation time     660 (s) :                                                    Average bandwidth per transfer=       777.6503 Mbps  
2026/05/07 22:00:09 - simulation time     660 (s) : SimLog- Average vm CPU utilization                                              :         0.2452 %
2026/05/07 22:00:09 - simulation time     660 (s) : SimLog- Average vm CPU utilization per level                             : Cloud=         0.1236 %
2026/05/07 22:00:09 - simulation time     660 (s) :                                                                             Edge=         0.1891 %
2026/05/07 22:00:09 - simulation time     660 (s) :                                                                             Mist=         0.2487 %
2026/05/07 22:00:09 - simulation time     660 (s) : SimLog- Energy consumption                                                      :306350876222289300000 W,   204.8622 dBW
2026/05/07 22:00:09 - simulation time     660 (s) :                                                                                 :(Average:296851624246404350 W/data center(or device), 174.7254 dBW/data center(or device))
2026/05/07 22:00:09 - simulation time     660 (s) :                                                                                 :(Average:24517877248682616 W/task, 163.8948 dBW/task)
2026/05/07 22:00:09 - simulation time     660 (s) : SimLog- Energy Consumption per level                                     : Cloud=109607931120568660000 W,   200.3984 dBW
2026/05/07 22:00:09 - simulation time     660 (s) :                                                                                 :(Average:6089329506698259500 W/data center, 187.8457 dBW/data center)
2026/05/07 22:00:09 - simulation time     660 (s) :                                                                             Edge=17675944656609034000 W,   192.4738 dBW
2026/05/07 22:00:09 - simulation time     660 (s) :                                                                                 :(Average:736497694025376380 W/data center, 178.6717 dBW/data center)
2026/05/07 22:00:09 - simulation time     660 (s) :                                                                             Mist=179067000445111600000 W,   202.5302 dBW
2026/05/07 22:00:09 - simulation time     660 (s) :                                                                                 :(Average:180875758025365248 W/edge device, 172.5738 dBW/edge device)
2026/05/07 22:00:09 - simulation time     660 (s) : SimLog- Dead edge devices due to battery drain                                  :              0 devices (Among 0 devices with batteries (NaN %))
2026/05/07 22:00:09 - simulation time     660 (s) : SimLog- Average remaining power (devices with batteries that are still alive)   :              0 Wh (Average: 0 %)
2026/05/07 22:00:09 - simulation time     660 (s) : SimulationManager- the Scenario Simulation overflow times :7

================== Simulation finished at time 691.50 ==================


SimLog- Iteration finished...

######################################################################################################################################################################
Starting CloudSim Plus 4.3.0

2026/05/07 22:00:09 - simulation time       0 (s) : ServersManager- Datacenters and devices were generated
2026/05/07 22:00:09 - simulation time       0 (s) : SimulationManager-  Orchestration algorithm= TRADI_POLLING-  Architechitecture= ALL -  number of edge devices= 66
2026/05/07 22:00:09 - simulation time       0 (s) : SimulationManager- Simulation: 1  , iteration: 76
2026/05/07 22:00:14 - simulation time     640 (s) : 
2026/05/07 22:00:14 - simulation time     640 (s) : ------------------------------------------------------- OUTPUT -------------------------------------------------------
2026/05/07 22:00:14 - simulation time     640 (s) : 
2026/05/07 22:00:14 - simulation time     640 (s) : SimLog- Tasks not sent because device died (low energy)                         :               0 % (0 tasks)
2026/05/07 22:00:14 - simulation time     640 (s) : SimLog- Tasks sent from edge devices                                            :             100 % (850 among 850 generated tasks)
2026/05/07 22:00:14 - simulation time     640 (s) : -------------------------------------All values below are based on the sent tasks-------------------------------------
2026/05/07 22:00:14 - simulation time     640 (s) : SimLog- Tasks ETE delay                                                         :      2572.4192 seconds
2026/05/07 22:00:14 - simulation time     640 (s) : SimLog- Average tasks ETE delay                                                 :         3.4857 seconds
2026/05/07 22:00:14 - simulation time     640 (s) : SimLog- Tasks execution delay                                                   :       406.9309 seconds
2026/05/07 22:00:14 - simulation time     640 (s) : SimLog- Average tasks execution delay                                           :          0.485 seconds
2026/05/07 22:00:14 - simulation time     640 (s) : SimLog- Tasks waiting time (from task submiting to the execution start)         :        17.4208 seconds
2026/05/07 22:00:14 - simulation time     640 (s) : SimLog- Average tasks waiting time (from task submiting to the execution start) :         0.0208 seconds
2026/05/07 22:00:14 - simulation time     640 (s) : SimLog- Tasks successfully executed                                             :        86.8235 % (738 among 850 sent tasks)
2026/05/07 22:00:14 - simulation time     640 (s) : SimLog- Tasks failures
2026/05/07 22:00:14 - simulation time     640 (s) :                                        Not executed due to resources unavailable:              0 % (0 tasks)
2026/05/07 22:00:14 - simulation time     640 (s) :                               Successfully executed but failed due to high delay:        12.9412 % (110 tasks from 850 successfully sent tasks)
2026/05/07 22:00:14 - simulation time     640 (s) :                  Tasks execution results not returned because the device is dead:              0 % (0 tasks)
2026/05/07 22:00:14 - simulation time     640 (s) :                      Tasks execution results not returned due to device mobility:         0.2353 % (2 tasks)
2026/05/07 22:00:14 - simulation time     640 (s) : SimLog- Tasks executed on each level                                : Cloud=            380 tasks (where 323 were successfully executed)
2026/05/07 22:00:14 - simulation time     640 (s) :                                                                        Edge=            232 tasks (where 201 were successfully executed)
2026/05/07 22:00:14 - simulation time     640 (s) :                                                                        Mist=            238 tasks (where 214 were successfully executed)
2026/05/07 22:00:14 - simulation time     640 (s) : SimLog- Network usage                                                           :           1595 seconds (The total traffic: 3210.95 (MBytes))
2026/05/07 22:00:14 - simulation time     640 (s) :                                                                         Wan=            380 seconds (23.8245 % of total usage, WAN used when downloading containers=0 % of WAN usage)
2026/05/07 22:00:14 - simulation time     640 (s) :                                                                         Lan=           1595 seconds (100 % of total usage, LAN used when downloading containers=0 % of LAN usage)
2026/05/07 22:00:14 - simulation time     640 (s) :                                                    Average bandwidth per transfer=       921.0474 Mbps  
2026/05/07 22:00:14 - simulation time     640 (s) : SimLog- Average vm CPU utilization                                              :         0.0801 %
2026/05/07 22:00:14 - simulation time     640 (s) : SimLog- Average vm CPU utilization per level                             : Cloud=         0.0309 %
2026/05/07 22:00:14 - simulation time     640 (s) :                                                                             Edge=         0.0183 %
2026/05/07 22:00:14 - simulation time     640 (s) :                                                                             Mist=          0.116 %
2026/05/07 22:00:14 - simulation time     640 (s) : SimLog- Energy consumption                                                      :15179094740534320000 W,   191.8125 dBW
2026/05/07 22:00:14 - simulation time     640 (s) :                                                                                 :(Average:140547173523465920 W/data center(or device), 171.4782 dBW/data center(or device))
2026/05/07 22:00:14 - simulation time     640 (s) :                                                                                 :(Average:17878792391677644 W/task, 162.5234 dBW/task)
2026/05/07 22:00:14 - simulation time     640 (s) : SimLog- Energy Consumption per level                                     : Cloud= 4770795819027274800 W,   186.7859 dBW
2026/05/07 22:00:14 - simulation time     640 (s) :                                                                                 :(Average:265044212168181920 W/data center, 174.2332 dBW/data center)
2026/05/07 22:00:14 - simulation time     640 (s) :                                                                             Edge= 1375089091475216380 W,   181.3833 dBW
2026/05/07 22:00:14 - simulation time     640 (s) :                                                                                 :(Average:57295378811467352 W/data center, 167.5812 dBW/data center)
2026/05/07 22:00:14 - simulation time     640 (s) :                                                                             Mist= 9033209830031828000 W,   189.5584 dBW
2026/05/07 22:00:14 - simulation time     640 (s) :                                                                                 :(Average:136866815606542848 W/edge device, 171.363 dBW/edge device)
2026/05/07 22:00:14 - simulation time     640 (s) : SimLog- Dead edge devices due to battery drain                                  :              0 devices (Among 0 devices with batteries (NaN %))
2026/05/07 22:00:14 - simulation time     640 (s) : SimLog- Average remaining power (devices with batteries that are still alive)   :              0 Wh (Average: 0 %)
2026/05/07 22:00:14 - simulation time     640 (s) : SimulationManager- the Scenario Simulation overflow times :7

================== Simulation finished at time 672.60 ==================


SimLog- Iteration finished...

######################################################################################################################################################################
Starting CloudSim Plus 4.3.0

2026/05/07 22:00:14 - simulation time       0 (s) : ServersManager- Datacenters and devices were generated
2026/05/07 22:00:14 - simulation time       0 (s) : SimulationManager-  Orchestration algorithm= TRADI_POLLING-  Architechitecture= ALL -  number of edge devices= 132
2026/05/07 22:00:14 - simulation time       0 (s) : SimulationManager- Simulation: 1  , iteration: 77
2026/05/07 22:00:22 - simulation time     650 (s) : 
2026/05/07 22:00:22 - simulation time     650 (s) : ------------------------------------------------------- OUTPUT -------------------------------------------------------
2026/05/07 22:00:22 - simulation time     650 (s) : 
2026/05/07 22:00:22 - simulation time     650 (s) : SimLog- Tasks not sent because device died (low energy)                         :               0 % (0 tasks)
2026/05/07 22:00:22 - simulation time     650 (s) : SimLog- Tasks sent from edge devices                                            :             100 % (1688 among 1688 generated tasks)
2026/05/07 22:00:22 - simulation time     650 (s) : -------------------------------------All values below are based on the sent tasks-------------------------------------
2026/05/07 22:00:22 - simulation time     650 (s) : SimLog- Tasks ETE delay                                                         :      5600.0751 seconds
2026/05/07 22:00:22 - simulation time     650 (s) : SimLog- Average tasks ETE delay                                                 :         3.8728 seconds
2026/05/07 22:00:22 - simulation time     650 (s) : SimLog- Tasks execution delay                                                   :      1184.8031 seconds
2026/05/07 22:00:22 - simulation time     650 (s) : SimLog- Average tasks execution delay                                           :         0.7172 seconds
2026/05/07 22:00:22 - simulation time     650 (s) : SimLog- Tasks waiting time (from task submiting to the execution start)         :        29.1426 seconds
2026/05/07 22:00:22 - simulation time     650 (s) : SimLog- Average tasks waiting time (from task submiting to the execution start) :         0.0176 seconds
2026/05/07 22:00:22 - simulation time     650 (s) : SimLog- Tasks successfully executed                                             :        85.6635 % (1446 among 1688 sent tasks)
2026/05/07 22:00:22 - simulation time     650 (s) : SimLog- Tasks failures
2026/05/07 22:00:22 - simulation time     650 (s) :                                        Not executed due to resources unavailable:              0 % (0 tasks)
2026/05/07 22:00:22 - simulation time     650 (s) :                               Successfully executed but failed due to high delay:         13.981 % (236 tasks from 1688 successfully sent tasks)
2026/05/07 22:00:22 - simulation time     650 (s) :                  Tasks execution results not returned because the device is dead:              0 % (0 tasks)
2026/05/07 22:00:22 - simulation time     650 (s) :                      Tasks execution results not returned due to device mobility:         0.3555 % (6 tasks)
2026/05/07 22:00:22 - simulation time     650 (s) : SimLog- Tasks executed on each level                                : Cloud=            578 tasks (where 488 were successfully executed)
2026/05/07 22:00:22 - simulation time     650 (s) :                                                                        Edge=            511 tasks (where 436 were successfully executed)
2026/05/07 22:00:22 - simulation time     650 (s) :                                                                        Mist=            599 tasks (where 522 were successfully executed)
2026/05/07 22:00:22 - simulation time     650 (s) : SimLog- Network usage                                                           :           3232 seconds (The total traffic: 8781.15 (MBytes))
2026/05/07 22:00:22 - simulation time     650 (s) :                                                                         Wan=            578 seconds (17.8837 % of total usage, WAN used when downloading containers=0 % of WAN usage)
2026/05/07 22:00:22 - simulation time     650 (s) :                                                                         Lan=           3232 seconds (100 % of total usage, LAN used when downloading containers=0 % of LAN usage)
2026/05/07 22:00:22 - simulation time     650 (s) :                                                    Average bandwidth per transfer=       925.9859 Mbps  
2026/05/07 22:00:22 - simulation time     650 (s) : SimLog- Average vm CPU utilization                                              :         0.1818 %
2026/05/07 22:00:22 - simulation time     650 (s) : SimLog- Average vm CPU utilization per level                             : Cloud=              0 %
2026/05/07 22:00:22 - simulation time     650 (s) :                                                                             Edge=         0.0425 %
2026/05/07 22:00:22 - simulation time     650 (s) :                                                                             Mist=         0.2319 %
2026/05/07 22:00:22 - simulation time     650 (s) : SimLog- Energy consumption                                                      :39067702487193090000 W,   195.9182 dBW
2026/05/07 22:00:22 - simulation time     650 (s) :                                                                                 :(Average:224527025788466048 W/data center(or device), 173.5127 dBW/data center(or device))
2026/05/07 22:00:22 - simulation time     650 (s) :                                                                                 :(Average:23226933702255108 W/task, 163.6599 dBW/task)
2026/05/07 22:00:22 - simulation time     650 (s) : SimLog- Energy Consumption per level                                     : Cloud=12390983635309433000 W,   190.9311 dBW
2026/05/07 22:00:22 - simulation time     650 (s) :                                                                                 :(Average:688387979739412990 W/data center, 178.3783 dBW/data center)
2026/05/07 22:00:22 - simulation time     650 (s) :                                                                             Edge= 3869227054612794900 W,   185.8762 dBW
2026/05/07 22:00:22 - simulation time     650 (s) :                                                                                 :(Average:161217793942199776 W/data center, 172.0741 dBW/data center)
2026/05/07 22:00:22 - simulation time     650 (s) :                                                                             Mist=22807491797270870000 W,   193.5808 dBW
2026/05/07 22:00:22 - simulation time     650 (s) :                                                                                 :(Average:172784028767203552 W/edge device, 172.375 dBW/edge device)
2026/05/07 22:00:22 - simulation time     650 (s) : SimLog- Dead edge devices due to battery drain                                  :              0 devices (Among 0 devices with batteries (NaN %))
2026/05/07 22:00:22 - simulation time     650 (s) : SimLog- Average remaining power (devices with batteries that are still alive)   :              0 Wh (Average: 0 %)
2026/05/07 22:00:22 - simulation time     650 (s) : SimulationManager- the Scenario Simulation overflow times :7

================== Simulation finished at time 685.20 ==================


SimLog- Iteration finished...

######################################################################################################################################################################
Starting CloudSim Plus 4.3.0

2026/05/07 22:00:22 - simulation time       0 (s) : ServersManager- Datacenters and devices were generated
2026/05/07 22:00:22 - simulation time       0 (s) : SimulationManager-  Orchestration algorithm= TRADI_POLLING-  Architechitecture= ALL -  number of edge devices= 198
2026/05/07 22:00:22 - simulation time       0 (s) : SimulationManager- Simulation: 1  , iteration: 78
2026/05/07 22:00:39 - simulation time     650 (s) : 
2026/05/07 22:00:39 - simulation time     650 (s) : ------------------------------------------------------- OUTPUT -------------------------------------------------------
2026/05/07 22:00:39 - simulation time     650 (s) : 
2026/05/07 22:00:39 - simulation time     650 (s) : SimLog- Tasks not sent because device died (low energy)                         :               0 % (0 tasks)
2026/05/07 22:00:39 - simulation time     650 (s) : SimLog- Tasks sent from edge devices                                            :             100 % (2528 among 2528 generated tasks)
2026/05/07 22:00:39 - simulation time     650 (s) : -------------------------------------All values below are based on the sent tasks-------------------------------------
2026/05/07 22:00:39 - simulation time     650 (s) : SimLog- Tasks ETE delay                                                         :      8319.9381 seconds
2026/05/07 22:00:39 - simulation time     650 (s) : SimLog- Average tasks ETE delay                                                 :          3.813 seconds
2026/05/07 22:00:39 - simulation time     650 (s) : SimLog- Tasks execution delay                                                   :      1610.3357 seconds
2026/05/07 22:00:39 - simulation time     650 (s) : SimLog- Average tasks execution delay                                           :         0.6562 seconds
2026/05/07 22:00:39 - simulation time     650 (s) : SimLog- Tasks waiting time (from task submiting to the execution start)         :        41.8263 seconds
2026/05/07 22:00:39 - simulation time     650 (s) : SimLog- Average tasks waiting time (from task submiting to the execution start) :          0.017 seconds
2026/05/07 22:00:39 - simulation time     650 (s) : SimLog- Tasks successfully executed                                             :        86.3133 % (2182 among 2528 sent tasks)
2026/05/07 22:00:39 - simulation time     650 (s) : SimLog- Tasks failures
2026/05/07 22:00:39 - simulation time     650 (s) :                                        Not executed due to resources unavailable:              0 % (0 tasks)
2026/05/07 22:00:39 - simulation time     650 (s) :                               Successfully executed but failed due to high delay:        13.4098 % (339 tasks from 2528 successfully sent tasks)
2026/05/07 22:00:39 - simulation time     650 (s) :                  Tasks execution results not returned because the device is dead:              0 % (0 tasks)
2026/05/07 22:00:39 - simulation time     650 (s) :                      Tasks execution results not returned due to device mobility:         0.2769 % (7 tasks)
2026/05/07 22:00:39 - simulation time     650 (s) : SimLog- Tasks executed on each level                                : Cloud=            715 tasks (where 625 were successfully executed)
2026/05/07 22:00:39 - simulation time     650 (s) :                                                                        Edge=            695 tasks (where 605 were successfully executed)
2026/05/07 22:00:39 - simulation time     650 (s) :                                                                        Mist=           1118 tasks (where 952 were successfully executed)
2026/05/07 22:00:39 - simulation time     650 (s) : SimLog- Network usage                                                           :           4837 seconds (The total traffic: 10346.6 (MBytes))
2026/05/07 22:00:39 - simulation time     650 (s) :                                                                         Wan=            718 seconds (14.8439 % of total usage, WAN used when downloading containers=0 % of WAN usage)
2026/05/07 22:00:39 - simulation time     650 (s) :                                                                         Lan=           4837 seconds (100 % of total usage, LAN used when downloading containers=0 % of LAN usage)
2026/05/07 22:00:39 - simulation time     650 (s) :                                                    Average bandwidth per transfer=       909.2245 Mbps  
2026/05/07 22:00:39 - simulation time     650 (s) : SimLog- Average vm CPU utilization                                              :         0.1527 %
2026/05/07 22:00:39 - simulation time     650 (s) : SimLog- Average vm CPU utilization per level                             : Cloud=              0 %
2026/05/07 22:00:39 - simulation time     650 (s) :                                                                             Edge=         0.0473 %
2026/05/07 22:00:39 - simulation time     650 (s) :                                                                             Mist=         0.1794 %
2026/05/07 22:00:39 - simulation time     650 (s) : SimLog- Energy consumption                                                      :56333045170153210000 W,   197.5076 dBW
2026/05/07 22:00:39 - simulation time     650 (s) :                                                                                 :(Average:234721021542305056 W/data center(or device), 173.7055 dBW/data center(or device))
2026/05/07 22:00:39 - simulation time     650 (s) :                                                                                 :(Average:22345515735879892 W/task, 163.4919 dBW/task)
2026/05/07 22:00:39 - simulation time     650 (s) : SimLog- Energy Consumption per level                                     : Cloud=17640724454187766000 W,   192.4652 dBW
2026/05/07 22:00:39 - simulation time     650 (s) :                                                                                 :(Average:980040247454875900 W/data center, 179.9124 dBW/data center)
2026/05/07 22:00:39 - simulation time     650 (s) :                                                                             Edge= 5395038587125475300 W,   187.3199 dBW
2026/05/07 22:00:39 - simulation time     650 (s) :                                                                                 :(Average:224793274463561472 W/data center, 173.5178 dBW/data center)
2026/05/07 22:00:39 - simulation time     650 (s) :                                                                             Mist=33297282128839967000 W,   195.2241 dBW
2026/05/07 22:00:39 - simulation time     650 (s) :                                                                                 :(Average:168168091559797824 W/edge device, 172.2574 dBW/edge device)
2026/05/07 22:00:39 - simulation time     650 (s) : SimLog- Dead edge devices due to battery drain                                  :              0 devices (Among 0 devices with batteries (NaN %))
2026/05/07 22:00:39 - simulation time     650 (s) : SimLog- Average remaining power (devices with batteries that are still alive)   :              0 Wh (Average: 0 %)
2026/05/07 22:00:39 - simulation time     650 (s) : SimulationManager- the Scenario Simulation overflow times :7

================== Simulation finished at time 685.20 ==================


SimLog- Iteration finished...

######################################################################################################################################################################
Starting CloudSim Plus 4.3.0

2026/05/07 22:00:40 - simulation time       0 (s) : ServersManager- Datacenters and devices were generated
2026/05/07 22:00:40 - simulation time       0 (s) : SimulationManager-  Orchestration algorithm= TRADI_POLLING-  Architechitecture= ALL -  number of edge devices= 264
2026/05/07 22:00:40 - simulation time       0 (s) : SimulationManager- Simulation: 1  , iteration: 79
2026/05/07 22:00:58 - simulation time     650 (s) : 
2026/05/07 22:00:58 - simulation time     650 (s) : ------------------------------------------------------- OUTPUT -------------------------------------------------------
2026/05/07 22:00:58 - simulation time     650 (s) : 
2026/05/07 22:00:58 - simulation time     650 (s) : SimLog- Tasks not sent because device died (low energy)                         :               0 % (0 tasks)
2026/05/07 22:00:58 - simulation time     650 (s) : SimLog- Tasks sent from edge devices                                            :             100 % (3342 among 3342 generated tasks)
2026/05/07 22:00:58 - simulation time     650 (s) : -------------------------------------All values below are based on the sent tasks-------------------------------------
2026/05/07 22:00:58 - simulation time     650 (s) : SimLog- Tasks ETE delay                                                         :     11371.0727 seconds
2026/05/07 22:00:58 - simulation time     650 (s) : SimLog- Average tasks ETE delay                                                 :         3.9829 seconds
2026/05/07 22:00:58 - simulation time     650 (s) : SimLog- Tasks execution delay                                                   :      2355.0539 seconds
2026/05/07 22:00:58 - simulation time     650 (s) : SimLog- Average tasks execution delay                                           :         0.7291 seconds
2026/05/07 22:00:58 - simulation time     650 (s) : SimLog- Tasks waiting time (from task submiting to the execution start)         :        56.0043 seconds
2026/05/07 22:00:58 - simulation time     650 (s) : SimLog- Average tasks waiting time (from task submiting to the execution start) :         0.0173 seconds
2026/05/07 22:00:58 - simulation time     650 (s) : SimLog- Tasks successfully executed                                             :        85.4279 % (2855 among 3342 sent tasks)
2026/05/07 22:00:58 - simulation time     650 (s) : SimLog- Tasks failures
2026/05/07 22:00:58 - simulation time     650 (s) :                                        Not executed due to resources unavailable:              0 % (0 tasks)
2026/05/07 22:00:58 - simulation time     650 (s) :                               Successfully executed but failed due to high delay:        14.3926 % (481 tasks from 3342 successfully sent tasks)
2026/05/07 22:00:58 - simulation time     650 (s) :                  Tasks execution results not returned because the device is dead:              0 % (0 tasks)
2026/05/07 22:00:58 - simulation time     650 (s) :                      Tasks execution results not returned due to device mobility:         0.1795 % (6 tasks)
2026/05/07 22:00:58 - simulation time     650 (s) : SimLog- Tasks executed on each level                                : Cloud=            862 tasks (where 728 were successfully executed)
2026/05/07 22:00:58 - simulation time     650 (s) :                                                                        Edge=            870 tasks (where 758 were successfully executed)
2026/05/07 22:00:58 - simulation time     650 (s) :                                                                        Mist=           1610 tasks (where 1369 were successfully executed)
2026/05/07 22:00:58 - simulation time     650 (s) : SimLog- Network usage                                                           :           6497 seconds (The total traffic: 16096.35 (MBytes))
2026/05/07 22:00:58 - simulation time     650 (s) :                                                                         Wan=            873 seconds (13.437 % of total usage, WAN used when downloading containers=0 % of WAN usage)
2026/05/07 22:00:58 - simulation time     650 (s) :                                                                         Lan=           6497 seconds (100 % of total usage, LAN used when downloading containers=0 % of LAN usage)
2026/05/07 22:00:58 - simulation time     650 (s) :                                                    Average bandwidth per transfer=        915.514 Mbps  
2026/05/07 22:00:58 - simulation time     650 (s) : SimLog- Average vm CPU utilization                                              :         0.2419 %
2026/05/07 22:00:58 - simulation time     650 (s) : SimLog- Average vm CPU utilization per level                             : Cloud=           0.03 %
2026/05/07 22:00:58 - simulation time     650 (s) :                                                                             Edge=         0.0677 %
2026/05/07 22:00:58 - simulation time     650 (s) :                                                                             Mist=         0.2722 %
2026/05/07 22:00:58 - simulation time     650 (s) : SimLog- Energy consumption                                                      :66841432725779400000 W,   198.2505 dBW
2026/05/07 22:00:58 - simulation time     650 (s) :                                                                                 :(Average:218436054659409792 W/data center(or device), 173.3932 dBW/data center(or device))
2026/05/07 22:00:58 - simulation time     650 (s) :                                                                                 :(Average:20030396381713936 W/task, 163.0169 dBW/task)
2026/05/07 22:00:58 - simulation time     650 (s) : SimLog- Energy Consumption per level                                     : Cloud=19853983705084120000 W,   192.9785 dBW
2026/05/07 22:00:58 - simulation time     650 (s) :                                                                                 :(Average:1102999094726895620 W/data center, 180.4258 dBW/data center)
2026/05/07 22:00:58 - simulation time     650 (s) :                                                                             Edge= 6530414177132767200 W,   188.1494 dBW
2026/05/07 22:00:58 - simulation time     650 (s) :                                                                                 :(Average:272100590713865312 W/data center, 174.3473 dBW/data center)
2026/05/07 22:00:58 - simulation time     650 (s) :                                                                             Mist=40457034843562510000 W,   196.0699 dBW
2026/05/07 22:00:58 - simulation time     650 (s) :                                                                                 :(Average:153246344104403456 W/edge device, 171.8539 dBW/edge device)
2026/05/07 22:00:58 - simulation time     650 (s) : SimLog- Dead edge devices due to battery drain                                  :              0 devices (Among 0 devices with batteries (NaN %))
2026/05/07 22:00:58 - simulation time     650 (s) : SimLog- Average remaining power (devices with batteries that are still alive)   :              0 Wh (Average: 0 %)
2026/05/07 22:00:58 - simulation time     650 (s) : SimulationManager- the Scenario Simulation overflow times :7

================== Simulation finished at time 685.20 ==================


SimLog- Iteration finished...

######################################################################################################################################################################
Starting CloudSim Plus 4.3.0

2026/05/07 22:00:58 - simulation time       0 (s) : ServersManager- Datacenters and devices were generated
2026/05/07 22:00:58 - simulation time       0 (s) : SimulationManager-  Orchestration algorithm= TRADI_POLLING-  Architechitecture= ALL -  number of edge devices= 330
2026/05/07 22:00:58 - simulation time       0 (s) : SimulationManager- Simulation: 1  , iteration: 80
2026/05/07 22:01:33 - simulation time     660 (s) : 
2026/05/07 22:01:33 - simulation time     660 (s) : ------------------------------------------------------- OUTPUT -------------------------------------------------------
2026/05/07 22:01:33 - simulation time     660 (s) : 
2026/05/07 22:01:33 - simulation time     660 (s) : SimLog- Tasks not sent because device died (low energy)                         :               0 % (0 tasks)
2026/05/07 22:01:33 - simulation time     660 (s) : SimLog- Tasks sent from edge devices                                            :             100 % (4180 among 4180 generated tasks)
2026/05/07 22:01:33 - simulation time     660 (s) : -------------------------------------All values below are based on the sent tasks-------------------------------------
2026/05/07 22:01:33 - simulation time     660 (s) : SimLog- Tasks ETE delay                                                         :     14890.7829 seconds
2026/05/07 22:01:33 - simulation time     660 (s) : SimLog- Average tasks ETE delay                                                 :         4.0674 seconds
2026/05/07 22:01:33 - simulation time     660 (s) : SimLog- Tasks execution delay                                                   :      3052.5079 seconds
2026/05/07 22:01:33 - simulation time     660 (s) : SimLog- Average tasks execution delay                                           :         0.7507 seconds
2026/05/07 22:01:33 - simulation time     660 (s) : SimLog- Tasks waiting time (from task submiting to the execution start)         :        75.2516 seconds
2026/05/07 22:01:33 - simulation time     660 (s) : SimLog- Average tasks waiting time (from task submiting to the execution start) :         0.0185 seconds
2026/05/07 22:01:33 - simulation time     660 (s) : SimLog- Tasks successfully executed                                             :        87.5837 % (3661 among 4180 sent tasks)
2026/05/07 22:01:33 - simulation time     660 (s) : SimLog- Tasks failures
2026/05/07 22:01:33 - simulation time     660 (s) :                                        Not executed due to resources unavailable:              0 % (0 tasks)
2026/05/07 22:01:33 - simulation time     660 (s) :                               Successfully executed but failed due to high delay:        12.1292 % (507 tasks from 4180 successfully sent tasks)
2026/05/07 22:01:33 - simulation time     660 (s) :                  Tasks execution results not returned because the device is dead:              0 % (0 tasks)
2026/05/07 22:01:33 - simulation time     660 (s) :                      Tasks execution results not returned due to device mobility:         0.2871 % (12 tasks)
2026/05/07 22:01:33 - simulation time     660 (s) : SimLog- Tasks executed on each level                                : Cloud=            896 tasks (where 782 were successfully executed)
2026/05/07 22:01:33 - simulation time     660 (s) :                                                                        Edge=            926 tasks (where 820 were successfully executed)
2026/05/07 22:01:33 - simulation time     660 (s) :                                                                        Mist=           2358 tasks (where 2059 were successfully executed)
2026/05/07 22:01:33 - simulation time     660 (s) : SimLog- Network usage                                                           :           8128 seconds (The total traffic: 17870.45 (MBytes))
2026/05/07 22:01:33 - simulation time     660 (s) :                                                                         Wan=            900 seconds (11.0728 % of total usage, WAN used when downloading containers=0 % of WAN usage)
2026/05/07 22:01:33 - simulation time     660 (s) :                                                                         Lan=           8128 seconds (100 % of total usage, LAN used when downloading containers=0 % of LAN usage)
2026/05/07 22:01:33 - simulation time     660 (s) :                                                    Average bandwidth per transfer=       926.4121 Mbps  
2026/05/07 22:01:34 - simulation time     660 (s) : SimLog- Average vm CPU utilization                                              :           0.22 %
2026/05/07 22:01:34 - simulation time     660 (s) : SimLog- Average vm CPU utilization per level                             : Cloud=         0.0388 %
2026/05/07 22:01:34 - simulation time     660 (s) :                                                                             Edge=         0.0668 %
2026/05/07 22:01:34 - simulation time     660 (s) :                                                                             Mist=          0.241 %
2026/05/07 22:01:34 - simulation time     660 (s) : SimLog- Energy consumption                                                      :69203413076495010000 W,   198.4013 dBW
2026/05/07 22:01:34 - simulation time     660 (s) :                                                                                 :(Average:186030680313158624 W/data center(or device), 172.6958 dBW/data center(or device))
2026/05/07 22:01:34 - simulation time     660 (s) :                                                                                 :(Average:16599523405251860 W/task, 162.201 dBW/task)
2026/05/07 22:01:34 - simulation time     660 (s) : SimLog- Energy Consumption per level                                     : Cloud=19351132542286600000 W,   192.8671 dBW
2026/05/07 22:01:34 - simulation time     660 (s) :                                                                                 :(Average:1075062919015922180 W/data center, 180.3143 dBW/data center)
2026/05/07 22:01:34 - simulation time     660 (s) :                                                                             Edge= 6408326041093104600 W,   188.0674 dBW
2026/05/07 22:01:34 - simulation time     660 (s) :                                                                                 :(Average:267013585045546016 W/data center, 174.2653 dBW/data center)
2026/05/07 22:01:34 - simulation time     660 (s) :                                                                             Mist=43443954493115300000 W,   196.3793 dBW
2026/05/07 22:01:34 - simulation time     660 (s) :                                                                                 :(Average:131648346948834256 W/edge device, 171.1942 dBW/edge device)
2026/05/07 22:01:34 - simulation time     660 (s) : SimLog- Dead edge devices due to battery drain                                  :              0 devices (Among 0 devices with batteries (NaN %))
2026/05/07 22:01:34 - simulation time     660 (s) : SimLog- Average remaining power (devices with batteries that are still alive)   :              0 Wh (Average: 0 %)
2026/05/07 22:01:34 - simulation time     660 (s) : SimulationManager- the Scenario Simulation overflow times :7

================== Simulation finished at time 691.50 ==================


SimLog- Iteration finished...

######################################################################################################################################################################
Starting CloudSim Plus 4.3.0

2026/05/07 22:01:34 - simulation time       0 (s) : ServersManager- Datacenters and devices were generated
2026/05/07 22:01:34 - simulation time       0 (s) : SimulationManager-  Orchestration algorithm= TRADI_POLLING-  Architechitecture= ALL -  number of edge devices= 396
2026/05/07 22:01:34 - simulation time       0 (s) : SimulationManager- Simulation: 1  , iteration: 81
2026/05/07 22:02:12 - simulation time     660 (s) : 
2026/05/07 22:02:12 - simulation time     660 (s) : ------------------------------------------------------- OUTPUT -------------------------------------------------------
2026/05/07 22:02:12 - simulation time     660 (s) : 
2026/05/07 22:02:12 - simulation time     660 (s) : SimLog- Tasks not sent because device died (low energy)                         :               0 % (0 tasks)
2026/05/07 22:02:12 - simulation time     660 (s) : SimLog- Tasks sent from edge devices                                            :             100 % (5040 among 5040 generated tasks)
2026/05/07 22:02:12 - simulation time     660 (s) : -------------------------------------All values below are based on the sent tasks-------------------------------------
2026/05/07 22:02:12 - simulation time     660 (s) : SimLog- Tasks ETE delay                                                         :     17217.9937 seconds
2026/05/07 22:02:12 - simulation time     660 (s) : SimLog- Average tasks ETE delay                                                 :          4.057 seconds
2026/05/07 22:02:12 - simulation time     660 (s) : SimLog- Tasks execution delay                                                   :      4017.6463 seconds
2026/05/07 22:02:12 - simulation time     660 (s) : SimLog- Average tasks execution delay                                           :         0.8258 seconds
2026/05/07 22:02:12 - simulation time     660 (s) : SimLog- Tasks waiting time (from task submiting to the execution start)         :        79.0011 seconds
2026/05/07 22:02:12 - simulation time     660 (s) : SimLog- Average tasks waiting time (from task submiting to the execution start) :         0.0162 seconds
2026/05/07 22:02:12 - simulation time     660 (s) : SimLog- Tasks successfully executed                                             :        84.2063 % (4244 among 5040 sent tasks)
2026/05/07 22:02:12 - simulation time     660 (s) : SimLog- Tasks failures
2026/05/07 22:02:12 - simulation time     660 (s) :                                        Not executed due to resources unavailable:              0 % (0 tasks)
2026/05/07 22:02:12 - simulation time     660 (s) :                               Successfully executed but failed due to high delay:        15.5357 % (783 tasks from 5040 successfully sent tasks)
2026/05/07 22:02:12 - simulation time     660 (s) :                  Tasks execution results not returned because the device is dead:              0 % (0 tasks)
2026/05/07 22:02:12 - simulation time     660 (s) :                      Tasks execution results not returned due to device mobility:         0.2579 % (13 tasks)
2026/05/07 22:02:12 - simulation time     660 (s) : SimLog- Tasks executed on each level                                : Cloud=           1034 tasks (where 883 were successfully executed)
2026/05/07 22:02:12 - simulation time     660 (s) :                                                                        Edge=           1032 tasks (where 879 were successfully executed)
2026/05/07 22:02:12 - simulation time     660 (s) :                                                                        Mist=           2974 tasks (where 2482 were successfully executed)
2026/05/07 22:02:12 - simulation time     660 (s) : SimLog- Network usage                                                           :           9800 seconds (The total traffic: 21852.7 (MBytes))
2026/05/07 22:02:12 - simulation time     660 (s) :                                                                         Wan=           1039 seconds (10.602 % of total usage, WAN used when downloading containers=0 % of WAN usage)
2026/05/07 22:02:12 - simulation time     660 (s) :                                                                         Lan=           9800 seconds (100 % of total usage, LAN used when downloading containers=0 % of LAN usage)
2026/05/07 22:02:12 - simulation time     660 (s) :                                                    Average bandwidth per transfer=       926.7067 Mbps  
2026/05/07 22:02:12 - simulation time     660 (s) : SimLog- Average vm CPU utilization                                              :          0.215 %
2026/05/07 22:02:12 - simulation time     660 (s) : SimLog- Average vm CPU utilization per level                             : Cloud=         0.0016 %
2026/05/07 22:02:12 - simulation time     660 (s) :                                                                             Edge=         0.0702 %
2026/05/07 22:02:12 - simulation time     660 (s) :                                                                             Mist=         0.2335 %
2026/05/07 22:02:12 - simulation time     660 (s) : SimLog- Energy consumption                                                      :78331719109581440000 W,   198.9394 dBW
2026/05/07 22:02:12 - simulation time     660 (s) :                                                                                 :(Average:178839541346076352 W/data center(or device), 172.5246 dBW/data center(or device))
2026/05/07 22:02:12 - simulation time     660 (s) :                                                                                 :(Average:15563623904148906 W/task, 161.9211 dBW/task)
2026/05/07 22:02:12 - simulation time     660 (s) : SimLog- Energy Consumption per level                                     : Cloud=22042666209123647000 W,   193.4326 dBW
2026/05/07 22:02:12 - simulation time     660 (s) :                                                                                 :(Average:1224592567173536000 W/data center, 180.8799 dBW/data center)
2026/05/07 22:02:12 - simulation time     660 (s) :                                                                             Edge= 7802539282151166000 W,   188.9224 dBW
2026/05/07 22:02:12 - simulation time     660 (s) :                                                                                 :(Average:325105803422965250 W/data center, 175.1202 dBW/data center)
2026/05/07 22:02:12 - simulation time     660 (s) :                                                                             Mist=48486513618306630000 W,   196.8562 dBW
2026/05/07 22:02:12 - simulation time     660 (s) :                                                                                 :(Average:122440690955319776 W/edge device, 170.8793 dBW/edge device)
2026/05/07 22:02:12 - simulation time     660 (s) : SimLog- Dead edge devices due to battery drain                                  :              0 devices (Among 0 devices with batteries (NaN %))
2026/05/07 22:02:12 - simulation time     660 (s) : SimLog- Average remaining power (devices with batteries that are still alive)   :              0 Wh (Average: 0 %)
2026/05/07 22:02:12 - simulation time     660 (s) : SimulationManager- the Scenario Simulation overflow times :7

================== Simulation finished at time 691.50 ==================


SimLog- Iteration finished...

######################################################################################################################################################################
Starting CloudSim Plus 4.3.0

2026/05/07 22:02:12 - simulation time       0 (s) : ServersManager- Datacenters and devices were generated
2026/05/07 22:02:12 - simulation time       0 (s) : SimulationManager-  Orchestration algorithm= TRADI_POLLING-  Architechitecture= ALL -  number of edge devices= 462
2026/05/07 22:02:12 - simulation time       0 (s) : SimulationManager- Simulation: 1  , iteration: 82
2026/05/07 22:02:47 - simulation time     660 (s) : 
2026/05/07 22:02:47 - simulation time     660 (s) : ------------------------------------------------------- OUTPUT -------------------------------------------------------
2026/05/07 22:02:47 - simulation time     660 (s) : 
2026/05/07 22:02:47 - simulation time     660 (s) : SimLog- Tasks not sent because device died (low energy)                         :               0 % (0 tasks)
2026/05/07 22:02:47 - simulation time     660 (s) : SimLog- Tasks sent from edge devices                                            :             100 % (5864 among 5864 generated tasks)
2026/05/07 22:02:47 - simulation time     660 (s) : -------------------------------------All values below are based on the sent tasks-------------------------------------
2026/05/07 22:02:47 - simulation time     660 (s) : SimLog- Tasks ETE delay                                                         :     21178.0172 seconds
2026/05/07 22:02:47 - simulation time     660 (s) : SimLog- Average tasks ETE delay                                                 :         4.1862 seconds
2026/05/07 22:02:47 - simulation time     660 (s) : SimLog- Tasks execution delay                                                   :      5024.4793 seconds
2026/05/07 22:02:47 - simulation time     660 (s) : SimLog- Average tasks execution delay                                           :         0.8846 seconds
2026/05/07 22:02:47 - simulation time     660 (s) : SimLog- Tasks waiting time (from task submiting to the execution start)         :        90.4723 seconds
2026/05/07 22:02:47 - simulation time     660 (s) : SimLog- Average tasks waiting time (from task submiting to the execution start) :         0.0159 seconds
2026/05/07 22:02:47 - simulation time     660 (s) : SimLog- Tasks successfully executed                                             :        86.2722 % (5059 among 5864 sent tasks)
2026/05/07 22:02:47 - simulation time     660 (s) : SimLog- Tasks failures
2026/05/07 22:02:47 - simulation time     660 (s) :                                        Not executed due to resources unavailable:              0 % (0 tasks)
2026/05/07 22:02:47 - simulation time     660 (s) :                               Successfully executed but failed due to high delay:        13.4038 % (786 tasks from 5864 successfully sent tasks)
2026/05/07 22:02:47 - simulation time     660 (s) :                  Tasks execution results not returned because the device is dead:              0 % (0 tasks)
2026/05/07 22:02:47 - simulation time     660 (s) :                      Tasks execution results not returned due to device mobility:          0.324 % (19 tasks)
2026/05/07 22:02:47 - simulation time     660 (s) : SimLog- Tasks executed on each level                                : Cloud=           1085 tasks (where 936 were successfully executed)
2026/05/07 22:02:47 - simulation time     660 (s) :                                                                        Edge=           1098 tasks (where 942 were successfully executed)
2026/05/07 22:02:47 - simulation time     660 (s) :                                                                        Mist=           3681 tasks (where 3181 were successfully executed)
2026/05/07 22:02:47 - simulation time     660 (s) : SimLog- Network usage                                                           :          11438 seconds (The total traffic: 25291.1 (MBytes))
2026/05/07 22:02:47 - simulation time     660 (s) :                                                                         Wan=           1091 seconds (9.5384 % of total usage, WAN used when downloading containers=0 % of WAN usage)
2026/05/07 22:02:47 - simulation time     660 (s) :                                                                         Lan=          11438 seconds (100 % of total usage, LAN used when downloading containers=0 % of LAN usage)
2026/05/07 22:02:47 - simulation time     660 (s) :                                                    Average bandwidth per transfer=       934.3568 Mbps  
2026/05/07 22:02:47 - simulation time     660 (s) : SimLog- Average vm CPU utilization                                              :           0.24 %
2026/05/07 22:02:47 - simulation time     660 (s) : SimLog- Average vm CPU utilization per level                             : Cloud=         0.0011 %
2026/05/07 22:02:47 - simulation time     660 (s) :                                                                             Edge=         0.0689 %
2026/05/07 22:02:47 - simulation time     660 (s) :                                                                             Mist=         0.2582 %
2026/05/07 22:02:47 - simulation time     660 (s) : SimLog- Energy consumption                                                      :81982571494256640000 W,   199.1372 dBW
2026/05/07 22:02:47 - simulation time     660 (s) :                                                                                 :(Average:162663832329874272 W/data center(or device), 172.1129 dBW/data center(or device))
2026/05/07 22:02:47 - simulation time     660 (s) :                                                                                 :(Average:14018907574257292 W/task, 161.4671 dBW/task)
2026/05/07 22:02:47 - simulation time     660 (s) : SimLog- Energy Consumption per level                                     : Cloud=22592391519125787000 W,   193.5396 dBW
2026/05/07 22:02:47 - simulation time     660 (s) :                                                                                 :(Average:1255132862173654780 W/data center, 180.9869 dBW/data center)
2026/05/07 22:02:47 - simulation time     660 (s) :                                                                             Edge= 7207276511024222200 W,   188.5777 dBW
2026/05/07 22:02:47 - simulation time     660 (s) :                                                                                 :(Average:300303187959342590 W/data center, 174.7756 dBW/data center)
2026/05/07 22:02:47 - simulation time     660 (s) :                                                                             Mist=52182903464106640000 W,   197.1753 dBW
2026/05/07 22:02:47 - simulation time     660 (s) :                                                                                 :(Average:112950007498066320 W/edge device, 170.5289 dBW/edge device)
2026/05/07 22:02:47 - simulation time     660 (s) : SimLog- Dead edge devices due to battery drain                                  :              0 devices (Among 0 devices with batteries (NaN %))
2026/05/07 22:02:47 - simulation time     660 (s) : SimLog- Average remaining power (devices with batteries that are still alive)   :              0 Wh (Average: 0 %)
2026/05/07 22:02:47 - simulation time     660 (s) : SimulationManager- the Scenario Simulation overflow times :7

================== Simulation finished at time 691.50 ==================


SimLog- Iteration finished...

######################################################################################################################################################################
Starting CloudSim Plus 4.3.0

2026/05/07 22:02:47 - simulation time       0 (s) : ServersManager- Datacenters and devices were generated
2026/05/07 22:02:47 - simulation time       0 (s) : SimulationManager-  Orchestration algorithm= TRADI_POLLING-  Architechitecture= ALL -  number of edge devices= 528
2026/05/07 22:02:47 - simulation time       0 (s) : SimulationManager- Simulation: 1  , iteration: 83
2026/05/07 22:03:14 - simulation time     650 (s) : 
2026/05/07 22:03:14 - simulation time     650 (s) : ------------------------------------------------------- OUTPUT -------------------------------------------------------
2026/05/07 22:03:14 - simulation time     650 (s) : 
2026/05/07 22:03:14 - simulation time     650 (s) : SimLog- Tasks not sent because device died (low energy)                         :               0 % (0 tasks)
2026/05/07 22:03:14 - simulation time     650 (s) : SimLog- Tasks sent from edge devices                                            :             100 % (6696 among 6696 generated tasks)
2026/05/07 22:03:14 - simulation time     650 (s) : -------------------------------------All values below are based on the sent tasks-------------------------------------
2026/05/07 22:03:14 - simulation time     650 (s) : SimLog- Tasks ETE delay                                                         :     24569.8452 seconds
2026/05/07 22:03:14 - simulation time     650 (s) : SimLog- Average tasks ETE delay                                                 :         4.2604 seconds
2026/05/07 22:03:14 - simulation time     650 (s) : SimLog- Tasks execution delay                                                   :      6050.5171 seconds
2026/05/07 22:03:14 - simulation time     650 (s) : SimLog- Average tasks execution delay                                           :         0.9352 seconds
2026/05/07 22:03:14 - simulation time     650 (s) : SimLog- Tasks waiting time (from task submiting to the execution start)         :       105.0905 seconds
2026/05/07 22:03:14 - simulation time     650 (s) : SimLog- Average tasks waiting time (from task submiting to the execution start) :         0.0162 seconds
2026/05/07 22:03:14 - simulation time     650 (s) : SimLog- Tasks successfully executed                                             :         86.126 % (5767 among 6696 sent tasks)
2026/05/07 22:03:14 - simulation time     650 (s) : SimLog- Tasks failures
2026/05/07 22:03:14 - simulation time     650 (s) :                                        Not executed due to resources unavailable:              0 % (0 tasks)
2026/05/07 22:03:14 - simulation time     650 (s) :                               Successfully executed but failed due to high delay:        13.4409 % (900 tasks from 6696 successfully sent tasks)
2026/05/07 22:03:14 - simulation time     650 (s) :                  Tasks execution results not returned because the device is dead:              0 % (0 tasks)
2026/05/07 22:03:14 - simulation time     650 (s) :                      Tasks execution results not returned due to device mobility:         0.4331 % (29 tasks)
2026/05/07 22:03:14 - simulation time     650 (s) : SimLog- Tasks executed on each level                                : Cloud=           1202 tasks (where 1071 were successfully executed)
2026/05/07 22:03:14 - simulation time     650 (s) :                                                                        Edge=           1177 tasks (where 1038 were successfully executed)
2026/05/07 22:03:14 - simulation time     650 (s) :                                                                        Mist=           4317 tasks (where 3658 were successfully executed)
2026/05/07 22:03:14 - simulation time     650 (s) : SimLog- Network usage                                                           :          13070 seconds (The total traffic: 31442.95 (MBytes))
2026/05/07 22:03:14 - simulation time     650 (s) :                                                                         Wan=           1210 seconds (9.2578 % of total usage, WAN used when downloading containers=0 % of WAN usage)
2026/05/07 22:03:14 - simulation time     650 (s) :                                                                         Lan=          13070 seconds (100 % of total usage, LAN used when downloading containers=0 % of LAN usage)
2026/05/07 22:03:14 - simulation time     650 (s) :                                                    Average bandwidth per transfer=       930.1661 Mbps  
2026/05/07 22:03:14 - simulation time     650 (s) : SimLog- Average vm CPU utilization                                              :         0.2664 %
2026/05/07 22:03:14 - simulation time     650 (s) : SimLog- Average vm CPU utilization per level                             : Cloud=         0.0017 %
2026/05/07 22:03:14 - simulation time     650 (s) :                                                                             Edge=         0.0912 %
2026/05/07 22:03:14 - simulation time     650 (s) :                                                                             Mist=         0.2834 %
2026/05/07 22:03:14 - simulation time     650 (s) : SimLog- Energy consumption                                                      :94617334015407310000 W,   199.7597 dBW
2026/05/07 22:03:14 - simulation time     650 (s) :                                                                                 :(Average:165995322834047904 W/data center(or device), 172.201 dBW/data center(or device))
2026/05/07 22:03:14 - simulation time     650 (s) :                                                                                 :(Average:14179129928878662 W/task, 161.5165 dBW/task)
2026/05/07 22:03:14 - simulation time     650 (s) : SimLog- Energy Consumption per level                                     : Cloud=23775555031491060000 W,   193.7613 dBW
2026/05/07 22:03:14 - simulation time     650 (s) :                                                                                 :(Average:1320864168416169980 W/data center, 181.2086 dBW/data center)
2026/05/07 22:03:14 - simulation time     650 (s) :                                                                             Edge= 9218206205928492000 W,   189.6465 dBW
2026/05/07 22:03:14 - simulation time     650 (s) :                                                                                 :(Average:384091925247020480 W/data center, 175.8444 dBW/data center)
2026/05/07 22:03:14 - simulation time     650 (s) :                                                                             Mist=61623572777987760000 W,   197.8975 dBW
2026/05/07 22:03:14 - simulation time     650 (s) :                                                                                 :(Average:116711312079522272 W/edge device, 170.6711 dBW/edge device)
2026/05/07 22:03:14 - simulation time     650 (s) : SimLog- Dead edge devices due to battery drain                                  :              0 devices (Among 0 devices with batteries (NaN %))
2026/05/07 22:03:14 - simulation time     650 (s) : SimLog- Average remaining power (devices with batteries that are still alive)   :              0 Wh (Average: 0 %)
2026/05/07 22:03:14 - simulation time     650 (s) : SimulationManager- the Scenario Simulation overflow times :7

================== Simulation finished at time 685.20 ==================


SimLog- Iteration finished...

######################################################################################################################################################################
Starting CloudSim Plus 4.3.0

2026/05/07 22:03:14 - simulation time       0 (s) : ServersManager- Datacenters and devices were generated
2026/05/07 22:03:14 - simulation time       0 (s) : SimulationManager-  Orchestration algorithm= TRADI_POLLING-  Architechitecture= ALL -  number of edge devices= 594
2026/05/07 22:03:14 - simulation time       0 (s) : SimulationManager- Simulation: 1  , iteration: 84
2026/05/07 22:03:38 - simulation time     660 (s) : 
2026/05/07 22:03:38 - simulation time     660 (s) : ------------------------------------------------------- OUTPUT -------------------------------------------------------
2026/05/07 22:03:38 - simulation time     660 (s) : 
2026/05/07 22:03:38 - simulation time     660 (s) : SimLog- Tasks not sent because device died (low energy)                         :               0 % (0 tasks)
2026/05/07 22:03:38 - simulation time     660 (s) : SimLog- Tasks sent from edge devices                                            :             100 % (7532 among 7532 generated tasks)
2026/05/07 22:03:38 - simulation time     660 (s) : -------------------------------------All values below are based on the sent tasks-------------------------------------
2026/05/07 22:03:38 - simulation time     660 (s) : SimLog- Tasks ETE delay                                                         :     27972.5034 seconds
2026/05/07 22:03:38 - simulation time     660 (s) : SimLog- Average tasks ETE delay                                                 :          4.349 seconds
2026/05/07 22:03:38 - simulation time     660 (s) : SimLog- Tasks execution delay                                                   :      7250.4432 seconds
2026/05/07 22:03:38 - simulation time     660 (s) : SimLog- Average tasks execution delay                                           :         0.9979 seconds
2026/05/07 22:03:38 - simulation time     660 (s) : SimLog- Tasks waiting time (from task submiting to the execution start)         :       346.2445 seconds
2026/05/07 22:03:38 - simulation time     660 (s) : SimLog- Average tasks waiting time (from task submiting to the execution start) :         0.0477 seconds
2026/05/07 22:03:38 - simulation time     660 (s) : SimLog- Tasks successfully executed                                             :        85.4089 % (6433 among 7532 sent tasks)
2026/05/07 22:03:38 - simulation time     660 (s) : SimLog- Tasks failures
2026/05/07 22:03:38 - simulation time     660 (s) :                                        Not executed due to resources unavailable:              0 % (0 tasks)
2026/05/07 22:03:38 - simulation time     660 (s) :                               Successfully executed but failed due to high delay:        14.2459 % (1073 tasks from 7532 successfully sent tasks)
2026/05/07 22:03:38 - simulation time     660 (s) :                  Tasks execution results not returned because the device is dead:              0 % (0 tasks)
2026/05/07 22:03:38 - simulation time     660 (s) :                      Tasks execution results not returned due to device mobility:         0.3452 % (26 tasks)
2026/05/07 22:03:38 - simulation time     660 (s) : SimLog- Tasks executed on each level                                : Cloud=           1316 tasks (where 1147 were successfully executed)
2026/05/07 22:03:38 - simulation time     660 (s) :                                                                        Edge=           1172 tasks (where 1023 were successfully executed)
2026/05/07 22:03:38 - simulation time     660 (s) :                                                                        Mist=           5044 tasks (where 4263 were successfully executed)
2026/05/07 22:03:38 - simulation time     660 (s) : SimLog- Network usage                                                           :          14720 seconds (The total traffic: 35413.35 (MBytes))
2026/05/07 22:03:38 - simulation time     660 (s) :                                                                         Wan=           1333 seconds (9.0557 % of total usage, WAN used when downloading containers=0 % of WAN usage)
2026/05/07 22:03:38 - simulation time     660 (s) :                                                                         Lan=          14720 seconds (100 % of total usage, LAN used when downloading containers=0 % of LAN usage)
2026/05/07 22:03:38 - simulation time     660 (s) :                                                    Average bandwidth per transfer=       932.7945 Mbps  
2026/05/07 22:03:38 - simulation time     660 (s) : SimLog- Average vm CPU utilization                                              :         0.2916 %
2026/05/07 22:03:38 - simulation time     660 (s) : SimLog- Average vm CPU utilization per level                             : Cloud=         0.0028 %
2026/05/07 22:03:38 - simulation time     660 (s) :                                                                             Edge=         0.0911 %
2026/05/07 22:03:38 - simulation time     660 (s) :                                                                             Mist=         0.3084 %
2026/05/07 22:03:38 - simulation time     660 (s) : SimLog- Energy consumption                                                      :106849025636200430000 W,   200.2877 dBW
2026/05/07 22:03:38 - simulation time     660 (s) :                                                                                 :(Average:168001612635535264 W/data center(or device), 172.2531 dBW/data center(or device))
2026/05/07 22:03:38 - simulation time     660 (s) :                                                                                 :(Average:14223778705564488 W/task, 161.5301 dBW/task)
2026/05/07 22:03:38 - simulation time     660 (s) : SimLog- Energy Consumption per level                                     : Cloud=28229175874904326000 W,    194.507 dBW
2026/05/07 22:03:38 - simulation time     660 (s) :                                                                                 :(Average:1568287548605795840 W/data center, 181.9543 dBW/data center)
2026/05/07 22:03:38 - simulation time     660 (s) :                                                                             Edge= 9408402017728096000 W,   189.7352 dBW
2026/05/07 22:03:38 - simulation time     660 (s) :                                                                                 :(Average:392016750738670660 W/data center, 175.933 dBW/data center)
2026/05/07 22:03:38 - simulation time     660 (s) :                                                                             Mist=69211447743568010000 W,   198.4018 dBW
2026/05/07 22:03:38 - simulation time     660 (s) :                                                                                 :(Average:116517588793885536 W/edge device, 170.6639 dBW/edge device)
2026/05/07 22:03:38 - simulation time     660 (s) : SimLog- Dead edge devices due to battery drain                                  :              0 devices (Among 0 devices with batteries (NaN %))
2026/05/07 22:03:38 - simulation time     660 (s) : SimLog- Average remaining power (devices with batteries that are still alive)   :              0 Wh (Average: 0 %)
2026/05/07 22:03:38 - simulation time     660 (s) : SimulationManager- the Scenario Simulation overflow times :8

================== Simulation finished at time 691.50 ==================


SimLog- Iteration finished...

######################################################################################################################################################################
Starting CloudSim Plus 4.3.0

2026/05/07 22:03:39 - simulation time       0 (s) : ServersManager- Datacenters and devices were generated
2026/05/07 22:03:39 - simulation time       0 (s) : SimulationManager-  Orchestration algorithm= TRADI_POLLING-  Architechitecture= ALL -  number of edge devices= 660
2026/05/07 22:03:39 - simulation time       0 (s) : SimulationManager- Simulation: 1  , iteration: 85
2026/05/07 22:04:06 - simulation time     660 (s) : 
2026/05/07 22:04:06 - simulation time     660 (s) : ------------------------------------------------------- OUTPUT -------------------------------------------------------
2026/05/07 22:04:06 - simulation time     660 (s) : 
2026/05/07 22:04:06 - simulation time     660 (s) : SimLog- Tasks not sent because device died (low energy)                         :               0 % (0 tasks)
2026/05/07 22:04:06 - simulation time     660 (s) : SimLog- Tasks sent from edge devices                                            :             100 % (8350 among 8350 generated tasks)
2026/05/07 22:04:06 - simulation time     660 (s) : -------------------------------------All values below are based on the sent tasks-------------------------------------
2026/05/07 22:04:06 - simulation time     660 (s) : SimLog- Tasks ETE delay                                                         :     31448.3646 seconds
2026/05/07 22:04:06 - simulation time     660 (s) : SimLog- Average tasks ETE delay                                                 :         4.4412 seconds
2026/05/07 22:04:06 - simulation time     660 (s) : SimLog- Tasks execution delay                                                   :      7696.6189 seconds
2026/05/07 22:04:06 - simulation time     660 (s) : SimLog- Average tasks execution delay                                           :         0.9646 seconds
2026/05/07 22:04:06 - simulation time     660 (s) : SimLog- Tasks waiting time (from task submiting to the execution start)         :      1264.2318 seconds
2026/05/07 22:04:06 - simulation time     660 (s) : SimLog- Average tasks waiting time (from task submiting to the execution start) :         0.1584 seconds
2026/05/07 22:04:06 - simulation time     660 (s) : SimLog- Tasks successfully executed                                             :        84.8144 % (7082 among 8350 sent tasks)
2026/05/07 22:04:06 - simulation time     660 (s) : SimLog- Tasks failures
2026/05/07 22:04:06 - simulation time     660 (s) :                                        Not executed due to resources unavailable:              0 % (0 tasks)
2026/05/07 22:04:06 - simulation time     660 (s) :                               Successfully executed but failed due to high delay:        14.8862 % (1243 tasks from 8350 successfully sent tasks)
2026/05/07 22:04:06 - simulation time     660 (s) :                  Tasks execution results not returned because the device is dead:              0 % (0 tasks)
2026/05/07 22:04:06 - simulation time     660 (s) :                      Tasks execution results not returned due to device mobility:         0.2994 % (25 tasks)
2026/05/07 22:04:06 - simulation time     660 (s) : SimLog- Tasks executed on each level                                : Cloud=           1392 tasks (where 1211 were successfully executed)
2026/05/07 22:04:06 - simulation time     660 (s) :                                                                        Edge=           1271 tasks (where 1058 were successfully executed)
2026/05/07 22:04:06 - simulation time     660 (s) :                                                                        Mist=           5687 tasks (where 4813 were successfully executed)
2026/05/07 22:04:06 - simulation time     660 (s) : SimLog- Network usage                                                           :          16251 seconds (The total traffic: 37814.4 (MBytes))
2026/05/07 22:04:06 - simulation time     660 (s) :                                                                         Wan=           1405 seconds (8.6456 % of total usage, WAN used when downloading containers=0 % of WAN usage)
2026/05/07 22:04:06 - simulation time     660 (s) :                                                                         Lan=          16251 seconds (100 % of total usage, LAN used when downloading containers=0 % of LAN usage)
2026/05/07 22:04:06 - simulation time     660 (s) :                                                    Average bandwidth per transfer=       931.6151 Mbps  
2026/05/07 22:04:06 - simulation time     660 (s) : SimLog- Average vm CPU utilization                                              :         0.2756 %
2026/05/07 22:04:06 - simulation time     660 (s) : SimLog- Average vm CPU utilization per level                             : Cloud=         0.0017 %
2026/05/07 22:04:06 - simulation time     660 (s) :                                                                             Edge=         0.0929 %
2026/05/07 22:04:06 - simulation time     660 (s) :                                                                             Mist=         0.2897 %
2026/05/07 22:04:06 - simulation time     660 (s) : SimLog- Energy consumption                                                      :114686943282792250000 W,   200.5951 dBW
2026/05/07 22:04:06 - simulation time     660 (s) :                                                                                 :(Average:163371714078051648 W/data center(or device), 172.1318 dBW/data center(or device))
2026/05/07 22:04:06 - simulation time     660 (s) :                                                                                 :(Average:13766287754506332 W/task, 161.3882 dBW/task)
2026/05/07 22:04:06 - simulation time     660 (s) : SimLog- Energy Consumption per level                                     : Cloud=31466188994383643000 W,   194.9784 dBW
2026/05/07 22:04:06 - simulation time     660 (s) :                                                                                 :(Average:1748121610799091200 W/data center, 182.4257 dBW/data center)
2026/05/07 22:04:06 - simulation time     660 (s) :                                                                             Edge= 9090358227391302700 W,   189.5858 dBW
2026/05/07 22:04:06 - simulation time     660 (s) :                                                                                 :(Average:378764926141304260 W/data center, 175.7837 dBW/data center)
2026/05/07 22:04:06 - simulation time     660 (s) :                                                                             Mist=74130396061017310000 W,      198.7 dBW
2026/05/07 22:04:06 - simulation time     660 (s) :                                                                                 :(Average:112318781910632288 W/edge device, 170.5045 dBW/edge device)
2026/05/07 22:04:06 - simulation time     660 (s) : SimLog- Dead edge devices due to battery drain                                  :              0 devices (Among 0 devices with batteries (NaN %))
2026/05/07 22:04:06 - simulation time     660 (s) : SimLog- Average remaining power (devices with batteries that are still alive)   :              0 Wh (Average: 0 %)
2026/05/07 22:04:06 - simulation time     660 (s) : SimulationManager- the Scenario Simulation overflow times :9

================== Simulation finished at time 691.50 ==================


SimLog- Iteration finished...

######################################################################################################################################################################
Starting CloudSim Plus 4.3.0

2026/05/07 22:04:07 - simulation time       0 (s) : ServersManager- Datacenters and devices were generated
2026/05/07 22:04:07 - simulation time       0 (s) : SimulationManager-  Orchestration algorithm= TRADI_POLLING-  Architechitecture= ALL -  number of edge devices= 726
2026/05/07 22:04:07 - simulation time       0 (s) : SimulationManager- Simulation: 1  , iteration: 86
2026/05/07 22:04:35 - simulation time     660 (s) : 
2026/05/07 22:04:35 - simulation time     660 (s) : ------------------------------------------------------- OUTPUT -------------------------------------------------------
2026/05/07 22:04:35 - simulation time     660 (s) : 
2026/05/07 22:04:35 - simulation time     660 (s) : SimLog- Tasks not sent because device died (low energy)                         :               0 % (0 tasks)
2026/05/07 22:04:35 - simulation time     660 (s) : SimLog- Tasks sent from edge devices                                            :             100 % (9216 among 9216 generated tasks)
2026/05/07 22:04:35 - simulation time     660 (s) : -------------------------------------All values below are based on the sent tasks-------------------------------------
2026/05/07 22:04:35 - simulation time     660 (s) : SimLog- Tasks ETE delay                                                         :     36243.1774 seconds
2026/05/07 22:04:35 - simulation time     660 (s) : SimLog- Average tasks ETE delay                                                 :         4.7877 seconds
2026/05/07 22:04:35 - simulation time     660 (s) : SimLog- Tasks execution delay                                                   :      8890.2559 seconds
2026/05/07 22:04:35 - simulation time     660 (s) : SimLog- Average tasks execution delay                                           :         1.0296 seconds
2026/05/07 22:04:35 - simulation time     660 (s) : SimLog- Tasks waiting time (from task submiting to the execution start)         :      3525.2054 seconds
2026/05/07 22:04:35 - simulation time     660 (s) : SimLog- Average tasks waiting time (from task submiting to the execution start) :         0.4082 seconds
2026/05/07 22:04:35 - simulation time     660 (s) : SimLog- Tasks successfully executed                                             :        82.1398 % (7570 among 9216 sent tasks)
2026/05/07 22:04:35 - simulation time     660 (s) : SimLog- Tasks failures
2026/05/07 22:04:35 - simulation time     660 (s) :                                        Not executed due to resources unavailable:              0 % (0 tasks)
2026/05/07 22:04:35 - simulation time     660 (s) :                               Successfully executed but failed due to high delay:         17.513 % (1614 tasks from 9216 successfully sent tasks)
2026/05/07 22:04:35 - simulation time     660 (s) :                  Tasks execution results not returned because the device is dead:              0 % (0 tasks)
2026/05/07 22:04:35 - simulation time     660 (s) :                      Tasks execution results not returned due to device mobility:         0.3472 % (32 tasks)
2026/05/07 22:04:35 - simulation time     660 (s) : SimLog- Tasks executed on each level                                : Cloud=           1340 tasks (where 1121 were successfully executed)
2026/05/07 22:04:35 - simulation time     660 (s) :                                                                        Edge=           1505 tasks (where 1269 were successfully executed)
2026/05/07 22:04:35 - simulation time     660 (s) :                                                                        Mist=           6371 tasks (where 5180 were successfully executed)
2026/05/07 22:04:35 - simulation time     660 (s) : SimLog- Network usage                                                           :          17752 seconds (The total traffic: 44917.7 (MBytes))
2026/05/07 22:04:35 - simulation time     660 (s) :                                                                         Wan=           1349 seconds (7.5991 % of total usage, WAN used when downloading containers=0 % of WAN usage)
2026/05/07 22:04:35 - simulation time     660 (s) :                                                                         Lan=          17752 seconds (100 % of total usage, LAN used when downloading containers=0 % of LAN usage)
2026/05/07 22:04:35 - simulation time     660 (s) :                                                    Average bandwidth per transfer=       936.4925 Mbps  
2026/05/07 22:04:35 - simulation time     660 (s) : SimLog- Average vm CPU utilization                                              :         0.3425 %
2026/05/07 22:04:35 - simulation time     660 (s) : SimLog- Average vm CPU utilization per level                             : Cloud=         0.0294 %
2026/05/07 22:04:35 - simulation time     660 (s) :                                                                             Edge=         0.1387 %
2026/05/07 22:04:35 - simulation time     660 (s) :                                                                             Mist=          0.357 %
2026/05/07 22:04:35 - simulation time     660 (s) : SimLog- Energy consumption                                                      :119330520714887380000 W,   200.7675 dBW
2026/05/07 22:04:35 - simulation time     660 (s) :                                                                                 :(Average:155378282180842944 W/data center(or device), 171.9139 dBW/data center(or device))
2026/05/07 22:04:35 - simulation time     660 (s) :                                                                                 :(Average:12981997466806722 W/task, 161.1334 dBW/task)
2026/05/07 22:04:35 - simulation time     660 (s) : SimLog- Energy Consumption per level                                     : Cloud=26874358972857483000 W,   194.2934 dBW
2026/05/07 22:04:35 - simulation time     660 (s) :                                                                                 :(Average:1493019942936526850 W/data center, 181.7407 dBW/data center)
2026/05/07 22:04:35 - simulation time     660 (s) :                                                                             Edge=12692920931604451000 W,   191.0356 dBW
2026/05/07 22:04:35 - simulation time     660 (s) :                                                                                 :(Average:528871705483518780 W/data center, 177.2335 dBW/data center)
2026/05/07 22:04:35 - simulation time     660 (s) :                                                                             Mist=79763240810425450000 W,    199.018 dBW
2026/05/07 22:04:35 - simulation time     660 (s) :                                                                                 :(Average:109866722879373904 W/edge device, 170.4087 dBW/edge device)
2026/05/07 22:04:35 - simulation time     660 (s) : SimLog- Dead edge devices due to battery drain                                  :              0 devices (Among 0 devices with batteries (NaN %))
2026/05/07 22:04:35 - simulation time     660 (s) : SimLog- Average remaining power (devices with batteries that are still alive)   :              0 Wh (Average: 0 %)
2026/05/07 22:04:35 - simulation time     660 (s) : SimulationManager- the Scenario Simulation overflow times :9

================== Simulation finished at time 691.50 ==================


SimLog- Iteration finished...

######################################################################################################################################################################
Starting CloudSim Plus 4.3.0

2026/05/07 22:04:35 - simulation time       0 (s) : ServersManager- Datacenters and devices were generated
2026/05/07 22:04:35 - simulation time       0 (s) : SimulationManager-  Orchestration algorithm= TRADI_POLLING-  Architechitecture= ALL -  number of edge devices= 792
2026/05/07 22:04:35 - simulation time       0 (s) : SimulationManager- Simulation: 1  , iteration: 87
2026/05/07 22:04:57 - simulation time     660 (s) : 
2026/05/07 22:04:57 - simulation time     660 (s) : ------------------------------------------------------- OUTPUT -------------------------------------------------------
2026/05/07 22:04:57 - simulation time     660 (s) : 
2026/05/07 22:04:57 - simulation time     660 (s) : SimLog- Tasks not sent because device died (low energy)                         :               0 % (0 tasks)
2026/05/07 22:04:57 - simulation time     660 (s) : SimLog- Tasks sent from edge devices                                            :             100 % (10038 among 10038 generated tasks)
2026/05/07 22:04:57 - simulation time     660 (s) : -------------------------------------All values below are based on the sent tasks-------------------------------------
2026/05/07 22:04:57 - simulation time     660 (s) : SimLog- Tasks ETE delay                                                         :     42807.7555 seconds
2026/05/07 22:04:57 - simulation time     660 (s) : SimLog- Average tasks ETE delay                                                 :         5.2192 seconds
2026/05/07 22:04:57 - simulation time     660 (s) : SimLog- Tasks execution delay                                                   :      9357.6803 seconds
2026/05/07 22:04:57 - simulation time     660 (s) : SimLog- Average tasks execution delay                                           :         1.0095 seconds
2026/05/07 22:04:57 - simulation time     660 (s) : SimLog- Tasks waiting time (from task submiting to the execution start)         :      7559.7121 seconds
2026/05/07 22:04:57 - simulation time     660 (s) : SimLog- Average tasks waiting time (from task submiting to the execution start) :         0.8155 seconds
2026/05/07 22:04:57 - simulation time     660 (s) : SimLog- Tasks successfully executed                                             :        81.7195 % (8203 among 10038 sent tasks)
2026/05/07 22:04:57 - simulation time     660 (s) : SimLog- Tasks failures
2026/05/07 22:04:57 - simulation time     660 (s) :                                        Not executed due to resources unavailable:              0 % (0 tasks)
2026/05/07 22:04:57 - simulation time     660 (s) :                               Successfully executed but failed due to high delay:         17.892 % (1796 tasks from 10038 successfully sent tasks)
2026/05/07 22:04:57 - simulation time     660 (s) :                  Tasks execution results not returned because the device is dead:              0 % (0 tasks)
2026/05/07 22:04:57 - simulation time     660 (s) :                      Tasks execution results not returned due to device mobility:         0.3885 % (39 tasks)
2026/05/07 22:04:57 - simulation time     660 (s) : SimLog- Tasks executed on each level                                : Cloud=           1420 tasks (where 1196 were successfully executed)
2026/05/07 22:04:57 - simulation time     660 (s) :                                                                        Edge=           1493 tasks (where 1269 were successfully executed)
2026/05/07 22:04:57 - simulation time     660 (s) :                                                                        Mist=           7125 tasks (where 5738 were successfully executed)
2026/05/07 22:04:57 - simulation time     660 (s) : SimLog- Network usage                                                           :          19257 seconds (The total traffic: 42984.15 (MBytes))
2026/05/07 22:04:57 - simulation time     660 (s) :                                                                         Wan=           1432 seconds (7.4363 % of total usage, WAN used when downloading containers=0 % of WAN usage)
2026/05/07 22:04:57 - simulation time     660 (s) :                                                                         Lan=          19257 seconds (100 % of total usage, LAN used when downloading containers=0 % of LAN usage)
2026/05/07 22:04:57 - simulation time     660 (s) :                                                    Average bandwidth per transfer=       939.9121 Mbps  
2026/05/07 22:04:57 - simulation time     660 (s) : SimLog- Average vm CPU utilization                                              :         0.2817 %
2026/05/07 22:04:57 - simulation time     660 (s) : SimLog- Average vm CPU utilization per level                             : Cloud=         0.0412 %
2026/05/07 22:04:57 - simulation time     660 (s) :                                                                             Edge=         0.1206 %
2026/05/07 22:04:57 - simulation time     660 (s) :                                                                             Mist=         0.2921 %
2026/05/07 22:04:57 - simulation time     660 (s) : SimLog- Energy consumption                                                      :118322888566104590000 W,   200.7307 dBW
2026/05/07 22:04:57 - simulation time     660 (s) :                                                                                 :(Average:141873967105640992 W/data center(or device), 171.519 dBW/data center(or device))
2026/05/07 22:04:57 - simulation time     660 (s) :                                                                                 :(Average:11815746811074954 W/task, 160.7246 dBW/task)
2026/05/07 22:04:57 - simulation time     660 (s) : SimLog- Energy Consumption per level                                     : Cloud=26428654108113404000 W,   194.2208 dBW
2026/05/07 22:04:57 - simulation time     660 (s) :                                                                                 :(Average:1468258561561855740 W/data center, 181.668 dBW/data center)
2026/05/07 22:04:57 - simulation time     660 (s) :                                                                             Edge=12311950368924707000 W,   190.9033 dBW
2026/05/07 22:04:57 - simulation time     660 (s) :                                                                                 :(Average:512997932038529470 W/data center, 177.1012 dBW/data center)
2026/05/07 22:04:57 - simulation time     660 (s) :                                                                             Mist=79582284089066470000 W,   199.0082 dBW
2026/05/07 22:04:57 - simulation time     660 (s) :                                                                                 :(Average:100482681930639488 W/edge device, 170.0209 dBW/edge device)
2026/05/07 22:04:57 - simulation time     660 (s) : SimLog- Dead edge devices due to battery drain                                  :              0 devices (Among 0 devices with batteries (NaN %))
2026/05/07 22:04:57 - simulation time     660 (s) : SimLog- Average remaining power (devices with batteries that are still alive)   :              0 Wh (Average: 0 %)
2026/05/07 22:04:57 - simulation time     660 (s) : SimulationManager- the Scenario Simulation overflow times :10

================== Simulation finished at time 691.50 ==================


SimLog- Iteration finished...

######################################################################################################################################################################
Starting CloudSim Plus 4.3.0

2026/05/07 22:04:57 - simulation time       0 (s) : ServersManager- Datacenters and devices were generated
2026/05/07 22:04:57 - simulation time       0 (s) : SimulationManager-  Orchestration algorithm= TRADI_POLLING-  Architechitecture= ALL -  number of edge devices= 858
2026/05/07 22:04:57 - simulation time       0 (s) : SimulationManager- Simulation: 1  , iteration: 88
2026/05/07 22:05:22 - simulation time     660 (s) : 
2026/05/07 22:05:22 - simulation time     660 (s) : ------------------------------------------------------- OUTPUT -------------------------------------------------------
2026/05/07 22:05:22 - simulation time     660 (s) : 
2026/05/07 22:05:22 - simulation time     660 (s) : SimLog- Tasks not sent because device died (low energy)                         :               0 % (0 tasks)
2026/05/07 22:05:22 - simulation time     660 (s) : SimLog- Tasks sent from edge devices                                            :             100 % (10876 among 10876 generated tasks)
2026/05/07 22:05:22 - simulation time     660 (s) : -------------------------------------All values below are based on the sent tasks-------------------------------------
2026/05/07 22:05:22 - simulation time     660 (s) : SimLog- Tasks ETE delay                                                         :     52400.3061 seconds
2026/05/07 22:05:22 - simulation time     660 (s) : SimLog- Average tasks ETE delay                                                 :         5.8287 seconds
2026/05/07 22:05:22 - simulation time     660 (s) : SimLog- Tasks execution delay                                                   :     10646.2153 seconds
2026/05/07 22:05:22 - simulation time     660 (s) : SimLog- Average tasks execution delay                                           :          1.059 seconds
2026/05/07 22:05:22 - simulation time     660 (s) : SimLog- Tasks waiting time (from task submiting to the execution start)         :     12619.8995 seconds
2026/05/07 22:05:22 - simulation time     660 (s) : SimLog- Average tasks waiting time (from task submiting to the execution start) :         1.2553 seconds
2026/05/07 22:05:22 - simulation time     660 (s) : SimLog- Tasks successfully executed                                             :        82.6683 % (8991 among 10876 sent tasks)
2026/05/07 22:05:22 - simulation time     660 (s) : SimLog- Tasks failures
2026/05/07 22:05:22 - simulation time     660 (s) :                                        Not executed due to resources unavailable:              0 % (0 tasks)
2026/05/07 22:05:22 - simulation time     660 (s) :                               Successfully executed but failed due to high delay:        16.9364 % (1842 tasks from 10876 successfully sent tasks)
2026/05/07 22:05:22 - simulation time     660 (s) :                  Tasks execution results not returned because the device is dead:              0 % (0 tasks)
2026/05/07 22:05:22 - simulation time     660 (s) :                      Tasks execution results not returned due to device mobility:         0.3954 % (43 tasks)
2026/05/07 22:05:22 - simulation time     660 (s) : SimLog- Tasks executed on each level                                : Cloud=           1408 tasks (where 1235 were successfully executed)
2026/05/07 22:05:22 - simulation time     660 (s) :                                                                        Edge=           1503 tasks (where 1237 were successfully executed)
2026/05/07 22:05:22 - simulation time     660 (s) :                                                                        Mist=           7965 tasks (where 6519 were successfully executed)
2026/05/07 22:05:22 - simulation time     660 (s) : SimLog- Network usage                                                           :          20889 seconds (The total traffic: 52190.8 (MBytes))
2026/05/07 22:05:22 - simulation time     660 (s) :                                                                         Wan=           1432 seconds (6.8553 % of total usage, WAN used when downloading containers=0 % of WAN usage)
2026/05/07 22:05:22 - simulation time     660 (s) :                                                                         Lan=          20889 seconds (100 % of total usage, LAN used when downloading containers=0 % of LAN usage)
2026/05/07 22:05:22 - simulation time     660 (s) :                                                    Average bandwidth per transfer=       944.0739 Mbps  
2026/05/07 22:05:22 - simulation time     660 (s) : SimLog- Average vm CPU utilization                                              :         0.3653 %
2026/05/07 22:05:22 - simulation time     660 (s) : SimLog- Average vm CPU utilization per level                             : Cloud=         0.0439 %
2026/05/07 22:05:22 - simulation time     660 (s) :                                                                             Edge=         0.1901 %
2026/05/07 22:05:22 - simulation time     660 (s) :                                                                             Mist=          0.377 %
2026/05/07 22:05:22 - simulation time     660 (s) : SimLog- Energy consumption                                                      :141092462034424270000 W,    201.495 dBW
2026/05/07 22:05:22 - simulation time     660 (s) :                                                                                 :(Average:156769402260471392 W/data center(or device), 171.9526 dBW/data center(or device))
2026/05/07 22:05:22 - simulation time     660 (s) :                                                                                 :(Average:12995529339083012 W/task, 161.1379 dBW/task)
2026/05/07 22:05:22 - simulation time     660 (s) : SimLog- Energy Consumption per level                                     : Cloud=33796197983018420000 W,   195.2887 dBW
2026/05/07 22:05:22 - simulation time     660 (s) :                                                                                 :(Average:1877566554612134400 W/data center, 182.736 dBW/data center)
2026/05/07 22:05:22 - simulation time     660 (s) :                                                                             Edge=13839854898860284000 W,   191.4113 dBW
2026/05/07 22:05:22 - simulation time     660 (s) :                                                                                 :(Average:576660620785845120 W/data center, 177.6092 dBW/data center)
2026/05/07 22:05:22 - simulation time     660 (s) :                                                                             Mist=93456409152545570000 W,   199.7061 dBW
2026/05/07 22:05:22 - simulation time     660 (s) :                                                                                 :(Average:108923553790845648 W/edge device, 170.3712 dBW/edge device)
2026/05/07 22:05:22 - simulation time     660 (s) : SimLog- Dead edge devices due to battery drain                                  :              0 devices (Among 0 devices with batteries (NaN %))
2026/05/07 22:05:22 - simulation time     660 (s) : SimLog- Average remaining power (devices with batteries that are still alive)   :              0 Wh (Average: 0 %)
2026/05/07 22:05:22 - simulation time     660 (s) : SimulationManager- the Scenario Simulation overflow times :11

================== Simulation finished at time 691.50 ==================


SimLog- Iteration finished...

######################################################################################################################################################################
Starting CloudSim Plus 4.3.0

2026/05/07 22:05:22 - simulation time       0 (s) : ServersManager- Datacenters and devices were generated
2026/05/07 22:05:22 - simulation time       0 (s) : SimulationManager-  Orchestration algorithm= TRADI_POLLING-  Architechitecture= ALL -  number of edge devices= 924
2026/05/07 22:05:22 - simulation time       0 (s) : SimulationManager- Simulation: 1  , iteration: 89
2026/05/07 22:05:51 - simulation time     660 (s) : 
2026/05/07 22:05:51 - simulation time     660 (s) : ------------------------------------------------------- OUTPUT -------------------------------------------------------
2026/05/07 22:05:51 - simulation time     660 (s) : 
2026/05/07 22:05:51 - simulation time     660 (s) : SimLog- Tasks not sent because device died (low energy)                         :               0 % (0 tasks)
2026/05/07 22:05:51 - simulation time     660 (s) : SimLog- Tasks sent from edge devices                                            :             100 % (11728 among 11728 generated tasks)
2026/05/07 22:05:51 - simulation time     660 (s) : -------------------------------------All values below are based on the sent tasks-------------------------------------
2026/05/07 22:05:51 - simulation time     660 (s) : SimLog- Tasks ETE delay                                                         :     60694.3323 seconds
2026/05/07 22:05:51 - simulation time     660 (s) : SimLog- Average tasks ETE delay                                                 :         6.3329 seconds
2026/05/07 22:05:51 - simulation time     660 (s) : SimLog- Tasks execution delay                                                   :     11565.4765 seconds
2026/05/07 22:05:51 - simulation time     660 (s) : SimLog- Average tasks execution delay                                           :          1.072 seconds
2026/05/07 22:05:51 - simulation time     660 (s) : SimLog- Tasks waiting time (from task submiting to the execution start)         :     18484.9851 seconds
2026/05/07 22:05:51 - simulation time     660 (s) : SimLog- Average tasks waiting time (from task submiting to the execution start) :         1.7133 seconds
2026/05/07 22:05:51 - simulation time     660 (s) : SimLog- Tasks successfully executed                                             :         81.719 % (9584 among 11728 sent tasks)
2026/05/07 22:05:51 - simulation time     660 (s) : SimLog- Tasks failures
2026/05/07 22:05:51 - simulation time     660 (s) :                                        Not executed due to resources unavailable:              0 % (0 tasks)
2026/05/07 22:05:51 - simulation time     660 (s) :                               Successfully executed but failed due to high delay:        17.7353 % (2080 tasks from 11728 successfully sent tasks)
2026/05/07 22:05:51 - simulation time     660 (s) :                  Tasks execution results not returned because the device is dead:              0 % (0 tasks)
2026/05/07 22:05:51 - simulation time     660 (s) :                      Tasks execution results not returned due to device mobility:         0.5457 % (64 tasks)
2026/05/07 22:05:51 - simulation time     660 (s) : SimLog- Tasks executed on each level                                : Cloud=           1466 tasks (where 1211 were successfully executed)
2026/05/07 22:05:51 - simulation time     660 (s) :                                                                        Edge=           1580 tasks (where 1314 were successfully executed)
2026/05/07 22:05:51 - simulation time     660 (s) :                                                                        Mist=           8682 tasks (where 7059 were successfully executed)
2026/05/07 22:05:51 - simulation time     660 (s) : SimLog- Network usage                                                           :          22485 seconds (The total traffic: 56576.55 (MBytes))
2026/05/07 22:05:51 - simulation time     660 (s) :                                                                         Wan=           1486 seconds (6.6089 % of total usage, WAN used when downloading containers=0 % of WAN usage)
2026/05/07 22:05:51 - simulation time     660 (s) :                                                                         Lan=          22485 seconds (100 % of total usage, LAN used when downloading containers=0 % of LAN usage)
2026/05/07 22:05:51 - simulation time     660 (s) :                                                    Average bandwidth per transfer=        944.012 Mbps  
2026/05/07 22:05:51 - simulation time     660 (s) : SimLog- Average vm CPU utilization                                              :         0.3424 %
2026/05/07 22:05:51 - simulation time     660 (s) : SimLog- Average vm CPU utilization per level                             : Cloud=         0.0345 %
2026/05/07 22:05:51 - simulation time     660 (s) :                                                                             Edge=         0.1748 %
2026/05/07 22:05:51 - simulation time     660 (s) :                                                                             Mist=         0.3527 %
2026/05/07 22:05:51 - simulation time     660 (s) : SimLog- Energy consumption                                                      :149631051259954230000 W,   201.7502 dBW
2026/05/07 22:05:51 - simulation time     660 (s) :                                                                                 :(Average:154897568592085120 W/data center(or device), 171.9004 dBW/data center(or device))
2026/05/07 22:05:51 - simulation time     660 (s) :                                                                                 :(Average:12791165264143806 W/task, 161.0691 dBW/task)
2026/05/07 22:05:51 - simulation time     660 (s) : SimLog- Energy Consumption per level                                     : Cloud=32356625446506295000 W,   195.0996 dBW
2026/05/07 22:05:51 - simulation time     660 (s) :                                                                                 :(Average:1797590302583683070 W/data center, 182.5469 dBW/data center)
2026/05/07 22:05:51 - simulation time     660 (s) :                                                                             Edge=15562170278751228000 W,   191.9207 dBW
2026/05/07 22:05:51 - simulation time     660 (s) :                                                                                 :(Average:648423761614634500 W/data center, 178.1186 dBW/data center)
2026/05/07 22:05:51 - simulation time     660 (s) :                                                                             Mist=101712255534696710000 W,   200.0737 dBW
2026/05/07 22:05:51 - simulation time     660 (s) :                                                                                 :(Average:110078198630624144 W/edge device, 170.417 dBW/edge device)
2026/05/07 22:05:51 - simulation time     660 (s) : SimLog- Dead edge devices due to battery drain                                  :              0 devices (Among 0 devices with batteries (NaN %))
2026/05/07 22:05:51 - simulation time     660 (s) : SimLog- Average remaining power (devices with batteries that are still alive)   :              0 Wh (Average: 0 %)
2026/05/07 22:05:51 - simulation time     660 (s) : SimulationManager- the Scenario Simulation overflow times :11

================== Simulation finished at time 691.50 ==================


SimLog- Iteration finished...

######################################################################################################################################################################
Starting CloudSim Plus 4.3.0

2026/05/07 22:05:51 - simulation time       0 (s) : ServersManager- Datacenters and devices were generated
2026/05/07 22:05:51 - simulation time       0 (s) : SimulationManager-  Orchestration algorithm= TRADI_POLLING-  Architechitecture= ALL -  number of edge devices= 990
2026/05/07 22:05:51 - simulation time       0 (s) : SimulationManager- Simulation: 1  , iteration: 90
2026/05/07 22:06:26 - simulation time     660 (s) : 
2026/05/07 22:06:26 - simulation time     660 (s) : ------------------------------------------------------- OUTPUT -------------------------------------------------------
2026/05/07 22:06:26 - simulation time     660 (s) : 
2026/05/07 22:06:26 - simulation time     660 (s) : SimLog- Tasks not sent because device died (low energy)                         :               0 % (0 tasks)
2026/05/07 22:06:26 - simulation time     660 (s) : SimLog- Tasks sent from edge devices                                            :             100 % (12526 among 12526 generated tasks)
2026/05/07 22:06:26 - simulation time     660 (s) : -------------------------------------All values below are based on the sent tasks-------------------------------------
2026/05/07 22:06:26 - simulation time     660 (s) : SimLog- Tasks ETE delay                                                         :     70831.8401 seconds
2026/05/07 22:06:26 - simulation time     660 (s) : SimLog- Average tasks ETE delay                                                 :         6.8675 seconds
2026/05/07 22:06:26 - simulation time     660 (s) : SimLog- Tasks execution delay                                                   :     12893.9172 seconds
2026/05/07 22:06:26 - simulation time     660 (s) : SimLog- Average tasks execution delay                                           :         1.1137 seconds
2026/05/07 22:06:26 - simulation time     660 (s) : SimLog- Tasks waiting time (from task submiting to the execution start)         :     24768.1869 seconds
2026/05/07 22:06:26 - simulation time     660 (s) : SimLog- Average tasks waiting time (from task submiting to the execution start) :         2.1392 seconds
2026/05/07 22:06:26 - simulation time     660 (s) : SimLog- Tasks successfully executed                                             :        82.3487 % (10315 among 12526 sent tasks)
2026/05/07 22:06:26 - simulation time     660 (s) : SimLog- Tasks failures
2026/05/07 22:06:26 - simulation time     660 (s) :                                        Not executed due to resources unavailable:              0 % (0 tasks)
2026/05/07 22:06:26 - simulation time     660 (s) :                               Successfully executed but failed due to high delay:        17.0286 % (2133 tasks from 12526 successfully sent tasks)
2026/05/07 22:06:26 - simulation time     660 (s) :                  Tasks execution results not returned because the device is dead:              0 % (0 tasks)
2026/05/07 22:06:26 - simulation time     660 (s) :                      Tasks execution results not returned due to device mobility:         0.6227 % (78 tasks)
2026/05/07 22:06:26 - simulation time     660 (s) : SimLog- Tasks executed on each level                                : Cloud=           1492 tasks (where 1268 were successfully executed)
2026/05/07 22:06:26 - simulation time     660 (s) :                                                                        Edge=           1659 tasks (where 1382 were successfully executed)
2026/05/07 22:06:26 - simulation time     660 (s) :                                                                        Mist=           9375 tasks (where 7665 were successfully executed)
2026/05/07 22:06:26 - simulation time     660 (s) : SimLog- Network usage                                                           :          24098 seconds (The total traffic: 60679.1 (MBytes))
2026/05/07 22:06:26 - simulation time     660 (s) :                                                                         Wan=           1527 seconds (6.3366 % of total usage, WAN used when downloading containers=0 % of WAN usage)
2026/05/07 22:06:26 - simulation time     660 (s) :                                                                         Lan=          24098 seconds (100 % of total usage, LAN used when downloading containers=0 % of LAN usage)
2026/05/07 22:06:26 - simulation time     660 (s) :                                                    Average bandwidth per transfer=       947.1542 Mbps  
2026/05/07 22:06:26 - simulation time     660 (s) : SimLog- Average vm CPU utilization                                              :         0.3325 %
2026/05/07 22:06:26 - simulation time     660 (s) : SimLog- Average vm CPU utilization per level                             : Cloud=          0.091 %
2026/05/07 22:06:26 - simulation time     660 (s) :                                                                             Edge=         0.1533 %
2026/05/07 22:06:26 - simulation time     660 (s) :                                                                             Mist=         0.3412 %
2026/05/07 22:06:26 - simulation time     660 (s) : SimLog- Energy consumption                                                      :166494363068579900000 W,    202.214 dBW
2026/05/07 22:06:26 - simulation time     660 (s) :                                                                                 :(Average:161331747159476640 W/data center(or device), 172.0772 dBW/data center(or device))
2026/05/07 22:06:26 - simulation time     660 (s) :                                                                                 :(Average:13328079016056668 W/task, 161.2477 dBW/task)
2026/05/07 22:06:26 - simulation time     660 (s) : SimLog- Energy Consumption per level                                     : Cloud=40659111668494655000 W,   196.0916 dBW
2026/05/07 22:06:26 - simulation time     660 (s) :                                                                                 :(Average:2258839537138592000 W/data center, 183.5389 dBW/data center)
2026/05/07 22:06:26 - simulation time     660 (s) :                                                                             Edge=15886050969789110000 W,   192.0102 dBW
2026/05/07 22:06:26 - simulation time     660 (s) :                                                                                 :(Average:661918790407879550 W/data center, 178.208 dBW/data center)
2026/05/07 22:06:26 - simulation time     660 (s) :                                                                             Mist=109949200430296140000 W,   200.4119 dBW
2026/05/07 22:06:26 - simulation time     660 (s) :                                                                                 :(Average:111059798414440544 W/edge device, 170.4556 dBW/edge device)
2026/05/07 22:06:26 - simulation time     660 (s) : SimLog- Dead edge devices due to battery drain                                  :              0 devices (Among 0 devices with batteries (NaN %))
2026/05/07 22:06:26 - simulation time     660 (s) : SimLog- Average remaining power (devices with batteries that are still alive)   :              0 Wh (Average: 0 %)
2026/05/07 22:06:26 - simulation time     660 (s) : SimulationManager- the Scenario Simulation overflow times :12

================== Simulation finished at time 691.50 ==================


SimLog- Iteration finished...

######################################################################################################################################################################
Starting CloudSim Plus 4.3.0

2026/05/07 22:06:26 - simulation time       0 (s) : ServersManager- Datacenters and devices were generated
2026/05/07 22:06:26 - simulation time       0 (s) : SimulationManager-  Orchestration algorithm= RANDOM_VM-  Architechitecture= ALL -  number of edge devices= 66
2026/05/07 22:06:26 - simulation time       0 (s) : SimulationManager- Simulation: 1  , iteration: 91
2026/05/07 22:06:27 - simulation time     660 (s) : 
2026/05/07 22:06:27 - simulation time     660 (s) : ------------------------------------------------------- OUTPUT -------------------------------------------------------
2026/05/07 22:06:27 - simulation time     660 (s) : 
2026/05/07 22:06:27 - simulation time     660 (s) : SimLog- Tasks not sent because device died (low energy)                         :               0 % (0 tasks)
2026/05/07 22:06:27 - simulation time     660 (s) : SimLog- Tasks sent from edge devices                                            :             100 % (850 among 850 generated tasks)
2026/05/07 22:06:27 - simulation time     660 (s) : -------------------------------------All values below are based on the sent tasks-------------------------------------
2026/05/07 22:06:27 - simulation time     660 (s) : SimLog- Tasks ETE delay                                                         :      2685.1922 seconds
2026/05/07 22:06:27 - simulation time     660 (s) : SimLog- Average tasks ETE delay                                                 :         3.5898 seconds
2026/05/07 22:06:27 - simulation time     660 (s) : SimLog- Tasks execution delay                                                   :        386.555 seconds
2026/05/07 22:06:27 - simulation time     660 (s) : SimLog- Average tasks execution delay                                           :         0.4564 seconds
2026/05/07 22:06:27 - simulation time     660 (s) : SimLog- Tasks waiting time (from task submiting to the execution start)         :        19.6257 seconds
2026/05/07 22:06:27 - simulation time     660 (s) : SimLog- Average tasks waiting time (from task submiting to the execution start) :         0.0232 seconds
2026/05/07 22:06:27 - simulation time     660 (s) : SimLog- Tasks successfully executed                                             :             88 % (748 among 850 sent tasks)
2026/05/07 22:06:27 - simulation time     660 (s) : SimLog- Tasks failures
2026/05/07 22:06:27 - simulation time     660 (s) :                                        Not executed due to resources unavailable:              0 % (0 tasks)
2026/05/07 22:06:27 - simulation time     660 (s) :                               Successfully executed but failed due to high delay:             12 % (102 tasks from 850 successfully sent tasks)
2026/05/07 22:06:27 - simulation time     660 (s) :                  Tasks execution results not returned because the device is dead:              0 % (0 tasks)
2026/05/07 22:06:27 - simulation time     660 (s) :                      Tasks execution results not returned due to device mobility:              0 % (0 tasks)
2026/05/07 22:06:27 - simulation time     660 (s) : SimLog- Tasks executed on each level                                : Cloud=            617 tasks (where 540 were successfully executed)
2026/05/07 22:06:27 - simulation time     660 (s) :                                                                        Edge=            163 tasks (where 145 were successfully executed)
2026/05/07 22:06:27 - simulation time     660 (s) :                                                                        Mist=             70 tasks (where 63 were successfully executed)
2026/05/07 22:06:27 - simulation time     660 (s) : SimLog- Network usage                                                           :           1676 seconds (The total traffic: 5460.7 (MBytes))
2026/05/07 22:06:27 - simulation time     660 (s) :                                                                         Wan=            618 seconds (36.8735 % of total usage, WAN used when downloading containers=0 % of WAN usage)
2026/05/07 22:06:27 - simulation time     660 (s) :                                                                         Lan=           1676 seconds (100 % of total usage, LAN used when downloading containers=0 % of LAN usage)
2026/05/07 22:06:27 - simulation time     660 (s) :                                                    Average bandwidth per transfer=       905.9826 Mbps  
2026/05/07 22:06:27 - simulation time     660 (s) : SimLog- Average vm CPU utilization                                              :         0.0313 %
2026/05/07 22:06:27 - simulation time     660 (s) : SimLog- Average vm CPU utilization per level                             : Cloud=              0 %
2026/05/07 22:06:27 - simulation time     660 (s) :                                                                             Edge=          0.017 %
2026/05/07 22:06:27 - simulation time     660 (s) :                                                                             Mist=         0.0451 %
2026/05/07 22:06:27 - simulation time     660 (s) : SimLog- Energy consumption                                                      :60769371911923830000 W,   197.8368 dBW
2026/05/07 22:06:27 - simulation time     660 (s) :                                                                                 :(Average:562679369554850240 W/data center(or device), 177.5026 dBW/data center(or device))
2026/05/07 22:06:27 - simulation time     660 (s) :                                                                                 :(Average:71493378719910384 W/task, 168.5427 dBW/task)
2026/05/07 22:06:27 - simulation time     660 (s) : SimLog- Energy Consumption per level                                     : Cloud=26833038810439057000 W,   194.2867 dBW
2026/05/07 22:06:27 - simulation time     660 (s) :                                                                                 :(Average:1490724378357725440 W/data center, 181.734 dBW/data center)
2026/05/07 22:06:27 - simulation time     660 (s) :                                                                             Edge= 1997723848392740100 W,   183.0054 dBW
2026/05/07 22:06:27 - simulation time     660 (s) :                                                                                 :(Average:83238493683030832 W/data center, 169.2032 dBW/data center)
2026/05/07 22:06:27 - simulation time     660 (s) :                                                                             Mist=31938609253092024000 W,   195.0432 dBW
2026/05/07 22:06:27 - simulation time     660 (s) :                                                                                 :(Average:483918322016545790 W/edge device, 176.8477 dBW/edge device)
2026/05/07 22:06:27 - simulation time     660 (s) : SimLog- Dead edge devices due to battery drain                                  :              0 devices (Among 0 devices with batteries (NaN %))
2026/05/07 22:06:27 - simulation time     660 (s) : SimLog- Average remaining power (devices with batteries that are still alive)   :              0 Wh (Average: 0 %)
2026/05/07 22:06:27 - simulation time     660 (s) : SimulationManager- the Scenario Simulation overflow times :12

================== Simulation finished at time 691.50 ==================


SimLog- Iteration finished...

######################################################################################################################################################################
Starting CloudSim Plus 4.3.0

2026/05/07 22:06:27 - simulation time       0 (s) : ServersManager- Datacenters and devices were generated
2026/05/07 22:06:27 - simulation time       0 (s) : SimulationManager-  Orchestration algorithm= RANDOM_VM-  Architechitecture= ALL -  number of edge devices= 132
2026/05/07 22:06:27 - simulation time       0 (s) : SimulationManager- Simulation: 1  , iteration: 92
2026/05/07 22:06:28 - simulation time     650 (s) : 
2026/05/07 22:06:28 - simulation time     650 (s) : ------------------------------------------------------- OUTPUT -------------------------------------------------------
2026/05/07 22:06:28 - simulation time     650 (s) : 
2026/05/07 22:06:28 - simulation time     650 (s) : SimLog- Tasks not sent because device died (low energy)                         :               0 % (0 tasks)
2026/05/07 22:06:28 - simulation time     650 (s) : SimLog- Tasks sent from edge devices                                            :             100 % (1672 among 1672 generated tasks)
2026/05/07 22:06:28 - simulation time     650 (s) : -------------------------------------All values below are based on the sent tasks-------------------------------------
2026/05/07 22:06:28 - simulation time     650 (s) : SimLog- Tasks ETE delay                                                         :      5463.1468 seconds
2026/05/07 22:06:28 - simulation time     650 (s) : SimLog- Average tasks ETE delay                                                 :         3.6838 seconds
2026/05/07 22:06:28 - simulation time     650 (s) : SimLog- Tasks execution delay                                                   :       676.7915 seconds
2026/05/07 22:06:28 - simulation time     650 (s) : SimLog- Average tasks execution delay                                           :         0.4097 seconds
2026/05/07 22:06:28 - simulation time     650 (s) : SimLog- Tasks waiting time (from task submiting to the execution start)         :        37.1472 seconds
2026/05/07 22:06:28 - simulation time     650 (s) : SimLog- Average tasks waiting time (from task submiting to the execution start) :         0.0225 seconds
2026/05/07 22:06:28 - simulation time     650 (s) : SimLog- Tasks successfully executed                                             :        88.6962 % (1483 among 1672 sent tasks)
2026/05/07 22:06:28 - simulation time     650 (s) : SimLog- Tasks failures
2026/05/07 22:06:28 - simulation time     650 (s) :                                        Not executed due to resources unavailable:              0 % (0 tasks)
2026/05/07 22:06:28 - simulation time     650 (s) :                               Successfully executed but failed due to high delay:        10.8852 % (182 tasks from 1672 successfully sent tasks)
2026/05/07 22:06:28 - simulation time     650 (s) :                  Tasks execution results not returned because the device is dead:              0 % (0 tasks)
2026/05/07 22:06:28 - simulation time     650 (s) :                      Tasks execution results not returned due to device mobility:         0.4187 % (7 tasks)
2026/05/07 22:06:28 - simulation time     650 (s) : SimLog- Tasks executed on each level                                : Cloud=           1135 tasks (where 1012 were successfully executed)
2026/05/07 22:06:28 - simulation time     650 (s) :                                                                        Edge=            315 tasks (where 278 were successfully executed)
2026/05/07 22:06:28 - simulation time     650 (s) :                                                                        Mist=            222 tasks (where 193 were successfully executed)
2026/05/07 22:06:28 - simulation time     650 (s) : SimLog- Network usage                                                           :           3283 seconds (The total traffic: 7253.25 (MBytes))
2026/05/07 22:06:28 - simulation time     650 (s) :                                                                         Wan=           1142 seconds (34.7853 % of total usage, WAN used when downloading containers=0 % of WAN usage)
2026/05/07 22:06:28 - simulation time     650 (s) :                                                                         Lan=           3283 seconds (100 % of total usage, LAN used when downloading containers=0 % of LAN usage)
2026/05/07 22:06:28 - simulation time     650 (s) :                                                    Average bandwidth per transfer=       842.9961 Mbps  
2026/05/07 22:06:28 - simulation time     650 (s) : SimLog- Average vm CPU utilization                                              :         0.0568 %
2026/05/07 22:06:28 - simulation time     650 (s) : SimLog- Average vm CPU utilization per level                             : Cloud=         0.0005 %
2026/05/07 22:06:28 - simulation time     650 (s) :                                                                             Edge=         0.0204 %
2026/05/07 22:06:28 - simulation time     650 (s) :                                                                             Mist=         0.0711 %
2026/05/07 22:06:28 - simulation time     650 (s) : SimLog- Energy consumption                                                      :58412126051242690000 W,    197.665 dBW
2026/05/07 22:06:28 - simulation time     650 (s) :                                                                                 :(Average:335701873857716610 W/data center(or device), 175.2595 dBW/data center(or device))
2026/05/07 22:06:28 - simulation time     650 (s) :                                                                                 :(Average:35082357988734348 W/task, 165.4509 dBW/task)
2026/05/07 22:06:28 - simulation time     650 (s) : SimLog- Energy Consumption per level                                     : Cloud=22831274878731186000 W,   193.5853 dBW
2026/05/07 22:06:28 - simulation time     650 (s) :                                                                                 :(Average:1268404159929510400 W/data center, 181.0326 dBW/data center)
2026/05/07 22:06:28 - simulation time     650 (s) :                                                                             Edge= 2464271558027149800 W,   183.9169 dBW
2026/05/07 22:06:28 - simulation time     650 (s) :                                                                                 :(Average:102677981584464576 W/data center, 170.1148 dBW/data center)
2026/05/07 22:06:28 - simulation time     650 (s) :                                                                             Mist=33116579614484350000 W,   195.2005 dBW
2026/05/07 22:06:28 - simulation time     650 (s) :                                                                                 :(Average:250883178897608704 W/edge device, 173.9947 dBW/edge device)
2026/05/07 22:06:28 - simulation time     650 (s) : SimLog- Dead edge devices due to battery drain                                  :              0 devices (Among 0 devices with batteries (NaN %))
2026/05/07 22:06:28 - simulation time     650 (s) : SimLog- Average remaining power (devices with batteries that are still alive)   :              0 Wh (Average: 0 %)
2026/05/07 22:06:28 - simulation time     650 (s) : SimulationManager- the Scenario Simulation overflow times :12

================== Simulation finished at time 685.20 ==================


SimLog- Iteration finished...

######################################################################################################################################################################
Starting CloudSim Plus 4.3.0

2026/05/07 22:06:28 - simulation time       0 (s) : ServersManager- Datacenters and devices were generated
2026/05/07 22:06:28 - simulation time       0 (s) : SimulationManager-  Orchestration algorithm= RANDOM_VM-  Architechitecture= ALL -  number of edge devices= 198
2026/05/07 22:06:28 - simulation time       0 (s) : SimulationManager- Simulation: 1  , iteration: 93
2026/05/07 22:06:31 - simulation time     650 (s) : 
2026/05/07 22:06:31 - simulation time     650 (s) : ------------------------------------------------------- OUTPUT -------------------------------------------------------
2026/05/07 22:06:31 - simulation time     650 (s) : 
2026/05/07 22:06:31 - simulation time     650 (s) : SimLog- Tasks not sent because device died (low energy)                         :               0 % (0 tasks)
2026/05/07 22:06:31 - simulation time     650 (s) : SimLog- Tasks sent from edge devices                                            :             100 % (2536 among 2536 generated tasks)
2026/05/07 22:06:31 - simulation time     650 (s) : -------------------------------------All values below are based on the sent tasks-------------------------------------
2026/05/07 22:06:31 - simulation time     650 (s) : SimLog- Tasks ETE delay                                                         :      8343.8826 seconds
2026/05/07 22:06:31 - simulation time     650 (s) : SimLog- Average tasks ETE delay                                                 :         3.7687 seconds
2026/05/07 22:06:31 - simulation time     650 (s) : SimLog- Tasks execution delay                                                   :      1213.1391 seconds
2026/05/07 22:06:31 - simulation time     650 (s) : SimLog- Average tasks execution delay                                           :         0.4911 seconds
2026/05/07 22:06:31 - simulation time     650 (s) : SimLog- Tasks waiting time (from task submiting to the execution start)         :        59.2134 seconds
2026/05/07 22:06:31 - simulation time     650 (s) : SimLog- Average tasks waiting time (from task submiting to the execution start) :          0.024 seconds
2026/05/07 22:06:31 - simulation time     650 (s) : SimLog- Tasks successfully executed                                             :        87.3028 % (2214 among 2536 sent tasks)
2026/05/07 22:06:31 - simulation time     650 (s) : SimLog- Tasks failures
2026/05/07 22:06:31 - simulation time     650 (s) :                                        Not executed due to resources unavailable:              0 % (0 tasks)
2026/05/07 22:06:31 - simulation time     650 (s) :                               Successfully executed but failed due to high delay:           12.5 % (317 tasks from 2536 successfully sent tasks)
2026/05/07 22:06:31 - simulation time     650 (s) :                  Tasks execution results not returned because the device is dead:              0 % (0 tasks)
2026/05/07 22:06:31 - simulation time     650 (s) :                      Tasks execution results not returned due to device mobility:         0.1972 % (5 tasks)
2026/05/07 22:06:31 - simulation time     650 (s) : SimLog- Tasks executed on each level                                : Cloud=           1611 tasks (where 1409 were successfully executed)
2026/05/07 22:06:31 - simulation time     650 (s) :                                                                        Edge=            410 tasks (where 366 were successfully executed)
2026/05/07 22:06:31 - simulation time     650 (s) :                                                                        Mist=            515 tasks (where 439 were successfully executed)
2026/05/07 22:06:31 - simulation time     650 (s) : SimLog- Network usage                                                           :           4980 seconds (The total traffic: 12910.5 (MBytes))
2026/05/07 22:06:31 - simulation time     650 (s) :                                                                         Wan=           1637 seconds (32.8715 % of total usage, WAN used when downloading containers=0 % of WAN usage)
2026/05/07 22:06:31 - simulation time     650 (s) :                                                                         Lan=           4980 seconds (100 % of total usage, LAN used when downloading containers=0 % of LAN usage)
2026/05/07 22:06:31 - simulation time     650 (s) :                                                    Average bandwidth per transfer=       808.7763 Mbps  
2026/05/07 22:06:31 - simulation time     650 (s) : SimLog- Average vm CPU utilization                                              :         0.0846 %
2026/05/07 22:06:31 - simulation time     650 (s) : SimLog- Average vm CPU utilization per level                             : Cloud=         0.0021 %
2026/05/07 22:06:31 - simulation time     650 (s) :                                                                             Edge=         0.0308 %
2026/05/07 22:06:31 - simulation time     650 (s) :                                                                             Mist=         0.0986 %
2026/05/07 22:06:31 - simulation time     650 (s) : SimLog- Energy consumption                                                      :124132550440311060000 W,   200.9389 dBW
2026/05/07 22:06:31 - simulation time     650 (s) :                                                                                 :(Average:517218960167962750 W/data center(or device), 177.1367 dBW/data center(or device))
2026/05/07 22:06:31 - simulation time     650 (s) :                                                                                 :(Average:49044863864208240 W/task, 166.9059 dBW/task)
2026/05/07 22:06:31 - simulation time     650 (s) : SimLog- Energy Consumption per level                                     : Cloud=52060731927649804000 W,   197.1651 dBW
2026/05/07 22:06:31 - simulation time     650 (s) :                                                                                 :(Average:2892262884869433300 W/data center, 184.6124 dBW/data center)
2026/05/07 22:06:31 - simulation time     650 (s) :                                                                             Edge= 4600347911869013500 W,   186.6279 dBW
2026/05/07 22:06:31 - simulation time     650 (s) :                                                                                 :(Average:191681162994542240 W/data center, 172.8258 dBW/data center)
2026/05/07 22:06:31 - simulation time     650 (s) :                                                                             Mist=67471470600792240000 W,   198.2912 dBW
2026/05/07 22:06:31 - simulation time     650 (s) :                                                                                 :(Average:340765003034304190 W/edge device, 175.3245 dBW/edge device)
2026/05/07 22:06:31 - simulation time     650 (s) : SimLog- Dead edge devices due to battery drain                                  :              0 devices (Among 0 devices with batteries (NaN %))
2026/05/07 22:06:31 - simulation time     650 (s) : SimLog- Average remaining power (devices with batteries that are still alive)   :              0 Wh (Average: 0 %)
2026/05/07 22:06:31 - simulation time     650 (s) : SimulationManager- the Scenario Simulation overflow times :12

================== Simulation finished at time 685.20 ==================


SimLog- Iteration finished...

######################################################################################################################################################################
Starting CloudSim Plus 4.3.0

2026/05/07 22:06:31 - simulation time       0 (s) : ServersManager- Datacenters and devices were generated
2026/05/07 22:06:31 - simulation time       0 (s) : SimulationManager-  Orchestration algorithm= RANDOM_VM-  Architechitecture= ALL -  number of edge devices= 264
2026/05/07 22:06:31 - simulation time       0 (s) : SimulationManager- Simulation: 1  , iteration: 94
2026/05/07 22:06:34 - simulation time     650 (s) : 
2026/05/07 22:06:34 - simulation time     650 (s) : ------------------------------------------------------- OUTPUT -------------------------------------------------------
2026/05/07 22:06:34 - simulation time     650 (s) : 
2026/05/07 22:06:34 - simulation time     650 (s) : SimLog- Tasks not sent because device died (low energy)                         :               0 % (0 tasks)
2026/05/07 22:06:34 - simulation time     650 (s) : SimLog- Tasks sent from edge devices                                            :             100 % (3356 among 3356 generated tasks)
2026/05/07 22:06:34 - simulation time     650 (s) : -------------------------------------All values below are based on the sent tasks-------------------------------------
2026/05/07 22:06:34 - simulation time     650 (s) : SimLog- Tasks ETE delay                                                         :     11072.0704 seconds
2026/05/07 22:06:34 - simulation time     650 (s) : SimLog- Average tasks ETE delay                                                 :          3.784 seconds
2026/05/07 22:06:34 - simulation time     650 (s) : SimLog- Tasks execution delay                                                   :      1610.9647 seconds
2026/05/07 22:06:34 - simulation time     650 (s) : SimLog- Average tasks execution delay                                           :         0.4949 seconds
2026/05/07 22:06:34 - simulation time     650 (s) : SimLog- Tasks waiting time (from task submiting to the execution start)         :        78.3235 seconds
2026/05/07 22:06:34 - simulation time     650 (s) : SimLog- Average tasks waiting time (from task submiting to the execution start) :         0.0241 seconds
2026/05/07 22:06:34 - simulation time     650 (s) : SimLog- Tasks successfully executed                                             :        87.1871 % (2926 among 3356 sent tasks)
2026/05/07 22:06:34 - simulation time     650 (s) : SimLog- Tasks failures
2026/05/07 22:06:34 - simulation time     650 (s) :                                        Not executed due to resources unavailable:              0 % (0 tasks)
2026/05/07 22:06:34 - simulation time     650 (s) :                               Successfully executed but failed due to high delay:        12.4851 % (419 tasks from 3356 successfully sent tasks)
2026/05/07 22:06:34 - simulation time     650 (s) :                  Tasks execution results not returned because the device is dead:              0 % (0 tasks)
2026/05/07 22:06:34 - simulation time     650 (s) :                      Tasks execution results not returned due to device mobility:         0.3278 % (11 tasks)
2026/05/07 22:06:34 - simulation time     650 (s) : SimLog- Tasks executed on each level                                : Cloud=           2002 tasks (where 1756 were successfully executed)
2026/05/07 22:06:34 - simulation time     650 (s) :                                                                        Edge=            521 tasks (where 454 were successfully executed)
2026/05/07 22:06:34 - simulation time     650 (s) :                                                                        Mist=            833 tasks (where 716 were successfully executed)
2026/05/07 22:06:34 - simulation time     650 (s) : SimLog- Network usage                                                           :           6560 seconds (The total traffic: 13623.15 (MBytes))
2026/05/07 22:06:34 - simulation time     650 (s) :                                                                         Wan=           2031 seconds (30.9604 % of total usage, WAN used when downloading containers=0 % of WAN usage)
2026/05/07 22:06:34 - simulation time     650 (s) :                                                                         Lan=           6560 seconds (100 % of total usage, LAN used when downloading containers=0 % of LAN usage)
2026/05/07 22:06:34 - simulation time     650 (s) :                                                    Average bandwidth per transfer=       807.2447 Mbps  
2026/05/07 22:06:34 - simulation time     650 (s) : SimLog- Average vm CPU utilization                                              :         0.0883 %
2026/05/07 22:06:34 - simulation time     650 (s) : SimLog- Average vm CPU utilization per level                             : Cloud=         0.0027 %
2026/05/07 22:06:34 - simulation time     650 (s) :                                                                             Edge=         0.0321 %
2026/05/07 22:06:34 - simulation time     650 (s) :                                                                             Mist=         0.0993 %
2026/05/07 22:06:34 - simulation time     650 (s) : SimLog- Energy consumption                                                      :95958053697222740000 W,   199.8208 dBW
2026/05/07 22:06:34 - simulation time     650 (s) :                                                                                 :(Average:313588410775237700 W/data center(or device), 174.9636 dBW/data center(or device))
2026/05/07 22:06:34 - simulation time     650 (s) :                                                                                 :(Average:28687011568676452 W/task, 164.5769 dBW/task)
2026/05/07 22:06:34 - simulation time     650 (s) : SimLog- Energy Consumption per level                                     : Cloud=35751681269332664000 W,    195.533 dBW
2026/05/07 22:06:34 - simulation time     650 (s) :                                                                                 :(Average:1986204514962925820 W/data center, 182.9802 dBW/data center)
2026/05/07 22:06:34 - simulation time     650 (s) :                                                                             Edge= 3635856591579554300 W,   185.6061 dBW
2026/05/07 22:06:34 - simulation time     650 (s) :                                                                                 :(Average:151494024649148096 W/data center, 171.804 dBW/data center)
2026/05/07 22:06:34 - simulation time     650 (s) :                                                                             Mist=56570515836310520000 W,   197.5259 dBW
2026/05/07 22:06:34 - simulation time     650 (s) :                                                                                 :(Average:214282256955721664 W/edge device, 173.3099 dBW/edge device)
2026/05/07 22:06:34 - simulation time     650 (s) : SimLog- Dead edge devices due to battery drain                                  :              0 devices (Among 0 devices with batteries (NaN %))
2026/05/07 22:06:34 - simulation time     650 (s) : SimLog- Average remaining power (devices with batteries that are still alive)   :              0 Wh (Average: 0 %)
2026/05/07 22:06:34 - simulation time     650 (s) : SimulationManager- the Scenario Simulation overflow times :12

================== Simulation finished at time 685.20 ==================


SimLog- Iteration finished...

######################################################################################################################################################################
Starting CloudSim Plus 4.3.0

2026/05/07 22:06:34 - simulation time       0 (s) : ServersManager- Datacenters and devices were generated
2026/05/07 22:06:34 - simulation time       0 (s) : SimulationManager-  Orchestration algorithm= RANDOM_VM-  Architechitecture= ALL -  number of edge devices= 330
2026/05/07 22:06:34 - simulation time       0 (s) : SimulationManager- Simulation: 1  , iteration: 95
2026/05/07 22:06:39 - simulation time     660 (s) : 
2026/05/07 22:06:39 - simulation time     660 (s) : ------------------------------------------------------- OUTPUT -------------------------------------------------------
2026/05/07 22:06:39 - simulation time     660 (s) : 
2026/05/07 22:06:39 - simulation time     660 (s) : SimLog- Tasks not sent because device died (low energy)                         :               0 % (0 tasks)
2026/05/07 22:06:39 - simulation time     660 (s) : SimLog- Tasks sent from edge devices                                            :             100 % (4174 among 4174 generated tasks)
2026/05/07 22:06:39 - simulation time     660 (s) : -------------------------------------All values below are based on the sent tasks-------------------------------------
2026/05/07 22:06:39 - simulation time     660 (s) : SimLog- Tasks ETE delay                                                         :     14083.8818 seconds
2026/05/07 22:06:39 - simulation time     660 (s) : SimLog- Average tasks ETE delay                                                 :         3.8703 seconds
2026/05/07 22:06:39 - simulation time     660 (s) : SimLog- Tasks execution delay                                                   :      2239.4828 seconds
2026/05/07 22:06:39 - simulation time     660 (s) : SimLog- Average tasks execution delay                                           :         0.5516 seconds
2026/05/07 22:06:39 - simulation time     660 (s) : SimLog- Tasks waiting time (from task submiting to the execution start)         :        89.2057 seconds
2026/05/07 22:06:39 - simulation time     660 (s) : SimLog- Average tasks waiting time (from task submiting to the execution start) :          0.022 seconds
2026/05/07 22:06:39 - simulation time     660 (s) : SimLog- Tasks successfully executed                                             :        87.1826 % (3639 among 4174 sent tasks)
2026/05/07 22:06:39 - simulation time     660 (s) : SimLog- Tasks failures
2026/05/07 22:06:39 - simulation time     660 (s) :                                        Not executed due to resources unavailable:              0 % (0 tasks)
2026/05/07 22:06:39 - simulation time     660 (s) :                               Successfully executed but failed due to high delay:        12.6737 % (529 tasks from 4174 successfully sent tasks)
2026/05/07 22:06:39 - simulation time     660 (s) :                  Tasks execution results not returned because the device is dead:              0 % (0 tasks)
2026/05/07 22:06:39 - simulation time     660 (s) :                      Tasks execution results not returned due to device mobility:         0.1437 % (6 tasks)
2026/05/07 22:06:39 - simulation time     660 (s) : SimLog- Tasks executed on each level                                : Cloud=           2381 tasks (where 2072 were successfully executed)
2026/05/07 22:06:39 - simulation time     660 (s) :                                                                        Edge=            617 tasks (where 542 were successfully executed)
2026/05/07 22:06:39 - simulation time     660 (s) :                                                                        Mist=           1176 tasks (where 1025 were successfully executed)
2026/05/07 22:06:39 - simulation time     660 (s) : SimLog- Network usage                                                           :           8229 seconds (The total traffic: 18932.3 (MBytes))
2026/05/07 22:06:39 - simulation time     660 (s) :                                                                         Wan=           2472 seconds (30.0401 % of total usage, WAN used when downloading containers=0 % of WAN usage)
2026/05/07 22:06:39 - simulation time     660 (s) :                                                                         Lan=           8229 seconds (100 % of total usage, LAN used when downloading containers=0 % of LAN usage)
2026/05/07 22:06:39 - simulation time     660 (s) :                                                    Average bandwidth per transfer=       793.1771 Mbps  
2026/05/07 22:06:39 - simulation time     660 (s) : SimLog- Average vm CPU utilization                                              :         0.1223 %
2026/05/07 22:06:39 - simulation time     660 (s) : SimLog- Average vm CPU utilization per level                             : Cloud=         0.0037 %
2026/05/07 22:06:39 - simulation time     660 (s) :                                                                             Edge=         0.0445 %
2026/05/07 22:06:39 - simulation time     660 (s) :                                                                             Mist=         0.1345 %
2026/05/07 22:06:39 - simulation time     660 (s) : SimLog- Energy consumption                                                      :131414957395663320000 W,   201.1864 dBW
2026/05/07 22:06:39 - simulation time     660 (s) :                                                                                 :(Average:353266014504471300 W/data center(or device), 175.481 dBW/data center(or device))
2026/05/07 22:06:39 - simulation time     660 (s) :                                                                                 :(Average:31529500334852044 W/task, 164.9872 dBW/task)
2026/05/07 22:06:39 - simulation time     660 (s) : SimLog- Energy Consumption per level                                     : Cloud=51117417039961310000 W,   197.0857 dBW
2026/05/07 22:06:39 - simulation time     660 (s) :                                                                                 :(Average:2839856502220073000 W/data center, 184.533 dBW/data center)
2026/05/07 22:06:39 - simulation time     660 (s) :                                                                             Edge= 4481372312059013600 W,   186.5141 dBW
2026/05/07 22:06:39 - simulation time     660 (s) :                                                                                 :(Average:186723846335792224 W/data center, 172.712 dBW/data center)
2026/05/07 22:06:39 - simulation time     660 (s) :                                                                             Mist=75816168043643010000 W,   198.7976 dBW
2026/05/07 22:06:39 - simulation time     660 (s) :                                                                                 :(Average:229745963768615200 W/edge device, 173.6125 dBW/edge device)
2026/05/07 22:06:39 - simulation time     660 (s) : SimLog- Dead edge devices due to battery drain                                  :              0 devices (Among 0 devices with batteries (NaN %))
2026/05/07 22:06:39 - simulation time     660 (s) : SimLog- Average remaining power (devices with batteries that are still alive)   :              0 Wh (Average: 0 %)
2026/05/07 22:06:39 - simulation time     660 (s) : SimulationManager- the Scenario Simulation overflow times :12

================== Simulation finished at time 691.50 ==================


SimLog- Iteration finished...

######################################################################################################################################################################
Starting CloudSim Plus 4.3.0

2026/05/07 22:06:39 - simulation time       0 (s) : ServersManager- Datacenters and devices were generated
2026/05/07 22:06:39 - simulation time       0 (s) : SimulationManager-  Orchestration algorithm= RANDOM_VM-  Architechitecture= ALL -  number of edge devices= 396
2026/05/07 22:06:39 - simulation time       0 (s) : SimulationManager- Simulation: 1  , iteration: 96
2026/05/07 22:06:45 - simulation time     650 (s) : 
2026/05/07 22:06:45 - simulation time     650 (s) : ------------------------------------------------------- OUTPUT -------------------------------------------------------
2026/05/07 22:06:45 - simulation time     650 (s) : 
2026/05/07 22:06:45 - simulation time     650 (s) : SimLog- Tasks not sent because device died (low energy)                         :               0 % (0 tasks)
2026/05/07 22:06:45 - simulation time     650 (s) : SimLog- Tasks sent from edge devices                                            :             100 % (5024 among 5024 generated tasks)
2026/05/07 22:06:45 - simulation time     650 (s) : -------------------------------------All values below are based on the sent tasks-------------------------------------
2026/05/07 22:06:45 - simulation time     650 (s) : SimLog- Tasks ETE delay                                                         :     17386.2681 seconds
2026/05/07 22:06:45 - simulation time     650 (s) : SimLog- Average tasks ETE delay                                                 :         3.9505 seconds
2026/05/07 22:06:45 - simulation time     650 (s) : SimLog- Tasks execution delay                                                   :      2934.2866 seconds
2026/05/07 22:06:45 - simulation time     650 (s) : SimLog- Average tasks execution delay                                           :         0.6009 seconds
2026/05/07 22:06:45 - simulation time     650 (s) : SimLog- Tasks waiting time (from task submiting to the execution start)         :       104.5667 seconds
2026/05/07 22:06:45 - simulation time     650 (s) : SimLog- Average tasks waiting time (from task submiting to the execution start) :         0.0214 seconds
2026/05/07 22:06:45 - simulation time     650 (s) : SimLog- Tasks successfully executed                                             :        87.5995 % (4401 among 5024 sent tasks)
2026/05/07 22:06:45 - simulation time     650 (s) : SimLog- Tasks failures
2026/05/07 22:06:45 - simulation time     650 (s) :                                        Not executed due to resources unavailable:              0 % (0 tasks)
2026/05/07 22:06:45 - simulation time     650 (s) :                               Successfully executed but failed due to high delay:        12.0621 % (606 tasks from 5024 successfully sent tasks)
2026/05/07 22:06:45 - simulation time     650 (s) :                  Tasks execution results not returned because the device is dead:              0 % (0 tasks)
2026/05/07 22:06:45 - simulation time     650 (s) :                      Tasks execution results not returned due to device mobility:         0.3384 % (17 tasks)
2026/05/07 22:06:45 - simulation time     650 (s) : SimLog- Tasks executed on each level                                : Cloud=           2679 tasks (where 2375 were successfully executed)
2026/05/07 22:06:45 - simulation time     650 (s) :                                                                        Edge=            671 tasks (where 587 were successfully executed)
2026/05/07 22:06:45 - simulation time     650 (s) :                                                                        Mist=           1674 tasks (where 1439 were successfully executed)
2026/05/07 22:06:45 - simulation time     650 (s) : SimLog- Network usage                                                           :           9892 seconds (The total traffic: 21407.15 (MBytes))
2026/05/07 22:06:45 - simulation time     650 (s) :                                                                         Wan=           2776 seconds (28.0631 % of total usage, WAN used when downloading containers=0 % of WAN usage)
2026/05/07 22:06:45 - simulation time     650 (s) :                                                                         Lan=           9892 seconds (100 % of total usage, LAN used when downloading containers=0 % of LAN usage)
2026/05/07 22:06:45 - simulation time     650 (s) :                                                    Average bandwidth per transfer=       792.8918 Mbps  
2026/05/07 22:06:45 - simulation time     650 (s) : SimLog- Average vm CPU utilization                                              :         0.1355 %
2026/05/07 22:06:45 - simulation time     650 (s) : SimLog- Average vm CPU utilization per level                             : Cloud=         0.0409 %
2026/05/07 22:06:45 - simulation time     650 (s) :                                                                             Edge=         0.0436 %
2026/05/07 22:06:45 - simulation time     650 (s) :                                                                             Mist=         0.1454 %
2026/05/07 22:06:45 - simulation time     650 (s) : SimLog- Energy consumption                                                      :136956262759349700000 W,   201.3658 dBW
2026/05/07 22:06:45 - simulation time     650 (s) :                                                                                 :(Average:312685531414040380 W/data center(or device), 174.9511 dBW/data center(or device))
2026/05/07 22:06:45 - simulation time     650 (s) :                                                                                 :(Average:27352958410095804 W/task, 164.37 dBW/task)
2026/05/07 22:06:45 - simulation time     650 (s) : SimLog- Energy Consumption per level                                     : Cloud=52643336316800800000 W,   197.2134 dBW
2026/05/07 22:06:45 - simulation time     650 (s) :                                                                                 :(Average:2924629795377822200 W/data center, 184.6607 dBW/data center)
2026/05/07 22:06:45 - simulation time     650 (s) :                                                                             Edge= 4282294723332632600 W,   186.3168 dBW
2026/05/07 22:06:45 - simulation time     650 (s) :                                                                                 :(Average:178428946805526368 W/data center, 172.5147 dBW/data center)
2026/05/07 22:06:45 - simulation time     650 (s) :                                                                             Mist=80030631719216270000 W,   199.0326 dBW
2026/05/07 22:06:45 - simulation time     650 (s) :                                                                                 :(Average:202097554846505728 W/edge device, 173.0556 dBW/edge device)
2026/05/07 22:06:45 - simulation time     650 (s) : SimLog- Dead edge devices due to battery drain                                  :              0 devices (Among 0 devices with batteries (NaN %))
2026/05/07 22:06:45 - simulation time     650 (s) : SimLog- Average remaining power (devices with batteries that are still alive)   :              0 Wh (Average: 0 %)
2026/05/07 22:06:45 - simulation time     650 (s) : SimulationManager- the Scenario Simulation overflow times :12

================== Simulation finished at time 685.20 ==================


SimLog- Iteration finished...

######################################################################################################################################################################
Starting CloudSim Plus 4.3.0

2026/05/07 22:06:45 - simulation time       0 (s) : ServersManager- Datacenters and devices were generated
2026/05/07 22:06:45 - simulation time       0 (s) : SimulationManager-  Orchestration algorithm= RANDOM_VM-  Architechitecture= ALL -  number of edge devices= 462
2026/05/07 22:06:45 - simulation time       0 (s) : SimulationManager- Simulation: 1  , iteration: 97
2026/05/07 22:06:53 - simulation time     650 (s) : 
2026/05/07 22:06:53 - simulation time     650 (s) : ------------------------------------------------------- OUTPUT -------------------------------------------------------
2026/05/07 22:06:53 - simulation time     650 (s) : 
2026/05/07 22:06:53 - simulation time     650 (s) : SimLog- Tasks not sent because device died (low energy)                         :               0 % (0 tasks)
2026/05/07 22:06:53 - simulation time     650 (s) : SimLog- Tasks sent from edge devices                                            :             100 % (5852 among 5852 generated tasks)
2026/05/07 22:06:53 - simulation time     650 (s) : -------------------------------------All values below are based on the sent tasks-------------------------------------
2026/05/07 22:06:53 - simulation time     650 (s) : SimLog- Tasks ETE delay                                                         :     19791.6733 seconds
2026/05/07 22:06:53 - simulation time     650 (s) : SimLog- Average tasks ETE delay                                                 :         3.9068 seconds
2026/05/07 22:06:53 - simulation time     650 (s) : SimLog- Tasks execution delay                                                   :      3259.4497 seconds
2026/05/07 22:06:53 - simulation time     650 (s) : SimLog- Average tasks execution delay                                           :         0.5737 seconds
2026/05/07 22:06:53 - simulation time     650 (s) : SimLog- Tasks waiting time (from task submiting to the execution start)         :       122.9213 seconds
2026/05/07 22:06:53 - simulation time     650 (s) : SimLog- Average tasks waiting time (from task submiting to the execution start) :         0.0216 seconds
2026/05/07 22:06:53 - simulation time     650 (s) : SimLog- Tasks successfully executed                                             :        86.5687 % (5066 among 5852 sent tasks)
2026/05/07 22:06:53 - simulation time     650 (s) : SimLog- Tasks failures
2026/05/07 22:06:53 - simulation time     650 (s) :                                        Not executed due to resources unavailable:              0 % (0 tasks)
2026/05/07 22:06:53 - simulation time     650 (s) :                               Successfully executed but failed due to high delay:        13.2092 % (773 tasks from 5852 successfully sent tasks)
2026/05/07 22:06:53 - simulation time     650 (s) :                  Tasks execution results not returned because the device is dead:              0 % (0 tasks)
2026/05/07 22:06:53 - simulation time     650 (s) :                      Tasks execution results not returned due to device mobility:         0.2221 % (13 tasks)
2026/05/07 22:06:53 - simulation time     650 (s) : SimLog- Tasks executed on each level                                : Cloud=           2859 tasks (where 2499 were successfully executed)
2026/05/07 22:06:53 - simulation time     650 (s) :                                                                        Edge=            787 tasks (where 681 were successfully executed)
2026/05/07 22:06:53 - simulation time     650 (s) :                                                                        Mist=           2206 tasks (where 1886 were successfully executed)
2026/05/07 22:06:53 - simulation time     650 (s) : SimLog- Network usage                                                           :          11539 seconds (The total traffic: 22037.95 (MBytes))
2026/05/07 22:06:53 - simulation time     650 (s) :                                                                         Wan=           2969 seconds (25.7301 % of total usage, WAN used when downloading containers=0 % of WAN usage)
2026/05/07 22:06:53 - simulation time     650 (s) :                                                                         Lan=          11539 seconds (100 % of total usage, LAN used when downloading containers=0 % of LAN usage)
2026/05/07 22:06:53 - simulation time     650 (s) :                                                    Average bandwidth per transfer=       800.2989 Mbps  
2026/05/07 22:06:53 - simulation time     650 (s) : SimLog- Average vm CPU utilization                                              :         0.1212 %
2026/05/07 22:06:53 - simulation time     650 (s) : SimLog- Average vm CPU utilization per level                             : Cloud=         0.0116 %
2026/05/07 22:06:53 - simulation time     650 (s) :                                                                             Edge=         0.0416 %
2026/05/07 22:06:53 - simulation time     650 (s) :                                                                             Mist=         0.1296 %
2026/05/07 22:06:53 - simulation time     650 (s) : SimLog- Energy consumption                                                      :139402237106736410000 W,   201.4427 dBW
2026/05/07 22:06:53 - simulation time     650 (s) :                                                                                 :(Average:276591740291143680 W/data center(or device), 174.4184 dBW/data center(or device))
2026/05/07 22:06:53 - simulation time     650 (s) :                                                                                 :(Average:23874334150836860 W/task, 163.7793 dBW/task)
2026/05/07 22:06:53 - simulation time     650 (s) : SimLog- Energy Consumption per level                                     : Cloud=52341381336192385000 W,   197.1885 dBW
2026/05/07 22:06:53 - simulation time     650 (s) :                                                                                 :(Average:2907854518677354500 W/data center, 184.6357 dBW/data center)
2026/05/07 22:06:53 - simulation time     650 (s) :                                                                             Edge= 3998673865239742000 W,   186.0192 dBW
2026/05/07 22:06:53 - simulation time     650 (s) :                                                                                 :(Average:166611411051655904 W/data center, 172.217 dBW/data center)
2026/05/07 22:06:53 - simulation time     650 (s) :                                                                             Mist=83062181905304290000 W,    199.194 dBW
2026/05/07 22:06:53 - simulation time     650 (s) :                                                                                 :(Average:179788272522303648 W/edge device, 172.5476 dBW/edge device)
2026/05/07 22:06:53 - simulation time     650 (s) : SimLog- Dead edge devices due to battery drain                                  :              0 devices (Among 0 devices with batteries (NaN %))
2026/05/07 22:06:53 - simulation time     650 (s) : SimLog- Average remaining power (devices with batteries that are still alive)   :              0 Wh (Average: 0 %)
2026/05/07 22:06:53 - simulation time     650 (s) : SimulationManager- the Scenario Simulation overflow times :12

================== Simulation finished at time 685.20 ==================


SimLog- Iteration finished...

######################################################################################################################################################################
Starting CloudSim Plus 4.3.0

2026/05/07 22:06:53 - simulation time       0 (s) : ServersManager- Datacenters and devices were generated
2026/05/07 22:06:53 - simulation time       0 (s) : SimulationManager-  Orchestration algorithm= RANDOM_VM-  Architechitecture= ALL -  number of edge devices= 528
2026/05/07 22:06:53 - simulation time       0 (s) : SimulationManager- Simulation: 1  , iteration: 98
2026/05/07 22:07:03 - simulation time     650 (s) : 
2026/05/07 22:07:03 - simulation time     650 (s) : ------------------------------------------------------- OUTPUT -------------------------------------------------------
2026/05/07 22:07:03 - simulation time     650 (s) : 
2026/05/07 22:07:03 - simulation time     650 (s) : SimLog- Tasks not sent because device died (low energy)                         :               0 % (0 tasks)
2026/05/07 22:07:03 - simulation time     650 (s) : SimLog- Tasks sent from edge devices                                            :             100 % (6706 among 6706 generated tasks)
2026/05/07 22:07:03 - simulation time     650 (s) : -------------------------------------All values below are based on the sent tasks-------------------------------------
2026/05/07 22:07:03 - simulation time     650 (s) : SimLog- Tasks ETE delay                                                         :     23235.6328 seconds
2026/05/07 22:07:03 - simulation time     650 (s) : SimLog- Average tasks ETE delay                                                 :         4.0508 seconds
2026/05/07 22:07:03 - simulation time     650 (s) : SimLog- Tasks execution delay                                                   :       4643.963 seconds
2026/05/07 22:07:03 - simulation time     650 (s) : SimLog- Average tasks execution delay                                           :          0.715 seconds
2026/05/07 22:07:03 - simulation time     650 (s) : SimLog- Tasks waiting time (from task submiting to the execution start)         :       147.6598 seconds
2026/05/07 22:07:03 - simulation time     650 (s) : SimLog- Average tasks waiting time (from task submiting to the execution start) :         0.0227 seconds
2026/05/07 22:07:03 - simulation time     650 (s) : SimLog- Tasks successfully executed                                             :        85.5353 % (5736 among 6706 sent tasks)
2026/05/07 22:07:03 - simulation time     650 (s) : SimLog- Tasks failures
2026/05/07 22:07:03 - simulation time     650 (s) :                                        Not executed due to resources unavailable:              0 % (0 tasks)
2026/05/07 22:07:03 - simulation time     650 (s) :                               Successfully executed but failed due to high delay:        14.1515 % (949 tasks from 6706 successfully sent tasks)
2026/05/07 22:07:03 - simulation time     650 (s) :                  Tasks execution results not returned because the device is dead:              0 % (0 tasks)
2026/05/07 22:07:03 - simulation time     650 (s) :                      Tasks execution results not returned due to device mobility:         0.3132 % (21 tasks)
2026/05/07 22:07:03 - simulation time     650 (s) : SimLog- Tasks executed on each level                                : Cloud=           3200 tasks (where 2770 were successfully executed)
2026/05/07 22:07:03 - simulation time     650 (s) :                                                                        Edge=            881 tasks (where 776 were successfully executed)
2026/05/07 22:07:03 - simulation time     650 (s) :                                                                        Mist=           2625 tasks (where 2190 were successfully executed)
2026/05/07 22:07:03 - simulation time     650 (s) : SimLog- Network usage                                                           :          13336 seconds (The total traffic: 34328.5 (MBytes))
2026/05/07 22:07:03 - simulation time     650 (s) :                                                                         Wan=           3425 seconds (25.6824 % of total usage, WAN used when downloading containers=0 % of WAN usage)
2026/05/07 22:07:03 - simulation time     650 (s) :                                                                         Lan=          13336 seconds (100 % of total usage, LAN used when downloading containers=0 % of LAN usage)
2026/05/07 22:07:03 - simulation time     650 (s) :                                                    Average bandwidth per transfer=       795.6318 Mbps  
2026/05/07 22:07:03 - simulation time     650 (s) : SimLog- Average vm CPU utilization                                              :         0.1909 %
2026/05/07 22:07:03 - simulation time     650 (s) : SimLog- Average vm CPU utilization per level                             : Cloud=         0.0162 %
2026/05/07 22:07:03 - simulation time     650 (s) :                                                                             Edge=         0.0804 %
2026/05/07 22:07:03 - simulation time     650 (s) :                                                                             Mist=         0.2018 %
2026/05/07 22:07:03 - simulation time     650 (s) : SimLog- Energy consumption                                                      :200760691476001900000 W,   203.0268 dBW
2026/05/07 22:07:03 - simulation time     650 (s) :                                                                                 :(Average:352211739431582340 W/data center(or device), 175.468 dBW/data center(or device))
2026/05/07 22:07:03 - simulation time     650 (s) :                                                                                 :(Average:30022534989681756 W/task, 164.7745 dBW/task)
2026/05/07 22:07:03 - simulation time     650 (s) : SimLog- Energy Consumption per level                                     : Cloud=76250677319749910000 W,   198.8224 dBW
2026/05/07 22:07:03 - simulation time     650 (s) :                                                                                 :(Average:4236148739986106400 W/data center, 186.2697 dBW/data center)
2026/05/07 22:07:03 - simulation time     650 (s) :                                                                             Edge= 8181091780145501200 W,   189.1281 dBW
2026/05/07 22:07:03 - simulation time     650 (s) :                                                                                 :(Average:340878824172729220 W/data center, 175.326 dBW/data center)
2026/05/07 22:07:03 - simulation time     650 (s) :                                                                             Mist=116328922376106500000 W,   200.6569 dBW
2026/05/07 22:07:03 - simulation time     650 (s) :                                                                                 :(Average:220319928742625920 W/edge device, 173.4305 dBW/edge device)
2026/05/07 22:07:03 - simulation time     650 (s) : SimLog- Dead edge devices due to battery drain                                  :              0 devices (Among 0 devices with batteries (NaN %))
2026/05/07 22:07:03 - simulation time     650 (s) : SimLog- Average remaining power (devices with batteries that are still alive)   :              0 Wh (Average: 0 %)
2026/05/07 22:07:03 - simulation time     650 (s) : SimulationManager- the Scenario Simulation overflow times :12

================== Simulation finished at time 685.20 ==================


SimLog- Iteration finished...

######################################################################################################################################################################
Starting CloudSim Plus 4.3.0

2026/05/07 22:07:03 - simulation time       0 (s) : ServersManager- Datacenters and devices were generated
2026/05/07 22:07:03 - simulation time       0 (s) : SimulationManager-  Orchestration algorithm= RANDOM_VM-  Architechitecture= ALL -  number of edge devices= 594
2026/05/07 22:07:03 - simulation time       0 (s) : SimulationManager- Simulation: 1  , iteration: 99
2026/05/07 22:07:15 - simulation time     660 (s) : 
2026/05/07 22:07:15 - simulation time     660 (s) : ------------------------------------------------------- OUTPUT -------------------------------------------------------
2026/05/07 22:07:15 - simulation time     660 (s) : 
2026/05/07 22:07:15 - simulation time     660 (s) : SimLog- Tasks not sent because device died (low energy)                         :               0 % (0 tasks)
2026/05/07 22:07:15 - simulation time     660 (s) : SimLog- Tasks sent from edge devices                                            :             100 % (7524 among 7524 generated tasks)
2026/05/07 22:07:15 - simulation time     660 (s) : -------------------------------------All values below are based on the sent tasks-------------------------------------
2026/05/07 22:07:15 - simulation time     660 (s) : SimLog- Tasks ETE delay                                                         :     26651.3565 seconds
2026/05/07 22:07:15 - simulation time     660 (s) : SimLog- Average tasks ETE delay                                                 :         4.1269 seconds
2026/05/07 22:07:15 - simulation time     660 (s) : SimLog- Tasks execution delay                                                   :      5487.0414 seconds
2026/05/07 22:07:15 - simulation time     660 (s) : SimLog- Average tasks execution delay                                           :         0.7516 seconds
2026/05/07 22:07:15 - simulation time     660 (s) : SimLog- Tasks waiting time (from task submiting to the execution start)         :       328.5166 seconds
2026/05/07 22:07:15 - simulation time     660 (s) : SimLog- Average tasks waiting time (from task submiting to the execution start) :          0.045 seconds
2026/05/07 22:07:15 - simulation time     660 (s) : SimLog- Tasks successfully executed                                             :         85.832 % (6458 among 7524 sent tasks)
2026/05/07 22:07:15 - simulation time     660 (s) : SimLog- Tasks failures
2026/05/07 22:07:15 - simulation time     660 (s) :                                        Not executed due to resources unavailable:              0 % (0 tasks)
2026/05/07 22:07:15 - simulation time     660 (s) :                               Successfully executed but failed due to high delay:        13.9421 % (1049 tasks from 7524 successfully sent tasks)
2026/05/07 22:07:15 - simulation time     660 (s) :                  Tasks execution results not returned because the device is dead:              0 % (0 tasks)
2026/05/07 22:07:15 - simulation time     660 (s) :                      Tasks execution results not returned due to device mobility:         0.2259 % (17 tasks)
2026/05/07 22:07:15 - simulation time     660 (s) : SimLog- Tasks executed on each level                                : Cloud=           3504 tasks (where 3051 were successfully executed)
2026/05/07 22:07:15 - simulation time     660 (s) :                                                                        Edge=            844 tasks (where 713 were successfully executed)
2026/05/07 22:07:15 - simulation time     660 (s) :                                                                        Mist=           3176 tasks (where 2694 were successfully executed)
2026/05/07 22:07:15 - simulation time     660 (s) : SimLog- Network usage                                                           :          15027 seconds (The total traffic: 39615.05 (MBytes))
2026/05/07 22:07:15 - simulation time     660 (s) :                                                                         Wan=           3821 seconds (25.4276 % of total usage, WAN used when downloading containers=0 % of WAN usage)
2026/05/07 22:07:15 - simulation time     660 (s) :                                                                         Lan=          15027 seconds (100 % of total usage, LAN used when downloading containers=0 % of LAN usage)
2026/05/07 22:07:15 - simulation time     660 (s) :                                                    Average bandwidth per transfer=       791.0898 Mbps  
2026/05/07 22:07:15 - simulation time     660 (s) : SimLog- Average vm CPU utilization                                              :         0.2168 %
2026/05/07 22:07:15 - simulation time     660 (s) : SimLog- Average vm CPU utilization per level                             : Cloud=         0.0161 %
2026/05/07 22:07:15 - simulation time     660 (s) :                                                                             Edge=         0.0783 %
2026/05/07 22:07:15 - simulation time     660 (s) :                                                                             Mist=         0.2284 %
2026/05/07 22:07:15 - simulation time     660 (s) : SimLog- Energy consumption                                                      :234636720563639000000 W,    203.704 dBW
2026/05/07 22:07:15 - simulation time     660 (s) :                                                                                 :(Average:368925661263583300 W/data center(or device), 175.6694 dBW/data center(or device))
2026/05/07 22:07:15 - simulation time     660 (s) :                                                                                 :(Average:31247399196116524 W/task, 164.9481 dBW/task)
2026/05/07 22:07:15 - simulation time     660 (s) : SimLog- Energy Consumption per level                                     : Cloud=89442304009316580000 W,   199.5154 dBW
2026/05/07 22:07:15 - simulation time     660 (s) :                                                                                 :(Average:4969016889406476300 W/data center, 186.9627 dBW/data center)
2026/05/07 22:07:15 - simulation time     660 (s) :                                                                             Edge= 8391860375113422800 W,   189.2386 dBW
2026/05/07 22:07:15 - simulation time     660 (s) :                                                                                 :(Average:349660848963059260 W/data center, 175.4365 dBW/data center)
2026/05/07 22:07:15 - simulation time     660 (s) :                                                                             Mist=136802556179209000000 W,   201.3609 dBW
2026/05/07 22:07:15 - simulation time     660 (s) :                                                                                 :(Average:230307333635031968 W/edge device, 173.6231 dBW/edge device)
2026/05/07 22:07:15 - simulation time     660 (s) : SimLog- Dead edge devices due to battery drain                                  :              0 devices (Among 0 devices with batteries (NaN %))
2026/05/07 22:07:15 - simulation time     660 (s) : SimLog- Average remaining power (devices with batteries that are still alive)   :              0 Wh (Average: 0 %)
2026/05/07 22:07:15 - simulation time     660 (s) : SimulationManager- the Scenario Simulation overflow times :12

================== Simulation finished at time 691.50 ==================


SimLog- Iteration finished...

######################################################################################################################################################################
Starting CloudSim Plus 4.3.0

2026/05/07 22:07:15 - simulation time       0 (s) : ServersManager- Datacenters and devices were generated
2026/05/07 22:07:15 - simulation time       0 (s) : SimulationManager-  Orchestration algorithm= RANDOM_VM-  Architechitecture= ALL -  number of edge devices= 660
2026/05/07 22:07:15 - simulation time       0 (s) : SimulationManager- Simulation: 1  , iteration: 100
2026/05/07 22:07:30 - simulation time     660 (s) : 
2026/05/07 22:07:30 - simulation time     660 (s) : ------------------------------------------------------- OUTPUT -------------------------------------------------------
2026/05/07 22:07:30 - simulation time     660 (s) : 
2026/05/07 22:07:30 - simulation time     660 (s) : SimLog- Tasks not sent because device died (low energy)                         :               0 % (0 tasks)
2026/05/07 22:07:30 - simulation time     660 (s) : SimLog- Tasks sent from edge devices                                            :             100 % (8368 among 8368 generated tasks)
2026/05/07 22:07:30 - simulation time     660 (s) : -------------------------------------All values below are based on the sent tasks-------------------------------------
2026/05/07 22:07:30 - simulation time     660 (s) : SimLog- Tasks ETE delay                                                         :     29718.1302 seconds
2026/05/07 22:07:30 - simulation time     660 (s) : SimLog- Average tasks ETE delay                                                 :         4.1669 seconds
2026/05/07 22:07:30 - simulation time     660 (s) : SimLog- Tasks execution delay                                                   :      5574.4673 seconds
2026/05/07 22:07:30 - simulation time     660 (s) : SimLog- Average tasks execution delay                                           :         0.6959 seconds
2026/05/07 22:07:30 - simulation time     660 (s) : SimLog- Tasks waiting time (from task submiting to the execution start)         :      1126.6098 seconds
2026/05/07 22:07:30 - simulation time     660 (s) : SimLog- Average tasks waiting time (from task submiting to the execution start) :         0.1406 seconds
2026/05/07 22:07:30 - simulation time     660 (s) : SimLog- Tasks successfully executed                                             :        85.2294 % (7132 among 8368 sent tasks)
2026/05/07 22:07:30 - simulation time     660 (s) : SimLog- Tasks failures
2026/05/07 22:07:30 - simulation time     660 (s) :                                        Not executed due to resources unavailable:              0 % (0 tasks)
2026/05/07 22:07:30 - simulation time     660 (s) :                               Successfully executed but failed due to high delay:        14.3045 % (1197 tasks from 8368 successfully sent tasks)
2026/05/07 22:07:30 - simulation time     660 (s) :                  Tasks execution results not returned because the device is dead:              0 % (0 tasks)
2026/05/07 22:07:30 - simulation time     660 (s) :                      Tasks execution results not returned due to device mobility:         0.4661 % (39 tasks)
2026/05/07 22:07:30 - simulation time     660 (s) : SimLog- Tasks executed on each level                                : Cloud=           3605 tasks (where 3099 were successfully executed)
2026/05/07 22:07:30 - simulation time     660 (s) :                                                                        Edge=            972 tasks (where 842 were successfully executed)
2026/05/07 22:07:30 - simulation time     660 (s) :                                                                        Mist=           3791 tasks (where 3191 were successfully executed)
2026/05/07 22:07:30 - simulation time     660 (s) : SimLog- Network usage                                                           :          16479 seconds (The total traffic: 35588.75 (MBytes))
2026/05/07 22:07:30 - simulation time     660 (s) :                                                                         Wan=           3839 seconds (23.2963 % of total usage, WAN used when downloading containers=0 % of WAN usage)
2026/05/07 22:07:30 - simulation time     660 (s) :                                                                         Lan=          16479 seconds (100 % of total usage, LAN used when downloading containers=0 % of LAN usage)
2026/05/07 22:07:30 - simulation time     660 (s) :                                                    Average bandwidth per transfer=       805.1375 Mbps  
2026/05/07 22:07:30 - simulation time     660 (s) : SimLog- Average vm CPU utilization                                              :          0.182 %
2026/05/07 22:07:30 - simulation time     660 (s) : SimLog- Average vm CPU utilization per level                             : Cloud=         0.0179 %
2026/05/07 22:07:30 - simulation time     660 (s) :                                                                             Edge=         0.0674 %
2026/05/07 22:07:30 - simulation time     660 (s) :                                                                             Mist=         0.1906 %
2026/05/07 22:07:30 - simulation time     660 (s) : SimLog- Energy consumption                                                      :191354532592355250000 W,   202.8184 dBW
2026/05/07 22:07:30 - simulation time     660 (s) :                                                                                 :(Average:272584804262614304 W/data center(or device), 174.355 dBW/data center(or device))
2026/05/07 22:07:30 - simulation time     660 (s) :                                                                                 :(Average:22963462449580612 W/task, 163.6104 dBW/task)
2026/05/07 22:07:30 - simulation time     660 (s) : SimLog- Energy Consumption per level                                     : Cloud=69706762958003830000 W,   198.4327 dBW
2026/05/07 22:07:30 - simulation time     660 (s) :                                                                                 :(Average:3872597942111324200 W/data center, 185.88 dBW/data center)
2026/05/07 22:07:30 - simulation time     660 (s) :                                                                             Edge= 7174786639192660000 W,   188.5581 dBW
2026/05/07 22:07:30 - simulation time     660 (s) :                                                                                 :(Average:298949443299694140 W/data center, 174.756 dBW/data center)
2026/05/07 22:07:30 - simulation time     660 (s) :                                                                             Mist=114472982995158780000 W,    200.587 dBW
2026/05/07 22:07:30 - simulation time     660 (s) :                                                                                 :(Average:173443913629028448 W/edge device, 172.3916 dBW/edge device)
2026/05/07 22:07:30 - simulation time     660 (s) : SimLog- Dead edge devices due to battery drain                                  :              0 devices (Among 0 devices with batteries (NaN %))
2026/05/07 22:07:30 - simulation time     660 (s) : SimLog- Average remaining power (devices with batteries that are still alive)   :              0 Wh (Average: 0 %)
2026/05/07 22:07:30 - simulation time     660 (s) : SimulationManager- the Scenario Simulation overflow times :12

================== Simulation finished at time 691.50 ==================


SimLog- Iteration finished...

######################################################################################################################################################################
Starting CloudSim Plus 4.3.0

2026/05/07 22:07:30 - simulation time       0 (s) : ServersManager- Datacenters and devices were generated
2026/05/07 22:07:30 - simulation time       0 (s) : SimulationManager-  Orchestration algorithm= RANDOM_VM-  Architechitecture= ALL -  number of edge devices= 726
2026/05/07 22:07:30 - simulation time       0 (s) : SimulationManager- Simulation: 1  , iteration: 101
2026/05/07 22:07:49 - simulation time     660 (s) : 
2026/05/07 22:07:49 - simulation time     660 (s) : ------------------------------------------------------- OUTPUT -------------------------------------------------------
2026/05/07 22:07:49 - simulation time     660 (s) : 
2026/05/07 22:07:49 - simulation time     660 (s) : SimLog- Tasks not sent because device died (low energy)                         :               0 % (0 tasks)
2026/05/07 22:07:49 - simulation time     660 (s) : SimLog- Tasks sent from edge devices                                            :             100 % (9208 among 9208 generated tasks)
2026/05/07 22:07:49 - simulation time     660 (s) : -------------------------------------All values below are based on the sent tasks-------------------------------------
2026/05/07 22:07:49 - simulation time     660 (s) : SimLog- Tasks ETE delay                                                         :     35417.3179 seconds
2026/05/07 22:07:49 - simulation time     660 (s) : SimLog- Average tasks ETE delay                                                 :         4.5712 seconds
2026/05/07 22:07:49 - simulation time     660 (s) : SimLog- Tasks execution delay                                                   :       6503.566 seconds
2026/05/07 22:07:49 - simulation time     660 (s) : SimLog- Average tasks execution delay                                           :          0.749 seconds
2026/05/07 22:07:49 - simulation time     660 (s) : SimLog- Tasks waiting time (from task submiting to the execution start)         :      3620.7936 seconds
2026/05/07 22:07:49 - simulation time     660 (s) : SimLog- Average tasks waiting time (from task submiting to the execution start) :          0.417 seconds
2026/05/07 22:07:49 - simulation time     660 (s) : SimLog- Tasks successfully executed                                             :        84.1442 % (7748 among 9208 sent tasks)
2026/05/07 22:07:49 - simulation time     660 (s) : SimLog- Tasks failures
2026/05/07 22:07:49 - simulation time     660 (s) :                                        Not executed due to resources unavailable:              0 % (0 tasks)
2026/05/07 22:07:49 - simulation time     660 (s) :                               Successfully executed but failed due to high delay:        15.6277 % (1439 tasks from 9208 successfully sent tasks)
2026/05/07 22:07:49 - simulation time     660 (s) :                  Tasks execution results not returned because the device is dead:              0 % (0 tasks)
2026/05/07 22:07:49 - simulation time     660 (s) :                      Tasks execution results not returned due to device mobility:         0.2281 % (21 tasks)
2026/05/07 22:07:49 - simulation time     660 (s) : SimLog- Tasks executed on each level                                : Cloud=           3850 tasks (where 3276 were successfully executed)
2026/05/07 22:07:49 - simulation time     660 (s) :                                                                        Edge=           1004 tasks (where 867 were successfully executed)
2026/05/07 22:07:49 - simulation time     660 (s) :                                                                        Mist=           4354 tasks (where 3605 were successfully executed)
2026/05/07 22:07:49 - simulation time     660 (s) : SimLog- Network usage                                                           :          18102 seconds (The total traffic: 45147.9 (MBytes))
2026/05/07 22:07:49 - simulation time     660 (s) :                                                                         Wan=           4191 seconds (23.1521 % of total usage, WAN used when downloading containers=0 % of WAN usage)
2026/05/07 22:07:49 - simulation time     660 (s) :                                                                         Lan=          18102 seconds (100 % of total usage, LAN used when downloading containers=0 % of LAN usage)
2026/05/07 22:07:49 - simulation time     660 (s) :                                                    Average bandwidth per transfer=       805.7967 Mbps  
2026/05/07 22:07:49 - simulation time     660 (s) : SimLog- Average vm CPU utilization                                              :         0.2368 %
2026/05/07 22:07:49 - simulation time     660 (s) : SimLog- Average vm CPU utilization per level                             : Cloud=         0.1047 %
2026/05/07 22:07:49 - simulation time     660 (s) :                                                                             Edge=         0.0943 %
2026/05/07 22:07:49 - simulation time     660 (s) :                                                                             Mist=         0.2448 %
2026/05/07 22:07:49 - simulation time     660 (s) : SimLog- Energy consumption                                                      :258595755118240630000 W,   204.1262 dBW
2026/05/07 22:07:49 - simulation time     660 (s) :                                                                                 :(Average:336713222810209150 W/data center(or device), 175.2726 dBW/data center(or device))
2026/05/07 22:07:49 - simulation time     660 (s) :                                                                                 :(Average:28132697467171520 W/task, 164.4921 dBW/task)
2026/05/07 22:07:49 - simulation time     660 (s) : SimLog- Energy Consumption per level                                     : Cloud=100874043569241690000 W,   200.0378 dBW
2026/05/07 22:07:49 - simulation time     660 (s) :                                                                                 :(Average:5604113531624538100 W/data center, 187.4851 dBW/data center)
2026/05/07 22:07:49 - simulation time     660 (s) :                                                                             Edge= 7706382807183260700 W,   188.8685 dBW
2026/05/07 22:07:49 - simulation time     660 (s) :                                                                                 :(Average:321099283632635840 W/data center, 175.0664 dBW/data center)
2026/05/07 22:07:49 - simulation time     660 (s) :                                                                             Mist=150015328741815680000 W,   201.7614 dBW
2026/05/07 22:07:49 - simulation time     660 (s) :                                                                                 :(Average:206632684217376960 W/edge device, 173.152 dBW/edge device)
2026/05/07 22:07:49 - simulation time     660 (s) : SimLog- Dead edge devices due to battery drain                                  :              0 devices (Among 0 devices with batteries (NaN %))
2026/05/07 22:07:49 - simulation time     660 (s) : SimLog- Average remaining power (devices with batteries that are still alive)   :              0 Wh (Average: 0 %)
2026/05/07 22:07:49 - simulation time     660 (s) : SimulationManager- the Scenario Simulation overflow times :12

================== Simulation finished at time 691.50 ==================


SimLog- Iteration finished...

######################################################################################################################################################################
Starting CloudSim Plus 4.3.0

2026/05/07 22:07:49 - simulation time       0 (s) : ServersManager- Datacenters and devices were generated
2026/05/07 22:07:49 - simulation time       0 (s) : SimulationManager-  Orchestration algorithm= RANDOM_VM-  Architechitecture= ALL -  number of edge devices= 792
2026/05/07 22:07:49 - simulation time       0 (s) : SimulationManager- Simulation: 1  , iteration: 102
2026/05/07 22:08:11 - simulation time     660 (s) : 
2026/05/07 22:08:11 - simulation time     660 (s) : ------------------------------------------------------- OUTPUT -------------------------------------------------------
2026/05/07 22:08:11 - simulation time     660 (s) : 
2026/05/07 22:08:11 - simulation time     660 (s) : SimLog- Tasks not sent because device died (low energy)                         :               0 % (0 tasks)
2026/05/07 22:08:11 - simulation time     660 (s) : SimLog- Tasks sent from edge devices                                            :             100 % (10046 among 10046 generated tasks)
2026/05/07 22:08:11 - simulation time     660 (s) : -------------------------------------All values below are based on the sent tasks-------------------------------------
2026/05/07 22:08:11 - simulation time     660 (s) : SimLog- Tasks ETE delay                                                         :      42392.181 seconds
2026/05/07 22:08:11 - simulation time     660 (s) : SimLog- Average tasks ETE delay                                                 :         5.0455 seconds
2026/05/07 22:08:11 - simulation time     660 (s) : SimLog- Tasks execution delay                                                   :       7273.988 seconds
2026/05/07 22:08:11 - simulation time     660 (s) : SimLog- Average tasks execution delay                                           :         0.7767 seconds
2026/05/07 22:08:11 - simulation time     660 (s) : SimLog- Tasks waiting time (from task submiting to the execution start)         :      7711.8395 seconds
2026/05/07 22:08:11 - simulation time     660 (s) : SimLog- Average tasks waiting time (from task submiting to the execution start) :         0.8235 seconds
2026/05/07 22:08:11 - simulation time     660 (s) : SimLog- Tasks successfully executed                                             :        83.6353 % (8402 among 10046 sent tasks)
2026/05/07 22:08:11 - simulation time     660 (s) : SimLog- Tasks failures
2026/05/07 22:08:11 - simulation time     660 (s) :                                        Not executed due to resources unavailable:              0 % (0 tasks)
2026/05/07 22:08:11 - simulation time     660 (s) :                               Successfully executed but failed due to high delay:        15.9765 % (1605 tasks from 10046 successfully sent tasks)
2026/05/07 22:08:11 - simulation time     660 (s) :                  Tasks execution results not returned because the device is dead:              0 % (0 tasks)
2026/05/07 22:08:11 - simulation time     660 (s) :                      Tasks execution results not returned due to device mobility:         0.3882 % (39 tasks)
2026/05/07 22:08:11 - simulation time     660 (s) : SimLog- Tasks executed on each level                                : Cloud=           4114 tasks (where 3456 were successfully executed)
2026/05/07 22:08:11 - simulation time     660 (s) :                                                                        Edge=           1041 tasks (where 873 were successfully executed)
2026/05/07 22:08:11 - simulation time     660 (s) :                                                                        Mist=           4891 tasks (where 4073 were successfully executed)
2026/05/07 22:08:11 - simulation time     660 (s) : SimLog- Network usage                                                           :          19654 seconds (The total traffic: 47339.2 (MBytes))
2026/05/07 22:08:11 - simulation time     660 (s) :                                                                         Wan=           4486 seconds (22.8249 % of total usage, WAN used when downloading containers=0 % of WAN usage)
2026/05/07 22:08:11 - simulation time     660 (s) :                                                                         Lan=          19654 seconds (100 % of total usage, LAN used when downloading containers=0 % of LAN usage)
2026/05/07 22:08:11 - simulation time     660 (s) :                                                    Average bandwidth per transfer=       804.5877 Mbps  
2026/05/07 22:08:11 - simulation time     660 (s) : SimLog- Average vm CPU utilization                                              :         0.2271 %
2026/05/07 22:08:11 - simulation time     660 (s) : SimLog- Average vm CPU utilization per level                             : Cloud=         0.0818 %
2026/05/07 22:08:11 - simulation time     660 (s) :                                                                             Edge=         0.0799 %
2026/05/07 22:08:11 - simulation time     660 (s) :                                                                             Mist=         0.2348 %
2026/05/07 22:08:11 - simulation time     660 (s) : SimLog- Energy consumption                                                      :252312293843870600000 W,   204.0194 dBW
2026/05/07 22:08:11 - simulation time     660 (s) :                                                                                 :(Average:302532726431499520 W/data center(or device), 174.8077 dBW/data center(or device))
2026/05/07 22:08:11 - simulation time     660 (s) :                                                                                 :(Average:25175842530819260 W/task, 164.0098 dBW/task)
2026/05/07 22:08:11 - simulation time     660 (s) : SimLog- Energy Consumption per level                                     : Cloud=93359691181318730000 W,   199.7016 dBW
2026/05/07 22:08:11 - simulation time     660 (s) :                                                                                 :(Average:5186649510073263100 W/data center, 187.1489 dBW/data center)
2026/05/07 22:08:11 - simulation time     660 (s) :                                                                             Edge= 8420677379393800200 W,   189.2535 dBW
2026/05/07 22:08:11 - simulation time     660 (s) :                                                                                 :(Average:350861557474741700 W/data center, 175.4514 dBW/data center)
2026/05/07 22:08:11 - simulation time     660 (s) :                                                                             Mist=150531925283158100000 W,   201.7763 dBW
2026/05/07 22:08:11 - simulation time     660 (s) :                                                                                 :(Average:190065562226209728 W/edge device, 172.789 dBW/edge device)
2026/05/07 22:08:11 - simulation time     660 (s) : SimLog- Dead edge devices due to battery drain                                  :              0 devices (Among 0 devices with batteries (NaN %))
2026/05/07 22:08:11 - simulation time     660 (s) : SimLog- Average remaining power (devices with batteries that are still alive)   :              0 Wh (Average: 0 %)
2026/05/07 22:08:11 - simulation time     660 (s) : SimulationManager- the Scenario Simulation overflow times :12

================== Simulation finished at time 691.50 ==================


SimLog- Iteration finished...

######################################################################################################################################################################
Starting CloudSim Plus 4.3.0

2026/05/07 22:08:11 - simulation time       0 (s) : ServersManager- Datacenters and devices were generated
2026/05/07 22:08:11 - simulation time       0 (s) : SimulationManager-  Orchestration algorithm= RANDOM_VM-  Architechitecture= ALL -  number of edge devices= 858
2026/05/07 22:08:11 - simulation time       0 (s) : SimulationManager- Simulation: 1  , iteration: 103
2026/05/07 22:08:39 - simulation time     660 (s) : 
2026/05/07 22:08:39 - simulation time     660 (s) : ------------------------------------------------------- OUTPUT -------------------------------------------------------
2026/05/07 22:08:39 - simulation time     660 (s) : 
2026/05/07 22:08:39 - simulation time     660 (s) : SimLog- Tasks not sent because device died (low energy)                         :               0 % (0 tasks)
2026/05/07 22:08:39 - simulation time     660 (s) : SimLog- Tasks sent from edge devices                                            :             100 % (10880 among 10880 generated tasks)
2026/05/07 22:08:39 - simulation time     660 (s) : -------------------------------------All values below are based on the sent tasks-------------------------------------
2026/05/07 22:08:39 - simulation time     660 (s) : SimLog- Tasks ETE delay                                                         :     50158.3265 seconds
2026/05/07 22:08:39 - simulation time     660 (s) : SimLog- Average tasks ETE delay                                                 :         5.5818 seconds
2026/05/07 22:08:39 - simulation time     660 (s) : SimLog- Tasks execution delay                                                   :      8119.9483 seconds
2026/05/07 22:08:39 - simulation time     660 (s) : SimLog- Average tasks execution delay                                           :         0.8056 seconds
2026/05/07 22:08:39 - simulation time     660 (s) : SimLog- Tasks waiting time (from task submiting to the execution start)         :     12550.1429 seconds
2026/05/07 22:08:39 - simulation time     660 (s) : SimLog- Average tasks waiting time (from task submiting to the execution start) :         1.2451 seconds
2026/05/07 22:08:39 - simulation time     660 (s) : SimLog- Tasks successfully executed                                             :        82.5919 % (8986 among 10880 sent tasks)
2026/05/07 22:08:39 - simulation time     660 (s) : SimLog- Tasks failures
2026/05/07 22:08:39 - simulation time     660 (s) :                                        Not executed due to resources unavailable:              0 % (0 tasks)
2026/05/07 22:08:39 - simulation time     660 (s) :                               Successfully executed but failed due to high delay:        16.9945 % (1849 tasks from 10880 successfully sent tasks)
2026/05/07 22:08:39 - simulation time     660 (s) :                  Tasks execution results not returned because the device is dead:              0 % (0 tasks)
2026/05/07 22:08:39 - simulation time     660 (s) :                      Tasks execution results not returned due to device mobility:         0.4136 % (45 tasks)
2026/05/07 22:08:39 - simulation time     660 (s) : SimLog- Tasks executed on each level                                : Cloud=           4319 tasks (where 3605 were successfully executed)
2026/05/07 22:08:39 - simulation time     660 (s) :                                                                        Edge=           1080 tasks (where 886 were successfully executed)
2026/05/07 22:08:39 - simulation time     660 (s) :                                                                        Mist=           5481 tasks (where 4495 were successfully executed)
2026/05/07 22:08:39 - simulation time     660 (s) : SimLog- Network usage                                                           :          21262 seconds (The total traffic: 54152.55 (MBytes))
2026/05/07 22:08:39 - simulation time     660 (s) :                                                                         Wan=           4760 seconds (22.3874 % of total usage, WAN used when downloading containers=0 % of WAN usage)
2026/05/07 22:08:39 - simulation time     660 (s) :                                                                         Lan=          21262 seconds (100 % of total usage, LAN used when downloading containers=0 % of LAN usage)
2026/05/07 22:08:39 - simulation time     660 (s) :                                                    Average bandwidth per transfer=       807.9903 Mbps  
2026/05/07 22:08:39 - simulation time     660 (s) : SimLog- Average vm CPU utilization                                              :         0.2891 %
2026/05/07 22:08:39 - simulation time     660 (s) : SimLog- Average vm CPU utilization per level                             : Cloud=         0.1897 %
2026/05/07 22:08:39 - simulation time     660 (s) :                                                                             Edge=         0.1491 %
2026/05/07 22:08:39 - simulation time     660 (s) :                                                                             Mist=         0.2951 %
2026/05/07 22:08:39 - simulation time     660 (s) : SimLog- Energy consumption                                                      :273563403981056380000 W,   204.3706 dBW
2026/05/07 22:08:39 - simulation time     660 (s) :                                                                                 :(Average:303959337756729280 W/data center(or device), 174.8282 dBW/data center(or device))
2026/05/07 22:08:39 - simulation time     660 (s) :                                                                                 :(Average:25203925187125148 W/task, 164.0147 dBW/task)
2026/05/07 22:08:39 - simulation time     660 (s) : SimLog- Energy Consumption per level                                     : Cloud=103297757092296650000 W,   200.1409 dBW
2026/05/07 22:08:39 - simulation time     660 (s) :                                                                                 :(Average:5738764282905369600 W/data center, 187.5882 dBW/data center)
2026/05/07 22:08:39 - simulation time     660 (s) :                                                                             Edge= 9160918735118777300 W,   189.6194 dBW
2026/05/07 22:08:39 - simulation time     660 (s) :                                                                                 :(Average:381704947296615740 W/data center, 175.8173 dBW/data center)
2026/05/07 22:08:39 - simulation time     660 (s) :                                                                             Mist=161104728153640930000 W,   202.0711 dBW
2026/05/07 22:08:39 - simulation time     660 (s) :                                                                                 :(Average:187767748430816928 W/edge device, 172.7362 dBW/edge device)
2026/05/07 22:08:39 - simulation time     660 (s) : SimLog- Dead edge devices due to battery drain                                  :              0 devices (Among 0 devices with batteries (NaN %))
2026/05/07 22:08:39 - simulation time     660 (s) : SimLog- Average remaining power (devices with batteries that are still alive)   :              0 Wh (Average: 0 %)
2026/05/07 22:08:39 - simulation time     660 (s) : SimulationManager- the Scenario Simulation overflow times :12

================== Simulation finished at time 691.50 ==================


SimLog- Iteration finished...

######################################################################################################################################################################
Starting CloudSim Plus 4.3.0

2026/05/07 22:08:39 - simulation time       0 (s) : ServersManager- Datacenters and devices were generated
2026/05/07 22:08:39 - simulation time       0 (s) : SimulationManager-  Orchestration algorithm= RANDOM_VM-  Architechitecture= ALL -  number of edge devices= 924
2026/05/07 22:08:39 - simulation time       0 (s) : SimulationManager- Simulation: 1  , iteration: 104
2026/05/07 22:09:09 - simulation time     660 (s) : 
2026/05/07 22:09:09 - simulation time     660 (s) : ------------------------------------------------------- OUTPUT -------------------------------------------------------
2026/05/07 22:09:09 - simulation time     660 (s) : 
2026/05/07 22:09:09 - simulation time     660 (s) : SimLog- Tasks not sent because device died (low energy)                         :               0 % (0 tasks)
2026/05/07 22:09:09 - simulation time     660 (s) : SimLog- Tasks sent from edge devices                                            :             100 % (11708 among 11708 generated tasks)
2026/05/07 22:09:09 - simulation time     660 (s) : -------------------------------------All values below are based on the sent tasks-------------------------------------
2026/05/07 22:09:09 - simulation time     660 (s) : SimLog- Tasks ETE delay                                                         :     59734.7778 seconds
2026/05/07 22:09:09 - simulation time     660 (s) : SimLog- Average tasks ETE delay                                                 :         6.0973 seconds
2026/05/07 22:09:09 - simulation time     660 (s) : SimLog- Tasks execution delay                                                   :      8500.7803 seconds
2026/05/07 22:09:09 - simulation time     660 (s) : SimLog- Average tasks execution delay                                           :         0.7802 seconds
2026/05/07 22:09:09 - simulation time     660 (s) : SimLog- Tasks waiting time (from task submiting to the execution start)         :     18850.8189 seconds
2026/05/07 22:09:09 - simulation time     660 (s) : SimLog- Average tasks waiting time (from task submiting to the execution start) :         1.7301 seconds
2026/05/07 22:09:09 - simulation time     660 (s) : SimLog- Tasks successfully executed                                             :        83.6778 % (9797 among 11708 sent tasks)
2026/05/07 22:09:09 - simulation time     660 (s) : SimLog- Tasks failures
2026/05/07 22:09:09 - simulation time     660 (s) :                                        Not executed due to resources unavailable:              0 % (0 tasks)
2026/05/07 22:09:09 - simulation time     660 (s) :                               Successfully executed but failed due to high delay:        15.8524 % (1856 tasks from 11708 successfully sent tasks)
2026/05/07 22:09:09 - simulation time     660 (s) :                  Tasks execution results not returned because the device is dead:              0 % (0 tasks)
2026/05/07 22:09:09 - simulation time     660 (s) :                      Tasks execution results not returned due to device mobility:         0.4698 % (55 tasks)
2026/05/07 22:09:09 - simulation time     660 (s) : SimLog- Tasks executed on each level                                : Cloud=           4334 tasks (where 3698 were successfully executed)
2026/05/07 22:09:09 - simulation time     660 (s) :                                                                        Edge=           1151 tasks (where 944 were successfully executed)
2026/05/07 22:09:09 - simulation time     660 (s) :                                                                        Mist=           6223 tasks (where 5155 were successfully executed)
2026/05/07 22:09:09 - simulation time     660 (s) : SimLog- Network usage                                                           :          22924 seconds (The total traffic: 51516.25 (MBytes))
2026/05/07 22:09:09 - simulation time     660 (s) :                                                                         Wan=           4801 seconds (20.9431 % of total usage, WAN used when downloading containers=0 % of WAN usage)
2026/05/07 22:09:09 - simulation time     660 (s) :                                                                         Lan=          22924 seconds (100 % of total usage, LAN used when downloading containers=0 % of LAN usage)
2026/05/07 22:09:09 - simulation time     660 (s) :                                                    Average bandwidth per transfer=       816.7887 Mbps  
2026/05/07 22:09:09 - simulation time     660 (s) : SimLog- Average vm CPU utilization                                              :         0.2528 %
2026/05/07 22:09:09 - simulation time     660 (s) : SimLog- Average vm CPU utilization per level                             : Cloud=         0.0976 %
2026/05/07 22:09:09 - simulation time     660 (s) :                                                                             Edge=         0.0996 %
2026/05/07 22:09:09 - simulation time     660 (s) :                                                                             Mist=         0.2598 %
2026/05/07 22:09:09 - simulation time     660 (s) : SimLog- Energy consumption                                                      :259014736911704720000 W,   204.1332 dBW
2026/05/07 22:09:09 - simulation time     660 (s) :                                                                                 :(Average:268131197631164320 W/data center(or device), 174.2835 dBW/data center(or device))
2026/05/07 22:09:09 - simulation time     660 (s) :                                                                                 :(Average:22172122659793248 W/task, 163.4581 dBW/task)
2026/05/07 22:09:09 - simulation time     660 (s) : SimLog- Energy Consumption per level                                     : Cloud=97415495576885510000 W,   199.8863 dBW
2026/05/07 22:09:09 - simulation time     660 (s) :                                                                                 :(Average:5411971976493639700 W/data center, 187.3336 dBW/data center)
2026/05/07 22:09:09 - simulation time     660 (s) :                                                                             Edge= 6794779336321507300 W,   188.3218 dBW
2026/05/07 22:09:09 - simulation time     660 (s) :                                                                                 :(Average:283115805680062816 W/data center, 174.5196 dBW/data center)
2026/05/07 22:09:09 - simulation time     660 (s) :                                                                             Mist=154804461998497700000 W,   201.8978 dBW
2026/05/07 22:09:09 - simulation time     660 (s) :                                                                                 :(Average:167537296535170656 W/edge device, 172.2411 dBW/edge device)
2026/05/07 22:09:09 - simulation time     660 (s) : SimLog- Dead edge devices due to battery drain                                  :              0 devices (Among 0 devices with batteries (NaN %))
2026/05/07 22:09:09 - simulation time     660 (s) : SimLog- Average remaining power (devices with batteries that are still alive)   :              0 Wh (Average: 0 %)
2026/05/07 22:09:09 - simulation time     660 (s) : SimulationManager- the Scenario Simulation overflow times :12

================== Simulation finished at time 691.50 ==================


SimLog- Iteration finished...

######################################################################################################################################################################
Starting CloudSim Plus 4.3.0

2026/05/07 22:09:09 - simulation time       0 (s) : ServersManager- Datacenters and devices were generated
2026/05/07 22:09:09 - simulation time       0 (s) : SimulationManager-  Orchestration algorithm= RANDOM_VM-  Architechitecture= ALL -  number of edge devices= 990
2026/05/07 22:09:09 - simulation time       0 (s) : SimulationManager- Simulation: 1  , iteration: 105
2026/05/07 22:10:21 - simulation time     660 (s) : 
2026/05/07 22:10:21 - simulation time     660 (s) : ------------------------------------------------------- OUTPUT -------------------------------------------------------
2026/05/07 22:10:21 - simulation time     660 (s) : 
2026/05/07 22:10:21 - simulation time     660 (s) : SimLog- Tasks not sent because device died (low energy)                         :               0 % (0 tasks)
2026/05/07 22:10:21 - simulation time     660 (s) : SimLog- Tasks sent from edge devices                                            :             100 % (12516 among 12516 generated tasks)
2026/05/07 22:10:21 - simulation time     660 (s) : -------------------------------------All values below are based on the sent tasks-------------------------------------
2026/05/07 22:10:21 - simulation time     660 (s) : SimLog- Tasks ETE delay                                                         :     68495.4057 seconds
2026/05/07 22:10:21 - simulation time     660 (s) : SimLog- Average tasks ETE delay                                                 :         6.5874 seconds
2026/05/07 22:10:21 - simulation time     660 (s) : SimLog- Tasks execution delay                                                   :       9530.759 seconds
2026/05/07 22:10:21 - simulation time     660 (s) : SimLog- Average tasks execution delay                                           :         0.8228 seconds
2026/05/07 22:10:21 - simulation time     660 (s) : SimLog- Tasks waiting time (from task submiting to the execution start)         :     24840.3038 seconds
2026/05/07 22:10:21 - simulation time     660 (s) : SimLog- Average tasks waiting time (from task submiting to the execution start) :         2.1444 seconds
2026/05/07 22:10:21 - simulation time     660 (s) : SimLog- Tasks successfully executed                                             :        83.0777 % (10398 among 12516 sent tasks)
2026/05/07 22:10:21 - simulation time     660 (s) : SimLog- Tasks failures
2026/05/07 22:10:21 - simulation time     660 (s) :                                        Not executed due to resources unavailable:              0 % (0 tasks)
2026/05/07 22:10:21 - simulation time     660 (s) :                               Successfully executed but failed due to high delay:         16.419 % (2055 tasks from 12516 successfully sent tasks)
2026/05/07 22:10:21 - simulation time     660 (s) :                  Tasks execution results not returned because the device is dead:              0 % (0 tasks)
2026/05/07 22:10:21 - simulation time     660 (s) :                      Tasks execution results not returned due to device mobility:         0.5034 % (63 tasks)
2026/05/07 22:10:21 - simulation time     660 (s) : SimLog- Tasks executed on each level                                : Cloud=           4530 tasks (where 3787 were successfully executed)
2026/05/07 22:10:21 - simulation time     660 (s) :                                                                        Edge=           1168 tasks (where 993 were successfully executed)
2026/05/07 22:10:21 - simulation time     660 (s) :                                                                        Mist=           6818 tasks (where 5618 were successfully executed)
2026/05/07 22:10:21 - simulation time     660 (s) : SimLog- Network usage                                                           :          24490 seconds (The total traffic: 57550.65 (MBytes))
2026/05/07 22:10:21 - simulation time     660 (s) :                                                                         Wan=           5075 seconds (20.7227 % of total usage, WAN used when downloading containers=0 % of WAN usage)
2026/05/07 22:10:21 - simulation time     660 (s) :                                                                         Lan=          24490 seconds (100 % of total usage, LAN used when downloading containers=0 % of LAN usage)
2026/05/07 22:10:21 - simulation time     660 (s) :                                                    Average bandwidth per transfer=       818.5869 Mbps  
2026/05/07 22:10:21 - simulation time     660 (s) : SimLog- Average vm CPU utilization                                              :         0.2442 %
2026/05/07 22:10:21 - simulation time     660 (s) : SimLog- Average vm CPU utilization per level                             : Cloud=         0.0893 %
2026/05/07 22:10:21 - simulation time     660 (s) :                                                                             Edge=         0.0972 %
2026/05/07 22:10:21 - simulation time     660 (s) :                                                                             Mist=         0.2506 %
2026/05/07 22:10:21 - simulation time     660 (s) : SimLog- Energy consumption                                                      :275211383142863400000 W,   204.3967 dBW
2026/05/07 22:10:21 - simulation time     660 (s) :                                                                                 :(Average:266677696843859904 W/data center(or device), 174.2599 dBW/data center(or device))
2026/05/07 22:10:21 - simulation time     660 (s) :                                                                                 :(Average:22041597240338252 W/task, 163.4324 dBW/task)
2026/05/07 22:10:21 - simulation time     660 (s) : SimLog- Energy Consumption per level                                     : Cloud=99535225365541750000 W,   199.9798 dBW
2026/05/07 22:10:21 - simulation time     660 (s) :                                                                                 :(Average:5529734742530097200 W/data center, 187.427 dBW/data center)
2026/05/07 22:10:21 - simulation time     660 (s) :                                                                             Edge= 9340839230624874000 W,   189.7039 dBW
2026/05/07 22:10:21 - simulation time     660 (s) :                                                                                 :(Average:389201634609369790 W/data center, 175.9017 dBW/data center)
2026/05/07 22:10:21 - simulation time     660 (s) :                                                                             Mist=166335318546696770000 W,   202.2098 dBW
2026/05/07 22:10:21 - simulation time     660 (s) :                                                                                 :(Average:168015473279491680 W/edge device, 172.2535 dBW/edge device)
2026/05/07 22:10:21 - simulation time     660 (s) : SimLog- Dead edge devices due to battery drain                                  :              0 devices (Among 0 devices with batteries (NaN %))
2026/05/07 22:10:21 - simulation time     660 (s) : SimLog- Average remaining power (devices with batteries that are still alive)   :              0 Wh (Average: 0 %)
2026/05/07 22:10:21 - simulation time     660 (s) : SimulationManager- the Scenario Simulation overflow times :12

================== Simulation finished at time 691.50 ==================


SimLog- Iteration finished...

######################################################################################################################################################################
Main- Simulation Finished!
Main- Simulation took : 51 minutes, 17 seconds.
Main- results were saved to the folder: SatEdgeSim/output/chapter4/
[INFO] ------------------------------------------------------------------------
[INFO] BUILD SUCCESS
[INFO] ------------------------------------------------------------------------
[INFO] Total time:  51:22 min
[INFO] Finished at: 2026-05-07T22:10:21+08:00
[INFO] ------------------------------------------------------------------------
